Creating clock tree spec for modes (timing configs): CON
extract_clock_generator_skew_groups=true: create_ccopt_clock_tree_spec will generate skew groups with a name prefix of "_clock_gen" to balance clock generator connected flops with the clock generator they drive.
Analyzing clock structure... 
Analyzing clock structure done.
Wrote: ./constraints/core.ccopt
(ccopt_design): CTS Engine: auto. Used Spec: CCOPT spec from create_ccopt_clock_tree_spec.
(ccopt_design): create_ccopt_clock_tree_spec
Creating clock tree spec for modes (timing configs): CON
extract_clock_generator_skew_groups=true: create_ccopt_clock_tree_spec will generate skew groups with a name prefix of "_clock_gen" to balance clock generator connected flops with the clock generator they drive.
Analyzing clock structure... 
Analyzing clock structure done.
Extracting original clock gating for clk_o... 
  clock_tree clk_o contains 399 sinks and 0 clock gates.
  Extraction for clk_o complete.
Extracting original clock gating for clk_o done.
Extracting original clock gating for clk... 
  clock_tree clk contains 5467 sinks and 0 clock gates.
  Extraction for clk complete.
Extracting original clock gating for clk done.
Checking clock tree convergence... 
Checking clock tree convergence done.
Preferred extra space for top nets is 0
Preferred extra space for trunk nets is 1
Preferred extra space for leaf nets is 1
Placement constraints of type 'region' or 'fence' will not be downgraded to 'guide' because the property change_fences_to_guides has been set to false.
Using CCOpt effort low.
Begin checking placement ... (start mem=2203.3M, init mem=2203.3M)
*info: Placed = 93515          (Fixed = 3)
*info: Unplaced = 0           
Placement Density:94.47%(460464/487401)
Finished checkPlace (cpu: total=0:00:00.4, vio checks=0:00:00.2; mem=2203.3M)
Validating CTS configuration... 
  Non-default CCOpt properties:
  preferred_extra_space is set for at least one key
  route_type is set for at least one key
  update_io_latency: 0 (default: true)
  Route type trimming info:
    The following route types were modified by the autotrimmer:
      default_route_type_nonleaf (M3-M6) was replaced by default_route_type_nonleaf_ccopt_autotrimmed (M3-M5);
        Layer M6 is trimmed off because its RC characteristic is very different from its adjacent layers.
    To disable this behavior, either reduce the range of allowed layers or set the property "route_type_autotrim" to false.
  Rebuilding timing graph... 
  Rebuilding timing graph done.
  Info: CCOpt is analyzing the delay of a net driven by CKBD16/Z using a timing arc from cell CKBD16
  Info: CCOpt is analyzing the delay of a net driven by CKND12/ZN using a timing arc from cell CKND12
  Info: CCOpt is analyzing the delay of a net driven by CKLNQD16/Q using a timing arc from cell CKLNQD16
  Clock tree balancer configuration for clock_trees clk clk_o:
  Non-default CCOpt properties for clock tree clk:
    route_type (leaf): default_route_type_leaf (default: default)
    route_type (trunk): default_route_type_nonleaf_ccopt_autotrimmed (default: default)
    route_type (top): default_route_type_nonleaf_ccopt_autotrimmed (default: default)
  For power_domain auto-default and effective power_domain auto-default:
    Buffers:     CKBD16 CKBD12 CKBD8 CKBD6 CKBD4 CKBD3 CKBD2 CKBD1 CKBD0 
    Inverters:   CKND12 CKND8 CKND6 CKND4 CKND3 CKND2 CKND1 CKND0 
    Clock gates: CKLNQD16 CKLNQD12 CKLNQD8 CKLNQD6 CKLNQD4 CKLNQD3 CKLNQD2 CKLNQD1 
    Unblocked area available for placement of any clock cells in power_domain auto-default: 555336.000um^2
  Top Routing info:
    Route-type name: default_route_type_nonleaf_ccopt_autotrimmed; Top/bottom preferred layer name: M5/M3; 
    Unshielded; Mask Constraint: 0.
  Trunk Routing info:
    Route-type name: default_route_type_nonleaf_ccopt_autotrimmed; Top/bottom preferred layer name: M5/M3; 
    Unshielded; Preferred extra space: 1; Mask Constraint: 0.
  Leaf Routing info:
    Route-type name: default_route_type_leaf; Top/bottom preferred layer name: M4/M3; 
    Unshielded; Preferred extra space: 1; Mask Constraint: 0.
  For timing_corner WC:setup, late:
    Slew time target (leaf):    0.105ns
    Slew time target (trunk):   0.105ns
    Slew time target (top):     0.105ns
    Buffer unit delay for power_domain auto-default and effective power_domain auto-default:   0.057ns
    Buffer max distance for power_domain auto-default and effective power_domain auto-default: 562.474um
  Fastest wire driving cells and distances for power_domain auto-default and effective power_domain auto-default:
    Buffer    : {lib_cell:CKBD16, fastest_considered_half_corner=WC:setup.late, maxDistance=562.474um, maxSlew=0.088ns, speed=5392.847um per ns, cellArea=17.921um^2 per 1000um}
    Inverter  : {lib_cell:CKND12, fastest_considered_half_corner=WC:setup.late, maxDistance=460.706um, maxSlew=0.087ns, speed=6204.794um per ns, cellArea=13.284um^2 per 1000um}
    Clock gate: {lib_cell:CKLNQD16, fastest_considered_half_corner=WC:setup.late, maxDistance=441.127um, maxSlew=0.094ns, speed=2741.622um per ns, cellArea=34.276um^2 per 1000um}
  Clock tree balancer configuration for skew_group clk/CON:
    Sources:                     pin clk
    Total number of sinks:       5467
    Delay constrained sinks:     5467
    Non-leaf sinks:              0
    Ignore pins:                 0
   Timing corner WC:setup.late:
    Skew target:                 0.057ns
  Clock tree balancer configuration for skew_group clk_o/CON:
    Sources:                     pin clk_o
    Total number of sinks:       399
    Delay constrained sinks:     399
    Non-leaf sinks:              0
    Ignore pins:                 0
   Timing corner WC:setup.late:
    Skew target:                 0.057ns
  
  Via Selection for Estimated Routes (rule default):
  
  ----------------------------------------------------------------
  Layer    Via Cell        Res.     Cap.     RC       Top of Stack
  Range                    (Ohm)    (fF)     (fs)     Only
  ----------------------------------------------------------------
  M1-M2    VIA12_1cut_V    1.500    0.032    0.047    false
  M2-M3    VIA23_1cut      1.500    0.030    0.046    false
  M3-M4    VIA34_1cut      1.500    0.030    0.046    false
  M4-M5    VIA45_1cut      1.500    0.030    0.046    false
  M5-M6    VIA56_1cut      1.500    0.028    0.043    false
  M6-M7    VIA67_1cut      0.220    0.099    0.022    false
  M7-M8    VIA78_1cut      0.220    0.119    0.026    false
  ----------------------------------------------------------------
  
Validating CTS configuration done.
**WARN: (IMPCCOPT-2015):	Innovus will not update I/O latencies for the following reason(s):
 * CCOpt property update_io_latency is false

All good
Executing ccopt post-processing.
Synthesizing clock trees with CCOpt...
[NR-eagl] Detected a user setting of 'getTrialRouteMode -handlePreroute true' which was ignored.
[NR-eagl] honorMsvRouteConstraint: false
[NR-eagl] honorClockSpecNDR      : 0
[NR-eagl] minRouteLayer          : 2
[NR-eagl] maxRouteLayer          : 6
[NR-eagl] numTracksPerClockWire  : 0
[NR-eagl] Layer1 has no routable track
[NR-eagl] Layer2 has single uniform track structure
[NR-eagl] Layer3 has single uniform track structure
[NR-eagl] Layer4 has single uniform track structure
[NR-eagl] Layer5 has single uniform track structure
[NR-eagl] Layer6 has single uniform track structure
[NR-eagl] numRoutingBlks=0 numInstBlks=612 numPGBlocks=1842 numBumpBlks=0 numBoundaryFakeBlks=0
[NR-eagl] numPreroutedNet = 0  numPreroutedWires = 0
[NR-eagl] Read numTotalNets=55210  numIgnoredNets=0
[NR-eagl] There are 2 clock nets ( 0 with NDR ).
[NR-eagl] ============ Routing rule table ============
[NR-eagl] Rule id 0. Nets 55210 
[NR-eagl] id=0  routeTrackId=0  extraSpace=0  numShields=0  maxHorDemand=1  maxVerDemand=1
[NR-eagl] Pitch:  L1=360  L2=400  L3=400  L4=400  L5=400  L6=400
[NR-eagl] ========================================
[NR-eagl] 
[NR-eagl] Layer group 1: route 55210 net(s) in layer range [2, 6]
[NR-eagl] earlyGlobalRoute overflow of layer group 1: 0.02% H + 0.01% V. EstWL: 1.149046e+06um
[NR-eagl] 
[NR-eagl] Overflow after earlyGlobalRoute (GR compatible) 0.01% H + 0.01% V
[NR-eagl] Overflow after earlyGlobalRoute 0.01% H + 0.01% V
[NR-eagl] Layer1(M1)(F) length: 0.000000e+00um, number of vias: 184988
[NR-eagl] Layer2(M2)(V) length: 3.493556e+05um, number of vias: 254301
[NR-eagl] Layer3(M3)(H) length: 4.393086e+05um, number of vias: 15489
[NR-eagl] Layer4(M4)(V) length: 2.131603e+05um, number of vias: 3946
[NR-eagl] Layer5(M5)(H) length: 1.230247e+05um, number of vias: 980
[NR-eagl] Layer6(M6)(V) length: 5.251288e+04um, number of vias: 0
[NR-eagl] Total length: 1.177362e+06um, number of vias: 459704
[NR-eagl] End Peak syMemory usage = 2230.4 MB
[NR-eagl] Early Global Router Kernel+IO runtime : 2.30 seconds
Validating CTS configuration... 
  Non-default CCOpt properties:
  cts_merge_clock_gates is set for at least one key
  cts_merge_clock_logic is set for at least one key
  preferred_extra_space is set for at least one key
  route_type is set for at least one key
  update_io_latency: 0 (default: true)
Updating RC grid for preRoute extraction ...
Initializing multi-corner capacitance tables ... 
Initializing multi-corner resistance tables ...
  Route type trimming info:
    No route type modifications were made.
  Rebuilding timing graph... 
  Rebuilding timing graph done.
  Clock tree balancer configuration for clock_trees clk clk_o:
  Non-default CCOpt properties for clock tree clk:
    cts_merge_clock_gates: true (default: false)
    cts_merge_clock_logic: true (default: false)
    route_type (leaf): default_route_type_leaf (default: default)
    route_type (trunk): default_route_type_nonleaf_ccopt_autotrimmed (default: default)
    route_type (top): default_route_type_nonleaf_ccopt_autotrimmed (default: default)
  For power_domain auto-default and effective power_domain auto-default:
    Buffers:     CKBD16 CKBD12 CKBD8 CKBD6 CKBD4 CKBD3 CKBD2 CKBD1 CKBD0 
    Inverters:   CKND12 CKND8 CKND6 CKND4 CKND3 CKND2 CKND1 CKND0 
    Clock gates: CKLNQD16 CKLNQD12 CKLNQD8 CKLNQD6 CKLNQD4 CKLNQD3 CKLNQD2 CKLNQD1 
    Unblocked area available for placement of any clock cells in power_domain auto-default: 555336.000um^2
  Top Routing info:
    Route-type name: default_route_type_nonleaf_ccopt_autotrimmed; Top/bottom preferred layer name: M5/M3; 
    Unshielded; Mask Constraint: 0.
  Trunk Routing info:
    Route-type name: default_route_type_nonleaf_ccopt_autotrimmed; Top/bottom preferred layer name: M5/M3; 
    Unshielded; Preferred extra space: 1; Mask Constraint: 0.
  Leaf Routing info:
    Route-type name: default_route_type_leaf; Top/bottom preferred layer name: M4/M3; 
    Unshielded; Preferred extra space: 1; Mask Constraint: 0.
  For timing_corner WC:setup, late:
    Slew time target (leaf):    0.105ns
    Slew time target (trunk):   0.105ns
    Slew time target (top):     0.105ns
    Buffer unit delay for power_domain auto-default and effective power_domain auto-default:   0.057ns
    Buffer max distance for power_domain auto-default and effective power_domain auto-default: 562.474um
  Fastest wire driving cells and distances for power_domain auto-default and effective power_domain auto-default:
    Buffer    : {lib_cell:CKBD16, fastest_considered_half_corner=WC:setup.late, maxDistance=562.474um, maxSlew=0.088ns, speed=5392.847um per ns, cellArea=17.921um^2 per 1000um}
    Inverter  : {lib_cell:CKND12, fastest_considered_half_corner=WC:setup.late, maxDistance=460.706um, maxSlew=0.087ns, speed=6204.794um per ns, cellArea=13.284um^2 per 1000um}
    Clock gate: {lib_cell:CKLNQD16, fastest_considered_half_corner=WC:setup.late, maxDistance=441.127um, maxSlew=0.094ns, speed=2741.622um per ns, cellArea=34.276um^2 per 1000um}
  Clock tree balancer configuration for skew_group clk/CON:
    Sources:                     pin clk
    Total number of sinks:       5467
    Delay constrained sinks:     5467
    Non-leaf sinks:              0
    Ignore pins:                 0
   Timing corner WC:setup.late:
    Skew target:                 0.057ns
  Clock tree balancer configuration for skew_group clk_o/CON:
    Sources:                     pin clk_o
    Total number of sinks:       399
    Delay constrained sinks:     399
    Non-leaf sinks:              0
    Ignore pins:                 0
   Timing corner WC:setup.late:
    Skew target:                 0.057ns
  
  Via Selection for Estimated Routes (rule default):
  
  ----------------------------------------------------------------
  Layer    Via Cell        Res.     Cap.     RC       Top of Stack
  Range                    (Ohm)    (fF)     (fs)     Only
  ----------------------------------------------------------------
  M1-M2    VIA12_1cut_V    1.500    0.032    0.047    false
  M2-M3    VIA23_1cut      1.500    0.030    0.046    false
  M3-M4    VIA34_1cut      1.500    0.030    0.046    false
  M4-M5    VIA45_1cut      1.500    0.030    0.046    false
  M5-M6    VIA56_1cut      1.500    0.028    0.043    false
  M6-M7    VIA67_1cut      0.220    0.099    0.022    false
  M7-M8    VIA78_1cut      0.220    0.119    0.026    false
  ----------------------------------------------------------------
  
Validating CTS configuration done.
Adding driver cell for primary IO roots...
Maximizing clock DAG abstraction... 
Maximizing clock DAG abstraction done.
Synthesizing clock trees... 
  Merging duplicate siblings in DAG... 
    Resynthesising clock tree into netlist... 
    Resynthesising clock tree into netlist done.
    Summary of the merge of duplicate siblings
    
    ----------------------------------------------------------
    Description                          Number of occurrences
    ----------------------------------------------------------
    Total clock gates                              0
    Globally unique enables                        0
    Potentially mergeable clock gates              0
    Actually merged                                0
    ----------------------------------------------------------
    
    
    Disconnecting clock tree from netlist... 
    Disconnecting clock tree from netlist done.
  Merging duplicate siblings in DAG done.
  Clustering... 
    Clock DAG stats before clustering:
      cell counts    : b=0, i=0, cg=0, l=0, total=0
      cell areas     : b=0.000um^2, i=0.000um^2, cg=0.000um^2, l=0.000um^2, total=0.000um^2
    Clustering clock_tree clk_o... 
      Creating channel graph for ccopt_3_8... 
      Creating channel graph for ccopt_3_8 done.
      Creating channel graph for ccopt_3_4_available_3_8... 
        Channel graph considering 3 blockages
        Fully blocked area 0 square microns
      Creating channel graph for ccopt_3_4_available_3_8 done.
      Rebuilding timing graph... 
      Rebuilding timing graph done.
      Creating channel graph for ccopt_3_5_available_3_8... 
        Channel graph considering 3 blockages
        Fully blocked area 0 square microns
      Creating channel graph for ccopt_3_5_available_3_8 done.
    Clustering clock_tree clk_o done.
    Clustering clock_tree clk... 
    Clustering clock_tree clk done.
    Clock DAG stats after bottom-up phase:
      cell counts    : b=116, i=0, cg=0, l=0, total=116
      cell areas     : b=1169.280um^2, i=0.000um^2, cg=0.000um^2, l=0.000um^2, total=1169.280um^2
    Legalizing clock trees... 
      Resynthesising clock tree into netlist... 
      Resynthesising clock tree into netlist done.
*** Starting refinePlace (1:56:41 mem=2297.3M) ***
Total net bbox length = 1.051e+06 (5.066e+05 5.441e+05) (ext = 6.218e+04)
Density distribution unevenness ratio = 2.264%
Move report: Detail placement moves 4014 insts, mean move: 0.85 um, max move: 7.60 um
	Max move on inst (ofifo_inst/col_idx_0__fifo_instance/CTS_ccl_BUF_CLOCK_NODE_UID_A1ce25): (371.80, 509.00) --> (364.20, 509.00)
	Runtime: CPU: 0:00:03.0 REAL: 0:00:02.0 MEM: 2297.3MB
Summary Report:
Instances move: 2729 (out of 52021 movable)
Mean displacement: 0.86 um
Max displacement: 7.60 um (Instance: ofifo_inst/col_idx_0__fifo_instance/CTS_ccl_BUF_CLOCK_NODE_UID_A1ce25) (371.8, 509) -> (364.2, 509)
	Length: 28 sites, height: 1 rows, site name: core, cell type: CKBD16
Total net bbox length = 1.052e+06 (5.073e+05 5.445e+05) (ext = 6.219e+04)
Runtime: CPU: 0:00:03.1 REAL: 0:00:02.0 MEM: 2297.3MB
*** Finished refinePlace (1:56:44 mem=2297.3M) ***
      Disconnecting clock tree from netlist... 
      Disconnecting clock tree from netlist done.
      Rebuilding timing graph... 
      Rebuilding timing graph done.
      
      Clock tree legalization - Histogram:
      ====================================
      
      --------------------------------
      Movement (um)    Number of cells
      --------------------------------
      [1.8,2.38)              3
      [2.38,2.96)             0
      [2.96,3.54)             1
      [3.54,4.12)            16
      [4.12,4.7)              0
      [4.7,5.28)              0
      [5.28,5.86)             0
      [5.86,6.44)             0
      [6.44,7.02)             0
      [7.02,7.6)              6
      --------------------------------
      
      
      Clock tree legalization - Top 10 Movements:
      ===========================================
      
      --------------------------------------------------------------------------------------------------------------------------------------------------------------
      Movement (um)    Desired              Achieved             Node
                       location             location             
      --------------------------------------------------------------------------------------------------------------------------------------------------------------
           7.6         (374.308,509.718)    (366.707,509.718)    ccl clock buffer, uid:A1ce25 (a lib_cell CKBD16) at (364.200,509.000), in power domain auto-default
           7.2         (521.308,516.918)    (521.308,524.117)    ccl clock buffer, uid:A1d167 (a lib_cell CKBD16) at (518.800,523.400), in power domain auto-default
           7.2         (521.308,520.518)    (521.308,527.717)    ccl clock buffer, uid:A1d150 (a lib_cell CKBD16) at (518.800,527.000), in power domain auto-default
           7.2         (374.308,509.718)    (374.308,502.517)    ccl clock buffer, uid:A1d1f8 (a lib_cell CKBD16) at (371.800,501.800), in power domain auto-default
           7.2         (374.308,509.718)    (374.308,516.918)    ccl clock buffer, uid:A1d20a (a lib_cell CKBD16) at (371.800,516.200), in power domain auto-default
           7.2         (770.707,491.717)    (770.707,484.517)    ccl clock buffer, uid:A1cc18 (a lib_cell CKBD16) at (768.200,483.800), in power domain auto-default
           3.6         (575.707,578.117)    (575.707,581.717)    ccl clock buffer, uid:A1d1fc (a lib_cell CKBD16) at (573.200,581.000), in power domain auto-default
           3.6         (521.308,704.117)    (521.308,700.518)    ccl clock buffer, uid:A1d1fb (a lib_cell CKBD16) at (518.800,699.800), in power domain auto-default
           3.6         (600.107,516.918)    (600.107,513.317)    ccl clock buffer, uid:A1d1f7 (a lib_cell CKBD16) at (597.600,512.600), in power domain auto-default
           3.6         (521.308,516.918)    (521.308,520.518)    ccl clock buffer, uid:A1d208 (a lib_cell CKBD16) at (518.800,519.800), in power domain auto-default
      --------------------------------------------------------------------------------------------------------------------------------------------------------------
      
    Legalizing clock trees done.
    Clock DAG stats after 'Clustering':
      cell counts    : b=116, i=0, cg=0, l=0, total=116
      cell areas     : b=1169.280um^2, i=0.000um^2, cg=0.000um^2, l=0.000um^2, total=1169.280um^2
      gate capacitance : top=0.000pF, trunk=0.638pF, leaf=5.054pF, total=5.692pF
      wire capacitance : top=0.000pF, trunk=0.751pF, leaf=5.045pF, total=5.795pF
      wire lengths   : top=0.000um, trunk=5044.290um, leaf=26610.696um, total=31654.986um
      sink capacitance : count=5866, total=5.054pF, avg=0.001pF, sd=0.001pF, min=0.001pF, max=0.048pF
    Clock DAG net violations after 'Clustering':none
    Clock tree state after 'Clustering':
      clock_tree clk_o: worst slew is leaf(0.080),trunk(0.037),top(nil), margined worst slew is leaf(0.080),trunk(0.037),top(nil)
      clock_tree clk: worst slew is leaf(0.105),trunk(0.090),top(nil), margined worst slew is leaf(0.105),trunk(0.090),top(nil)
      skew_group clk/CON: insertion delay [min=0.326, max=0.474, avg=0.370, sd=0.029], skew [0.148 vs 0.057*, 82% {0.333, 0.362, 0.390}] (wid=0.041 ws=0.025) (gid=0.440 gs=0.146)
      skew_group clk_o/CON: insertion delay [min=0.134, max=0.152, avg=0.145, sd=0.005], skew [0.017 vs 0.057, 100% {0.134, 0.146, 0.152}] (wid=0.022 ws=0.005) (gid=0.130 gs=0.014)
    Clock network insertion delays are now [0.134ns, 0.474ns] average 0.354ns std.dev 0.063ns
  Clustering done.
  Resynthesising clock tree into netlist... 
  Resynthesising clock tree into netlist done.
  Updating congestion map to accurately time the clock tree... 
    Updating RC parasitics by calling: "extractRC -noRouteCheck"... Extraction called for design 'core' of instances=93631 and nets=59542 using extraction engine 'preRoute' .
PreRoute RC Extraction called for design core.
RC Extraction called in multi-corner(2) mode.
**WARN: (IMPEXT-3442):	The version of the capacitance table file being used is obsolete and is no longer recommended. For improved accuracy, generate the capacitance table file using the generateCapTbl command.
RCMode: PreRoute
      RC Corner Indexes            0       1   
Capacitance Scaling Factor   : 1.00000 1.00000 
Resistance Scaling Factor    : 1.00000 1.00000 
Clock Cap. Scaling Factor    : 1.00000 1.00000 
Clock Res. Scaling Factor    : 1.00000 1.00000 
Shrink Factor                : 1.00000
PreRoute extraction is honoring NDR/Shielding/ExtraSpace for clock nets.
Using capacitance table file ...
Updating RC grid for preRoute extraction ...
Initializing multi-corner capacitance tables ... 
Initializing multi-corner resistance tables ...
PreRoute RC Extraction DONE (CPU Time: 0:00:00.8  Real Time: 0:00:00.0  MEM: 2233.797M)

    Updating RC parasitics by calling: "extractRC -noRouteCheck" done.
  Updating congestion map to accurately time the clock tree done.
  Disconnecting clock tree from netlist... 
  Disconnecting clock tree from netlist done.
  Rebuilding timing graph... 
  Rebuilding timing graph done.
  Rebuilding timing graph Clock DAG stats After congestion update:
  Rebuilding timing graph   cell counts    : b=116, i=0, cg=0, l=0, total=116
  Rebuilding timing graph   cell areas     : b=1169.280um^2, i=0.000um^2, cg=0.000um^2, l=0.000um^2, total=1169.280um^2
  Rebuilding timing graph   gate capacitance : top=0.000pF, trunk=0.638pF, leaf=5.054pF, total=5.692pF
  Rebuilding timing graph   wire capacitance : top=0.000pF, trunk=0.759pF, leaf=5.069pF, total=5.828pF
  Rebuilding timing graph   wire lengths   : top=0.000um, trunk=5044.290um, leaf=26610.696um, total=31654.986um
  Rebuilding timing graph   sink capacitance : count=5866, total=5.054pF, avg=0.001pF, sd=0.001pF, min=0.001pF, max=0.048pF
  Rebuilding timing graph Clock DAG net violations After congestion update:
  Rebuilding timing graph   Transition : {count=1, worst=[0.000ns]} avg=0.000ns sd=0.000ns
  Clock tree state After congestion update:
    clock_tree clk_o: worst slew is leaf(0.080),trunk(0.039),top(nil), margined worst slew is leaf(0.080),trunk(0.039),top(nil)
    clock_tree clk: worst slew is leaf(0.105),trunk(0.090),top(nil), margined worst slew is leaf(0.105),trunk(0.090),top(nil)
    skew_group clk/CON: insertion delay [min=0.327, max=0.475, avg=0.371, sd=0.029], skew [0.148 vs 0.057*, 81.9% {0.335, 0.363, 0.392}] (wid=0.042 ws=0.025) (gid=0.441 gs=0.146)
    skew_group clk_o/CON: insertion delay [min=0.136, max=0.153, avg=0.147, sd=0.004], skew [0.017 vs 0.057, 100% {0.136, 0.147, 0.153}] (wid=0.023 ws=0.005) (gid=0.131 gs=0.014)
  Clock network insertion delays are now [0.136ns, 0.475ns] average 0.355ns std.dev 0.063ns
  Fixing clock tree slew time and max cap violations... 
    Fixing clock tree overload: 
    Fixing clock tree overload: .
    Fixing clock tree overload: ..
    Fixing clock tree overload: ...
    Fixing clock tree overload: ... 20% 
    Fixing clock tree overload: ... 20% .
    Fixing clock tree overload: ... 20% ..
    Fixing clock tree overload: ... 20% ...
    Fixing clock tree overload: ... 20% ... 40% 
    Fixing clock tree overload: ... 20% ... 40% .
    Fixing clock tree overload: ... 20% ... 40% ..
    Fixing clock tree overload: ... 20% ... 40% ...
    Fixing clock tree overload: ... 20% ... 40% ... 60% 
    Fixing clock tree overload: ... 20% ... 40% ... 60% .
    Fixing clock tree overload: ... 20% ... 40% ... 60% ..
    Fixing clock tree overload: ... 20% ... 40% ... 60% ...
    Fixing clock tree overload: ... 20% ... 40% ... 60% ... 80% 
    Fixing clock tree overload: ... 20% ... 40% ... 60% ... 80% .
    Fixing clock tree overload: ... 20% ... 40% ... 60% ... 80% ..
    Fixing clock tree overload: ... 20% ... 40% ... 60% ... 80% ...
    Fixing clock tree overload: ... 20% ... 40% ... 60% ... 80% ... 100% 
    Clock DAG stats after 'Fixing clock tree slew time and max cap violations':
      cell counts    : b=116, i=0, cg=0, l=0, total=116
      cell areas     : b=1169.280um^2, i=0.000um^2, cg=0.000um^2, l=0.000um^2, total=1169.280um^2
      gate capacitance : top=0.000pF, trunk=0.638pF, leaf=5.054pF, total=5.692pF
      wire capacitance : top=0.000pF, trunk=0.759pF, leaf=5.065pF, total=5.824pF
      wire lengths   : top=0.000um, trunk=5044.290um, leaf=26581.213um, total=31625.503um
      sink capacitance : count=5866, total=5.054pF, avg=0.001pF, sd=0.001pF, min=0.001pF, max=0.048pF
    Clock DAG net violations after 'Fixing clock tree slew time and max cap violations':none
    Clock tree state after 'Fixing clock tree slew time and max cap violations':
      clock_tree clk_o: worst slew is leaf(0.080),trunk(0.039),top(nil), margined worst slew is leaf(0.080),trunk(0.039),top(nil)
      clock_tree clk: worst slew is leaf(0.099),trunk(0.090),top(nil), margined worst slew is leaf(0.099),trunk(0.090),top(nil)
      skew_group clk/CON: insertion delay [min=0.327, max=0.475, avg=0.371, sd=0.029], skew [0.148 vs 0.057*, 81.9% {0.335, 0.363, 0.392}] (wid=0.042 ws=0.025) (gid=0.441 gs=0.146)
      skew_group clk_o/CON: insertion delay [min=0.136, max=0.153, avg=0.147, sd=0.004], skew [0.017 vs 0.057, 100% {0.136, 0.147, 0.153}] (wid=0.023 ws=0.005) (gid=0.131 gs=0.014)
    Clock network insertion delays are now [0.136ns, 0.475ns] average 0.356ns std.dev 0.063ns
  Fixing clock tree slew time and max cap violations done.
  Fixing clock tree slew time and max cap violations - detailed pass... 
    Fixing clock tree overload: 
    Fixing clock tree overload: .
    Fixing clock tree overload: ..
    Fixing clock tree overload: ...
    Fixing clock tree overload: ... 20% 
    Fixing clock tree overload: ... 20% .
    Fixing clock tree overload: ... 20% ..
    Fixing clock tree overload: ... 20% ...
    Fixing clock tree overload: ... 20% ... 40% 
    Fixing clock tree overload: ... 20% ... 40% .
    Fixing clock tree overload: ... 20% ... 40% ..
    Fixing clock tree overload: ... 20% ... 40% ...
    Fixing clock tree overload: ... 20% ... 40% ... 60% 
    Fixing clock tree overload: ... 20% ... 40% ... 60% .
    Fixing clock tree overload: ... 20% ... 40% ... 60% ..
    Fixing clock tree overload: ... 20% ... 40% ... 60% ...
    Fixing clock tree overload: ... 20% ... 40% ... 60% ... 80% 
    Fixing clock tree overload: ... 20% ... 40% ... 60% ... 80% .
    Fixing clock tree overload: ... 20% ... 40% ... 60% ... 80% ..
    Fixing clock tree overload: ... 20% ... 40% ... 60% ... 80% ...
    Fixing clock tree overload: ... 20% ... 40% ... 60% ... 80% ... 100% 
    Clock DAG stats after 'Fixing clock tree slew time and max cap violations - detailed pass':
      cell counts    : b=116, i=0, cg=0, l=0, total=116
      cell areas     : b=1169.280um^2, i=0.000um^2, cg=0.000um^2, l=0.000um^2, total=1169.280um^2
      gate capacitance : top=0.000pF, trunk=0.638pF, leaf=5.054pF, total=5.692pF
      wire capacitance : top=0.000pF, trunk=0.759pF, leaf=5.065pF, total=5.824pF
      wire lengths   : top=0.000um, trunk=5044.290um, leaf=26581.213um, total=31625.503um
      sink capacitance : count=5866, total=5.054pF, avg=0.001pF, sd=0.001pF, min=0.001pF, max=0.048pF
    Clock DAG net violations after 'Fixing clock tree slew time and max cap violations - detailed pass':none
    Clock tree state after 'Fixing clock tree slew time and max cap violations - detailed pass':
      clock_tree clk_o: worst slew is leaf(0.080),trunk(0.039),top(nil), margined worst slew is leaf(0.080),trunk(0.039),top(nil)
      clock_tree clk: worst slew is leaf(0.099),trunk(0.090),top(nil), margined worst slew is leaf(0.099),trunk(0.090),top(nil)
      skew_group clk/CON: insertion delay [min=0.327, max=0.475, avg=0.371, sd=0.029], skew [0.148 vs 0.057*, 81.9% {0.335, 0.363, 0.392}] (wid=0.042 ws=0.025) (gid=0.441 gs=0.146)
      skew_group clk_o/CON: insertion delay [min=0.136, max=0.153, avg=0.147, sd=0.004], skew [0.017 vs 0.057, 100% {0.136, 0.147, 0.153}] (wid=0.023 ws=0.005) (gid=0.131 gs=0.014)
    Clock network insertion delays are now [0.136ns, 0.475ns] average 0.356ns std.dev 0.063ns
  Fixing clock tree slew time and max cap violations - detailed pass done.
  Removing unnecessary root buffering... 
    Clock DAG stats after 'Removing unnecessary root buffering':
      cell counts    : b=116, i=0, cg=0, l=0, total=116
      cell areas     : b=1169.280um^2, i=0.000um^2, cg=0.000um^2, l=0.000um^2, total=1169.280um^2
      gate capacitance : top=0.000pF, trunk=0.638pF, leaf=5.054pF, total=5.692pF
      wire capacitance : top=0.000pF, trunk=0.759pF, leaf=5.065pF, total=5.824pF
      wire lengths   : top=0.000um, trunk=5044.290um, leaf=26581.213um, total=31625.503um
      sink capacitance : count=5866, total=5.054pF, avg=0.001pF, sd=0.001pF, min=0.001pF, max=0.048pF
    Clock DAG net violations after 'Removing unnecessary root buffering':none
    Clock tree state after 'Removing unnecessary root buffering':
      clock_tree clk_o: worst slew is leaf(0.080),trunk(0.039),top(nil), margined worst slew is leaf(0.080),trunk(0.039),top(nil)
      clock_tree clk: worst slew is leaf(0.099),trunk(0.090),top(nil), margined worst slew is leaf(0.099),trunk(0.090),top(nil)
      skew_group clk/CON: insertion delay [min=0.327, max=0.475, avg=0.371, sd=0.029], skew [0.148 vs 0.057*, 81.9% {0.335, 0.363, 0.392}] (wid=0.042 ws=0.025) (gid=0.441 gs=0.146)
      skew_group clk_o/CON: insertion delay [min=0.136, max=0.153, avg=0.147, sd=0.004], skew [0.017 vs 0.057, 100% {0.136, 0.147, 0.153}] (wid=0.023 ws=0.005) (gid=0.131 gs=0.014)
    Clock network insertion delays are now [0.136ns, 0.475ns] average 0.356ns std.dev 0.063ns
  Removing unnecessary root buffering done.
  Equalizing net lengths... 
    Clock DAG stats after 'Equalizing net lengths':
      cell counts    : b=116, i=0, cg=0, l=0, total=116
      cell areas     : b=1169.280um^2, i=0.000um^2, cg=0.000um^2, l=0.000um^2, total=1169.280um^2
      gate capacitance : top=0.000pF, trunk=0.638pF, leaf=5.054pF, total=5.692pF
      wire capacitance : top=0.000pF, trunk=0.759pF, leaf=5.065pF, total=5.824pF
      wire lengths   : top=0.000um, trunk=5044.290um, leaf=26581.213um, total=31625.503um
      sink capacitance : count=5866, total=5.054pF, avg=0.001pF, sd=0.001pF, min=0.001pF, max=0.048pF
    Clock DAG net violations after 'Equalizing net lengths':none
    Clock tree state after 'Equalizing net lengths':
      clock_tree clk_o: worst slew is leaf(0.080),trunk(0.039),top(nil), margined worst slew is leaf(0.080),trunk(0.039),top(nil)
      clock_tree clk: worst slew is leaf(0.099),trunk(0.090),top(nil), margined worst slew is leaf(0.099),trunk(0.090),top(nil)
      skew_group clk/CON: insertion delay [min=0.327, max=0.475, avg=0.371, sd=0.029], skew [0.148 vs 0.057*, 81.9% {0.335, 0.363, 0.392}] (wid=0.042 ws=0.025) (gid=0.441 gs=0.146)
      skew_group clk_o/CON: insertion delay [min=0.136, max=0.153, avg=0.147, sd=0.004], skew [0.017 vs 0.057, 100% {0.136, 0.147, 0.153}] (wid=0.023 ws=0.005) (gid=0.131 gs=0.014)
    Clock network insertion delays are now [0.136ns, 0.475ns] average 0.356ns std.dev 0.063ns
  Equalizing net lengths done.
  Reducing insertion delay 1... 
    Clock DAG stats after 'Reducing insertion delay 1':
      cell counts    : b=116, i=0, cg=0, l=0, total=116
      cell areas     : b=1169.280um^2, i=0.000um^2, cg=0.000um^2, l=0.000um^2, total=1169.280um^2
      gate capacitance : top=0.000pF, trunk=0.638pF, leaf=5.054pF, total=5.692pF
      wire capacitance : top=0.000pF, trunk=0.759pF, leaf=5.065pF, total=5.824pF
      wire lengths   : top=0.000um, trunk=5044.290um, leaf=26581.213um, total=31625.503um
      sink capacitance : count=5866, total=5.054pF, avg=0.001pF, sd=0.001pF, min=0.001pF, max=0.048pF
    Clock DAG net violations after 'Reducing insertion delay 1':none
    Clock tree state after 'Reducing insertion delay 1':
      clock_tree clk_o: worst slew is leaf(0.080),trunk(0.039),top(nil), margined worst slew is leaf(0.080),trunk(0.039),top(nil)
      clock_tree clk: worst slew is leaf(0.099),trunk(0.090),top(nil), margined worst slew is leaf(0.099),trunk(0.090),top(nil)
      skew_group clk/CON: insertion delay [min=0.327, max=0.475, avg=0.371, sd=0.029], skew [0.148 vs 0.057*, 81.9% {0.335, 0.363, 0.392}] (wid=0.042 ws=0.025) (gid=0.441 gs=0.146)
      skew_group clk_o/CON: insertion delay [min=0.136, max=0.153, avg=0.147, sd=0.004], skew [0.017 vs 0.057, 100% {0.136, 0.147, 0.153}] (wid=0.023 ws=0.005) (gid=0.131 gs=0.014)
    Clock network insertion delays are now [0.136ns, 0.475ns] average 0.356ns std.dev 0.063ns
  Reducing insertion delay 1 done.
  Removing longest path buffering... 
    Clock DAG stats after removing longest path buffering:
      cell counts    : b=116, i=0, cg=0, l=0, total=116
      cell areas     : b=1169.280um^2, i=0.000um^2, cg=0.000um^2, l=0.000um^2, total=1169.280um^2
      gate capacitance : top=0.000pF, trunk=0.638pF, leaf=5.054pF, total=5.692pF
      wire capacitance : top=0.000pF, trunk=0.759pF, leaf=5.065pF, total=5.824pF
      wire lengths   : top=0.000um, trunk=5044.290um, leaf=26581.213um, total=31625.503um
      sink capacitance : count=5866, total=5.054pF, avg=0.001pF, sd=0.001pF, min=0.001pF, max=0.048pF
    Clock DAG net violations after removing longest path buffering:none
    Clock tree state after removing longest path buffering:
      clock_tree clk_o: worst slew is leaf(0.080),trunk(0.039),top(nil), margined worst slew is leaf(0.080),trunk(0.039),top(nil)
      clock_tree clk: worst slew is leaf(0.099),trunk(0.090),top(nil), margined worst slew is leaf(0.099),trunk(0.090),top(nil)
      skew_group clk/CON: insertion delay [min=0.327, max=0.475, avg=0.371, sd=0.029], skew [0.148 vs 0.057*, 81.9% {0.335, 0.363, 0.392}] (wid=0.042 ws=0.025) (gid=0.441 gs=0.146)
      skew_group clk_o/CON: insertion delay [min=0.136, max=0.153, avg=0.147, sd=0.004], skew [0.017 vs 0.057, 100% {0.136, 0.147, 0.153}] (wid=0.023 ws=0.005) (gid=0.131 gs=0.014)
    Clock network insertion delays are now [0.136ns, 0.475ns] average 0.356ns std.dev 0.063ns
    Clock DAG stats after 'Removing longest path buffering':
      cell counts    : b=116, i=0, cg=0, l=0, total=116
      cell areas     : b=1169.280um^2, i=0.000um^2, cg=0.000um^2, l=0.000um^2, total=1169.280um^2
      gate capacitance : top=0.000pF, trunk=0.638pF, leaf=5.054pF, total=5.692pF
      wire capacitance : top=0.000pF, trunk=0.759pF, leaf=5.065pF, total=5.824pF
      wire lengths   : top=0.000um, trunk=5044.290um, leaf=26581.213um, total=31625.503um
      sink capacitance : count=5866, total=5.054pF, avg=0.001pF, sd=0.001pF, min=0.001pF, max=0.048pF
    Clock DAG net violations after 'Removing longest path buffering':none
    Clock tree state after 'Removing longest path buffering':
      clock_tree clk_o: worst slew is leaf(0.080),trunk(0.039),top(nil), margined worst slew is leaf(0.080),trunk(0.039),top(nil)
      clock_tree clk: worst slew is leaf(0.099),trunk(0.090),top(nil), margined worst slew is leaf(0.099),trunk(0.090),top(nil)
      skew_group clk/CON: insertion delay [min=0.327, max=0.475, avg=0.371, sd=0.029], skew [0.148 vs 0.057*, 81.9% {0.335, 0.363, 0.392}] (wid=0.042 ws=0.025) (gid=0.441 gs=0.146)
      skew_group clk_o/CON: insertion delay [min=0.136, max=0.153, avg=0.147, sd=0.004], skew [0.017 vs 0.057, 100% {0.136, 0.147, 0.153}] (wid=0.023 ws=0.005) (gid=0.131 gs=0.014)
    Clock network insertion delays are now [0.136ns, 0.475ns] average 0.356ns std.dev 0.063ns
  Removing longest path buffering done.
  Reducing insertion delay 2... 
    Path optimization required 412 stage delay updates 
    Clock DAG stats after 'Reducing insertion delay 2':
      cell counts    : b=116, i=0, cg=0, l=0, total=116
      cell areas     : b=1169.280um^2, i=0.000um^2, cg=0.000um^2, l=0.000um^2, total=1169.280um^2
      gate capacitance : top=0.000pF, trunk=0.638pF, leaf=5.054pF, total=5.692pF
      wire capacitance : top=0.000pF, trunk=0.754pF, leaf=5.058pF, total=5.812pF
      wire lengths   : top=0.000um, trunk=5023.073um, leaf=26544.656um, total=31567.728um
      sink capacitance : count=5866, total=5.054pF, avg=0.001pF, sd=0.001pF, min=0.001pF, max=0.048pF
    Clock DAG net violations after 'Reducing insertion delay 2':none
    Clock tree state after 'Reducing insertion delay 2':
      clock_tree clk_o: worst slew is leaf(0.077),trunk(0.043),top(nil), margined worst slew is leaf(0.077),trunk(0.043),top(nil)
      clock_tree clk: worst slew is leaf(0.099),trunk(0.090),top(nil), margined worst slew is leaf(0.099),trunk(0.090),top(nil)
      skew_group clk/CON: insertion delay [min=0.327, max=0.473, avg=0.371, sd=0.028], skew [0.146 vs 0.057*, 82% {0.335, 0.363, 0.392}] (wid=0.042 ws=0.025) (gid=0.442 gs=0.147)
      skew_group clk_o/CON: insertion delay [min=0.135, max=0.150, avg=0.146, sd=0.004], skew [0.015 vs 0.057, 100% {0.135, 0.146, 0.150}] (wid=0.022 ws=0.005) (gid=0.130 gs=0.014)
    Clock network insertion delays are now [0.135ns, 0.473ns] average 0.356ns std.dev 0.063ns
  Reducing insertion delay 2 done.
  Reducing clock tree power 1... 
    Resizing gates: 
    Resizing gates: .
    Resizing gates: ..
    Resizing gates: ...
    Resizing gates: ... 20% 
    Resizing gates: ... 20% .
    Resizing gates: ... 20% ..
    Resizing gates: ... 20% ...
    Resizing gates: ... 20% ... 40% 
    Resizing gates: ... 20% ... 40% .
    Resizing gates: ... 20% ... 40% ..
    Resizing gates: ... 20% ... 40% ...
    Resizing gates: ... 20% ... 40% ... 60% 
    Resizing gates: ... 20% ... 40% ... 60% .
    Resizing gates: ... 20% ... 40% ... 60% ..
    Resizing gates: ... 20% ... 40% ... 60% ...
    Resizing gates: ... 20% ... 40% ... 60% ... 80% 
    Resizing gates: ... 20% ... 40% ... 60% ... 80% .
    Resizing gates: ... 20% ... 40% ... 60% ... 80% ..
    Resizing gates: ... 20% ... 40% ... 60% ... 80% ...
    Resizing gates: ... 20% ... 40% ... 60% ... 80% ... 100% 
    Clock DAG stats after 'Reducing clock tree power 1':
      cell counts    : b=116, i=0, cg=0, l=0, total=116
      cell areas     : b=865.080um^2, i=0.000um^2, cg=0.000um^2, l=0.000um^2, total=865.080um^2
      gate capacitance : top=0.000pF, trunk=0.478pF, leaf=5.054pF, total=5.533pF
      wire capacitance : top=0.000pF, trunk=0.755pF, leaf=5.051pF, total=5.806pF
      wire lengths   : top=0.000um, trunk=5025.800um, leaf=26497.415um, total=31523.215um
      sink capacitance : count=5866, total=5.054pF, avg=0.001pF, sd=0.001pF, min=0.001pF, max=0.048pF
    Clock DAG net violations after 'Reducing clock tree power 1':none
    Clock tree state after 'Reducing clock tree power 1':
      clock_tree clk_o: worst slew is leaf(0.092),trunk(0.039),top(nil), margined worst slew is leaf(0.092),trunk(0.039),top(nil)
      clock_tree clk: worst slew is leaf(0.105),trunk(0.091),top(nil), margined worst slew is leaf(0.105),trunk(0.091),top(nil)
      skew_group clk/CON: insertion delay [min=0.402, max=0.480, avg=0.457, sd=0.015], skew [0.078 vs 0.057*, 86.3% {0.433, 0.461, 0.480}] (wid=0.041 ws=0.025) (gid=0.451 gs=0.097)
      skew_group clk_o/CON: insertion delay [min=0.145, max=0.156, avg=0.150, sd=0.004], skew [0.011 vs 0.057, 100% {0.145, 0.150, 0.156}] (wid=0.022 ws=0.005) (gid=0.137 gs=0.010)
    Clock network insertion delays are now [0.145ns, 0.480ns] average 0.436ns std.dev 0.079ns
  Reducing clock tree power 1 done.
  Reducing clock tree power 2... 
    Path optimization required 46 stage delay updates 
    Clock DAG stats after 'Reducing clock tree power 2':
      cell counts    : b=116, i=0, cg=0, l=0, total=116
      cell areas     : b=865.080um^2, i=0.000um^2, cg=0.000um^2, l=0.000um^2, total=865.080um^2
      gate capacitance : top=0.000pF, trunk=0.478pF, leaf=5.054pF, total=5.533pF
      wire capacitance : top=0.000pF, trunk=0.755pF, leaf=5.051pF, total=5.806pF
      wire lengths   : top=0.000um, trunk=5025.800um, leaf=26501.015um, total=31526.815um
      sink capacitance : count=5866, total=5.054pF, avg=0.001pF, sd=0.001pF, min=0.001pF, max=0.048pF
    Clock DAG net violations after 'Reducing clock tree power 2':none
    Clock tree state after 'Reducing clock tree power 2':
      clock_tree clk_o: worst slew is leaf(0.092),trunk(0.039),top(nil), margined worst slew is leaf(0.092),trunk(0.039),top(nil)
      clock_tree clk: worst slew is leaf(0.105),trunk(0.091),top(nil), margined worst slew is leaf(0.105),trunk(0.091),top(nil)
      skew_group clk/CON: insertion delay [min=0.402, max=0.480, avg=0.457, sd=0.015], skew [0.078 vs 0.057*, 86.3% {0.433, 0.461, 0.480}] (wid=0.041 ws=0.025) (gid=0.451 gs=0.097)
      skew_group clk_o/CON: insertion delay [min=0.145, max=0.156, avg=0.150, sd=0.004], skew [0.011 vs 0.057, 100% {0.145, 0.150, 0.156}] (wid=0.022 ws=0.005) (gid=0.137 gs=0.010)
    Clock network insertion delays are now [0.145ns, 0.480ns] average 0.436ns std.dev 0.079ns
  Reducing clock tree power 2 done.
  Approximately balancing fragments step... 
    Resolving skew group constraints... 
      Solving LP: 2 skew groups; 4 fragments, 4 fraglets and 5 vertices; 47 variables and 124 constraints; tolerance 1
    Resolving skew group constraints done.
    Approximately balancing fragments... 
      Approximately balancing fragments, wire and cell delays, iteration 1... 
        Clock DAG stats after Approximately balancing fragments, wire and cell delays, iteration 1:
          cell counts    : b=118, i=0, cg=0, l=0, total=118
          cell areas     : b=869.760um^2, i=0.000um^2, cg=0.000um^2, l=0.000um^2, total=869.760um^2
          gate capacitance : top=0.000pF, trunk=0.482pF, leaf=5.054pF, total=5.536pF
          wire capacitance : top=0.000pF, trunk=0.757pF, leaf=5.051pF, total=5.808pF
          wire lengths   : top=0.000um, trunk=5037.477um, leaf=26501.015um, total=31538.493um
          sink capacitance : count=5866, total=5.054pF, avg=0.001pF, sd=0.001pF, min=0.001pF, max=0.048pF
        Clock DAG net violations after Approximately balancing fragments, wire and cell delays, iteration 1:none
      Approximately balancing fragments, wire and cell delays, iteration 1 done.
      Approximately balancing fragments, wire and cell delays, iteration 2... 
        Clock DAG stats after Approximately balancing fragments, wire and cell delays, iteration 2:
          cell counts    : b=118, i=0, cg=0, l=0, total=118
          cell areas     : b=869.760um^2, i=0.000um^2, cg=0.000um^2, l=0.000um^2, total=869.760um^2
          gate capacitance : top=0.000pF, trunk=0.482pF, leaf=5.054pF, total=5.536pF
          wire capacitance : top=0.000pF, trunk=0.757pF, leaf=5.051pF, total=5.808pF
          wire lengths   : top=0.000um, trunk=5037.477um, leaf=26501.015um, total=31538.493um
          sink capacitance : count=5866, total=5.054pF, avg=0.001pF, sd=0.001pF, min=0.001pF, max=0.048pF
        Clock DAG net violations after Approximately balancing fragments, wire and cell delays, iteration 2:none
      Approximately balancing fragments, wire and cell delays, iteration 2 done.
    Approximately balancing fragments done.
    Clock DAG stats after 'Approximately balancing fragments step':
      cell counts    : b=118, i=0, cg=0, l=0, total=118
      cell areas     : b=869.760um^2, i=0.000um^2, cg=0.000um^2, l=0.000um^2, total=869.760um^2
      gate capacitance : top=0.000pF, trunk=0.482pF, leaf=5.054pF, total=5.536pF
      wire capacitance : top=0.000pF, trunk=0.757pF, leaf=5.051pF, total=5.808pF
      wire lengths   : top=0.000um, trunk=5037.477um, leaf=26501.015um, total=31538.493um
      sink capacitance : count=5866, total=5.054pF, avg=0.001pF, sd=0.001pF, min=0.001pF, max=0.048pF
    Clock DAG net violations after 'Approximately balancing fragments step':none
    Clock tree state after 'Approximately balancing fragments step':
      clock_tree clk_o: worst slew is leaf(0.092),trunk(0.039),top(nil), margined worst slew is leaf(0.092),trunk(0.039),top(nil)
      clock_tree clk: worst slew is leaf(0.105),trunk(0.091),top(nil), margined worst slew is leaf(0.105),trunk(0.091),top(nil)
    Clock network insertion delays are now [0.145ns, 0.479ns] average 0.440ns std.dev 0.079ns
  Approximately balancing fragments step done.
  Clock DAG stats after Approximately balancing fragments:
    cell counts    : b=118, i=0, cg=0, l=0, total=118
    cell areas     : b=869.760um^2, i=0.000um^2, cg=0.000um^2, l=0.000um^2, total=869.760um^2
    gate capacitance : top=0.000pF, trunk=0.482pF, leaf=5.054pF, total=5.536pF
    wire capacitance : top=0.000pF, trunk=0.757pF, leaf=5.051pF, total=5.808pF
    wire lengths   : top=0.000um, trunk=5037.477um, leaf=26501.015um, total=31538.493um
    sink capacitance : count=5866, total=5.054pF, avg=0.001pF, sd=0.001pF, min=0.001pF, max=0.048pF
  Clock DAG net violations after Approximately balancing fragments:none
  Clock tree state after Approximately balancing fragments:
    clock_tree clk_o: worst slew is leaf(0.092),trunk(0.039),top(nil), margined worst slew is leaf(0.092),trunk(0.039),top(nil)
    clock_tree clk: worst slew is leaf(0.105),trunk(0.091),top(nil), margined worst slew is leaf(0.105),trunk(0.091),top(nil)
    skew_group clk/CON: insertion delay [min=0.434, max=0.479, avg=0.462, sd=0.008], skew [0.044 vs 0.057, 100% {0.434, 0.462, 0.479}] (wid=0.040 ws=0.025) (gid=0.450 gs=0.040)
    skew_group clk_o/CON: insertion delay [min=0.145, max=0.156, avg=0.150, sd=0.004], skew [0.011 vs 0.057, 100% {0.145, 0.150, 0.156}] (wid=0.022 ws=0.005) (gid=0.137 gs=0.010)
  Clock network insertion delays are now [0.145ns, 0.479ns] average 0.440ns std.dev 0.079ns
  Improving fragments clock skew... 
    Clock DAG stats after 'Improving fragments clock skew':
      cell counts    : b=118, i=0, cg=0, l=0, total=118
      cell areas     : b=869.760um^2, i=0.000um^2, cg=0.000um^2, l=0.000um^2, total=869.760um^2
      gate capacitance : top=0.000pF, trunk=0.482pF, leaf=5.054pF, total=5.536pF
      wire capacitance : top=0.000pF, trunk=0.757pF, leaf=5.051pF, total=5.808pF
      wire lengths   : top=0.000um, trunk=5037.477um, leaf=26501.015um, total=31538.493um
      sink capacitance : count=5866, total=5.054pF, avg=0.001pF, sd=0.001pF, min=0.001pF, max=0.048pF
    Clock DAG net violations after 'Improving fragments clock skew':none
    Clock tree state after 'Improving fragments clock skew':
      clock_tree clk_o: worst slew is leaf(0.092),trunk(0.039),top(nil), margined worst slew is leaf(0.092),trunk(0.039),top(nil)
      clock_tree clk: worst slew is leaf(0.105),trunk(0.091),top(nil), margined worst slew is leaf(0.105),trunk(0.091),top(nil)
      skew_group clk/CON: insertion delay [min=0.434, max=0.479, avg=0.462, sd=0.008], skew [0.044 vs 0.057, 100% {0.434, 0.462, 0.479}] (wid=0.040 ws=0.025) (gid=0.450 gs=0.040)
      skew_group clk_o/CON: insertion delay [min=0.145, max=0.156, avg=0.150, sd=0.004], skew [0.011 vs 0.057, 100% {0.145, 0.150, 0.156}] (wid=0.022 ws=0.005) (gid=0.137 gs=0.010)
    Clock network insertion delays are now [0.145ns, 0.479ns] average 0.440ns std.dev 0.079ns
  Improving fragments clock skew done.
  Approximately balancing step... 
    Resolving skew group constraints... 
      Solving LP: 2 skew groups; 4 fragments, 4 fraglets and 5 vertices; 48 variables and 128 constraints; tolerance 1
    Resolving skew group constraints done.
    Approximately balancing... 
      Approximately balancing, wire and cell delays, iteration 1... 
        Clock DAG stats after Approximately balancing, wire and cell delays, iteration 1:
          cell counts    : b=118, i=0, cg=0, l=0, total=118
          cell areas     : b=869.760um^2, i=0.000um^2, cg=0.000um^2, l=0.000um^2, total=869.760um^2
          gate capacitance : top=0.000pF, trunk=0.482pF, leaf=5.054pF, total=5.536pF
          wire capacitance : top=0.000pF, trunk=0.757pF, leaf=5.051pF, total=5.808pF
          wire lengths   : top=0.000um, trunk=5037.477um, leaf=26501.015um, total=31538.493um
          sink capacitance : count=5866, total=5.054pF, avg=0.001pF, sd=0.001pF, min=0.001pF, max=0.048pF
        Clock DAG net violations after Approximately balancing, wire and cell delays, iteration 1:none
      Approximately balancing, wire and cell delays, iteration 1 done.
    Approximately balancing done.
    Clock DAG stats after 'Approximately balancing step':
      cell counts    : b=118, i=0, cg=0, l=0, total=118
      cell areas     : b=869.760um^2, i=0.000um^2, cg=0.000um^2, l=0.000um^2, total=869.760um^2
      gate capacitance : top=0.000pF, trunk=0.482pF, leaf=5.054pF, total=5.536pF
      wire capacitance : top=0.000pF, trunk=0.757pF, leaf=5.051pF, total=5.808pF
      wire lengths   : top=0.000um, trunk=5037.477um, leaf=26501.015um, total=31538.493um
      sink capacitance : count=5866, total=5.054pF, avg=0.001pF, sd=0.001pF, min=0.001pF, max=0.048pF
    Clock DAG net violations after 'Approximately balancing step':none
    Clock tree state after 'Approximately balancing step':
      clock_tree clk_o: worst slew is leaf(0.092),trunk(0.039),top(nil), margined worst slew is leaf(0.092),trunk(0.039),top(nil)
      clock_tree clk: worst slew is leaf(0.105),trunk(0.091),top(nil), margined worst slew is leaf(0.105),trunk(0.091),top(nil)
      skew_group clk/CON: insertion delay [min=0.434, max=0.479, avg=0.462, sd=0.008], skew [0.044 vs 0.057, 100% {0.434, 0.462, 0.479}] (wid=0.040 ws=0.025) (gid=0.450 gs=0.040)
      skew_group clk_o/CON: insertion delay [min=0.145, max=0.156, avg=0.150, sd=0.004], skew [0.011 vs 0.057, 100% {0.145, 0.150, 0.156}] (wid=0.022 ws=0.005) (gid=0.137 gs=0.010)
    Clock network insertion delays are now [0.145ns, 0.479ns] average 0.440ns std.dev 0.079ns
  Approximately balancing step done.
  Fixing clock tree overload... 
    Fixing clock tree overload: 
    Fixing clock tree overload: .
    Fixing clock tree overload: ..
    Fixing clock tree overload: ...
    Fixing clock tree overload: ... 20% 
    Fixing clock tree overload: ... 20% .
    Fixing clock tree overload: ... 20% ..
    Fixing clock tree overload: ... 20% ...
    Fixing clock tree overload: ... 20% ... 40% 
    Fixing clock tree overload: ... 20% ... 40% .
    Fixing clock tree overload: ... 20% ... 40% ..
    Fixing clock tree overload: ... 20% ... 40% ...
    Fixing clock tree overload: ... 20% ... 40% ... 60% 
    Fixing clock tree overload: ... 20% ... 40% ... 60% .
    Fixing clock tree overload: ... 20% ... 40% ... 60% ..
    Fixing clock tree overload: ... 20% ... 40% ... 60% ...
    Fixing clock tree overload: ... 20% ... 40% ... 60% ... 80% 
    Fixing clock tree overload: ... 20% ... 40% ... 60% ... 80% .
    Fixing clock tree overload: ... 20% ... 40% ... 60% ... 80% ..
    Fixing clock tree overload: ... 20% ... 40% ... 60% ... 80% ...
    Fixing clock tree overload: ... 20% ... 40% ... 60% ... 80% ... 100% 
    Clock DAG stats after 'Fixing clock tree overload':
      cell counts    : b=118, i=0, cg=0, l=0, total=118
      cell areas     : b=869.760um^2, i=0.000um^2, cg=0.000um^2, l=0.000um^2, total=869.760um^2
      gate capacitance : top=0.000pF, trunk=0.482pF, leaf=5.054pF, total=5.536pF
      wire capacitance : top=0.000pF, trunk=0.757pF, leaf=5.051pF, total=5.808pF
      wire lengths   : top=0.000um, trunk=5037.477um, leaf=26501.015um, total=31538.493um
      sink capacitance : count=5866, total=5.054pF, avg=0.001pF, sd=0.001pF, min=0.001pF, max=0.048pF
    Clock DAG net violations after 'Fixing clock tree overload':none
    Clock tree state after 'Fixing clock tree overload':
      clock_tree clk_o: worst slew is leaf(0.092),trunk(0.039),top(nil), margined worst slew is leaf(0.092),trunk(0.039),top(nil)
      clock_tree clk: worst slew is leaf(0.105),trunk(0.091),top(nil), margined worst slew is leaf(0.105),trunk(0.091),top(nil)
      skew_group clk/CON: insertion delay [min=0.434, max=0.479, avg=0.462, sd=0.008], skew [0.044 vs 0.057, 100% {0.434, 0.462, 0.479}] (wid=0.040 ws=0.025) (gid=0.450 gs=0.040)
      skew_group clk_o/CON: insertion delay [min=0.145, max=0.156, avg=0.150, sd=0.004], skew [0.011 vs 0.057, 100% {0.145, 0.150, 0.156}] (wid=0.022 ws=0.005) (gid=0.137 gs=0.010)
    Clock network insertion delays are now [0.145ns, 0.479ns] average 0.440ns std.dev 0.079ns
  Fixing clock tree overload done.
  Approximately balancing paths... 
    Added 0 buffers.
    Clock DAG stats after 'Approximately balancing paths':
      cell counts    : b=118, i=0, cg=0, l=0, total=118
      cell areas     : b=869.760um^2, i=0.000um^2, cg=0.000um^2, l=0.000um^2, total=869.760um^2
      gate capacitance : top=0.000pF, trunk=0.482pF, leaf=5.054pF, total=5.536pF
      wire capacitance : top=0.000pF, trunk=0.757pF, leaf=5.051pF, total=5.808pF
      wire lengths   : top=0.000um, trunk=5037.477um, leaf=26501.015um, total=31538.493um
      sink capacitance : count=5866, total=5.054pF, avg=0.001pF, sd=0.001pF, min=0.001pF, max=0.048pF
    Clock DAG net violations after 'Approximately balancing paths':none
    Clock tree state after 'Approximately balancing paths':
      clock_tree clk_o: worst slew is leaf(0.092),trunk(0.039),top(nil), margined worst slew is leaf(0.092),trunk(0.039),top(nil)
      clock_tree clk: worst slew is leaf(0.105),trunk(0.091),top(nil), margined worst slew is leaf(0.105),trunk(0.091),top(nil)
      skew_group clk/CON: insertion delay [min=0.434, max=0.479, avg=0.462, sd=0.008], skew [0.044 vs 0.057, 100% {0.434, 0.462, 0.479}] (wid=0.040 ws=0.025) (gid=0.450 gs=0.040)
      skew_group clk_o/CON: insertion delay [min=0.145, max=0.156, avg=0.150, sd=0.004], skew [0.011 vs 0.057, 100% {0.145, 0.150, 0.156}] (wid=0.022 ws=0.005) (gid=0.137 gs=0.010)
    Clock network insertion delays are now [0.145ns, 0.479ns] average 0.440ns std.dev 0.079ns
  Approximately balancing paths done.
  Resynthesising clock tree into netlist... 
  Resynthesising clock tree into netlist done.
  Updating congestion map to accurately time the clock tree... 
    Updating RC parasitics by calling: "extractRC -noRouteCheck"... Extraction called for design 'core' of instances=93633 and nets=59544 using extraction engine 'preRoute' .
PreRoute RC Extraction called for design core.
RC Extraction called in multi-corner(2) mode.
**WARN: (IMPEXT-3442):	The version of the capacitance table file being used is obsolete and is no longer recommended. For improved accuracy, generate the capacitance table file using the generateCapTbl command.
RCMode: PreRoute
      RC Corner Indexes            0       1   
Capacitance Scaling Factor   : 1.00000 1.00000 
Resistance Scaling Factor    : 1.00000 1.00000 
Clock Cap. Scaling Factor    : 1.00000 1.00000 
Clock Res. Scaling Factor    : 1.00000 1.00000 
Shrink Factor                : 1.00000
PreRoute extraction is honoring NDR/Shielding/ExtraSpace for clock nets.
Using capacitance table file ...
Updating RC grid for preRoute extraction ...
Initializing multi-corner capacitance tables ... 
Initializing multi-corner resistance tables ...
PreRoute RC Extraction DONE (CPU Time: 0:00:00.6  Real Time: 0:00:01.0  MEM: 2233.801M)

    Updating RC parasitics by calling: "extractRC -noRouteCheck" done.
  Updating congestion map to accurately time the clock tree done.
  Disconnecting clock tree from netlist... 
  Disconnecting clock tree from netlist done.
  Rebuilding timing graph... 
  Rebuilding timing graph done.
  Rebuilding timing graph Clock DAG stats After congestion update:
  Rebuilding timing graph   cell counts    : b=118, i=0, cg=0, l=0, total=118
  Rebuilding timing graph   cell areas     : b=869.760um^2, i=0.000um^2, cg=0.000um^2, l=0.000um^2, total=869.760um^2
  Rebuilding timing graph   gate capacitance : top=0.000pF, trunk=0.482pF, leaf=5.054pF, total=5.536pF
  Rebuilding timing graph   wire capacitance : top=0.000pF, trunk=0.758pF, leaf=5.053pF, total=5.811pF
  Rebuilding timing graph   wire lengths   : top=0.000um, trunk=5037.477um, leaf=26501.015um, total=31538.493um
  Rebuilding timing graph   sink capacitance : count=5866, total=5.054pF, avg=0.001pF, sd=0.001pF, min=0.001pF, max=0.048pF
  Rebuilding timing graph Clock DAG net violations After congestion update:none
  Clock tree state After congestion update:
    clock_tree clk_o: worst slew is leaf(0.092),trunk(0.040),top(nil), margined worst slew is leaf(0.092),trunk(0.040),top(nil)
    clock_tree clk: worst slew is leaf(0.105),trunk(0.091),top(nil), margined worst slew is leaf(0.105),trunk(0.091),top(nil)
    skew_group clk/CON: insertion delay [min=0.434, max=0.479, avg=0.461, sd=0.008], skew [0.044 vs 0.057, 100% {0.434, 0.462, 0.479}] (wid=0.040 ws=0.025) (gid=0.450 gs=0.040)
    skew_group clk_o/CON: insertion delay [min=0.145, max=0.156, avg=0.151, sd=0.004], skew [0.011 vs 0.057, 100% {0.145, 0.150, 0.156}] (wid=0.022 ws=0.005) (gid=0.137 gs=0.010)
  Clock network insertion delays are now [0.145ns, 0.479ns] average 0.440ns std.dev 0.079ns
  Improving clock skew... 
    Clock DAG stats after 'Improving clock skew':
      cell counts    : b=118, i=0, cg=0, l=0, total=118
      cell areas     : b=869.760um^2, i=0.000um^2, cg=0.000um^2, l=0.000um^2, total=869.760um^2
      gate capacitance : top=0.000pF, trunk=0.482pF, leaf=5.054pF, total=5.536pF
      wire capacitance : top=0.000pF, trunk=0.758pF, leaf=5.053pF, total=5.811pF
      wire lengths   : top=0.000um, trunk=5037.477um, leaf=26501.015um, total=31538.493um
      sink capacitance : count=5866, total=5.054pF, avg=0.001pF, sd=0.001pF, min=0.001pF, max=0.048pF
    Clock DAG net violations after 'Improving clock skew':none
    Clock tree state after 'Improving clock skew':
      clock_tree clk_o: worst slew is leaf(0.092),trunk(0.040),top(nil), margined worst slew is leaf(0.092),trunk(0.040),top(nil)
      clock_tree clk: worst slew is leaf(0.105),trunk(0.091),top(nil), margined worst slew is leaf(0.105),trunk(0.091),top(nil)
      skew_group clk/CON: insertion delay [min=0.434, max=0.479, avg=0.461, sd=0.008], skew [0.044 vs 0.057, 100% {0.434, 0.462, 0.479}] (wid=0.040 ws=0.025) (gid=0.450 gs=0.040)
      skew_group clk_o/CON: insertion delay [min=0.145, max=0.156, avg=0.151, sd=0.004], skew [0.011 vs 0.057, 100% {0.145, 0.150, 0.156}] (wid=0.022 ws=0.005) (gid=0.137 gs=0.010)
    Clock network insertion delays are now [0.145ns, 0.479ns] average 0.440ns std.dev 0.079ns
  Improving clock skew done.
  Reducing clock tree power 3... 
    Initial gate capacitance is (rise=5.536pF fall=5.518pF).
    Resizing gates: 
    Resizing gates: .
    Resizing gates: ..
    Resizing gates: ...
    Resizing gates: ... 20% 
    Resizing gates: ... 20% .
    Resizing gates: ... 20% ..
    Resizing gates: ... 20% ...
    Resizing gates: ... 20% ... 40% 
    Resizing gates: ... 20% ... 40% .
    Resizing gates: ... 20% ... 40% ..
    Resizing gates: ... 20% ... 40% ...
    Resizing gates: ... 20% ... 40% ... 60% 
    Resizing gates: ... 20% ... 40% ... 60% .
    Resizing gates: ... 20% ... 40% ... 60% ..
    Resizing gates: ... 20% ... 40% ... 60% ...
    Resizing gates: ... 20% ... 40% ... 60% ... 80% 
    Resizing gates: ... 20% ... 40% ... 60% ... 80% .
    Resizing gates: ... 20% ... 40% ... 60% ... 80% ..
    Resizing gates: ... 20% ... 40% ... 60% ... 80% ...
    Resizing gates: ... 20% ... 40% ... 60% ... 80% ... 100% 
    Stopping in iteration 1: unable to make further power recovery in this step.
    Iteration 1: gate capacitance is (rise=5.520pF fall=5.503pF).
    Clock DAG stats after 'Reducing clock tree power 3':
      cell counts    : b=118, i=0, cg=0, l=0, total=118
      cell areas     : b=842.040um^2, i=0.000um^2, cg=0.000um^2, l=0.000um^2, total=842.040um^2
      gate capacitance : top=0.000pF, trunk=0.466pF, leaf=5.054pF, total=5.520pF
      wire capacitance : top=0.000pF, trunk=0.757pF, leaf=5.053pF, total=5.811pF
      wire lengths   : top=0.000um, trunk=5038.000um, leaf=26503.525um, total=31541.525um
      sink capacitance : count=5866, total=5.054pF, avg=0.001pF, sd=0.001pF, min=0.001pF, max=0.048pF
    Clock DAG net violations after 'Reducing clock tree power 3':none
    Clock tree state after 'Reducing clock tree power 3':
      clock_tree clk_o: worst slew is leaf(0.092),trunk(0.040),top(nil), margined worst slew is leaf(0.092),trunk(0.040),top(nil)
      clock_tree clk: worst slew is leaf(0.105),trunk(0.094),top(nil), margined worst slew is leaf(0.105),trunk(0.094),top(nil)
      skew_group clk/CON: insertion delay [min=0.442, max=0.493, avg=0.468, sd=0.013], skew [0.051 vs 0.057, 100% {0.442, 0.467, 0.493}] (wid=0.039 ws=0.024) (gid=0.463 gs=0.047)
      skew_group clk_o/CON: insertion delay [min=0.145, max=0.156, avg=0.151, sd=0.004], skew [0.011 vs 0.057, 100% {0.145, 0.150, 0.156}] (wid=0.022 ws=0.005) (gid=0.137 gs=0.010)
    Clock network insertion delays are now [0.145ns, 0.493ns] average 0.447ns std.dev 0.081ns
  Reducing clock tree power 3 done.
  Improving insertion delay... 
    Clock DAG stats after improving insertion delay:
      cell counts    : b=118, i=0, cg=0, l=0, total=118
      cell areas     : b=842.040um^2, i=0.000um^2, cg=0.000um^2, l=0.000um^2, total=842.040um^2
      gate capacitance : top=0.000pF, trunk=0.466pF, leaf=5.054pF, total=5.520pF
      wire capacitance : top=0.000pF, trunk=0.757pF, leaf=5.053pF, total=5.811pF
      wire lengths   : top=0.000um, trunk=5038.000um, leaf=26503.525um, total=31541.525um
      sink capacitance : count=5866, total=5.054pF, avg=0.001pF, sd=0.001pF, min=0.001pF, max=0.048pF
    Clock DAG net violations after improving insertion delay:none
    Clock tree state after improving insertion delay:
      clock_tree clk_o: worst slew is leaf(0.092),trunk(0.040),top(nil), margined worst slew is leaf(0.092),trunk(0.040),top(nil)
      clock_tree clk: worst slew is leaf(0.105),trunk(0.094),top(nil), margined worst slew is leaf(0.105),trunk(0.094),top(nil)
      skew_group clk/CON: insertion delay [min=0.442, max=0.493, avg=0.468, sd=0.013], skew [0.051 vs 0.057, 100% {0.442, 0.467, 0.493}] (wid=0.039 ws=0.024) (gid=0.463 gs=0.047)
      skew_group clk_o/CON: insertion delay [min=0.145, max=0.156, avg=0.151, sd=0.004], skew [0.011 vs 0.057, 100% {0.145, 0.150, 0.156}] (wid=0.022 ws=0.005) (gid=0.137 gs=0.010)
    Clock network insertion delays are now [0.145ns, 0.493ns] average 0.447ns std.dev 0.081ns
    Clock DAG stats after 'Improving insertion delay':
      cell counts    : b=118, i=0, cg=0, l=0, total=118
      cell areas     : b=842.040um^2, i=0.000um^2, cg=0.000um^2, l=0.000um^2, total=842.040um^2
      gate capacitance : top=0.000pF, trunk=0.466pF, leaf=5.054pF, total=5.520pF
      wire capacitance : top=0.000pF, trunk=0.757pF, leaf=5.053pF, total=5.811pF
      wire lengths   : top=0.000um, trunk=5038.000um, leaf=26503.525um, total=31541.525um
      sink capacitance : count=5866, total=5.054pF, avg=0.001pF, sd=0.001pF, min=0.001pF, max=0.048pF
    Clock DAG net violations after 'Improving insertion delay':none
    Clock tree state after 'Improving insertion delay':
      clock_tree clk_o: worst slew is leaf(0.092),trunk(0.040),top(nil), margined worst slew is leaf(0.092),trunk(0.040),top(nil)
      clock_tree clk: worst slew is leaf(0.105),trunk(0.094),top(nil), margined worst slew is leaf(0.105),trunk(0.094),top(nil)
      skew_group clk/CON: insertion delay [min=0.442, max=0.493, avg=0.468, sd=0.013], skew [0.051 vs 0.057, 100% {0.442, 0.467, 0.493}] (wid=0.039 ws=0.024) (gid=0.463 gs=0.047)
      skew_group clk_o/CON: insertion delay [min=0.145, max=0.156, avg=0.151, sd=0.004], skew [0.011 vs 0.057, 100% {0.145, 0.150, 0.156}] (wid=0.022 ws=0.005) (gid=0.137 gs=0.010)
    Clock network insertion delays are now [0.145ns, 0.493ns] average 0.447ns std.dev 0.081ns
  Improving insertion delay done.
  Total capacitance is (rise=11.331pF fall=11.314pF), of which (rise=5.811pF fall=5.811pF) is wire, and (rise=5.520pF fall=5.503pF) is gate.
  Legalizer releasing space for clock trees... 
  Legalizer releasing space for clock trees done.
  Updating netlist... 
*
* Starting clock placement refinement...
*
* First pass: Refine non-clock instances...
*
*** Starting refinePlace (1:57:04 mem=2299.0M) ***
Total net bbox length = 1.052e+06 (5.072e+05 5.445e+05) (ext = 6.213e+04)
Density distribution unevenness ratio = 2.915%
Move report: Detail placement moves 129 insts, mean move: 3.33 um, max move: 13.80 um
	Max move on inst (FILLER_16303): (706.40, 422.60) --> (716.60, 426.20)
	Runtime: CPU: 0:00:01.0 REAL: 0:00:01.0 MEM: 2299.0MB
Summary Report:
Instances move: 67 (out of 46042 movable)
Mean displacement: 3.31 um
Max displacement: 10.60 um (Instance: sfp_instance/fifo_inst_int/U500) (721.8, 420.8) -> (732.4, 420.8)
	Length: 3 sites, height: 1 rows, site name: core, cell type: CKND0
Total net bbox length = 1.052e+06 (5.074e+05 5.446e+05) (ext = 6.213e+04)
Runtime: CPU: 0:00:01.0 REAL: 0:00:01.0 MEM: 2299.0MB
*** Finished refinePlace (1:57:05 mem=2299.0M) ***
*
* Second pass: Refine clock instances...
*
*** Starting refinePlace (1:57:06 mem=2299.0M) ***
Total net bbox length = 1.052e+06 (5.074e+05 5.446e+05) (ext = 6.213e+04)
Density distribution unevenness ratio = 2.277%
Move report: Detail placement moves 0 insts, mean move: 0.00 um, max move: 0.00 um
	Runtime: CPU: 0:00:01.0 REAL: 0:00:01.0 MEM: 2299.0MB
Summary Report:
Instances move: 0 (out of 52023 movable)
Mean displacement: 0.00 um
Max displacement: 0.00 um 
Total net bbox length = 1.052e+06 (5.074e+05 5.446e+05) (ext = 6.213e+04)
Runtime: CPU: 0:00:01.1 REAL: 0:00:01.0 MEM: 2299.0MB
*** Finished refinePlace (1:57:07 mem=2299.0M) ***
*
* No clock instances moved during refinement.
*
* Finished with clock placement refinement.
*

    Rebuilding timing graph... 
    Rebuilding timing graph done.
    Clock implementation routing... Net route status summary:
  Clock:       120 (unrouted=120, trialRouted=0, noStatus=0, routed=0, fixed=0)
  Non-clock: 55208 (unrouted=0, trialRouted=55208, noStatus=0, routed=0, fixed=0)
(Not counting 4216 nets with <2 term connections)

      Updating RC parasitics by calling: "extractRC -noRouteCheck"... Extraction called for design 'core' of instances=93633 and nets=59544 using extraction engine 'preRoute' .
PreRoute RC Extraction called for design core.
RC Extraction called in multi-corner(2) mode.
**WARN: (IMPEXT-3442):	The version of the capacitance table file being used is obsolete and is no longer recommended. For improved accuracy, generate the capacitance table file using the generateCapTbl command.
RCMode: PreRoute
      RC Corner Indexes            0       1   
Capacitance Scaling Factor   : 1.00000 1.00000 
Resistance Scaling Factor    : 1.00000 1.00000 
Clock Cap. Scaling Factor    : 1.00000 1.00000 
Clock Res. Scaling Factor    : 1.00000 1.00000 
Shrink Factor                : 1.00000
PreRoute extraction is honoring NDR/Shielding/ExtraSpace for clock nets.
Using capacitance table file ...
Updating RC grid for preRoute extraction ...
Initializing multi-corner capacitance tables ... 
Initializing multi-corner resistance tables ...
PreRoute RC Extraction DONE (CPU Time: 0:00:00.6  Real Time: 0:00:01.0  MEM: 2300.574M)

      Updating RC parasitics by calling: "extractRC -noRouteCheck" done.

CCOPT: Preparing to route 120 clock nets with NanoRoute.
  All net are default rule.
  Removed pre-existing routes for 120 nets.
  Preferred NanoRoute mode settings: Current

  drouteAutoStop = "false"
  drouteEndIteration = "20"
  drouteExpDeterministicMultiThread = "true"
  envHonorGlobalRoute = "false"
  grouteExpUseNanoRoute2 = "false"
  routeAllowPinAsFeedthrough = "false"
  routeExpDeterministicMultiThread = "true"
  routeSelectedNetOnly = "true"
  routeTopRoutingLayer = "6" (current non-default setting)
  routeWithEco = "true"
  routeWithSiDriven = "false"
  routeWithTimingDriven = "false"

  setMultiCpuUsage -localCpu 8; # current non-default setting
      Clock detailed routing... 
globalDetailRoute

#setNanoRouteMode -drouteAutoStop false
#setNanoRouteMode -drouteEndIteration 20
#setNanoRouteMode -routeAllowPinAsFeedthrough "false"
#setNanoRouteMode -routeSelectedNetOnly true
#setNanoRouteMode -routeTopRoutingLayer 6
#setNanoRouteMode -routeWithEco true
#setNanoRouteMode -routeWithSiDriven false
#setNanoRouteMode -routeWithTimingDriven false
#Start globalDetailRoute on Sat Mar 22 18:59:11 2025
#
#WARNING (NRDB-728) PIN Q[0] in CELL_VIEW sram_w16_out does not have antenna diff area.
#WARNING (NRDB-728) PIN Q[1] in CELL_VIEW sram_w16_out does not have antenna diff area.
#WARNING (NRDB-728) PIN Q[2] in CELL_VIEW sram_w16_out does not have antenna diff area.
#WARNING (NRDB-728) PIN Q[3] in CELL_VIEW sram_w16_out does not have antenna diff area.
#WARNING (NRDB-728) PIN Q[4] in CELL_VIEW sram_w16_out does not have antenna diff area.
#WARNING (NRDB-728) PIN Q[5] in CELL_VIEW sram_w16_out does not have antenna diff area.
#WARNING (NRDB-728) PIN Q[6] in CELL_VIEW sram_w16_out does not have antenna diff area.
#WARNING (NRDB-728) PIN Q[7] in CELL_VIEW sram_w16_out does not have antenna diff area.
#WARNING (NRDB-728) PIN Q[8] in CELL_VIEW sram_w16_out does not have antenna diff area.
#WARNING (NRDB-728) PIN Q[9] in CELL_VIEW sram_w16_out does not have antenna diff area.
#WARNING (NRDB-728) PIN Q[10] in CELL_VIEW sram_w16_out does not have antenna diff area.
#WARNING (NRDB-728) PIN Q[11] in CELL_VIEW sram_w16_out does not have antenna diff area.
#WARNING (NRDB-728) PIN Q[12] in CELL_VIEW sram_w16_out does not have antenna diff area.
#WARNING (NRDB-728) PIN Q[13] in CELL_VIEW sram_w16_out does not have antenna diff area.
#WARNING (NRDB-728) PIN Q[14] in CELL_VIEW sram_w16_out does not have antenna diff area.
#WARNING (NRDB-728) PIN Q[15] in CELL_VIEW sram_w16_out does not have antenna diff area.
#WARNING (NRDB-728) PIN Q[16] in CELL_VIEW sram_w16_out does not have antenna diff area.
#WARNING (NRDB-728) PIN Q[17] in CELL_VIEW sram_w16_out does not have antenna diff area.
#WARNING (NRDB-728) PIN Q[18] in CELL_VIEW sram_w16_out does not have antenna diff area.
#WARNING (NRDB-728) PIN Q[19] in CELL_VIEW sram_w16_out does not have antenna diff area.
#WARNING (EMS-27) Message (NRDB-728) has exceeded the current message display limit of 20.
#To increase the message display limit, refer to the product command reference manual.
#NanoRoute Version 15.23-s045_1 NR160414-1105/15_23-UB
#Using multithreading with 8 threads.
#Start routing data preparation.
#WARNING (NRDB-2077) The below via enclosure for LAYER M1 is not specified for width 0.090.
#WARNING (NRDB-2078) The above via enclosure for LAYER M2 is not specified for width 0.100.
#WARNING (NRDB-2077) The below via enclosure for LAYER M1 is not specified for width 0.090.
#WARNING (NRDB-2078) The above via enclosure for LAYER M2 is not specified for width 0.100.
#WARNING (NRDB-2077) The below via enclosure for LAYER M2 is not specified for width 0.100.
#WARNING (NRDB-2078) The above via enclosure for LAYER M3 is not specified for width 0.100.
#WARNING (NRDB-2077) The below via enclosure for LAYER M2 is not specified for width 0.100.
#WARNING (NRDB-2078) The above via enclosure for LAYER M3 is not specified for width 0.100.
#WARNING (NRDB-2077) The below via enclosure for LAYER M3 is not specified for width 0.100.
#WARNING (NRDB-2078) The above via enclosure for LAYER M4 is not specified for width 0.100.
#WARNING (NRDB-2077) The below via enclosure for LAYER M3 is not specified for width 0.100.
#WARNING (NRDB-2078) The above via enclosure for LAYER M4 is not specified for width 0.100.
#WARNING (NRDB-2077) The below via enclosure for LAYER M4 is not specified for width 0.100.
#WARNING (NRDB-2078) The above via enclosure for LAYER M5 is not specified for width 0.100.
#WARNING (NRDB-2077) The below via enclosure for LAYER M4 is not specified for width 0.100.
#WARNING (NRDB-2078) The above via enclosure for LAYER M5 is not specified for width 0.100.
#WARNING (NRDB-2077) The below via enclosure for LAYER M5 is not specified for width 0.100.
#WARNING (NRDB-2078) The above via enclosure for LAYER M6 is not specified for width 0.100.
#WARNING (NRDB-2077) The below via enclosure for LAYER M5 is not specified for width 0.100.
#WARNING (NRDB-2078) The above via enclosure for LAYER M6 is not specified for width 0.100.
#WARNING (NRDB-2077) The below via enclosure for LAYER M6 is not specified for width 0.100.
#WARNING (NRDB-2078) The above via enclosure for LAYER M7 is not specified for width 0.400.
#WARNING (NRDB-2077) The below via enclosure for LAYER M6 is not specified for width 0.100.
#WARNING (NRDB-2078) The above via enclosure for LAYER M7 is not specified for width 0.400.
#WARNING (NRDB-2077) The below via enclosure for LAYER M7 is not specified for width 0.400.
#WARNING (NRDB-2078) The above via enclosure for LAYER M8 is not specified for width 0.400.
#WARNING (NRDB-2077) The below via enclosure for LAYER M7 is not specified for width 0.400.
#WARNING (NRDB-2078) The above via enclosure for LAYER M8 is not specified for width 0.400.
#Minimum voltage of a net in the design = 0.000.
#Maximum voltage of a net in the design = 1.100.
#Voltage range [0.000 - 0.000] has 1 net.
#Voltage range [0.900 - 1.100] has 1 net.
#Voltage range [0.000 - 1.100] has 59542 nets.
# M1           H   Track-Pitch = 0.200    Line-2-Via Pitch = 0.185
# M2           V   Track-Pitch = 0.200    Line-2-Via Pitch = 0.200
# M3           H   Track-Pitch = 0.200    Line-2-Via Pitch = 0.200
# M4           V   Track-Pitch = 0.200    Line-2-Via Pitch = 0.200
# M5           H   Track-Pitch = 0.200    Line-2-Via Pitch = 0.200
# M6           V   Track-Pitch = 0.200    Line-2-Via Pitch = 0.200
# M7           H   Track-Pitch = 0.800    Line-2-Via Pitch = 0.800
# M8           V   Track-Pitch = 0.800    Line-2-Via Pitch = 0.800
#Regenerating Ggrids automatically.
#Auto generating G-grids with size=15 tracks, using layer M2's pitch = 0.200.
#Using automatically generated G-grids.
#Done routing data preparation.
#cpu time = 00:00:31, elapsed time = 00:00:07, memory = 1689.28 (MB), peak = 2047.80 (MB)
#Merging special wires using 8 threads...
#reading routing guides ......
#Number of eco nets is 0
#
#Start data preparation...
#
#Data preparation is done on Sat Mar 22 18:59:20 2025
#
#Analyzing routing resource...
#Routing resource analysis is done on Sat Mar 22 18:59:20 2025
#
#  Resource Analysis:
#
#               Routing  #Avail      #Track     #Total     %Gcell
#  Layer      Direction   Track     Blocked      Gcell    Blocked
#  --------------------------------------------------------------
#  Metal 1        H        3703         796       90000    77.75%
#  Metal 2        V        3704         796       90000    17.61%
#  Metal 3        H        3704         795       90000    17.61%
#  Metal 4        V        3760         740       90000    17.61%
#  Metal 5        H        3948         551       90000     6.55%
#  Metal 6        V        4500           0       90000     0.00%
#  --------------------------------------------------------------
#  Total                  23320      13.62%  540000    22.85%
#
#  120 nets (0.20%) with 1 preferred extra spacing.
#
#
#Routing guide is on.
#cpu time = 00:00:01, elapsed time = 00:00:00, memory = 1696.88 (MB), peak = 2047.80 (MB)
#
#start global routing iteration 1...
#cpu time = 00:00:01, elapsed time = 00:00:01, memory = 1768.04 (MB), peak = 2047.80 (MB)
#
#start global routing iteration 2...
#cpu time = 00:00:00, elapsed time = 00:00:00, memory = 1768.23 (MB), peak = 2047.80 (MB)
#
#
#Total number of trivial nets (e.g. < 2 pins) = 4216 (skipped).
#Total number of selected nets for routing = 120.
#Total number of unselected nets (but routable) for routing = 55208 (skipped).
#Total number of nets in the design = 59544.
#
#55208 skipped nets do not have any wires.
#120 routable nets have only global wires.
#120 global routed or unrouted (routable) nets have been constrained (e.g. have preferred extra spacing, require shielding etc.)
#
#Routed net constraints summary:
#------------------------------------------------
#        Rules   Pref Extra Space   Unconstrained  
#------------------------------------------------
#      Default                120               0  
#------------------------------------------------
#        Total                120               0  
#------------------------------------------------
#
#Routing constraints summary of the whole design:
#------------------------------------------------
#        Rules   Pref Extra Space   Unconstrained  
#------------------------------------------------
#      Default                120           55208  
#------------------------------------------------
#        Total                120           55208  
#------------------------------------------------
#
#
#  Congestion Analysis: (blocked Gcells are excluded)
#
#                 OverCon          
#                  #Gcell    %Gcell
#     Layer           (1)   OverCon
#  --------------------------------
#   Metal 1      0(0.00%)   (0.00%)
#   Metal 2      0(0.00%)   (0.00%)
#   Metal 3      0(0.00%)   (0.00%)
#   Metal 4      0(0.00%)   (0.00%)
#   Metal 5      0(0.00%)   (0.00%)
#   Metal 6      0(0.00%)   (0.00%)
#  --------------------------------
#     Total      0(0.00%)   (0.00%)
#
#  The worst congested Gcell overcon (routing demand over resource in number of tracks) = 1
#  Overflow after GR: 0.00% H + 0.00% V
#
#Complete Global Routing.
#Total number of nets with non-default rule or having extra spacing = 120
#Total wire length = 31343 um.
#Total half perimeter of net bounding box = 14435 um.
#Total wire length on LAYER M1 = 0 um.
#Total wire length on LAYER M2 = 0 um.
#Total wire length on LAYER M3 = 17894 um.
#Total wire length on LAYER M4 = 13450 um.
#Total wire length on LAYER M5 = 0 um.
#Total wire length on LAYER M6 = 0 um.
#Total wire length on LAYER M7 = 0 um.
#Total wire length on LAYER M8 = 0 um.
#Total number of vias = 15189
#Up-Via Summary (total 15189):
#           
#-----------------------
#  Metal 1         6099
#  Metal 2         5337
#  Metal 3         3753
#-----------------------
#                 15189 
#
#Total number of involved priority nets 120
#Maximum src to sink distance for priority net 435.1
#Average of max src_to_sink distance for priority net 110.6
#Average of ave src_to_sink distance for priority net 68.1
#Max overcon = 0 track.
#Total overcon = 0.00%.
#Worst layer Gcell overcon rate = 0.00%.
#cpu time = 00:00:03, elapsed time = 00:00:02, memory = 1768.60 (MB), peak = 2047.80 (MB)
#
#cpu time = 00:00:00, elapsed time = 00:00:00, memory = 1696.98 (MB), peak = 2047.80 (MB)
#Start Track Assignment.
#Done with 3998 horizontal wires in 3 hboxes and 2900 vertical wires in 3 hboxes.
#Done with 18 horizontal wires in 3 hboxes and 16 vertical wires in 3 hboxes.
#Complete Track Assignment.
#Total number of nets with non-default rule or having extra spacing = 120
#Total wire length = 35268 um.
#Total half perimeter of net bounding box = 14435 um.
#Total wire length on LAYER M1 = 3348 um.
#Total wire length on LAYER M2 = 0 um.
#Total wire length on LAYER M3 = 17916 um.
#Total wire length on LAYER M4 = 14003 um.
#Total wire length on LAYER M5 = 0 um.
#Total wire length on LAYER M6 = 0 um.
#Total wire length on LAYER M7 = 0 um.
#Total wire length on LAYER M8 = 0 um.
#Total number of vias = 15189
#Up-Via Summary (total 15189):
#           
#-----------------------
#  Metal 1         6099
#  Metal 2         5337
#  Metal 3         3753
#-----------------------
#                 15189 
#
#cpu time = 00:00:01, elapsed time = 00:00:01, memory = 1707.08 (MB), peak = 2047.80 (MB)
#
#Cpu time = 00:00:35
#Elapsed time = 00:00:11
#Increased memory = 48.31 (MB)
#Total memory = 1707.08 (MB)
#Peak memory = 2047.80 (MB)
#Using multithreading with 8 threads.
#
#Start Detail Routing..
#start initial detail routing ...
#    completing 10% with 0 violations
#    elapsed time = 00:00:01, memory = 1960.47 (MB)
#    completing 20% with 0 violations
#    elapsed time = 00:00:02, memory = 1971.74 (MB)
#    completing 30% with 0 violations
#    elapsed time = 00:00:02, memory = 1979.70 (MB)
#    completing 40% with 0 violations
#    elapsed time = 00:00:03, memory = 1970.98 (MB)
#    completing 50% with 0 violations
#    elapsed time = 00:00:04, memory = 1971.33 (MB)
#    completing 60% with 0 violations
#    elapsed time = 00:00:04, memory = 1980.35 (MB)
#    completing 70% with 0 violations
#    elapsed time = 00:00:06, memory = 1978.38 (MB)
#    completing 80% with 0 violations
#    elapsed time = 00:00:06, memory = 1977.45 (MB)
#    completing 90% with 0 violations
#    elapsed time = 00:00:07, memory = 1986.08 (MB)
#    completing 100% with 0 violations
#    elapsed time = 00:00:08, memory = 1986.58 (MB)
# ECO: 4.3% of the total area was rechecked for DRC, and 26.5% required routing.
#    number of violations = 0
#cpu time = 00:00:46, elapsed time = 00:00:08, memory = 1984.92 (MB), peak = 2047.80 (MB)
#start 1st optimization iteration ...
#    number of violations = 0
#cpu time = 00:00:00, elapsed time = 00:00:00, memory = 1700.34 (MB), peak = 2047.80 (MB)
#Complete Detail Routing.
#Total number of nets with non-default rule or having extra spacing = 120
#Total wire length = 32482 um.
#Total half perimeter of net bounding box = 14435 um.
#Total wire length on LAYER M1 = 134 um.
#Total wire length on LAYER M2 = 1425 um.
#Total wire length on LAYER M3 = 16333 um.
#Total wire length on LAYER M4 = 14590 um.
#Total wire length on LAYER M5 = 0 um.
#Total wire length on LAYER M6 = 0 um.
#Total wire length on LAYER M7 = 0 um.
#Total wire length on LAYER M8 = 0 um.
#Total number of vias = 17087
#Total number of multi-cut vias = 108 (  0.6%)
#Total number of single cut vias = 16979 ( 99.4%)
#Up-Via Summary (total 17087):
#                   single-cut          multi-cut      Total
#-----------------------------------------------------------
#  Metal 1        5865 ( 98.2%)       108 (  1.8%)       5973
#  Metal 2        5642 (100.0%)         0 (  0.0%)       5642
#  Metal 3        5472 (100.0%)         0 (  0.0%)       5472
#-----------------------------------------------------------
#                16979 ( 99.4%)       108 (  0.6%)      17087 
#
#Total number of DRC violations = 0
#Cpu time = 00:00:47
#Elapsed time = 00:00:08
#Increased memory = -9.27 (MB)
#Total memory = 1697.81 (MB)
#Peak memory = 2047.80 (MB)
#detailRoute Statistics:
#Cpu time = 00:00:47
#Elapsed time = 00:00:08
#Increased memory = -9.27 (MB)
#Total memory = 1697.81 (MB)
#Peak memory = 2047.80 (MB)
#
#globalDetailRoute statistics:
#Cpu time = 00:01:25
#Elapsed time = 00:00:21
#Increased memory = 36.71 (MB)
#Total memory = 1647.64 (MB)
#Peak memory = 2047.80 (MB)
#Number of warnings = 49
#Total number of warnings = 49
#Number of fails = 0
#Total number of fails = 0
#Complete globalDetailRoute on Sat Mar 22 18:59:32 2025
#

      Clock detailed routing done.
Checking guided vs. routed lengths for 120 nets...

      
      Guided max path lengths
      =======================
      
      ---------------------------------------
      From (um)    To (um)    Number of paths
      ---------------------------------------
         0.000      50.000           8
        50.000     100.000          74
       100.000     150.000          23
       150.000     200.000           6
       200.000     250.000           2
       250.000     300.000           3
       300.000     350.000           0
       350.000     400.000           1
       400.000     450.000           3
      ---------------------------------------
      
      Deviation of routing from guided max path lengths
      =================================================
      
      --------------------------------------
      From (%)    To (%)     Number of paths
      --------------------------------------
      below         0.000          16
        0.000      20.000          68
       20.000      40.000          17
       40.000      60.000          10
       60.000      80.000           6
       80.000     100.000           2
      100.000     120.000           1
      --------------------------------------
      

    Top 10 notable deviations of routed length from guided length
    =============================================================

    Net CTS_111 (98 terminals)
    Guided length:  max path =    68.535um, total =   367.880um
    Routed length:  max path =   137.600um, total =   462.260um
    Deviation:      max path =   100.773%,  total =    25.655%

    Net CTS_125 (93 terminals)
    Guided length:  max path =    73.880um, total =   361.267um
    Routed length:  max path =   147.000um, total =   386.460um
    Deviation:      max path =    98.971%,  total =     6.973%

    Net mac_array_instance/CTS_59 (62 terminals)
    Guided length:  max path =    51.968um, total =   256.355um
    Routed length:  max path =    95.600um, total =   277.880um
    Deviation:      max path =    83.961%,  total =     8.397%

    Net sfp_instance/fifo_inst_ext/CTS_27 (85 terminals)
    Guided length:  max path =    49.617um, total =   277.447um
    Routed length:  max path =    89.200um, total =   333.480um
    Deviation:      max path =    79.775%,  total =    20.196%

    Net sfp_instance/fifo_inst_ext/CTS_26 (68 terminals)
    Guided length:  max path =    71.770um, total =   303.905um
    Routed length:  max path =   126.000um, total =   340.140um
    Deviation:      max path =    75.561%,  total =    11.923%

    Net ofifo_inst/col_idx_1__fifo_instance/CTS_4 (97 terminals)
    Guided length:  max path =    74.470um, total =   307.502um
    Routed length:  max path =   129.800um, total =   396.100um
    Deviation:      max path =    74.298%,  total =    28.812%

    Net ofifo_inst/CTS_44 (99 terminals)
    Guided length:  max path =    83.655um, total =   349.778um
    Routed length:  max path =   142.000um, total =   399.780um
    Deviation:      max path =    69.745%,  total =    14.296%

    Net ofifo_inst/col_idx_7__fifo_instance/CTS_4 (101 terminals)
    Guided length:  max path =    79.850um, total =   361.250um
    Routed length:  max path =   134.600um, total =   444.260um
    Deviation:      max path =    68.566%,  total =    22.979%

    Net ofifo_inst/CTS_39 (94 terminals)
    Guided length:  max path =    72.185um, total =   322.415um
    Routed length:  max path =   118.200um, total =   401.200um
    Deviation:      max path =    63.746%,  total =    24.436%

    Net ofifo_inst/col_idx_4__fifo_instance/CTS_4 (85 terminals)
    Guided length:  max path =    64.440um, total =   331.765um
    Routed length:  max path =   102.800um, total =   375.620um
    Deviation:      max path =    59.528%,  total =    13.219%

Set FIXED routing status on 120 net(s)
Set FIXED placed status on 118 instance(s)
Net route status summary:
  Clock:       120 (unrouted=0, trialRouted=0, noStatus=0, routed=0, fixed=120)
  Non-clock: 55208 (unrouted=55208, trialRouted=0, noStatus=0, routed=0, fixed=0)
(Not counting 4216 nets with <2 term connections)

CCOPT: Done with clock implementation routing.


CCOPT: Starting congestion repair using flow wrapper.
Trial Route Overflow 0(H) 0(V)
Starting congestion repair ...
[NR-eagl] Detected a user setting of 'getTrialRouteMode -handlePreroute true' which was ignored.
[NR-eagl] honorMsvRouteConstraint: false
[NR-eagl] honorClockSpecNDR      : 0
[NR-eagl] minRouteLayer          : 2
[NR-eagl] maxRouteLayer          : 6
[NR-eagl] numTracksPerClockWire  : 0
[NR-eagl] Layer1 has no routable track
[NR-eagl] Layer2 has single uniform track structure
[NR-eagl] Layer3 has single uniform track structure
[NR-eagl] Layer4 has single uniform track structure
[NR-eagl] Layer5 has single uniform track structure
[NR-eagl] Layer6 has single uniform track structure
[NR-eagl] numRoutingBlks=0 numInstBlks=612 numPGBlocks=1842 numBumpBlks=0 numBoundaryFakeBlks=0
[NR-eagl] numPreroutedNet = 120  numPreroutedWires = 17169
[NR-eagl] Read numTotalNets=55328  numIgnoredNets=120
[NR-eagl] ============ Routing rule table ============
[NR-eagl] Rule id 0. Nets 0 
[NR-eagl] id=0  routeTrackId=0  extraSpace=1  numShields=0  maxHorDemand=2  maxVerDemand=2
[NR-eagl] Pitch:  L1=720  L2=800  L3=800  L4=800  L5=800  L6=800
[NR-eagl] Rule id 1. Nets 55208 
[NR-eagl] id=1  routeTrackId=0  extraSpace=0  numShields=0  maxHorDemand=1  maxVerDemand=1
[NR-eagl] Pitch:  L1=360  L2=400  L3=400  L4=400  L5=400  L6=400
[NR-eagl] ========================================
[NR-eagl] 
[NR-eagl] Layer group 1: route 55208 net(s) in layer range [2, 6]
[NR-eagl] earlyGlobalRoute overflow of layer group 1: 0.03% H + 0.02% V. EstWL: 1.126744e+06um
[NR-eagl] 
[NR-eagl] Overflow after earlyGlobalRoute (GR compatible) 0.02% H + 0.01% V
[NR-eagl] Overflow after earlyGlobalRoute 0.02% H + 0.02% V
Local HotSpot Analysis: normalized max congestion hotspot area = 0.00, normalized total congestion hotspot area = 0.00 (area is in unit of 4 std-cell row bins)
describeCongestion: hCong = 0.00 vCong = 0.00
Skipped repairing congestion.
[NR-eagl] Layer1(M1)(F) length: 1.336000e+02um, number of vias: 185098
[NR-eagl] Layer2(M2)(V) length: 3.380540e+05um, number of vias: 249954
[NR-eagl] Layer3(M3)(H) length: 4.301210e+05um, number of vias: 21519
[NR-eagl] Layer4(M4)(V) length: 2.193695e+05um, number of vias: 4908
[NR-eagl] Layer5(M5)(H) length: 1.373938e+05um, number of vias: 1125
[NR-eagl] Layer6(M6)(V) length: 6.108758e+04um, number of vias: 0
[NR-eagl] Total length: 1.186160e+06um, number of vias: 462604
End of congRepair (cpu=0:00:02.5, real=0:00:02.0)

CCOPT: Done with congestion repair using flow wrapper.

    Clock implementation routing done.
    Updating RC parasitics by calling: "extractRC -noRouteCheck"... Extraction called for design 'core' of instances=93633 and nets=59544 using extraction engine 'preRoute' .
PreRoute RC Extraction called for design core.
RC Extraction called in multi-corner(2) mode.
**WARN: (IMPEXT-3442):	The version of the capacitance table file being used is obsolete and is no longer recommended. For improved accuracy, generate the capacitance table file using the generateCapTbl command.
RCMode: PreRoute
      RC Corner Indexes            0       1   
Capacitance Scaling Factor   : 1.00000 1.00000 
Resistance Scaling Factor    : 1.00000 1.00000 
Clock Cap. Scaling Factor    : 1.00000 1.00000 
Clock Res. Scaling Factor    : 1.00000 1.00000 
Shrink Factor                : 1.00000
PreRoute extraction is honoring NDR/Shielding/ExtraSpace for clock nets.
Using capacitance table file ...
Updating RC grid for preRoute extraction ...
Initializing multi-corner capacitance tables ... 
Initializing multi-corner resistance tables ...
PreRoute RC Extraction DONE (CPU Time: 0:00:00.7  Real Time: 0:00:00.0  MEM: 2271.352M)

    Updating RC parasitics by calling: "extractRC -noRouteCheck" done.
    Rebuilding timing graph... 
    Rebuilding timing graph done.
    
    Routing Correlation Report
    ==========================
    
    Top/Trunk Low-Fanout (<=5) Routes:
    
    ------------------------------------------------------------------------------------------------------------------------------
    Metric               Units    Pre-Route    Post-Route    Ratio    Pre-Route    Post-Route    PPMCC    Regression    Regression
                                  Mean         Mean                   Std.Dev      Std.Dev                 X Slope       Y Slope
    ------------------------------------------------------------------------------------------------------------------------------
    Gate Delay           ns          0.074        0.077      1.037       0.016        0.018      0.998      1.163         0.856
    S->S Wire Len.       um        137.837      138.674      1.006     146.017      146.252      1.000      1.001         0.998
    S->S Wire Res.       Ohm       161.021      158.694      0.986     159.477      159.488      1.000      1.000         1.000
    S->S Wire Res./um    Ohm         1.540        1.361      0.884       1.035        0.768      0.982      0.728         1.324
    Total Wire Len.      um        200.112      201.244      1.006     173.999      174.064      1.000      1.000         1.000
    Trans. Time          ns          0.055        0.058      1.047       0.031        0.033      0.995      1.067         0.929
    Wire Cap.            fF         29.776       31.293      1.051      25.729       26.351      0.998      1.022         0.975
    Wire Cap./um         fF          0.145        0.146      1.006       0.063        0.057      0.946      0.847         1.057
    Wire Delay           ns          0.005        0.005      1.030       0.005        0.005      0.999      1.033         0.966
    Wire Skew            ns          0.003        0.003      1.052       0.004        0.004      0.999      1.030         0.969
    ------------------------------------------------------------------------------------------------------------------------------
    
    Top/Trunk High-Fanout (>5) Routes:
    
    ------------------------------------------------------------------------------------------------------------------------------
    Metric               Units    Pre-Route    Post-Route    Ratio    Pre-Route    Post-Route    PPMCC    Regression    Regression
                                  Mean         Mean                   Std.Dev      Std.Dev                 X Slope       Y Slope
    ------------------------------------------------------------------------------------------------------------------------------
    Gate Delay           ns          0.077        0.078      1.023      0.016         0.017      0.999      1.023         0.976
    S->S Wire Len.       um         82.992       84.745      1.021     63.187        63.907      0.999      1.011         0.988
    S->S Wire Res.       Ohm       104.898      102.966      0.982     70.260        71.686      0.998      1.018         0.978
    S->S Wire Res./um    Ohm         1.564        1.408      0.901      0.609         0.398      0.969      0.634         1.483
    Total Wire Len.      um        294.272      296.909      1.009     78.797        81.042      0.998      1.027         0.971
    Trans. Time          ns          0.072        0.074      1.036      0.016         0.017      0.998      1.038         0.959
    Wire Cap.            fF         44.498       47.972      1.078     12.256        12.931      0.991      1.045         0.939
    Wire Cap./um         fF          0.151        0.162      1.071      0.006         0.003      0.499      0.242         1.027
    Wire Delay           ns          0.004        0.004      1.039      0.003         0.003      0.994      1.091         0.907
    Wire Skew            ns          0.005        0.005      1.081      0.004         0.004      0.998      1.116         0.893
    ------------------------------------------------------------------------------------------------------------------------------
    
    Leaf Routes:
    
    ------------------------------------------------------------------------------------------------------------------------------
    Metric               Units    Pre-Route    Post-Route    Ratio    Pre-Route    Post-Route    PPMCC    Regression    Regression
                                  Mean         Mean                   Std.Dev      Std.Dev                 X Slope       Y Slope
    ------------------------------------------------------------------------------------------------------------------------------
    Gate Delay           ns          0.092        0.092      0.993      0.008         0.008      0.988      0.983         0.992
    S->S Wire Len.       um         43.449       54.522      1.255     23.190        28.882      0.851      1.059         0.683
    S->S Wire Res.       Ohm        69.659       78.812      1.131     32.436        38.829      0.831      0.995         0.695
    S->S Wire Res./um    Ohm         1.704        1.509      0.885      0.373         0.238      0.814      0.519         1.277
    Total Wire Len.      um        262.411      271.333      1.034     91.309        94.986      0.993      1.033         0.954
    Trans. Time          ns          0.091        0.091      0.999      0.007         0.007      0.973      0.991         0.955
    Wire Cap.            fF         50.033       48.541      0.970     17.727        17.123      0.995      0.961         1.030
    Wire Cap./um         fF          0.190        0.179      0.940      0.011         0.008      0.963      0.683         1.358
    Wire Delay           ns          0.004        0.005      1.417      0.002         0.003      0.732      1.106         0.484
    Wire Skew            ns          0.000        0.000        -        0.000         0.000      1.000      1.000         1.000
    ------------------------------------------------------------------------------------------------------------------------------
    
    S->S: Measured source-to-sink; PPMCC: Pearson Product Moment Correlation Coefficient
    
    Top Wire Delay Differences (Top/Trunk Low-Fanout routes):
    
    ------------------------------------------------------------------
    Route Sink Pin                                      Difference (%)
    ------------------------------------------------------------------
    CTS_ccl_BUF_CLOCK_NODE_UID_A1d1a0/I                     50.000
    sfp_instance/CTS_ccl_BUF_CLOCK_NODE_UID_A1d1f9/I        33.333
    CTS_ccl_BUF_CLOCK_NODE_UID_A1d20a/I                    -16.000
    CTS_cdb_BUF_CLOCK_NODE_UID_A1d5c9/I                      9.091
    sfp_instance/CTS_ccl_BUF_CLOCK_NODE_UID_A1d1fa/I        -7.692
    ------------------------------------------------------------------
    
    Clock Tree Layer Assignment (Top/Trunk Low-Fanout Routes):
    
    ------------------------------------------------------------------------------------------------
    Layer                        Pre-Route     Post-Route    Res.           Cap.          RC
                                                             (Ohm um^-1)    (fF um^-1)    (fs um^-2)
    ------------------------------------------------------------------------------------------------
    M2                              0.000um       2.000um       1.599         0.282         0.451
    M3                              0.000um     514.200um       1.599         0.282         0.451
    M4                           1293.850um    1295.000um       1.599         0.282         0.451
    M5                            507.160um       0.000um       1.599         0.282         0.450
    Preferred Layer Adherence     100.000%       99.890%          -             -             -
    ------------------------------------------------------------------------------------------------
    
    No transition time violation increases to report
    
    Top Wire Delay Differences (Top/Trunk High-Fanout routes):
    
    ----------------------------------------------------------------
    Route Sink Pin                                    Difference (%)
    ----------------------------------------------------------------
    CTS_ccl_BUF_CLOCK_NODE_UID_A1d20c/I                   50.000
    ofifo_inst/CTS_ccl_BUF_CLOCK_NODE_UID_A1ce26/I       -33.333
    CTS_ccl_BUF_CLOCK_NODE_UID_A1ce28/I                  -32.258
    CTS_ccl_BUF_CLOCK_NODE_UID_A1d148/I                   28.000
    ofifo_inst/CTS_ccl_BUF_CLOCK_NODE_UID_A1d167/I        27.273
    ----------------------------------------------------------------
    
    Clock Tree Layer Assignment (Top/Trunk High-Fanout Routes):
    
    ------------------------------------------------------------------------------------------------
    Layer                        Pre-Route     Post-Route    Res.           Cap.          RC
                                                             (Ohm um^-1)    (fF um^-1)    (fs um^-2)
    ------------------------------------------------------------------------------------------------
    M2                              0.000um      15.800um       1.599         0.282         0.451
    M3                              0.000um    1624.600um       1.599         0.282         0.451
    M4                           1641.105um    1625.600um       1.599         0.282         0.451
    M5                           1595.885um       0.000um       1.599         0.282         0.450
    Preferred Layer Adherence     100.000%       99.516%          -             -             -
    ------------------------------------------------------------------------------------------------
    
    No transition time violation increases to report
    
    Top Wire Delay Differences (Leaf routes):
    
    ---------------------------------------------------------------------------------
    Route Sink Pin                                                     Difference (%)
    ---------------------------------------------------------------------------------
    ofifo_inst/col_idx_7__fifo_instance/rd_ptr_reg_2_/CP                  -691.667
    ofifo_inst/col_idx_7__fifo_instance/rd_ptr_reg_0_/CP                  -533.333
    ofifo_inst/col_idx_6__fifo_instance/fifo_mem_reg_9__12_/CP            -480.000
    ofifo_inst/col_idx_7__fifo_instance/wr_ptr_reg_1_/CP                  -458.824
    ofifo_inst/col_idx_7__fifo_instance/wr_ptr_gray_sync1_reg_1_/CP       -427.778
    ---------------------------------------------------------------------------------
    
    Clock Tree Layer Assignment (Leaf Routes):
    
    --------------------------------------------------------------------------------------------------
    Layer                        Pre-Route      Post-Route     Res.           Cap.          RC
                                                               (Ohm um^-1)    (fF um^-1)    (fs um^-2)
    --------------------------------------------------------------------------------------------------
    M1                               0.000um      133.600um       1.787         0.272         0.487
    M2                               0.000um     1407.000um       1.599         0.282         0.451
    M3                           12626.855um    14194.160um       1.599         0.282         0.451
    M4                           13876.670um    11669.880um       1.599         0.282         0.451
    Preferred Layer Adherence      100.000%        94.378%          -             -             -
    --------------------------------------------------------------------------------------------------
    
    Transition Time Violating Nets (Leaf Routes)
    ============================================
    
    Net: sfp_instance/CTS_128:
    
    -------------------------------------------------------------------------
    Layer                Pre-Route     Pre-Route     Post-Route    Post-Route
                         Length        Via Count     Length        Via Count
    -------------------------------------------------------------------------
    M2                     0.000um      75            23.400um         75
    M3                   153.653um      75           192.400um         71
    M4                   160.315um     112           119.200um         68
    -------------------------------------------------------------------------
    Totals               313.000um     262           334.000um        214
    -------------------------------------------------------------------------
    Quantity             Pre-Route     Post-Route        -             -
    -------------------------------------------------------------------------
    S->WS OverSlew         0.000ns       0.001ns         -             -
    S->WS Trans. Time      0.103ns       0.106ns         -             -
    S->WS Wire Len.       44.160um      72.200um         -             -
    S->WS Wire Res.       72.072Ohm    107.845Ohm        -             -
    Wire Cap.             61.672fF      61.411fF         -             -
    -------------------------------------------------------------------------
    Pre-route worst sink: sfp_instance/R_9610/CP.
    Post-route worst sink: sfp_instance/R_9610/CP.
    -------------------------------------------------------------------------
    Driver instance: sfp_instance/CTS_ccl_BUF_CLOCK_NODE_UID_A1cdba.
    Driver fanout: 74.
    Driver cell: CKBD12.
    -------------------------------------------------------------------------
    
    Via Selection for Estimated Routes (rule default):
    
    ----------------------------------------------------------------
    Layer    Via Cell        Res.     Cap.     RC       Top of Stack
    Range                    (Ohm)    (fF)     (fs)     Only
    ----------------------------------------------------------------
    M1-M2    VIA12_1cut_V    1.500    0.032    0.047    false
    M2-M3    VIA23_1cut      1.500    0.030    0.046    false
    M3-M4    VIA34_1cut      1.500    0.030    0.046    false
    M4-M5    VIA45_1cut      1.500    0.030    0.046    false
    M5-M6    VIA56_1cut      1.500    0.028    0.043    false
    M6-M7    VIA67_1cut      0.220    0.099    0.022    false
    M7-M8    VIA78_1cut      0.220    0.119    0.026    false
    ----------------------------------------------------------------
    
    Post-Route Via Usage Statistics:
    
    --------------------------------------------------------------------------------------------------------------------------------------------------
    Layer    Via Cell            Res.     Cap.     RC       Leaf     Leaf Usage    Leaf    Trunk    Trunk Usage    Trunk    Top      Top Usage    Top
    Range                        (Ohm)    (fF)     (fs)     Usage    (%)           Tags    Usage    (%)            Tags     Usage    (%)          Tags
                                                            Count                          Count                            Count                 
    --------------------------------------------------------------------------------------------------------------------------------------------------
    M1-M2    VIA12_1cut          1.500    0.032    0.047      41          1%        -         1          1%          -        -          -         -
    M1-M2    VIA12_1cut_FAT_V    1.500    0.042    0.063      17          0%        -        -           -           -        -          -         -
    M1-M2    VIA12_1cut_V        1.500    0.032    0.047    5686         97%       ER       120         89%        ER         -          -         -
    M1-M2    VIA12_2cut_N        0.750    0.059    0.044      61          1%        -        10          7%          -        -          -         -
    M1-M2    VIA12_2cut_S        0.750    0.059    0.044      33          1%        -         4          3%          -        -          -         -
    M2-M3    VIA23_1cut          1.500    0.030    0.046    5508        100%       ER       133        100%        ER         -          -         -
    M2-M3    VIA23_1cut_V        1.500    0.030    0.046       1          0%        -        -           -           -        -          -         -
    M3-M4    VIA34_1cut          1.500    0.030    0.046    5318        100%       ER       151        100%        ER         -          -         -
    M3-M4    VIA34_1stack_E      1.500    0.059    0.089       2          0%        -        -           -           -        -          -         -
    M3-M4    VIA34_1stack_W      1.500    0.059    0.089       1          0%        -        -           -           -        -          -         -
    --------------------------------------------------------------------------------------------------------------------------------------------------
    
    Tag Key:
    	E=Used for route estimates;
    	R=Most frequently used by router for this net type and layer transition.
    
    
    Clock DAG stats after routing clock trees:
      cell counts    : b=118, i=0, cg=0, l=0, total=118
      cell areas     : b=842.040um^2, i=0.000um^2, cg=0.000um^2, l=0.000um^2, total=842.040um^2
      gate capacitance : top=0.000pF, trunk=0.466pF, leaf=5.054pF, total=5.520pF
      wire capacitance : top=0.000pF, trunk=0.809pF, leaf=4.903pF, total=5.712pF
      wire lengths   : top=0.000um, trunk=5077.200um, leaf=27404.640um, total=32481.840um
      sink capacitance : count=5866, total=5.054pF, avg=0.001pF, sd=0.001pF, min=0.001pF, max=0.048pF
    Clock DAG net violations after routing clock trees:
      Transition : {count=1, worst=[0.001ns]} avg=0.001ns sd=0.000ns
    Clock tree state after routing clock trees:
      clock_tree clk_o: worst slew is leaf(0.091),trunk(0.041),top(nil), margined worst slew is leaf(0.091),trunk(0.041),top(nil)
      clock_tree clk: worst slew is leaf(0.106),trunk(0.100),top(nil), margined worst slew is leaf(0.106),trunk(0.100),top(nil)
      skew_group clk/CON: insertion delay [min=0.455, max=0.508, avg=0.483, sd=0.012], skew [0.053 vs 0.057, 100% {0.455, 0.482, 0.508}] (wid=0.044 ws=0.029) (gid=0.476 gs=0.050)
      skew_group clk_o/CON: insertion delay [min=0.145, max=0.159, avg=0.153, sd=0.004], skew [0.014 vs 0.057, 100% {0.145, 0.152, 0.159}] (wid=0.026 ws=0.008) (gid=0.138 gs=0.012)
    Clock network insertion delays are now [0.145ns, 0.508ns] average 0.461ns std.dev 0.084ns
    Legalizer reserving space for clock trees... 
    Legalizer reserving space for clock trees done.
    PostConditioning... 
      Update timing... 
        Updating timing graph... 
          
#################################################################################
# Design Stage: PreRoute
# Design Name: core
# Design Mode: 65nm
# Analysis Mode: MMMC Non-OCV 
# Parasitics Mode: No SPEF/RCDB
# Signoff Settings: SI Off 
#################################################################################
Calculate delays in BcWc mode...
End delay calculation. (MEM=2818.87 CPU=0:00:07.7 REAL=0:00:02.0)
*** CDM Built up (cpu=0:00:10.5  real=0:00:03.0  mem= 2818.9M) ***
        Updating timing graph done.
        Updating latch analysis... 
        Updating latch analysis done.
      Update timing done.
      Invalidating timing
      PostConditioning active optimizations:
       - DRV fixing with cell sizing
      
      Currently running CTS, using active skew data
      Rebuilding timing graph... 
      Rebuilding timing graph done.
      Rebuilding timing graph Clock DAG stats PostConditioning before bufferablility reset:
      Rebuilding timing graph   cell counts    : b=118, i=0, cg=0, l=0, total=118
      Rebuilding timing graph   cell areas     : b=842.040um^2, i=0.000um^2, cg=0.000um^2, l=0.000um^2, total=842.040um^2
      Rebuilding timing graph   gate capacitance : top=0.000pF, trunk=0.466pF, leaf=5.054pF, total=5.520pF
      Rebuilding timing graph   wire capacitance : top=0.000pF, trunk=0.809pF, leaf=4.903pF, total=5.712pF
      Rebuilding timing graph   wire lengths   : top=0.000um, trunk=5077.200um, leaf=27404.640um, total=32481.840um
      Rebuilding timing graph   sink capacitance : count=5866, total=5.054pF, avg=0.001pF, sd=0.001pF, min=0.001pF, max=0.048pF
      Rebuilding timing graph Clock DAG net violations PostConditioning before bufferablility reset:
      Rebuilding timing graph   Transition : {count=1, worst=[0.001ns]} avg=0.001ns sd=0.000ns
      Resetting previous bufferability status on all nets so that PostConditioning will attempt to fix all clock tree violations.
      Clock DAG stats PostConditioning initial state:
        cell counts    : b=118, i=0, cg=0, l=0, total=118
        cell areas     : b=842.040um^2, i=0.000um^2, cg=0.000um^2, l=0.000um^2, total=842.040um^2
        gate capacitance : top=0.000pF, trunk=0.466pF, leaf=5.054pF, total=5.520pF
        wire capacitance : top=0.000pF, trunk=0.809pF, leaf=4.903pF, total=5.712pF
        wire lengths   : top=0.000um, trunk=5077.200um, leaf=27404.640um, total=32481.840um
        sink capacitance : count=5866, total=5.054pF, avg=0.001pF, sd=0.001pF, min=0.001pF, max=0.048pF
      Clock DAG net violations PostConditioning initial state:
        Transition : {count=1, worst=[0.001ns]} avg=0.001ns sd=0.000ns
      Recomputing CTS skew targets... 
        Resolving skew group constraints... 
          Solving LP: 2 skew groups; 4 fragments, 4 fraglets and 5 vertices; 49 variables and 132 constraints; tolerance 1
        Resolving skew group constraints done.
      Recomputing CTS skew targets done.
      Fixing DRVs... 
        Fixing clock tree DRVs: 
        Fixing clock tree DRVs: .
        Fixing clock tree DRVs: ..
        Fixing clock tree DRVs: ...
        Fixing clock tree DRVs: ... 20% 
        Fixing clock tree DRVs: ... 20% .
        Fixing clock tree DRVs: ... 20% ..
        Fixing clock tree DRVs: ... 20% ...
        Fixing clock tree DRVs: ... 20% ... 40% 
        Fixing clock tree DRVs: ... 20% ... 40% .
        Fixing clock tree DRVs: ... 20% ... 40% ..
        Fixing clock tree DRVs: ... 20% ... 40% ...
        Fixing clock tree DRVs: ... 20% ... 40% ... 60% 
        Fixing clock tree DRVs: ... 20% ... 40% ... 60% .
        Fixing clock tree DRVs: ... 20% ... 40% ... 60% ..
        Fixing clock tree DRVs: ... 20% ... 40% ... 60% ...
        Fixing clock tree DRVs: ... 20% ... 40% ... 60% ... 80% 
        Fixing clock tree DRVs: ... 20% ... 40% ... 60% ... 80% .
        Fixing clock tree DRVs: ... 20% ... 40% ... 60% ... 80% ..
        Fixing clock tree DRVs: ... 20% ... 40% ... 60% ... 80% ...
        Fixing clock tree DRVs: ... 20% ... 40% ... 60% ... 80% ... 100% 
        CCOpt-PostConditioning: considered: 120, tested: 120, violation detected: 1, cannot run: 0, attempted: 1, failed: 0, sized: 1
        
        PRO Statistics: Fix DRVs (cell sizing):
        =======================================
        
        Cell changes by Net Type:
        
        ------------------------------
        Net Type    Attempted    Sized
        ------------------------------
        top             0          0
        trunk           0          0
        leaf            1          1
        ------------------------------
        Total           1          1
        ------------------------------
        
        Upsized: 1, Downsized: 0, Sized but same area: 0, Unchanged: 0, Area change: 2.160um^2
        Max. move: 0.000um, Min. move: 0.000um, Avg. move: 0.000um
        
        Clock DAG stats PostConditioning after DRV fixing:
          cell counts    : b=118, i=0, cg=0, l=0, total=118
          cell areas     : b=844.200um^2, i=0.000um^2, cg=0.000um^2, l=0.000um^2, total=844.200um^2
          gate capacitance : top=0.000pF, trunk=0.467pF, leaf=5.054pF, total=5.521pF
          wire capacitance : top=0.000pF, trunk=0.809pF, leaf=4.903pF, total=5.712pF
          wire lengths   : top=0.000um, trunk=5077.200um, leaf=27404.640um, total=32481.840um
          sink capacitance : count=5866, total=5.054pF, avg=0.001pF, sd=0.001pF, min=0.001pF, max=0.048pF
        Clock DAG net violations PostConditioning after DRV fixing:none
        Clock tree state PostConditioning after DRV fixing:
          clock_tree clk_o: worst slew is leaf(0.091),trunk(0.041),top(nil), margined worst slew is leaf(0.091),trunk(0.041),top(nil)
          clock_tree clk: worst slew is leaf(0.104),trunk(0.100),top(nil), margined worst slew is leaf(0.104),trunk(0.100),top(nil)
          skew_group clk/CON: insertion delay [min=0.455, max=0.508, avg=0.483, sd=0.012], skew [0.053 vs 0.057, 100% {0.455, 0.482, 0.508}] (wid=0.044 ws=0.029) (gid=0.476 gs=0.050)
          skew_group clk_o/CON: insertion delay [min=0.145, max=0.159, avg=0.153, sd=0.004], skew [0.014 vs 0.057, 100% {0.145, 0.152, 0.159}] (wid=0.026 ws=0.008) (gid=0.138 gs=0.012)
        Clock network insertion delays are now [0.145ns, 0.508ns] average 0.461ns std.dev 0.084ns
      Fixing DRVs done.
      
      Slew Diagnostics: After DRV fixing
      ==================================
      
      Global Causes:
      
      -------------------------------------
      Cause
      -------------------------------------
      DRV fixing with buffering is disabled
      -------------------------------------
      
      Top 5 overslews:
      
      ---------------------------------
      Overslew    Causes    Driving Pin
      ---------------------------------
        (empty table)
      ---------------------------------
      
      Slew Diagnostics Counts:
      
      -------------------
      Cause    Occurences
      -------------------
        (empty table)
      -------------------
      
      Reconnecting optimized routes... 
      Reconnecting optimized routes done.
      Refining placement... 
*
* Starting clock placement refinement...
*
* First pass: Refine non-clock instances...
*
*** Starting refinePlace (1:58:55 mem=2271.3M) ***
Total net bbox length = 1.052e+06 (5.074e+05 5.446e+05) (ext = 6.213e+04)
Density distribution unevenness ratio = 2.912%
Move report: Detail placement moves 0 insts, mean move: 0.00 um, max move: 0.00 um
	Runtime: CPU: 0:00:00.9 REAL: 0:00:00.0 MEM: 2290.0MB
Summary Report:
Instances move: 0 (out of 46042 movable)
Mean displacement: 0.00 um
Max displacement: 0.00 um 
Total net bbox length = 1.052e+06 (5.074e+05 5.446e+05) (ext = 6.213e+04)
Runtime: CPU: 0:00:01.0 REAL: 0:00:01.0 MEM: 2290.0MB
*** Finished refinePlace (1:58:56 mem=2290.0M) ***
*
* Second pass: Refine clock instances...
*
*** Starting refinePlace (1:58:56 mem=2290.0M) ***
Total net bbox length = 1.052e+06 (5.074e+05 5.446e+05) (ext = 6.213e+04)
Density distribution unevenness ratio = 2.276%
Move report: Detail placement moves 0 insts, mean move: 0.00 um, max move: 0.00 um
	Runtime: CPU: 0:00:01.0 REAL: 0:00:01.0 MEM: 2298.6MB
Summary Report:
Instances move: 0 (out of 52023 movable)
Mean displacement: 0.00 um
Max displacement: 0.00 um 
Total net bbox length = 1.052e+06 (5.074e+05 5.446e+05) (ext = 6.213e+04)
Runtime: CPU: 0:00:01.1 REAL: 0:00:01.0 MEM: 2298.6MB
*** Finished refinePlace (1:58:57 mem=2298.6M) ***
*
* No clock instances moved during refinement.
*
* Finished with clock placement refinement.
*

      Refining placement done.
      Set dirty flag on 2 insts, 4 nets
      Updating RC parasitics by calling: "extractRC -noRouteCheck"... Extraction called for design 'core' of instances=93633 and nets=59544 using extraction engine 'preRoute' .
PreRoute RC Extraction called for design core.
RC Extraction called in multi-corner(2) mode.
**WARN: (IMPEXT-3442):	The version of the capacitance table file being used is obsolete and is no longer recommended. For improved accuracy, generate the capacitance table file using the generateCapTbl command.
RCMode: PreRoute
      RC Corner Indexes            0       1   
Capacitance Scaling Factor   : 1.00000 1.00000 
Resistance Scaling Factor    : 1.00000 1.00000 
Clock Cap. Scaling Factor    : 1.00000 1.00000 
Clock Res. Scaling Factor    : 1.00000 1.00000 
Shrink Factor                : 1.00000
PreRoute extraction is honoring NDR/Shielding/ExtraSpace for clock nets.
Using capacitance table file ...
Updating RC grid for preRoute extraction ...
Initializing multi-corner capacitance tables ... 
Initializing multi-corner resistance tables ...
PreRoute RC Extraction DONE (CPU Time: 0:00:00.7  Real Time: 0:00:01.0  MEM: 2270.539M)

      Updating RC parasitics by calling: "extractRC -noRouteCheck" done.
      Rebuilding timing graph... 
      Rebuilding timing graph done.
      Rebuilding timing graph Clock DAG stats PostConditioning final:
      Rebuilding timing graph   cell counts    : b=118, i=0, cg=0, l=0, total=118
      Rebuilding timing graph   cell areas     : b=844.200um^2, i=0.000um^2, cg=0.000um^2, l=0.000um^2, total=844.200um^2
      Rebuilding timing graph   gate capacitance : top=0.000pF, trunk=0.467pF, leaf=5.054pF, total=5.521pF
      Rebuilding timing graph   wire capacitance : top=0.000pF, trunk=0.809pF, leaf=4.903pF, total=5.712pF
      Rebuilding timing graph   wire lengths   : top=0.000um, trunk=5077.200um, leaf=27404.640um, total=32481.840um
      Rebuilding timing graph   sink capacitance : count=5866, total=5.054pF, avg=0.001pF, sd=0.001pF, min=0.001pF, max=0.048pF
      Rebuilding timing graph Clock DAG net violations PostConditioning final:none
    PostConditioning done.
Net route status summary:
  Clock:       120 (unrouted=0, trialRouted=0, noStatus=0, routed=0, fixed=120)
  Non-clock: 55208 (unrouted=0, trialRouted=55208, noStatus=0, routed=0, fixed=0)
(Not counting 4216 nets with <2 term connections)
    Clock DAG stats after post-conditioning:
      cell counts    : b=118, i=0, cg=0, l=0, total=118
      cell areas     : b=844.200um^2, i=0.000um^2, cg=0.000um^2, l=0.000um^2, total=844.200um^2
      gate capacitance : top=0.000pF, trunk=0.467pF, leaf=5.054pF, total=5.521pF
      wire capacitance : top=0.000pF, trunk=0.809pF, leaf=4.903pF, total=5.712pF
      wire lengths   : top=0.000um, trunk=5077.200um, leaf=27404.640um, total=32481.840um
      sink capacitance : count=5866, total=5.054pF, avg=0.001pF, sd=0.001pF, min=0.001pF, max=0.048pF
    Clock DAG net violations after post-conditioning:none
    Clock tree state after post-conditioning:
      clock_tree clk_o: worst slew is leaf(0.091),trunk(0.041),top(nil), margined worst slew is leaf(0.091),trunk(0.041),top(nil)
      clock_tree clk: worst slew is leaf(0.104),trunk(0.100),top(nil), margined worst slew is leaf(0.104),trunk(0.100),top(nil)
      skew_group clk/CON: insertion delay [min=0.455, max=0.508, avg=0.483, sd=0.012], skew [0.053 vs 0.057, 100% {0.455, 0.482, 0.508}] (wid=0.044 ws=0.029) (gid=0.476 gs=0.050)
      skew_group clk_o/CON: insertion delay [min=0.145, max=0.159, avg=0.153, sd=0.004], skew [0.014 vs 0.057, 100% {0.145, 0.152, 0.159}] (wid=0.026 ws=0.008) (gid=0.138 gs=0.012)
    Clock network insertion delays are now [0.145ns, 0.508ns] average 0.461ns std.dev 0.084ns
  Updating netlist done.
  
  Clock DAG stats at end of CTS:
  ==============================
  
  -------------------------------
  Cell type      Count    Area
  -------------------------------
  Buffers         118     844.200
  Inverters         0       0.000
  Clock Gates       0       0.000
  Clock Logic       0       0.000
  All             118     844.200
  -------------------------------
  
  
  Clock DAG wire lengths at end of CTS:
  =====================================
  
  --------------------
  Type     Wire Length
  --------------------
  Top           0.000
  Trunk      5077.200
  Leaf      27404.640
  Total     32481.840
  --------------------
  
  
  Clock DAG capacitances at end of CTS:
  =====================================
  
  ---------------------------------
  Type     Gate     Wire     Total
  ---------------------------------
  Top      0.000    0.000     0.000
  Trunk    0.467    0.809     1.276
  Leaf     5.054    4.903     9.957
  Total    5.521    5.712    11.233
  ---------------------------------
  
  
  Clock DAG sink capacitances at end of CTS:
  ==========================================
  
  --------------------------------------------------------
  Count    Total    Average    Std. Dev.    Min      Max
  --------------------------------------------------------
  5866     5.054     0.001       0.001      0.001    0.048
  --------------------------------------------------------
  
  
  Clock DAG net violations at end of CTS:
  =======================================
  
  None
  
  
  Clock tree summary at end of CTS:
  =================================
  
  -------------------------------------------------------
  Clock Tree          Worst Trunk Slew    Worst Leaf Slew
  -------------------------------------------------------
  clock_tree clk_o         0.041               0.091
  clock_tree clk           0.100               0.104
  -------------------------------------------------------
  
  
  Skew group summary at end of CTS:
  =================================
  
  --------------------------------------------------------------------------------------------------------------------------------------------------------------
  Half-corner      Skew Group    Min ID    Max ID    Skew     Skew target    Wire skew    Worst sink skew    Average ID    Std.Dev    Skew window occupancy
  --------------------------------------------------------------------------------------------------------------------------------------------------------------
  WC:setup.late    clk/CON       0.455     0.508     0.053       0.057         0.029           0.012           0.483        0.012     100% {0.455, 0.482, 0.508}
  WC:setup.late    clk_o/CON     0.145     0.159     0.014       0.057         0.008           0.007           0.153        0.004     100% {0.145, 0.152, 0.159}
  --------------------------------------------------------------------------------------------------------------------------------------------------------------
  
  Clock network insertion delays are now [0.145ns, 0.508ns] average 0.461ns std.dev 0.084ns
  
  Found a total of 0 clock tree pins with a slew violation.
  
Synthesizing clock trees done.
Connecting clock gate test enables... 
Connecting clock gate test enables done.
**WARN: (IMPCCOPT-2015):	Innovus will not update I/O latencies for the following reason(s):
 * CCOpt property update_io_latency is false

Setting all clocks to propagated mode.
Resetting all latency settings from fanout cone of clock 'clk'
Resetting all latency settings from fanout cone of clock 'clk_o'
Resetting all latency settings from fanout cone of clock 'clk'
Resetting all latency settings from fanout cone of clock 'clk_o'
Clock DAG stats after update timingGraph:
  cell counts    : b=118, i=0, cg=0, l=0, total=118
  cell areas     : b=844.200um^2, i=0.000um^2, cg=0.000um^2, l=0.000um^2, total=844.200um^2
  gate capacitance : top=0.000pF, trunk=0.467pF, leaf=5.054pF, total=5.521pF
  wire capacitance : top=0.000pF, trunk=0.809pF, leaf=4.903pF, total=5.712pF
  wire lengths   : top=0.000um, trunk=5077.200um, leaf=27404.640um, total=32481.840um
  sink capacitance : count=5866, total=5.054pF, avg=0.001pF, sd=0.001pF, min=0.001pF, max=0.048pF
Clock DAG net violations after update timingGraph:none
Clock tree state after update timingGraph:
  clock_tree clk_o: worst slew is leaf(0.091),trunk(0.041),top(nil), margined worst slew is leaf(0.091),trunk(0.041),top(nil)
  clock_tree clk: worst slew is leaf(0.104),trunk(0.100),top(nil), margined worst slew is leaf(0.104),trunk(0.100),top(nil)
  skew_group clk/CON: insertion delay [min=0.455, max=0.508, avg=0.483, sd=0.012], skew [0.053 vs 0.057, 100% {0.455, 0.482, 0.508}] (wid=0.044 ws=0.029) (gid=0.476 gs=0.050)
  skew_group clk_o/CON: insertion delay [min=0.145, max=0.159, avg=0.153, sd=0.004], skew [0.014 vs 0.057, 100% {0.145, 0.152, 0.159}] (wid=0.026 ws=0.008) (gid=0.138 gs=0.012)
Clock network insertion delays are now [0.145ns, 0.508ns] average 0.461ns std.dev 0.084ns
Logging CTS constraint violations... 
  No violations found.
Logging CTS constraint violations done.
Synthesizing clock trees with CCOpt done.
**INFO: setDesignMode -flowEffort standard -> setting 'setOptMode -allEndPoints true' for the duration of this command.
-powerEffort high                          # enums={none low high}, default=none, user setting
-leakageToDynamicRatio 0.5                 # float, default=1, user setting
-setupDynamicPowerViewAsDefaultView false
                                           # bool, default=false, private
GigaOpt running with 8 threads.
**WARN: (IMPOPT-3564):	The following cells are set dont_use temporarily by the tool because there are no rows defined for their technology site, or they are not placeable in any power domain. To avoid this message, review the floorplan, msv setting, the library setting or set manualy those cells as dont_use.
	Cell FILL1_LL, site bcore.
	Cell FILL_NW_HH, site bcore.
	Cell FILL_NW_LL, site bcore.
	Cell GFILL, site gacore.
	Cell GFILL10, site gacore.
	Cell GFILL2, site gacore.
	Cell GFILL3, site gacore.
	Cell GFILL4, site gacore.
	Cell LVLLHCD1, site bcore.
	Cell LVLLHCD2, site bcore.
	Cell LVLLHCD4, site bcore.
	Cell LVLLHCD8, site bcore.
	Cell LVLLHD1, site bcore.
	Cell LVLLHD2, site bcore.
	Cell LVLLHD4, site bcore.
	Cell LVLLHD8, site bcore.
.
**optDesign ... cpu = 0:00:00, real = 0:00:00, mem = 2244.8M, totSessionCpu=1:59:07 **
*** optDesign -postCTS ***
DRC Margin: user margin 0.0; extra margin 0.2
Hold Target Slack: user slack 0
Setup Target Slack: user slack 0; extra slack 0.1
setUsefulSkewMode -noEcoRoute
**INFO: setOptMode -powerEffort high -> Total Power Opt will be called for all Setup Timing optDesign commands, with leakageToDynamicRatio 0.5.
-powerEffort high                          # enums={none low high}, default=none, user setting
-leakageToDynamicRatio 0.5                 # float, default=1, user setting
-setupDynamicPowerViewAsDefaultView false
                                           # bool, default=false, private
Start to check current routing status for nets...
All nets are already routed correctly.
End to check current routing status for nets (mem=2244.8M)
** Profile ** Start :  cpu=0:00:00.0, mem=2244.8M
** Profile ** Other data :  cpu=0:00:00.2, mem=2244.8M
#################################################################################
# Design Stage: PreRoute
# Design Name: core
# Design Mode: 65nm
# Analysis Mode: MMMC Non-OCV 
# Parasitics Mode: No SPEF/RCDB
# Signoff Settings: SI Off 
#################################################################################
Calculate delays in BcWc mode...
End delay calculation. (MEM=2717.61 CPU=0:00:07.6 REAL=0:00:02.0)
*** CDM Built up (cpu=0:00:08.2  real=0:00:03.0  mem= 2717.6M) ***
*** Done Building Timing Graph (cpu=0:00:09.6 real=0:00:04.0 totSessionCpu=1:59:17 mem=2717.6M)
** Profile ** Overall slacks :  cpu=0:00:09.8, mem=2717.6M
** Profile ** DRVs :  cpu=0:00:00.9, mem=2717.6M

------------------------------------------------------------
             Initial Summary                             
------------------------------------------------------------

Setup views included:
 WC_VIEW 

+--------------------+---------+
|     Setup mode     |   all   |
+--------------------+---------+
|           WNS (ns):| -0.917  |
|           TNS (ns):|-439.155 |
|    Violating Paths:|   709   |
|          All Paths:|  8401   |
+--------------------+---------+

+----------------+-------------------------------+------------------+
|                |              Real             |       Total      |
|    DRVs        +------------------+------------+------------------|
|                |  Nr nets(terms)  | Worst Vio  |  Nr nets(terms)  |
+----------------+------------------+------------+------------------+
|   max_cap      |      0 (0)       |   0.000    |      0 (0)       |
|   max_tran     |      0 (0)       |   0.000    |      0 (0)       |
|   max_fanout   |      0 (0)       |     0      |      0 (0)       |
|   max_length   |      0 (0)       |     0      |      0 (0)       |
+----------------+------------------+------------+------------------+

Density: 38.860%
       (94.647% with Fillers)
------------------------------------------------------------
** Profile ** Report data :  cpu=0:00:00.0, mem=2717.6M
**optDesign ... cpu = 0:00:11, real = 0:00:06, mem = 2257.7M, totSessionCpu=1:59:18 **
** INFO : this run is activating low effort ccoptDesign flow

**WARN: (IMPOPT-3663):	Power view is not set. First setup analysis view (WC_VIEW) will be treated as power view and VT partitioning will be done on basis of leakage specified in this view. If this is incorrect, specify correct power view via command "set_power_analysis_mode -analysis_view <view_name>".

Type 'man IMPOPT-3663' for more detail.

Power view               = WC_VIEW
Number of VT partitions  = 2
Standard cells in design = 811
Instances in design      = 52026

Instance distribution across the VT partitions:

 LVT : inst = 15284 (29.4%), cells = 335 (41%)
   Lib tcbn65gpluswc        : inst = 15284 (29.4%)

 HVT : inst = 36737 (70.6%), cells = 457 (56%)
   Lib tcbn65gpluswc        : inst = 36737 (70.6%)

Reporting took 0 sec
*** Starting optimizing excluded clock nets MEM= 2257.7M) ***
*info: No excluded clock nets to be optimized.
*** Finished optimizing excluded clock nets (CPU Time= 0:00:00.0  MEM= 2257.7M) ***
*** Starting optimizing excluded clock nets MEM= 2257.7M) ***
*info: No excluded clock nets to be optimized.
*** Finished optimizing excluded clock nets (CPU Time= 0:00:00.0  MEM= 2257.7M) ***
Include MVT Delays for Hold Opt
*** Timing NOT met, worst failing slack is -0.916
*** Check timing (0:00:00.0)
**INFO: Num dontuse cells 99, Num usable cells 779
optDesignOneStep: Leakage Power Flow
**INFO: Num dontuse cells 99, Num usable cells 779
Begin: GigaOpt Optimization in TNS mode
Info: 120 nets with fixed/cover wires excluded.
Info: 120 clock nets excluded from IPO operation.
*info: 120 clock nets excluded
*info: 2 special nets excluded.
*info: 159 no-driver nets excluded.
*info: 120 nets with fixed/cover wires excluded.
** GigaOpt Optimizer WNS Slack -0.916 TNS Slack -439.154 Density 94.65
Optimizer TNS Opt
Active Path Group: reg2reg  
+--------+---------+--------+---------+----------+------------+--------+----------+---------+----------------------------------------------------+
|  WNS   | All WNS |  TNS   | All TNS | Density  |    Real    |  Mem   |Worst View|Pathgroup|                     End Point                      |
+--------+---------+--------+---------+----------+------------+--------+----------+---------+----------------------------------------------------+
|  -0.916|   -0.916|-439.154| -439.154|    94.65%|   0:00:01.0| 3010.3M|   WC_VIEW|  reg2reg| sfp_instance/R_6500/D                              |
|  -0.916|   -0.916|-439.111| -439.111|    94.65%|   0:00:01.0| 3010.3M|   WC_VIEW|  reg2reg| sfp_instance/R_7148/D                              |
|  -0.917|   -0.917|-436.087| -436.087|    94.65%|   0:00:00.0| 3010.3M|   WC_VIEW|  reg2reg| sfp_instance/R_6808/D                              |
|  -0.917|   -0.917|-434.673| -434.673|    94.65%|   0:00:01.0| 3010.3M|   WC_VIEW|  reg2reg| sfp_instance/R_7304/D                              |
|  -0.917|   -0.917|-434.370| -434.370|    94.65%|   0:00:00.0| 3010.3M|   WC_VIEW|  reg2reg| sfp_instance/R_7304/D                              |
|  -0.917|   -0.917|-432.753| -432.753|    94.66%|   0:00:01.0| 3010.3M|   WC_VIEW|  reg2reg| sfp_instance/R_6965/D                              |
|  -0.917|   -0.917|-432.627| -432.627|    94.66%|   0:00:00.0| 3010.3M|   WC_VIEW|  reg2reg| sfp_instance/R_6965/D                              |
|  -0.917|   -0.917|-432.621| -432.621|    94.66%|   0:00:00.0| 3010.3M|   WC_VIEW|  reg2reg| sfp_instance/R_6965/D                              |
|  -0.917|   -0.917|-432.521| -432.521|    94.66%|   0:00:00.0| 3010.3M|   WC_VIEW|  reg2reg| sfp_instance/R_8769/D                              |
|  -0.917|   -0.917|-431.686| -431.686|    94.67%|   0:00:01.0| 3010.3M|   WC_VIEW|  reg2reg| sfp_instance/R_8769/D                              |
|  -0.917|   -0.917|-430.974| -430.974|    94.67%|   0:00:00.0| 3010.3M|   WC_VIEW|  reg2reg| sfp_instance/R_8769/D                              |
|  -0.917|   -0.917|-429.689| -429.689|    94.67%|   0:00:01.0| 3010.3M|   WC_VIEW|  reg2reg| sfp_instance/R_7840/D                              |
|  -0.917|   -0.917|-429.386| -429.386|    94.67%|   0:00:00.0| 3010.3M|   WC_VIEW|  reg2reg| sfp_instance/R_7638/D                              |
|  -0.917|   -0.917|-429.216| -429.216|    94.67%|   0:00:00.0| 3010.3M|   WC_VIEW|  reg2reg| sfp_instance/div_18_u_div_u_add_PartRem_0_3_R_9327 |
|        |         |        |         |          |            |        |          |         | /D                                                 |
|  -0.917|   -0.917|-429.158| -429.158|    94.68%|   0:00:01.0| 3010.3M|   WC_VIEW|  reg2reg| sfp_instance/div_18_u_div_u_add_PartRem_0_1_R_9333 |
|        |         |        |         |          |            |        |          |         | /D                                                 |
|  -0.917|   -0.917|-428.342| -428.342|    94.67%|   0:00:00.0| 3010.3M|   WC_VIEW|  reg2reg| sfp_instance/R_4805/D                              |
|  -0.917|   -0.917|-428.213| -428.213|    94.68%|   0:00:00.0| 3010.3M|   WC_VIEW|  reg2reg| sfp_instance/R_4805/D                              |
|  -0.917|   -0.917|-427.967| -427.967|    94.68%|   0:00:00.0| 3010.3M|   WC_VIEW|  reg2reg| sfp_instance/R_4805/D                              |
|  -0.917|   -0.917|-427.966| -427.966|    94.68%|   0:00:00.0| 3010.3M|   WC_VIEW|  reg2reg| sfp_instance/R_4805/D                              |
|  -0.917|   -0.917|-427.511| -427.511|    94.68%|   0:00:01.0| 3010.3M|   WC_VIEW|  reg2reg| sfp_instance/R_8694/D                              |
|  -0.917|   -0.917|-427.218| -427.218|    94.68%|   0:00:00.0| 3010.3M|   WC_VIEW|  reg2reg| sfp_instance/R_8694/D                              |
|  -0.917|   -0.917|-427.192| -427.192|    94.68%|   0:00:00.0| 3010.3M|   WC_VIEW|  reg2reg| sfp_instance/R_7359/D                              |
|  -0.917|   -0.917|-426.571| -426.571|    94.69%|   0:00:00.0| 3010.3M|   WC_VIEW|  reg2reg| sfp_instance/R_7359/D                              |
|  -0.917|   -0.917|-426.522| -426.522|    94.69%|   0:00:00.0| 3010.3M|   WC_VIEW|  reg2reg| sfp_instance/R_7908/D                              |
|  -0.917|   -0.917|-426.521| -426.521|    94.69%|   0:00:01.0| 3010.3M|   WC_VIEW|  reg2reg| sfp_instance/R_7908/D                              |
|  -0.917|   -0.917|-426.516| -426.516|    94.69%|   0:00:00.0| 3010.3M|   WC_VIEW|  reg2reg| sfp_instance/R_7908/D                              |
|  -0.917|   -0.917|-426.333| -426.333|    94.69%|   0:00:00.0| 3006.7M|   WC_VIEW|  reg2reg| sfp_instance/R_7776/D                              |
|  -0.917|   -0.917|-426.310| -426.310|    94.69%|   0:00:00.0| 3006.7M|   WC_VIEW|  reg2reg| sfp_instance/R_7776/D                              |
|  -0.917|   -0.917|-426.345| -426.345|    94.70%|   0:00:01.0| 3006.7M|   WC_VIEW|  reg2reg| sfp_instance/R_5640/D                              |
|  -0.917|   -0.917|-426.336| -426.336|    94.70%|   0:00:01.0| 3006.7M|   WC_VIEW|  reg2reg| sfp_instance/R_5640/D                              |
|  -0.917|   -0.917|-426.333| -426.333|    94.71%|   0:00:00.0| 3006.7M|   WC_VIEW|  reg2reg| sfp_instance/R_7199/D                              |
|  -0.917|   -0.917|-426.151| -426.151|    94.71%|   0:00:00.0| 3006.7M|   WC_VIEW|  reg2reg| sfp_instance/R_7199/D                              |
|  -0.917|   -0.917|-426.151| -426.151|    94.71%|   0:00:00.0| 3006.7M|   WC_VIEW|  reg2reg| sfp_instance/R_7199/D                              |
|  -0.917|   -0.917|-425.975| -425.975|    94.71%|   0:00:01.0| 3006.7M|   WC_VIEW|  reg2reg| sfp_instance/R_8288/D                              |
|  -0.917|   -0.917|-425.937| -425.937|    94.71%|   0:00:00.0| 3006.7M|   WC_VIEW|  reg2reg| sfp_instance/sfp_out_sign5_reg_4_/D                |
|  -0.917|   -0.917|-425.925| -425.925|    94.72%|   0:00:00.0| 3006.7M|   WC_VIEW|  reg2reg| sfp_instance/R_8262/D                              |
|  -0.917|   -0.917|-425.911| -425.911|    94.72%|   0:00:01.0| 3006.7M|   WC_VIEW|  reg2reg| sfp_instance/R_8271/D                              |
|  -0.917|   -0.917|-425.895| -425.895|    94.72%|   0:00:00.0| 3006.7M|   WC_VIEW|  reg2reg| sfp_instance/R_7226/D                              |
|  -0.917|   -0.917|-425.885| -425.885|    94.72%|   0:00:00.0| 3006.7M|   WC_VIEW|  reg2reg| sfp_instance/R_7226/D                              |
|  -0.917|   -0.917|-425.874| -425.874|    94.72%|   0:00:00.0| 3006.7M|   WC_VIEW|  reg2reg| sfp_instance/sfp_out_sign5_reg_5_/D                |
|  -0.917|   -0.917|-425.869| -425.869|    94.72%|   0:00:00.0| 3006.7M|   WC_VIEW|  reg2reg| sfp_instance/sfp_out_sign4_reg_3_/D                |
|  -0.917|   -0.917|-425.869| -425.869|    94.72%|   0:00:01.0| 3006.7M|   WC_VIEW|  reg2reg| sfp_instance/sfp_out_sign7_reg_5_/D                |
|  -0.917|   -0.917|-425.355| -425.355|    94.72%|   0:00:00.0| 3006.7M|   WC_VIEW|  reg2reg| ofifo_inst/col_idx_2__fifo_instance/fifo_mem_reg_1 |
|        |         |        |         |          |            |        |          |         | 1__17_/D                                           |
|  -0.917|   -0.917|-425.157| -425.157|    94.72%|   0:00:00.0| 3006.7M|   WC_VIEW|  reg2reg| ofifo_inst/col_idx_2__fifo_instance/fifo_mem_reg_1 |
|        |         |        |         |          |            |        |          |         | 1__17_/D                                           |
|  -0.917|   -0.917|-425.075| -425.075|    94.72%|   0:00:00.0| 3006.7M|   WC_VIEW|  reg2reg| ofifo_inst/col_idx_2__fifo_instance/fifo_mem_reg_1 |
|        |         |        |         |          |            |        |          |         | 1__17_/D                                           |
|  -0.917|   -0.917|-425.041| -425.041|    94.72%|   0:00:01.0| 3006.7M|        NA|       NA| NA                                                 |
|  -0.917|   -0.917|-425.041| -425.041|    94.72%|   0:00:00.0| 3006.7M|   WC_VIEW|  reg2reg| sfp_instance/R_6500/D                              |
+--------+---------+--------+---------+----------+------------+--------+----------+---------+----------------------------------------------------+

*** Finish Core Optimize Step (cpu=0:00:34.7 real=0:00:15.0 mem=3006.7M) ***

*** Finished Optimize Step Cumulative (cpu=0:00:34.8 real=0:00:15.0 mem=3006.7M) ***
** GigaOpt Optimizer WNS Slack -0.917 TNS Slack -425.041 Density 94.72
*** Starting refinePlace (2:00:07 mem=3038.7M) ***
Total net bbox length = 1.052e+06 (5.076e+05 5.446e+05) (ext = 6.213e+04)
Density distribution unevenness ratio = 2.487%
Density distribution unevenness ratio = 2.048%
Move report: Timing Driven Placement moves 92050 insts, mean move: 3.91 um, max move: 50.40 um
	Max move on inst (sfp_instance/FE_OCPC4858_FE_OFN1773_n19849): (259.60, 100.40) --> (234.40, 125.60)
	Runtime: CPU: 0:00:19.1 REAL: 0:00:10.0 MEM: 3098.7MB
Density distribution unevenness ratio = 2.066%
Move report: Detail placement moves 65136 insts, mean move: 1.03 um, max move: 37.20 um
	Max move on inst (FILLER_21830): (138.80, 530.60) --> (140.00, 566.60)
	Runtime: CPU: 0:00:02.9 REAL: 0:00:02.0 MEM: 3133.7MB
Summary Report:
Instances move: 51328 (out of 51910 movable)
Mean displacement: 4.22 um
Max displacement: 50.00 um (Instance: sfp_instance/FE_OCPC4858_FE_OFN1773_n19849) (259.6, 100.4) -> (234.8, 125.6)
	Length: 7 sites, height: 1 rows, site name: core, cell type: BUFFD3
Total net bbox length = 1.034e+06 (5.230e+05 5.108e+05) (ext = 6.251e+04)
Runtime: CPU: 0:00:22.1 REAL: 0:00:12.0 MEM: 3133.7MB
*** Finished refinePlace (2:00:30 mem=3133.7M) ***
Finished re-routing un-routed nets (0:00:00.2 3133.7M)


Density : 0.9472
Max route overflow : 0.0002


*** Finish Physical Update (cpu=0:00:27.2 real=0:00:14.0 mem=3133.7M) ***
** GigaOpt Optimizer WNS Slack -0.912 TNS Slack -427.838 Density 94.72

*** Finish post-CTS Setup Fixing (cpu=0:01:08 real=0:00:32.0 mem=3133.7M) ***

End: GigaOpt Optimization in TNS mode
**INFO: Num dontuse cells 99, Num usable cells 779
optDesignOneStep: Leakage Power Flow
**INFO: Num dontuse cells 99, Num usable cells 779
Begin: GigaOpt Optimization in WNS mode
Info: 120 nets with fixed/cover wires excluded.
Info: 120 clock nets excluded from IPO operation.
*info: 120 clock nets excluded
*info: 2 special nets excluded.
*info: 159 no-driver nets excluded.
*info: 120 nets with fixed/cover wires excluded.
** GigaOpt Optimizer WNS Slack -0.912 TNS Slack -427.838 Density 94.72
Optimizer WNS Pass 0
Active Path Group: reg2reg  
+--------+---------+--------+---------+----------+------------+--------+----------+---------+----------------------------------------------------+
|  WNS   | All WNS |  TNS   | All TNS | Density  |    Real    |  Mem   |Worst View|Pathgroup|                     End Point                      |
+--------+---------+--------+---------+----------+------------+--------+----------+---------+----------------------------------------------------+
|  -0.912|   -0.912|-427.838| -427.838|    94.72%|   0:00:00.0| 3086.1M|   WC_VIEW|  reg2reg| sfp_instance/R_7086/D                              |
|  -0.873|   -0.873|-425.934| -425.934|    94.74%|   0:00:15.0| 3133.5M|   WC_VIEW|  reg2reg| sfp_instance/R_6815/D                              |
|  -0.873|   -0.873|-426.765| -426.765|    94.75%|   0:00:07.0| 3133.5M|   WC_VIEW|  reg2reg| sfp_instance/R_6815/D                              |
|  -0.873|   -0.873|-426.756| -426.756|    94.75%|   0:00:00.0| 3133.5M|   WC_VIEW|  reg2reg| sfp_instance/R_6815/D                              |
|  -0.869|   -0.869|-431.099| -431.099|    94.77%|   0:00:05.0| 3133.5M|   WC_VIEW|  reg2reg| sfp_instance/R_6815/D                              |
|  -0.869|   -0.869|-431.095| -431.095|    94.77%|   0:00:01.0| 3133.5M|   WC_VIEW|  reg2reg| sfp_instance/R_6815/D                              |
|  -0.869|   -0.869|-435.501| -435.501|    94.78%|   0:00:02.0| 3133.5M|   WC_VIEW|  reg2reg| sfp_instance/R_6815/D                              |
|  -0.869|   -0.869|-435.502| -435.502|    94.79%|   0:00:01.0| 3133.5M|   WC_VIEW|  reg2reg| sfp_instance/R_6815/D                              |
|  -0.868|   -0.868|-434.955| -434.955|    94.79%|   0:00:00.0| 3133.5M|   WC_VIEW|  reg2reg| sfp_instance/R_6815/D                              |
|  -0.867|   -0.867|-434.672| -434.672|    94.79%|   0:00:01.0| 3133.5M|   WC_VIEW|  reg2reg| sfp_instance/R_6815/D                              |
|  -0.867|   -0.867|-432.889| -432.889|    94.81%|   0:00:01.0| 3133.5M|   WC_VIEW|  reg2reg| sfp_instance/R_6815/D                              |
+--------+---------+--------+---------+----------+------------+--------+----------+---------+----------------------------------------------------+
**INFO: Starting Blocking QThread with 8 CPU
   ____________________________________________________________________
__/ message from Blocking QThread
Multi-CPU acceleration using 8 CPU(s).
Multithreaded Timing Analysis is initialized with 8 threads

#################################################################################
# Design Stage: PreRoute
# Design Name: core
# Design Mode: 65nm
# Analysis Mode: MMMC Non-OCV 
# Parasitics Mode: No SPEF/RCDB
# Signoff Settings: SI Off 
#################################################################################
Calculate delays in BcWc mode...
*** Calculating scaling factor for BC_LIB libraries using the default operating condition of each library.
End delay calculation. (MEM=261.598 CPU=0:00:07.9 REAL=0:00:02.0)
*** CDM Built up (cpu=0:00:11.0  real=0:00:04.0  mem= 261.6M) ***
{ slack_summary { { columns { path_group } { total_neg_slack } { worst_slack } { num_of_violations } { num_of_paths } } { default { -0.285 } { -0.078 } { 9 } { 6671 } } } }
_______________________________________________________________________
skewClock sized 0 and inserted 38 insts
+--------+---------+--------+---------+----------+------------+--------+----------+---------+----------------------------------------------------+
|  WNS   | All WNS |  TNS   | All TNS | Density  |    Real    |  Mem   |Worst View|Pathgroup|                     End Point                      |
+--------+---------+--------+---------+----------+------------+--------+----------+---------+----------------------------------------------------+
|  -0.679|   -0.679|-263.862| -263.862|    94.81%|   0:00:15.0| 3129.3M|   WC_VIEW|  reg2reg| sfp_instance/R_6815/D                              |
|  -0.660|   -0.660|-256.678| -256.678|    94.81%|   0:00:00.0| 3129.3M|   WC_VIEW|  reg2reg| sfp_instance/R_6815/D                              |
|  -0.655|   -0.655|-254.134| -254.134|    94.81%|   0:00:01.0| 3129.3M|   WC_VIEW|  reg2reg| sfp_instance/R_6815/D                              |
|  -0.652|   -0.652|-253.566| -253.566|    94.81%|   0:00:00.0| 3129.3M|   WC_VIEW|  reg2reg| sfp_instance/R_6815/D                              |
|  -0.648|   -0.648|-250.702| -250.702|    94.81%|   0:00:01.0| 3129.3M|   WC_VIEW|  reg2reg| sfp_instance/R_6815/D                              |
|  -0.642|   -0.642|-249.951| -249.951|    94.81%|   0:00:00.0| 3129.3M|   WC_VIEW|  reg2reg| sfp_instance/R_6815/D                              |
|  -0.639|   -0.639|-248.620| -248.620|    94.81%|   0:00:00.0| 3129.3M|   WC_VIEW|  reg2reg| sfp_instance/R_6815/D                              |
|  -0.635|   -0.635|-248.582| -248.582|    94.81%|   0:00:01.0| 3129.3M|   WC_VIEW|  reg2reg| sfp_instance/R_6815/D                              |
|  -0.627|   -0.627|-247.100| -247.100|    94.81%|   0:00:01.0| 3129.3M|   WC_VIEW|  reg2reg| sfp_instance/R_6815/D                              |
|  -0.626|   -0.626|-247.957| -247.957|    94.81%|   0:00:01.0| 3129.3M|   WC_VIEW|  reg2reg| sfp_instance/R_6815/D                              |
|  -0.623|   -0.623|-272.385| -272.385|    94.81%|   0:00:01.0| 3129.3M|   WC_VIEW|  reg2reg| sfp_instance/R_6815/D                              |
|  -0.623|   -0.623|-268.471| -268.471|    94.81%|   0:00:00.0| 3129.3M|   WC_VIEW|  reg2reg| sfp_instance/R_6815/D                              |
|  -0.618|   -0.618|-267.181| -267.181|    94.81%|   0:00:00.0| 3129.3M|   WC_VIEW|  reg2reg| sfp_instance/R_6815/D                              |
|  -0.609|   -0.609|-263.405| -263.405|    94.81%|   0:00:01.0| 3129.3M|   WC_VIEW|  reg2reg| sfp_instance/R_6815/D                              |
|  -0.608|   -0.608|-261.286| -261.286|    94.81%|   0:00:00.0| 3129.3M|   WC_VIEW|  reg2reg| sfp_instance/R_6815/D                              |
|  -0.604|   -0.604|-260.746| -260.746|    94.81%|   0:00:01.0| 3129.3M|   WC_VIEW|  reg2reg| sfp_instance/R_6815/D                              |
|  -0.600|   -0.600|-260.494| -260.494|    94.81%|   0:00:01.0| 3129.3M|   WC_VIEW|  reg2reg| sfp_instance/R_6815/D                              |
|  -0.600|   -0.600|-260.465| -260.465|    94.81%|   0:00:00.0| 3129.3M|   WC_VIEW|  reg2reg| sfp_instance/R_6815/D                              |
|  -0.600|   -0.600|-259.331| -259.331|    94.81%|   0:00:00.0| 3148.4M|   WC_VIEW|  reg2reg| sfp_instance/R_6815/D                              |
|  -0.598|   -0.598|-259.183| -259.183|    94.81%|   0:00:01.0| 3148.4M|   WC_VIEW|  reg2reg| sfp_instance/R_6815/D                              |
|  -0.598|   -0.598|-259.168| -259.168|    94.81%|   0:00:00.0| 3148.4M|   WC_VIEW|  reg2reg| sfp_instance/R_6815/D                              |
|  -0.598|   -0.598|-246.631| -246.631|    94.81%|   0:00:02.0| 3148.4M|   WC_VIEW|  reg2reg| sfp_instance/R_6815/D                              |
+--------+---------+--------+---------+----------+------------+--------+----------+---------+----------------------------------------------------+
skewClock sized 11 and inserted 47 insts
+--------+---------+--------+---------+----------+------------+--------+----------+---------+----------------------------------------------------+
|  WNS   | All WNS |  TNS   | All TNS | Density  |    Real    |  Mem   |Worst View|Pathgroup|                     End Point                      |
+--------+---------+--------+---------+----------+------------+--------+----------+---------+----------------------------------------------------+
|  -0.345|   -0.345| -98.934|  -98.934|    94.82%|   0:00:10.0| 3129.3M|   WC_VIEW|  reg2reg| sfp_instance/R_6936/D                              |
|  -0.329|   -0.329| -97.675|  -97.675|    94.82%|   0:00:00.0| 3130.3M|   WC_VIEW|  reg2reg| sfp_instance/R_6936/D                              |
|  -0.319|   -0.319| -97.068|  -97.068|    94.82%|   0:00:00.0| 3130.3M|   WC_VIEW|  reg2reg| sfp_instance/R_6936/D                              |
|  -0.289|   -0.289| -94.777|  -94.777|    94.82%|   0:00:01.0| 3130.3M|   WC_VIEW|  reg2reg| sfp_instance/R_5400/D                              |
|  -0.287|   -0.287| -91.617|  -91.617|    94.82%|   0:00:00.0| 3130.3M|   WC_VIEW|  reg2reg| sfp_instance/R_6936/D                              |
|  -0.277|   -0.277| -88.050|  -88.050|    94.82%|   0:00:01.0| 3132.0M|   WC_VIEW|  reg2reg| sfp_instance/R_6936/D                              |
|  -0.276|   -0.276| -87.063|  -87.063|    94.82%|   0:00:01.0| 3132.0M|   WC_VIEW|  reg2reg| sfp_instance/R_8514/D                              |
|  -0.275|   -0.275| -87.402|  -87.402|    94.82%|   0:00:00.0| 3132.0M|   WC_VIEW|  reg2reg| sfp_instance/R_8514/D                              |
|  -0.274|   -0.274| -87.400|  -87.400|    94.82%|   0:00:00.0| 3132.0M|   WC_VIEW|  reg2reg| sfp_instance/R_8514/D                              |
|  -0.273|   -0.273| -86.787|  -86.787|    94.82%|   0:00:00.0| 3132.0M|   WC_VIEW|  reg2reg| sfp_instance/R_8514/D                              |
|  -0.273|   -0.273| -86.641|  -86.641|    94.82%|   0:00:01.0| 3132.0M|   WC_VIEW|  reg2reg| sfp_instance/R_8514/D                              |
|  -0.264|   -0.264| -85.388|  -85.388|    94.82%|   0:00:00.0| 3132.0M|   WC_VIEW|  reg2reg| sfp_instance/R_8514/D                              |
|  -0.261|   -0.261| -80.408|  -80.408|    94.83%|   0:00:02.0| 3132.0M|   WC_VIEW|  reg2reg| sfp_instance/R_7892/D                              |
|  -0.261|   -0.261| -79.163|  -79.163|    94.82%|   0:00:01.0| 3132.0M|   WC_VIEW|  reg2reg| sfp_instance/R_7892/D                              |
|  -0.259|   -0.259| -78.951|  -78.951|    94.83%|   0:00:00.0| 3132.0M|   WC_VIEW|  reg2reg| sfp_instance/R_7892/D                              |
|  -0.259|   -0.259| -78.914|  -78.914|    94.83%|   0:00:00.0| 3132.0M|   WC_VIEW|  reg2reg| sfp_instance/R_7892/D                              |
|  -0.258|   -0.258| -86.860|  -86.860|    94.85%|   0:00:01.0| 3132.0M|   WC_VIEW|  reg2reg| sfp_instance/R_7892/D                              |
|  -0.255|   -0.255| -88.815|  -88.815|    94.85%|   0:00:01.0| 3132.0M|   WC_VIEW|  reg2reg| sfp_instance/R_7892/D                              |
|  -0.255|   -0.255| -88.484|  -88.484|    94.85%|   0:00:00.0| 3132.0M|   WC_VIEW|  reg2reg| sfp_instance/R_7892/D                              |
|  -0.255|   -0.255| -87.775|  -87.775|    94.86%|   0:00:02.0| 3132.0M|   WC_VIEW|  reg2reg| sfp_instance/R_7892/D                              |
|  -0.255|   -0.255| -87.286|  -87.286|    94.86%|   0:00:00.0| 3132.0M|   WC_VIEW|  reg2reg| sfp_instance/R_7892/D                              |
|  -0.255|   -0.255| -87.140|  -87.140|    94.86%|   0:00:01.0| 3132.0M|   WC_VIEW|  reg2reg| sfp_instance/R_7892/D                              |
|  -0.255|   -0.255| -87.140|  -87.140|    94.86%|   0:00:00.0| 3132.0M|   WC_VIEW|  reg2reg| sfp_instance/R_7892/D                              |
+--------+---------+--------+---------+----------+------------+--------+----------+---------+----------------------------------------------------+

*** Finish Core Optimize Step (cpu=0:04:01 real=0:01:22 mem=3132.0M) ***

*** Finished Optimize Step Cumulative (cpu=0:04:01 real=0:01:22 mem=3132.0M) ***
** GigaOpt Optimizer WNS Slack -0.255 TNS Slack -87.140 Density 94.86
Begin: Area Reclaim Optimization
Reclaim Optimization WNS Slack -0.255  TNS Slack -87.140 Density 94.86
+----------+---------+--------+--------+------------+--------+
| Density  | Commits |  WNS   |  TNS   |    Real    |  Mem   |
+----------+---------+--------+--------+------------+--------+
|    94.86%|        -|  -0.255| -87.140|   0:00:00.0| 3132.0M|
|    94.76%|      228|  -0.259| -87.550|   0:00:04.0| 3132.0M|
|    94.33%|     2056|  -0.243| -85.879|   0:00:20.0| 3132.0M|
|    94.33%|       17|  -0.243| -86.022|   0:00:01.0| 3132.0M|
|    94.33%|        1|  -0.243| -86.022|   0:00:00.0| 3132.0M|
|    94.33%|        0|  -0.243| -86.022|   0:00:00.0| 3132.0M|
+----------+---------+--------+--------+------------+--------+
Reclaim Optimization End WNS Slack -0.243  TNS Slack -86.022 Density 94.33
** Finished Core Area Reclaim Optimization (cpu = 0:00:43.9) (real = 0:00:26.0) **
*** Finished Area Reclaim Optimization (cpu=0:00:44, real=0:00:26, mem=3132.03M, totSessionCpu=2:05:26).
*** Starting refinePlace (2:05:26 mem=3132.0M) ***
Total net bbox length = 1.041e+06 (5.274e+05 5.135e+05) (ext = 6.363e+04)
Density distribution unevenness ratio = 1.945%
Density distribution unevenness ratio = 2.015%
Move report: Timing Driven Placement moves 89150 insts, mean move: 2.13 um, max move: 42.60 um
	Max move on inst (U234): (358.80, 379.40) --> (325.20, 370.40)
	Runtime: CPU: 0:00:18.3 REAL: 0:00:11.0 MEM: 3216.4MB
Density distribution unevenness ratio = 2.008%
Move report: Detail placement moves 64115 insts, mean move: 0.94 um, max move: 14.00 um
	Max move on inst (FILLER_39384): (287.40, 813.20) --> (299.60, 815.00)
	Runtime: CPU: 0:00:02.3 REAL: 0:00:02.0 MEM: 3216.4MB
Summary Report:
Instances move: 50160 (out of 51905 movable)
Mean displacement: 2.38 um
Max displacement: 43.00 um (Instance: U234) (358.8, 379.4) -> (324.8, 370.4)
	Length: 11 sites, height: 1 rows, site name: core, cell type: AO22D2
Total net bbox length = 1.027e+06 (5.212e+05 5.057e+05) (ext = 6.378e+04)
Runtime: CPU: 0:00:20.7 REAL: 0:00:13.0 MEM: 3216.4MB
*** Finished refinePlace (2:05:47 mem=3216.4M) ***
Finished re-routing un-routed nets (0:00:00.2 3216.4M)


Density : 0.9446
Max route overflow : 0.0002


*** Finish Physical Update (cpu=0:00:25.3 real=0:00:15.0 mem=3216.4M) ***
** GigaOpt Optimizer WNS Slack -0.232 TNS Slack -86.787 Density 94.46
Optimizer WNS Pass 1
Active Path Group: reg2reg  
+--------+---------+--------+---------+----------+------------+--------+----------+---------+----------------------------------------------------+
|  WNS   | All WNS |  TNS   | All TNS | Density  |    Real    |  Mem   |Worst View|Pathgroup|                     End Point                      |
+--------+---------+--------+---------+----------+------------+--------+----------+---------+----------------------------------------------------+
|  -0.232|   -0.232| -86.787|  -86.787|    94.46%|   0:00:00.0| 3216.4M|   WC_VIEW|  reg2reg| sfp_instance/R_7892/D                              |
|  -0.228|   -0.228| -85.975|  -85.975|    94.46%|   0:00:01.0| 3216.4M|   WC_VIEW|  reg2reg| sfp_instance/R_7892/D                              |
|  -0.220|   -0.220| -85.399|  -85.399|    94.46%|   0:00:02.0| 3216.4M|   WC_VIEW|  reg2reg| sfp_instance/R_7892/D                              |
|  -0.227|   -0.227| -82.759|  -82.759|    94.47%|   0:00:03.0| 3254.6M|   WC_VIEW|  reg2reg| sfp_instance/R_8514/D                              |
|  -0.218|   -0.218| -82.373|  -82.373|    94.47%|   0:00:00.0| 3254.6M|   WC_VIEW|  reg2reg| sfp_instance/R_7892/D                              |
|  -0.216|   -0.216| -81.908|  -81.908|    94.47%|   0:00:01.0| 3254.6M|   WC_VIEW|  reg2reg| sfp_instance/R_7892/D                              |
|  -0.216|   -0.216| -81.869|  -81.869|    94.47%|   0:00:01.0| 3254.6M|   WC_VIEW|  reg2reg| sfp_instance/R_7892/D                              |
|  -0.210|   -0.210| -81.512|  -81.512|    94.47%|   0:00:00.0| 3254.6M|   WC_VIEW|  reg2reg| sfp_instance/R_7892/D                              |
|  -0.210|   -0.210| -79.674|  -79.674|    94.48%|   0:00:01.0| 3254.6M|   WC_VIEW|  reg2reg| sfp_instance/R_7892/D                              |
|  -0.209|   -0.209| -79.611|  -79.611|    94.48%|   0:00:02.0| 3254.6M|   WC_VIEW|  reg2reg| sfp_instance/R_7892/D                              |
|  -0.213|   -0.213| -74.285|  -74.285|    94.53%|   0:00:07.0| 3254.6M|   WC_VIEW|  reg2reg| sfp_instance/R_7892/D                              |
|  -0.214|   -0.214| -72.698|  -72.698|    94.54%|   0:00:02.0| 3254.6M|   WC_VIEW|  reg2reg| sfp_instance/R_7892/D                              |
+--------+---------+--------+---------+----------+------------+--------+----------+---------+----------------------------------------------------+
skewClock sized 6 and inserted 29 insts
+--------+---------+--------+---------+----------+------------+--------+----------+---------+----------------------------------------------------+
|  WNS   | All WNS |  TNS   | All TNS | Density  |    Real    |  Mem   |Worst View|Pathgroup|                     End Point                      |
+--------+---------+--------+---------+----------+------------+--------+----------+---------+----------------------------------------------------+
|  -0.178|   -0.178| -36.544|  -36.544|    94.55%|   0:00:07.0| 3193.2M|   WC_VIEW|  reg2reg| ofifo_inst/col_idx_2__fifo_instance/fifo_mem_reg_8 |
|        |         |        |         |          |            |        |          |         | __19_/D                                            |
|  -0.165|   -0.165| -35.533|  -35.533|    94.55%|   0:00:00.0| 3193.2M|   WC_VIEW|  reg2reg| ofifo_inst/col_idx_2__fifo_instance/fifo_mem_reg_8 |
|        |         |        |         |          |            |        |          |         | __19_/D                                            |
|  -0.156|   -0.156| -33.739|  -33.739|    94.55%|   0:00:00.0| 3193.2M|   WC_VIEW|  reg2reg| sfp_instance/R_8197/D                              |
|  -0.148|   -0.148| -31.982|  -31.982|    94.55%|   0:00:01.0| 3193.2M|   WC_VIEW|  reg2reg| sfp_instance/R_8765/D                              |
|  -0.148|   -0.148| -30.195|  -30.195|    94.55%|   0:00:02.0| 3193.2M|   WC_VIEW|  reg2reg| sfp_instance/R_8514/D                              |
|  -0.148|   -0.148| -30.128|  -30.128|    94.55%|   0:00:01.0| 3193.2M|   WC_VIEW|  reg2reg| sfp_instance/R_8514/D                              |
|  -0.148|   -0.148| -30.047|  -30.047|    94.55%|   0:00:00.0| 3193.2M|   WC_VIEW|  reg2reg| sfp_instance/R_8514/D                              |
|  -0.149|   -0.149| -28.531|  -28.531|    94.59%|   0:00:03.0| 3193.2M|   WC_VIEW|  reg2reg| sfp_instance/R_8514/D                              |
|  -0.148|   -0.148| -27.103|  -27.103|    94.60%|   0:00:01.0| 3193.2M|   WC_VIEW|  reg2reg| sfp_instance/R_8514/D                              |
+--------+---------+--------+---------+----------+------------+--------+----------+---------+----------------------------------------------------+
skewClock sized 8 and inserted 17 insts
+--------+---------+--------+---------+----------+------------+--------+----------+---------+----------------------------------------------------+
|  WNS   | All WNS |  TNS   | All TNS | Density  |    Real    |  Mem   |Worst View|Pathgroup|                     End Point                      |
+--------+---------+--------+---------+----------+------------+--------+----------+---------+----------------------------------------------------+
|  -0.130|   -0.130| -14.621|  -14.621|    94.60%|   0:00:09.0| 3193.2M|   WC_VIEW|  reg2reg| sfp_instance/R_8514/D                              |
|  -0.130|   -0.130| -14.259|  -14.259|    94.60%|   0:00:00.0| 3193.2M|   WC_VIEW|  reg2reg| sfp_instance/R_8514/D                              |
|  -0.130|   -0.130| -14.166|  -14.166|    94.61%|   0:00:01.0| 3193.2M|   WC_VIEW|  reg2reg| sfp_instance/R_8514/D                              |
|  -0.130|   -0.130| -13.740|  -13.740|    94.61%|   0:00:01.0| 3193.2M|   WC_VIEW|  reg2reg| sfp_instance/R_8514/D                              |
|  -0.130|   -0.130| -13.686|  -13.686|    94.61%|   0:00:00.0| 3193.2M|   WC_VIEW|  reg2reg| sfp_instance/R_8514/D                              |
|  -0.130|   -0.130| -13.686|  -13.686|    94.61%|   0:00:00.0| 3193.2M|   WC_VIEW|  reg2reg| sfp_instance/R_8514/D                              |
+--------+---------+--------+---------+----------+------------+--------+----------+---------+----------------------------------------------------+

*** Finish Core Optimize Step (cpu=0:02:39 real=0:00:46.0 mem=3193.2M) ***

*** Finished Optimize Step Cumulative (cpu=0:02:39 real=0:00:46.0 mem=3193.2M) ***
** GigaOpt Optimizer WNS Slack -0.130 TNS Slack -13.686 Density 94.61
*** Starting refinePlace (2:08:32 mem=3193.2M) ***
Total net bbox length = 1.029e+06 (5.224e+05 5.070e+05) (ext = 6.378e+04)
Density distribution unevenness ratio = 1.768%
Density distribution unevenness ratio = 1.888%
Move report: Timing Driven Placement moves 84697 insts, mean move: 1.34 um, max move: 27.60 um
	Max move on inst (sfp_instance/FE_OCPC5260_FE_OFN2188_n1022): (429.20, 377.60) --> (414.20, 365.00)
	Runtime: CPU: 0:00:16.3 REAL: 0:00:08.0 MEM: 3270.3MB
Density distribution unevenness ratio = 1.875%
Move report: Detail placement moves 63266 insts, mean move: 0.91 um, max move: 18.20 um
	Max move on inst (FILLER_36910): (56.60, 782.60) --> (56.40, 764.60)
	Runtime: CPU: 0:00:02.4 REAL: 0:00:01.0 MEM: 3266.2MB
Summary Report:
Instances move: 48875 (out of 52009 movable)
Mean displacement: 1.74 um
Max displacement: 28.00 um (Instance: sfp_instance/FE_OCPC5260_FE_OFN2188_n1022) (429.2, 377.6) -> (413.8, 365)
	Length: 6 sites, height: 1 rows, site name: core, cell type: CKBD2
Total net bbox length = 1.026e+06 (5.208e+05 5.051e+05) (ext = 6.379e+04)
Runtime: CPU: 0:00:18.8 REAL: 0:00:09.0 MEM: 3266.2MB
*** Finished refinePlace (2:08:51 mem=3266.2M) ***
Finished re-routing un-routed nets (0:00:00.1 3266.2M)


Density : 0.9466
Max route overflow : 0.0002


*** Finish Physical Update (cpu=0:00:22.1 real=0:00:10.0 mem=3266.2M) ***
** GigaOpt Optimizer WNS Slack -0.128 TNS Slack -14.849 Density 94.66
Optimizer WNS Pass 2
Active Path Group: reg2reg  
+--------+---------+--------+---------+----------+------------+--------+----------+---------+----------------------------------------------------+
|  WNS   | All WNS |  TNS   | All TNS | Density  |    Real    |  Mem   |Worst View|Pathgroup|                     End Point                      |
+--------+---------+--------+---------+----------+------------+--------+----------+---------+----------------------------------------------------+
|  -0.128|   -0.128| -14.849|  -14.849|    94.66%|   0:00:00.0| 3266.2M|   WC_VIEW|  reg2reg| sfp_instance/R_8514/D                              |
|  -0.122|   -0.122| -14.747|  -14.747|    94.69%|   0:00:15.0| 3285.3M|   WC_VIEW|  reg2reg| sfp_instance/R_8514/D                              |
|  -0.122|   -0.122| -14.747|  -14.747|    94.69%|   0:00:00.0| 3285.3M|   WC_VIEW|  reg2reg| sfp_instance/R_8514/D                              |
+--------+---------+--------+---------+----------+------------+--------+----------+---------+----------------------------------------------------+

*** Finish Core Optimize Step (cpu=0:01:14 real=0:00:15.0 mem=3285.3M) ***

*** Finished Optimize Step Cumulative (cpu=0:01:14 real=0:00:15.0 mem=3285.3M) ***
** GigaOpt Optimizer WNS Slack -0.122 TNS Slack -14.747 Density 94.69
*** Starting refinePlace (2:10:09 mem=3285.3M) ***
Total net bbox length = 1.026e+06 (5.210e+05 5.052e+05) (ext = 6.379e+04)
Density distribution unevenness ratio = 1.665%
Density distribution unevenness ratio = 1.667%
Move report: Timing Driven Placement moves 79170 insts, mean move: 0.99 um, max move: 17.20 um
	Max move on inst (sfp_instance/FE_OCPC4567_FE_OFN2672_n1406): (458.20, 384.80) --> (451.80, 374.00)
	Runtime: CPU: 0:00:13.8 REAL: 0:00:07.0 MEM: 3298.9MB
Density distribution unevenness ratio = 1.648%
Move report: Detail placement moves 62458 insts, mean move: 1.04 um, max move: 16.00 um
	Max move on inst (FILLER_29155): (369.20, 653.00) --> (385.20, 653.00)
	Runtime: CPU: 0:00:09.1 REAL: 0:00:05.0 MEM: 3291.0MB
Summary Report:
Instances move: 47611 (out of 52022 movable)
Mean displacement: 1.52 um
Max displacement: 19.60 um (Instance: sfp_instance/FE_OCPC4567_FE_OFN2672_n1406) (458.2, 384.8) -> (449.4, 374)
	Length: 12 sites, height: 1 rows, site name: core, cell type: INVD8
Total net bbox length = 9.787e+05 (4.736e+05 5.051e+05) (ext = 6.374e+04)
Runtime: CPU: 0:00:23.0 REAL: 0:00:12.0 MEM: 3291.0MB
*** Finished refinePlace (2:10:32 mem=3291.0M) ***
Finished re-routing un-routed nets (0:00:00.1 3291.0M)


Density : 0.9469
Max route overflow : 0.0002


*** Finish Physical Update (cpu=0:00:27.3 real=0:00:13.0 mem=3291.0M) ***
** GigaOpt Optimizer WNS Slack -0.149 TNS Slack -17.254 Density 94.69
Recovering Place ECO bump
Active Path Group: reg2reg  
+--------+---------+--------+---------+----------+------------+--------+----------+---------+----------------------------------------------------+
|  WNS   | All WNS |  TNS   | All TNS | Density  |    Real    |  Mem   |Worst View|Pathgroup|                     End Point                      |
+--------+---------+--------+---------+----------+------------+--------+----------+---------+----------------------------------------------------+
|  -0.149|   -0.149| -17.254|  -17.254|    94.69%|   0:00:00.0| 3291.0M|   WC_VIEW|  reg2reg| ofifo_inst/col_idx_2__fifo_instance/fifo_mem_reg_8 |
|        |         |        |         |          |            |        |          |         | __19_/D                                            |
|  -0.137|   -0.137| -16.865|  -16.865|    94.69%|   0:00:00.0| 3291.0M|   WC_VIEW|  reg2reg| ofifo_inst/col_idx_2__fifo_instance/fifo_mem_reg_1 |
|        |         |        |         |          |            |        |          |         | __16_/D                                            |
|  -0.124|   -0.124| -13.998|  -13.998|    94.69%|   0:00:00.0| 3291.0M|   WC_VIEW|  reg2reg| psum_mem_instance/D[80]                            |
|  -0.121|   -0.121| -13.910|  -13.910|    94.69%|   0:00:02.0| 3291.0M|   WC_VIEW|  reg2reg| sfp_instance/R_8514/D                              |
|  -0.121|   -0.121| -13.910|  -13.910|    94.69%|   0:00:01.0| 3291.0M|   WC_VIEW|  reg2reg| sfp_instance/R_8514/D                              |
+--------+---------+--------+---------+----------+------------+--------+----------+---------+----------------------------------------------------+

*** Finish Core Optimize Step (cpu=0:00:11.5 real=0:00:03.0 mem=3291.0M) ***

*** Finished Optimize Step Cumulative (cpu=0:00:11.6 real=0:00:03.0 mem=3291.0M) ***
*** Starting refinePlace (2:10:49 mem=3291.0M) ***
Total net bbox length = 9.788e+05 (4.736e+05 5.052e+05) (ext = 6.374e+04)
Move report: Detail placement moves 0 insts, mean move: 0.00 um, max move: 0.00 um
	Runtime: CPU: 0:00:00.5 REAL: 0:00:01.0 MEM: 3291.0MB
Summary Report:
Instances move: 0 (out of 52023 movable)
Mean displacement: 0.00 um
Max displacement: 0.00 um 
Total net bbox length = 9.788e+05 (4.736e+05 5.052e+05) (ext = 6.374e+04)
Runtime: CPU: 0:00:00.6 REAL: 0:00:01.0 MEM: 3291.0MB
*** Finished refinePlace (2:10:50 mem=3291.0M) ***
Finished re-routing un-routed nets (0:00:00.0 3291.0M)


Density : 0.9469
Max route overflow : 0.0002


*** Finish Physical Update (cpu=0:00:01.7 real=0:00:01.0 mem=3291.0M) ***
** GigaOpt Optimizer WNS Slack -0.121 TNS Slack -13.910 Density 94.69

*** Finish post-CTS Setup Fixing (cpu=0:10:11 real=0:03:36 mem=3291.0M) ***

End: GigaOpt Optimization in WNS mode
**INFO: Num dontuse cells 99, Num usable cells 779
optDesignOneStep: Leakage Power Flow
**INFO: Num dontuse cells 99, Num usable cells 779
Begin: GigaOpt Optimization in TNS mode
Info: 120 nets with fixed/cover wires excluded.
Info: 251 clock nets excluded from IPO operation.
*info: 251 clock nets excluded
*info: 2 special nets excluded.
*info: 159 no-driver nets excluded.
*info: 120 nets with fixed/cover wires excluded.
** GigaOpt Optimizer WNS Slack -0.121 TNS Slack -13.910 Density 94.69
Optimizer TNS Opt
Active Path Group: reg2reg  
+--------+---------+--------+---------+----------+------------+--------+----------+---------+----------------------------------------------------+
|  WNS   | All WNS |  TNS   | All TNS | Density  |    Real    |  Mem   |Worst View|Pathgroup|                     End Point                      |
+--------+---------+--------+---------+----------+------------+--------+----------+---------+----------------------------------------------------+
|  -0.121|   -0.121| -13.910|  -13.910|    94.69%|   0:00:00.0| 3189.3M|   WC_VIEW|  reg2reg| sfp_instance/R_8514/D                              |
|  -0.122|   -0.122| -12.198|  -12.198|    94.71%|   0:00:07.0| 3250.0M|   WC_VIEW|  reg2reg| sfp_instance/R_6562/D                              |
|  -0.122|   -0.122| -11.905|  -11.905|    94.72%|   0:00:03.0| 3288.1M|   WC_VIEW|  reg2reg| sfp_instance/R_6405/D                              |
|  -0.122|   -0.122| -11.634|  -11.634|    94.74%|   0:00:01.0| 3288.1M|   WC_VIEW|  reg2reg| sfp_instance/R_6405/D                              |
|  -0.122|   -0.122| -11.350|  -11.350|    94.74%|   0:00:01.0| 3288.1M|   WC_VIEW|  reg2reg| sfp_instance/R_6405/D                              |
|  -0.122|   -0.122| -11.108|  -11.108|    94.74%|   0:00:01.0| 3288.1M|   WC_VIEW|  reg2reg| sfp_instance/R_6405/D                              |
|  -0.122|   -0.122| -10.551|  -10.551|    94.75%|   0:00:02.0| 3307.2M|   WC_VIEW|  reg2reg| sfp_instance/R_6900/D                              |
|  -0.122|   -0.122| -10.355|  -10.355|    94.75%|   0:00:00.0| 3307.2M|   WC_VIEW|  reg2reg| sfp_instance/R_6900/D                              |
|  -0.122|   -0.122| -10.331|  -10.331|    94.75%|   0:00:00.0| 3307.2M|   WC_VIEW|  reg2reg| sfp_instance/R_6900/D                              |
|  -0.122|   -0.122| -10.308|  -10.308|    94.75%|   0:00:00.0| 3307.2M|   WC_VIEW|  reg2reg| sfp_instance/R_6900/D                              |
|  -0.122|   -0.122| -10.046|  -10.046|    94.76%|   0:00:02.0| 3307.2M|   WC_VIEW|  reg2reg| sfp_instance/R_8253/D                              |
|  -0.122|   -0.122| -10.046|  -10.046|    94.76%|   0:00:00.0| 3307.2M|   WC_VIEW|  reg2reg| sfp_instance/R_6935/D                              |
|  -0.122|   -0.122|  -9.833|   -9.833|    94.76%|   0:00:01.0| 3307.2M|   WC_VIEW|  reg2reg| sfp_instance/R_7196/D                              |
|  -0.122|   -0.122|  -9.782|   -9.782|    94.76%|   0:00:01.0| 3345.4M|   WC_VIEW|  reg2reg| sfp_instance/R_7196/D                              |
|  -0.122|   -0.122|  -9.725|   -9.725|    94.77%|   0:00:00.0| 3345.4M|   WC_VIEW|  reg2reg| sfp_instance/R_7196/D                              |
|  -0.122|   -0.122|  -9.724|   -9.724|    94.77%|   0:00:00.0| 3345.4M|   WC_VIEW|  reg2reg| sfp_instance/R_7196/D                              |
|  -0.122|   -0.122|  -9.714|   -9.714|    94.77%|   0:00:00.0| 3345.4M|   WC_VIEW|  reg2reg| sfp_instance/R_7196/D                              |
|  -0.122|   -0.122|  -9.591|   -9.591|    94.77%|   0:00:01.0| 3345.4M|   WC_VIEW|  reg2reg| sfp_instance/R_8036/D                              |
|  -0.122|   -0.122|  -9.355|   -9.355|    94.78%|   0:00:00.0| 3345.4M|   WC_VIEW|  reg2reg| sfp_instance/R_7824/D                              |
|  -0.122|   -0.122|  -9.296|   -9.296|    94.78%|   0:00:00.0| 3345.4M|   WC_VIEW|  reg2reg| sfp_instance/R_7824/D                              |
|  -0.122|   -0.122|  -9.295|   -9.295|    94.78%|   0:00:01.0| 3345.4M|   WC_VIEW|  reg2reg| sfp_instance/R_7824/D                              |
|  -0.122|   -0.122|  -9.025|   -9.025|    94.79%|   0:00:01.0| 3345.4M|   WC_VIEW|  reg2reg| sfp_instance/R_6596/D                              |
|  -0.122|   -0.122|  -9.014|   -9.014|    94.79%|   0:00:00.0| 3345.4M|   WC_VIEW|  reg2reg| sfp_instance/R_6596/D                              |
|  -0.122|   -0.122|  -8.926|   -8.926|    94.79%|   0:00:00.0| 3345.4M|   WC_VIEW|  reg2reg| sfp_instance/R_7460/D                              |
|  -0.122|   -0.122|  -8.889|   -8.889|    94.79%|   0:00:01.0| 3345.4M|   WC_VIEW|  reg2reg| sfp_instance/R_7222/D                              |
|  -0.122|   -0.122|  -8.888|   -8.888|    94.80%|   0:00:02.0| 3345.4M|   WC_VIEW|  reg2reg| sfp_instance/R_8101/D                              |
|  -0.122|   -0.122|  -8.818|   -8.818|    94.80%|   0:00:01.0| 3440.8M|   WC_VIEW|  reg2reg| sfp_instance/R_8101/D                              |
|  -0.122|   -0.122|  -8.830|   -8.830|    94.80%|   0:00:01.0| 3440.8M|   WC_VIEW|  reg2reg| sfp_instance/R_7421/D                              |
|  -0.122|   -0.122|  -8.776|   -8.776|    94.81%|   0:00:01.0| 3440.8M|   WC_VIEW|  reg2reg| sfp_instance/R_7233/D                              |
|  -0.122|   -0.122|  -8.749|   -8.749|    94.81%|   0:00:00.0| 3440.8M|   WC_VIEW|  reg2reg| sfp_instance/R_7233/D                              |
|  -0.122|   -0.122|  -8.754|   -8.754|    94.81%|   0:00:00.0| 3440.8M|   WC_VIEW|  reg2reg| sfp_instance/R_8514/D                              |
+--------+---------+--------+---------+----------+------------+--------+----------+---------+----------------------------------------------------+

*** Finish Core Optimize Step (cpu=0:02:21 real=0:00:28.0 mem=3440.8M) ***

*** Finished Optimize Step Cumulative (cpu=0:02:21 real=0:00:28.0 mem=3440.8M) ***
** GigaOpt Optimizer WNS Slack -0.122 TNS Slack -8.754 Density 94.81
*** Starting refinePlace (2:13:18 mem=3472.8M) ***
Total net bbox length = 9.797e+05 (4.741e+05 5.056e+05) (ext = 6.374e+04)
Density distribution unevenness ratio = 1.524%
Density distribution unevenness ratio = 1.693%
Move report: Timing Driven Placement moves 81983 insts, mean move: 1.19 um, max move: 18.00 um
	Max move on inst (mac_array_instance/col_idx_3__mac_col_inst/mac_16in_instance/FE_OCPC5675_DP_OP_38J4_122_4029_n1060): (556.80, 613.40) --> (547.80, 622.40)
	Runtime: CPU: 0:00:15.4 REAL: 0:00:06.0 MEM: 3472.8MB
Density distribution unevenness ratio = 1.698%
Move report: Detail placement moves 64747 insts, mean move: 1.07 um, max move: 16.80 um
	Max move on inst (FILLER_29544): (698.40, 644.00) --> (713.40, 645.80)
	Runtime: CPU: 0:00:08.9 REAL: 0:00:05.0 MEM: 3472.8MB
Summary Report:
Instances move: 48139 (out of 52057 movable)
Mean displacement: 1.66 um
Max displacement: 23.40 um (Instance: mac_array_instance/col_idx_3__mac_col_inst/mac_16in_instance/FE_OCPC5675_DP_OP_38J4_122_4029_n1060) (556.8, 613.4) -> (544.2, 624.2)
	Length: 6 sites, height: 1 rows, site name: core, cell type: BUFFD2
Total net bbox length = 9.771e+05 (4.732e+05 5.039e+05) (ext = 6.380e+04)
Runtime: CPU: 0:00:24.4 REAL: 0:00:11.0 MEM: 3472.8MB
*** Finished refinePlace (2:13:43 mem=3472.8M) ***
Finished re-routing un-routed nets (0:00:00.1 3472.8M)


Density : 0.9481
Max route overflow : 0.0002


*** Finish Physical Update (cpu=0:00:28.7 real=0:00:13.0 mem=3472.8M) ***
** GigaOpt Optimizer WNS Slack -0.121 TNS Slack -8.901 Density 94.81

*** Finish post-CTS Setup Fixing (cpu=0:02:52 real=0:00:42.0 mem=3472.8M) ***

End: GigaOpt Optimization in TNS mode
Info: 120 nets with fixed/cover wires excluded.
Info: 251 clock nets excluded from IPO operation.
[NR-eagl] Detected a user setting of 'getTrialRouteMode -handlePreroute true' which was ignored.
[NR-eagl] honorMsvRouteConstraint: false
[NR-eagl] honorClockSpecNDR      : 0
[NR-eagl] minRouteLayer          : 2
[NR-eagl] maxRouteLayer          : 6
[NR-eagl] numTracksPerClockWire  : 0
[NR-eagl] Layer1 has no routable track
[NR-eagl] Layer2 has single uniform track structure
[NR-eagl] Layer3 has single uniform track structure
[NR-eagl] Layer4 has single uniform track structure
[NR-eagl] Layer5 has single uniform track structure
[NR-eagl] Layer6 has single uniform track structure
[NR-eagl] numRoutingBlks=0 numInstBlks=612 numPGBlocks=1842 numBumpBlks=0 numBoundaryFakeBlks=0
[NR-eagl] numPreroutedNet = 120  numPreroutedWires = 17191
[NR-eagl] Read numTotalNets=55467  numIgnoredNets=120
[NR-eagl] There are 131 clock nets ( 131 with NDR ).
[NR-eagl] ============ Routing rule table ============
[NR-eagl] Rule id 0. Nets 55216 
[NR-eagl] id=0  routeTrackId=0  extraSpace=0  numShields=0  maxHorDemand=1  maxVerDemand=1
[NR-eagl] Pitch:  L1=360  L2=400  L3=400  L4=400  L5=400  L6=400
[NR-eagl] Rule id 1. Nets 131 
[NR-eagl] id=1  routeTrackId=0  extraSpace=1  numShields=0  maxHorDemand=2  maxVerDemand=2
[NR-eagl] Pitch:  L1=720  L2=800  L3=800  L4=800  L5=800  L6=800
[NR-eagl] ========================================
[NR-eagl] 
[NR-eagl] Layer group 1: route 100 net(s) in layer range [3, 4]
[NR-eagl] earlyGlobalRoute overflow of layer group 1: 0.00% H + 0.00% V. EstWL: 8.334000e+02um
[NR-eagl] 
[NR-eagl] Layer group 2: route 31 net(s) in layer range [3, 5]
[NR-eagl] earlyGlobalRoute overflow of layer group 2: 0.00% H + 0.00% V. EstWL: 4.590000e+02um
[NR-eagl] 
[NR-eagl] Layer group 3: route 55216 net(s) in layer range [2, 6]
[NR-eagl] earlyGlobalRoute overflow of layer group 3: 0.04% H + 0.02% V. EstWL: 1.037290e+06um
[NR-eagl] 
[NR-eagl] Overflow after earlyGlobalRoute (GR compatible) 0.03% H + 0.01% V
[NR-eagl] Overflow after earlyGlobalRoute 0.03% H + 0.02% V
[NR-eagl] Layer1(M1)(F) length: 1.336000e+02um, number of vias: 185471
[NR-eagl] Layer2(M2)(V) length: 2.716487e+05um, number of vias: 237704
[NR-eagl] Layer3(M3)(H) length: 3.837776e+05um, number of vias: 27278
[NR-eagl] Layer4(M4)(V) length: 2.318040e+05um, number of vias: 6695
[NR-eagl] Layer5(M5)(H) length: 1.437141e+05um, number of vias: 1465
[NR-eagl] Layer6(M6)(V) length: 6.940356e+04um, number of vias: 0
[NR-eagl] Total length: 1.100482e+06um, number of vias: 458613
[NR-eagl] End Peak syMemory usage = 2483.1 MB
[NR-eagl] Early Global Router Kernel+IO runtime : 2.81 seconds
Extraction called for design 'core' of instances=93772 and nets=55632 using extraction engine 'preRoute' .
PreRoute RC Extraction called for design core.
RC Extraction called in multi-corner(2) mode.
**WARN: (IMPEXT-3442):	The version of the capacitance table file being used is obsolete and is no longer recommended. For improved accuracy, generate the capacitance table file using the generateCapTbl command.
RCMode: PreRoute
      RC Corner Indexes            0       1   
Capacitance Scaling Factor   : 1.00000 1.00000 
Resistance Scaling Factor    : 1.00000 1.00000 
Clock Cap. Scaling Factor    : 1.00000 1.00000 
Clock Res. Scaling Factor    : 1.00000 1.00000 
Shrink Factor                : 1.00000
PreRoute extraction is honoring NDR/Shielding/ExtraSpace for clock nets.
Using capacitance table file ...
Updating RC grid for preRoute extraction ...
Initializing multi-corner capacitance tables ... 
Initializing multi-corner resistance tables ...
PreRoute RC Extraction DONE (CPU Time: 0:00:00.7  Real Time: 0:00:00.0  MEM: 2474.203M)
Compute RC Scale Done ...
Local HotSpot Analysis: normalized max congestion hotspot area = 0.00, normalized total congestion hotspot area = 0.00 (area is in unit of 4 std-cell row bins)
#################################################################################
# Design Stage: PreRoute
# Design Name: core
# Design Mode: 65nm
# Analysis Mode: MMMC Non-OCV 
# Parasitics Mode: No SPEF/RCDB
# Signoff Settings: SI Off 
#################################################################################
Calculate delays in BcWc mode...
End delay calculation. (MEM=3016.97 CPU=0:00:07.7 REAL=0:00:01.0)
*** CDM Built up (cpu=0:00:10.8  real=0:00:03.0  mem= 3017.0M) ***
Begin: GigaOpt postEco DRV Optimization
Info: 120 nets with fixed/cover wires excluded.
Info: 251 clock nets excluded from IPO operation.
+--------------------------------------------------------------------------------------------------------------------------------------------------------------+
|      max-tran     |      max-cap      |     max-fanout    |     max-length    |       |           |           |           |         |            |           |
+--------------------------------------------------------------------------------------------------------------------------------------------------------------+
|  nets   |  terms  |  nets   |  terms  |  nets   |  terms  |  nets   |  terms  |  WNS  |  #Buffer  | #Inverter |  #Resize  | Density |    Real    |    Mem    |
+--------------------------------------------------------------------------------------------------------------------------------------------------------------+
|    13   |    32   |     6   |      6  |     0   |     0   |     0   |     0   | -0.14 |          0|          0|          0|  94.81  |            |           |
|     1   |     3   |     1   |      1  |     0   |     0   |     0   |     0   | -0.14 |          1|          0|         12|  94.81  |   0:00:00.0|    3282.2M|
|     1   |     3   |     1   |      1  |     0   |     0   |     0   |     0   | -0.14 |          0|          0|          0|  94.81  |   0:00:00.0|    3282.2M|
+--------------------------------------------------------------------------------------------------------------------------------------------------------------+

*** Finish DRV Fixing (cpu=0:00:01.7 real=0:00:01.0 mem=3282.2M) ***

*** Starting refinePlace (2:14:14 mem=3282.2M) ***
Total net bbox length = 9.771e+05 (4.732e+05 5.039e+05) (ext = 6.380e+04)
Move report: Detail placement moves 58 insts, mean move: 2.49 um, max move: 8.60 um
	Max move on inst (mac_array_instance/col_idx_5__mac_col_inst/mac_16in_instance/U470): (703.00, 606.20) --> (709.80, 608.00)
	Runtime: CPU: 0:00:00.5 REAL: 0:00:01.0 MEM: 3282.2MB
Summary Report:
Instances move: 43 (out of 52058 movable)
Mean displacement: 2.48 um
Max displacement: 8.60 um (Instance: mac_array_instance/col_idx_5__mac_col_inst/mac_16in_instance/U470) (703, 606.2) -> (709.8, 608)
	Length: 3 sites, height: 1 rows, site name: core, cell type: CKND0
Total net bbox length = 9.772e+05 (4.733e+05 5.039e+05) (ext = 6.380e+04)
Runtime: CPU: 0:00:00.6 REAL: 0:00:01.0 MEM: 3282.2MB
*** Finished refinePlace (2:14:14 mem=3282.2M) ***
Finished re-routing un-routed nets (0:00:00.0 3282.2M)


Density : 0.9481
Max route overflow : 0.0003


*** Finish Physical Update (cpu=0:00:01.7 real=0:00:02.0 mem=3282.2M) ***
End: GigaOpt postEco DRV Optimization
GigaOpt: WNS changes after routing: -0.121 -> -0.140 (bump = 0.019)
Begin: GigaOpt postEco optimization
Info: 120 nets with fixed/cover wires excluded.
Info: 251 clock nets excluded from IPO operation.
*info: 251 clock nets excluded
*info: 2 special nets excluded.
*info: 159 no-driver nets excluded.
*info: 120 nets with fixed/cover wires excluded.
** GigaOpt Optimizer WNS Slack -0.140 TNS Slack -15.057 Density 94.81
Optimizer WNS Pass 0
Active Path Group: reg2reg  
+--------+---------+--------+---------+----------+------------+--------+----------+---------+----------------------------------------------------+
|  WNS   | All WNS |  TNS   | All TNS | Density  |    Real    |  Mem   |Worst View|Pathgroup|                     End Point                      |
+--------+---------+--------+---------+----------+------------+--------+----------+---------+----------------------------------------------------+
|  -0.140|   -0.140| -15.057|  -15.057|    94.81%|   0:00:00.0| 3282.2M|   WC_VIEW|  reg2reg| sfp_instance/R_8514/D                              |
|  -0.137|   -0.137| -14.969|  -14.969|    94.81%|   0:00:02.0| 3293.1M|   WC_VIEW|  reg2reg| sfp_instance/R_8514/D                              |
|  -0.137|   -0.137| -14.960|  -14.960|    94.81%|   0:00:00.0| 3293.1M|   WC_VIEW|  reg2reg| sfp_instance/R_8514/D                              |
|  -0.137|   -0.137| -14.971|  -14.971|    94.81%|   0:00:01.0| 3293.1M|   WC_VIEW|  reg2reg| sfp_instance/R_8514/D                              |
+--------+---------+--------+---------+----------+------------+--------+----------+---------+----------------------------------------------------+

*** Finish Core Optimize Step (cpu=0:00:15.2 real=0:00:03.0 mem=3293.1M) ***

*** Finished Optimize Step Cumulative (cpu=0:00:15.3 real=0:00:03.0 mem=3293.1M) ***
** GigaOpt Optimizer WNS Slack -0.137 TNS Slack -14.971 Density 94.81
*** Starting refinePlace (2:14:36 mem=3293.1M) ***
Total net bbox length = 9.772e+05 (4.733e+05 5.039e+05) (ext = 6.380e+04)
Move report: Detail placement moves 0 insts, mean move: 0.00 um, max move: 0.00 um
	Runtime: CPU: 0:00:00.6 REAL: 0:00:01.0 MEM: 3293.1MB
Summary Report:
Instances move: 0 (out of 52058 movable)
Mean displacement: 0.00 um
Max displacement: 0.00 um 
Total net bbox length = 9.772e+05 (4.733e+05 5.039e+05) (ext = 6.380e+04)
Runtime: CPU: 0:00:00.6 REAL: 0:00:01.0 MEM: 3293.1MB
*** Finished refinePlace (2:14:37 mem=3293.1M) ***
Finished re-routing un-routed nets (0:00:00.0 3293.1M)


Density : 0.9481
Max route overflow : 0.0003


*** Finish Physical Update (cpu=0:00:01.8 real=0:00:01.0 mem=3293.1M) ***
** GigaOpt Optimizer WNS Slack -0.137 TNS Slack -14.971 Density 94.81

*** Finish post-CTS Setup Fixing (cpu=0:00:18.2 real=0:00:06.0 mem=3293.1M) ***

End: GigaOpt postEco optimization
GigaOpt: WNS changes after postEco optimization: -0.121 -> -0.137 (bump = 0.016)
GigaOpt: Skipping nonLegal postEco optimization
Design TNS changes after trial route: -8.801 -> -14.871
Begin: GigaOpt TNS recovery
Info: 120 nets with fixed/cover wires excluded.
Info: 251 clock nets excluded from IPO operation.
*info: 251 clock nets excluded
*info: 2 special nets excluded.
*info: 159 no-driver nets excluded.
*info: 120 nets with fixed/cover wires excluded.
** GigaOpt Optimizer WNS Slack -0.137 TNS Slack -14.971 Density 94.81
Optimizer TNS Opt
Active Path Group: reg2reg  
+--------+---------+--------+---------+----------+------------+--------+----------+---------+----------------------------------------------------+
|  WNS   | All WNS |  TNS   | All TNS | Density  |    Real    |  Mem   |Worst View|Pathgroup|                     End Point                      |
+--------+---------+--------+---------+----------+------------+--------+----------+---------+----------------------------------------------------+
|  -0.137|   -0.137| -14.971|  -14.971|    94.81%|   0:00:00.0| 3293.1M|   WC_VIEW|  reg2reg| sfp_instance/R_8514/D                              |
|  -0.137|   -0.137| -14.813|  -14.813|    94.81%|   0:00:02.0| 3302.9M|   WC_VIEW|  reg2reg| sfp_instance/R_6937/D                              |
|  -0.137|   -0.137| -14.662|  -14.662|    94.81%|   0:00:00.0| 3302.9M|   WC_VIEW|  reg2reg| sfp_instance/R_7681/D                              |
|  -0.137|   -0.137| -14.604|  -14.604|    94.81%|   0:00:01.0| 3302.9M|   WC_VIEW|  reg2reg| sfp_instance/R_7174/D                              |
|  -0.137|   -0.137| -14.547|  -14.547|    94.81%|   0:00:01.0| 3302.9M|   WC_VIEW|  reg2reg| sfp_instance/R_7883/D                              |
|  -0.137|   -0.137| -14.531|  -14.531|    94.81%|   0:00:00.0| 3302.9M|   WC_VIEW|  reg2reg| sfp_instance/R_8455/D                              |
|  -0.137|   -0.137| -14.484|  -14.484|    94.81%|   0:00:01.0| 3302.9M|   WC_VIEW|  reg2reg| sfp_instance/R_8288/D                              |
|  -0.137|   -0.137| -14.484|  -14.484|    94.81%|   0:00:00.0| 3302.9M|   WC_VIEW|  reg2reg| sfp_instance/R_8514/D                              |
+--------+---------+--------+---------+----------+------------+--------+----------+---------+----------------------------------------------------+

*** Finish Core Optimize Step (cpu=0:00:22.1 real=0:00:05.0 mem=3302.9M) ***

*** Finished Optimize Step Cumulative (cpu=0:00:22.2 real=0:00:05.0 mem=3302.9M) ***
** GigaOpt Optimizer WNS Slack -0.137 TNS Slack -14.484 Density 94.81
*** Starting refinePlace (2:15:06 mem=3302.9M) ***
Total net bbox length = 9.773e+05 (4.733e+05 5.040e+05) (ext = 6.380e+04)
Move report: Detail placement moves 0 insts, mean move: 0.00 um, max move: 0.00 um
	Runtime: CPU: 0:00:00.6 REAL: 0:00:01.0 MEM: 3302.9MB
Summary Report:
Instances move: 0 (out of 52061 movable)
Mean displacement: 0.00 um
Max displacement: 0.00 um 
Total net bbox length = 9.773e+05 (4.733e+05 5.040e+05) (ext = 6.380e+04)
Runtime: CPU: 0:00:00.6 REAL: 0:00:01.0 MEM: 3302.9MB
*** Finished refinePlace (2:15:06 mem=3302.9M) ***
Finished re-routing un-routed nets (0:00:00.0 3302.9M)


Density : 0.9481
Max route overflow : 0.0003


*** Finish Physical Update (cpu=0:00:01.8 real=0:00:02.0 mem=3302.9M) ***
** GigaOpt Optimizer WNS Slack -0.137 TNS Slack -14.484 Density 94.81

*** Finish post-CTS Setup Fixing (cpu=0:00:25.0 real=0:00:08.0 mem=3302.9M) ***

End: GigaOpt TNS recovery
*** Steiner Routed Nets: 0.063%; Threshold: 100; Threshold for Hold: 100
Re-routed 0 nets
Begin: GigaOpt Optimization in post-eco TNS mode
Info: 120 nets with fixed/cover wires excluded.
Info: 251 clock nets excluded from IPO operation.
*info: 251 clock nets excluded
*info: 2 special nets excluded.
*info: 159 no-driver nets excluded.
*info: 120 nets with fixed/cover wires excluded.
** GigaOpt Optimizer WNS Slack -0.137 TNS Slack -14.484 Density 94.81
Optimizer TNS Opt
Active Path Group: reg2reg  
+--------+---------+--------+---------+----------+------------+--------+----------+---------+----------------------------------------------------+
|  WNS   | All WNS |  TNS   | All TNS | Density  |    Real    |  Mem   |Worst View|Pathgroup|                     End Point                      |
+--------+---------+--------+---------+----------+------------+--------+----------+---------+----------------------------------------------------+
|  -0.137|   -0.137| -14.484|  -14.484|    94.81%|   0:00:00.0| 3302.9M|   WC_VIEW|  reg2reg| sfp_instance/R_8514/D                              |
|  -0.137|   -0.137| -14.484|  -14.484|    94.81%|   0:00:02.0| 3302.9M|   WC_VIEW|  reg2reg| sfp_instance/R_8288/D                              |
|  -0.137|   -0.137| -14.484|  -14.484|    94.81%|   0:00:00.0| 3302.9M|   WC_VIEW|  reg2reg| sfp_instance/R_8514/D                              |
+--------+---------+--------+---------+----------+------------+--------+----------+---------+----------------------------------------------------+

*** Finish Core Optimize Step (cpu=0:00:01.5 real=0:00:02.0 mem=3302.9M) ***

*** Finished Optimize Step Cumulative (cpu=0:00:01.6 real=0:00:02.0 mem=3302.9M) ***

*** Finish post-CTS Setup Fixing (cpu=0:00:02.3 real=0:00:02.0 mem=3302.9M) ***

End: GigaOpt Optimization in post-eco TNS mode
**optDesign ... cpu = 0:16:07, real = 0:05:59, mem = 2579.8M, totSessionCpu=2:15:14 **
** Profile ** Start :  cpu=0:00:00.0, mem=2579.8M
** Profile ** Other data :  cpu=0:00:00.2, mem=2579.8M
** Profile ** Overall slacks :  cpu=0:00:00.4, mem=2657.3M
** Profile ** DRVs :  cpu=0:00:00.9, mem=2657.3M

------------------------------------------------------------
        Before Power Reclaim                             
------------------------------------------------------------

Setup views included:
 WC_VIEW 

+--------------------+---------+---------+---------+
|     Setup mode     |   all   | reg2reg | default |
+--------------------+---------+---------+---------+
|           WNS (ns):| -0.137  | -0.137  |  0.231  |
|           TNS (ns):| -14.484 | -14.484 |  0.000  |
|    Violating Paths:|   278   |   278   |    0    |
|          All Paths:|  8401   |  6831   |  3064   |
+--------------------+---------+---------+---------+

+----------------+-------------------------------+------------------+
|                |              Real             |       Total      |
|    DRVs        +------------------+------------+------------------|
|                |  Nr nets(terms)  | Worst Vio  |  Nr nets(terms)  |
+----------------+------------------+------------+------------------+
|   max_cap      |      0 (0)       |   0.000    |      0 (0)       |
|   max_tran     |      0 (0)       |   0.000    |      0 (0)       |
|   max_fanout   |      0 (0)       |     0      |      0 (0)       |
|   max_length   |      0 (0)       |     0      |      0 (0)       |
+----------------+------------------+------------+------------------+

Density: 39.027%
       (94.813% with Fillers)
Routing Overflow: 0.03% H and 0.02% V
------------------------------------------------------------
** Profile ** Report data :  cpu=0:00:00.0, mem=2657.3M
Info: 120 nets with fixed/cover wires excluded.
Info: 251 clock nets excluded from IPO operation.

Begin Power Analysis

    0.00V	    VSS
    0.90V	    VDD

Begin Processing Timing Library for Power Calculation

Begin Processing Timing Library for Power Calculation



Begin Processing Power Net/Grid for Power Calculation

Ended Processing Power Net/Grid for Power Calculation: (cpu=0:00:00, real=0:00:00, mem(process/total)=1882.84MB/1882.84MB)

Begin Processing Timing Window Data for Power Calculation

CK: assigning clock clk_o to net clk_o
CK: assigning clock clk to net clk
Ended Processing Timing Window Data for Power Calculation: (cpu=0:00:00, real=0:00:00, mem(process/total)=1882.84MB/1882.84MB)

Begin Processing User Attributes

Ended Processing User Attributes: (cpu=0:00:00, real=0:00:00, mem(process/total)=1882.84MB/1882.84MB)

Begin Processing Signal Activity


Starting Levelizing
2025-Mar-22 19:05:56 (2025-Mar-23 02:05:56 GMT)
2025-Mar-22 19:05:56 (2025-Mar-23 02:05:56 GMT): 10%
2025-Mar-22 19:05:56 (2025-Mar-23 02:05:56 GMT): 20%
2025-Mar-22 19:05:56 (2025-Mar-23 02:05:56 GMT): 30%
2025-Mar-22 19:05:56 (2025-Mar-23 02:05:56 GMT): 40%
2025-Mar-22 19:05:56 (2025-Mar-23 02:05:56 GMT): 50%
2025-Mar-22 19:05:56 (2025-Mar-23 02:05:56 GMT): 60%
2025-Mar-22 19:05:56 (2025-Mar-23 02:05:56 GMT): 70%
2025-Mar-22 19:05:56 (2025-Mar-23 02:05:56 GMT): 80%
2025-Mar-22 19:05:56 (2025-Mar-23 02:05:56 GMT): 90%

Finished Levelizing
2025-Mar-22 19:05:56 (2025-Mar-23 02:05:56 GMT)

Starting Activity Propagation
2025-Mar-22 19:05:56 (2025-Mar-23 02:05:56 GMT)
2025-Mar-22 19:05:57 (2025-Mar-23 02:05:57 GMT): 10%
2025-Mar-22 19:05:57 (2025-Mar-23 02:05:57 GMT): 20%

Finished Activity Propagation
2025-Mar-22 19:05:58 (2025-Mar-23 02:05:58 GMT)
Ended Processing Signal Activity: (cpu=0:00:03, real=0:00:03, mem(process/total)=1884.72MB/1884.72MB)

Begin Power Computation

      ----------------------------------------------------------
      # of cell(s) missing both power/leakage table: 0
      # of cell(s) missing power table: 4
      # of cell(s) missing leakage table: 2
      # of MSMV cell(s) missing power_level: 0
      ----------------------------------------------------------
CellName                                  Missing Table(s)
TIEH                                      internal power, 
TIEL                                      internal power, 
sram_w16_in                               internal power, leakge power, 
sram_w16_out                              internal power, leakge power, 



Starting Calculating power
2025-Mar-22 19:05:58 (2025-Mar-23 02:05:58 GMT)
2025-Mar-22 19:05:59 (2025-Mar-23 02:05:59 GMT): 10%
2025-Mar-22 19:05:59 (2025-Mar-23 02:05:59 GMT): 20%
2025-Mar-22 19:06:00 (2025-Mar-23 02:06:00 GMT): 30%
2025-Mar-22 19:06:00 (2025-Mar-23 02:06:00 GMT): 40%
2025-Mar-22 19:06:00 (2025-Mar-23 02:06:00 GMT): 50%
2025-Mar-22 19:06:00 (2025-Mar-23 02:06:00 GMT): 60%
2025-Mar-22 19:06:00 (2025-Mar-23 02:06:00 GMT): 70%
2025-Mar-22 19:06:00 (2025-Mar-23 02:06:00 GMT): 80%
2025-Mar-22 19:06:00 (2025-Mar-23 02:06:00 GMT): 90%

Finished Calculating power
2025-Mar-22 19:06:00 (2025-Mar-23 02:06:00 GMT)
Ended Power Computation: (cpu=0:00:04, real=0:00:01, mem(process/total)=1889.95MB/1889.95MB)

Begin Processing User Attributes

Ended Processing User Attributes: (cpu=0:00:00, real=0:00:00, mem(process/total)=1889.95MB/1889.95MB)

Ended Power Analysis: (cpu=0:00:08, real=0:00:05, mem(process/total)=1889.95MB/1889.95MB)

Begin Static Power Report Generation
*----------------------------------------------------------------------------------------
*	Innovus 15.23-s045_1 (64bit) 04/22/2016 12:32 (Linux 2.6.18-194.el5)
*	
*
* 	Date & Time:	2025-Mar-22 19:06:00 (2025-Mar-23 02:06:00 GMT)
*
*----------------------------------------------------------------------------------------
*
*	Design: core
*
*	Liberty Libraries used:
*	        WC_VIEW: /home/linux/ieng6/ee260bwi25/public/PDKdata/lib/tcbn65gpluswc.lib
*	        WC_VIEW: ./subckt/sram_w16_in_WC.lib
*	        WC_VIEW: ./subckt/sram_w16_out_WC.lib
*
*	Power Domain used:
*		Rail:        VDD 	Voltage:        0.9
*
*       Power View : WC_VIEW
*
*       User-Defined Activity : N.A.
*
*       Activity File: N.A.
*
*       Hierarchical Global Activity: N.A.
*
*       Global Activity: N.A.
*
*       Sequential Element Activity: 0.200000
*
*       Primary Input Activity: 0.200000
*
*       Default icg ratio: N.A.
*
*       Global Comb ClockGate Ratio: N.A.
*
*	Power Units = 1mW
*
*	Time Units = 1e-09 secs
*
*       report_power
*
-----------------------------------------------------------------------------------------


Total Power
-----------------------------------------------------------------------------------------
Total Internal Power:       29.07115308 	   55.5752%
Total Switching Power:      19.83814655 	   37.9245%
Total Leakage Power:         3.40027417 	    6.5003%
Total Power:                52.30957393
-----------------------------------------------------------------------------------------


Group                           Internal   Switching     Leakage       Total  Percentage 
                                Power      Power         Power         Power  (%)        
-----------------------------------------------------------------------------------------
Sequential                         13.47      0.8363      0.3677       14.68       28.06
Macro                                  0      0.2435       1.714       1.957       3.742
IO                                     0           0   1.457e-06   1.457e-06   2.785e-06
Combinational                      14.08       16.04       1.283        31.4       60.02
Clock (Combinational)              1.524       2.721     0.03617       4.281       8.184
Clock (Sequential)                     0           0           0           0           0
-----------------------------------------------------------------------------------------
Total                              29.07       19.84         3.4       52.31         100
-----------------------------------------------------------------------------------------


Rail                  Voltage   Internal   Switching     Leakage       Total  Percentage 
                                Power      Power         Power         Power  (%)        
-----------------------------------------------------------------------------------------
VDD                       0.9      29.07       19.84         3.4       52.31         100


Clock                           Internal   Switching     Leakage       Total  Percentage 
                                Power      Power         Power         Power  (%)        
-----------------------------------------------------------------------------------------
clk_o                            0.05575      0.1559    0.001283      0.2129       0.407
clk                                1.468       2.566     0.03489       4.068       7.777
-----------------------------------------------------------------------------------------
Total                              1.524       2.721     0.03617       4.281       8.184
-----------------------------------------------------------------------------------------
 
 
-----------------------------------------------------------------------------------------
*	Power Distribution Summary: 
* 		Highest Average Power:         psum_mem_instance (sram_w16_out): 	    0.1508
* 		Highest Leakage Power:  sfp_instance/FE_RC_226_0 (ND3D8): 	 0.0003029
* 		Total Cap: 	3.83047e-10 F
* 		Total instances in design: 80993
* 		Total instances in design with no power:     0
*                Total instances in design with no activty:     0

* 		Total Fillers and Decap: 28824
-----------------------------------------------------------------------------------------
 
Ended Static Power Report Generation: (cpu=0:00:00, real=0:00:00,
mem(process/total)=1891.23MB/1891.23MB)

Begin: Power Optimization
Reclaim Optimization WNS Slack -0.137  TNS Slack -14.484 Density 94.81
+----------+---------+--------+--------+------------+--------+
| Density  | Commits |  WNS   |  TNS   |    Real    |  Mem   |
+----------+---------+--------+--------+------------+--------+
|    94.81%|        -|  -0.137| -14.484|   0:00:00.0| 3342.2M|
|    94.81%|        0|  -0.137| -14.484|   0:00:04.0| 3342.2M|
|    94.81%|       20|  -0.137| -14.484|   0:00:04.0| 3342.2M|
|    94.81%|       18|  -0.137| -14.484|   0:00:02.0| 3342.2M|
|    94.69%|     5672|  -0.130| -12.907|   0:00:13.0| 3342.2M|
|    94.68%|      471|  -0.130| -13.363|   0:00:07.0| 3342.2M|
+----------+---------+--------+--------+------------+--------+
Reclaim Optimization End WNS Slack -0.130  TNS Slack -13.364 Density 94.68
** Finished Core Power Optimization (cpu = 0:01:32) (real = 0:00:32.0) **
Executing incremental physical updates
*** Starting refinePlace (2:16:59 mem=3134.2M) ***
Total net bbox length = 9.769e+05 (4.735e+05 5.034e+05) (ext = 6.380e+04)
Density distribution unevenness ratio = 1.512%
Density distribution unevenness ratio = 1.629%
Move report: Timing Driven Placement moves 79824 insts, mean move: 1.09 um, max move: 17.40 um
	Max move on inst (sfp_instance/FE_RC_5655_0): (455.60, 66.20) --> (460.40, 78.80)
	Runtime: CPU: 0:00:14.1 REAL: 0:00:06.0 MEM: 3134.2MB
Density distribution unevenness ratio = 1.621%
Move report: Detail placement moves 61249 insts, mean move: 0.80 um, max move: 11.20 um
	Max move on inst (FE_OFC159_out_11_): (685.80, 96.80) --> (691.60, 91.40)
	Runtime: CPU: 0:00:03.1 REAL: 0:00:02.0 MEM: 3134.2MB
Summary Report:
Instances move: 47259 (out of 52036 movable)
Mean displacement: 1.49 um
Max displacement: 17.60 um (Instance: sfp_instance/FE_RC_5655_0) (455.6, 66.2) -> (460.6, 78.8)
	Length: 14 sites, height: 1 rows, site name: core, cell type: INR2D4
Total net bbox length = 1.018e+06 (5.162e+05 5.021e+05) (ext = 6.391e+04)
Runtime: CPU: 0:00:17.3 REAL: 0:00:08.0 MEM: 3134.2MB
*** Finished refinePlace (2:17:16 mem=3134.2M) ***
Checking setup slack degradation ...
Info: 120 nets with fixed/cover wires excluded.
Info: 251 clock nets excluded from IPO operation.
Info: 120 nets with fixed/cover wires excluded.
Info: 251 clock nets excluded from IPO operation.
+--------+---------+--------+---------+----------+------------+--------+----------+---------+----------------------------------------------------+
|  WNS   | All WNS |  TNS   | All TNS | Density  |    Real    |  Mem   |Worst View|Pathgroup|                     End Point                      |
+--------+---------+--------+---------+----------+------------+--------+----------+---------+----------------------------------------------------+
|  -0.130|   -0.130| -13.364|  -13.364|    94.68%|   0:00:00.0| 3342.2M|   WC_VIEW|  reg2reg| sfp_instance/R_8514/D                              |
+--------+---------+--------+---------+----------+------------+--------+----------+---------+----------------------------------------------------+

*** Finish post-CTS Optimize Step (cpu=0:00:00.4 real=0:00:01.0 mem=3342.2M) ***

*** Finish post-CTS Setup Fixing (cpu=0:00:01.0 real=0:00:01.0 mem=3342.2M) ***

Begin Power Analysis

    0.00V	    VSS
    0.90V	    VDD
Begin Processing Timing Library for Power Calculation

Begin Processing Timing Library for Power Calculation



Begin Processing Power Net/Grid for Power Calculation

Ended Processing Power Net/Grid for Power Calculation: (cpu=0:00:00, real=0:00:00, mem(process/total)=2214.70MB/2214.70MB)

Begin Processing Timing Window Data for Power Calculation

Ended Processing Timing Window Data for Power Calculation: (cpu=0:00:00, real=0:00:00, mem(process/total)=2214.70MB/2214.70MB)

Begin Processing User Attributes

Ended Processing User Attributes: (cpu=0:00:00, real=0:00:00, mem(process/total)=2214.70MB/2214.70MB)

Begin Processing Signal Activity


Starting Levelizing
2025-Mar-22 19:06:50 (2025-Mar-23 02:06:50 GMT)
2025-Mar-22 19:06:50 (2025-Mar-23 02:06:50 GMT): 10%
2025-Mar-22 19:06:50 (2025-Mar-23 02:06:50 GMT): 20%
2025-Mar-22 19:06:50 (2025-Mar-23 02:06:50 GMT): 30%
2025-Mar-22 19:06:50 (2025-Mar-23 02:06:50 GMT): 40%
2025-Mar-22 19:06:50 (2025-Mar-23 02:06:50 GMT): 50%
2025-Mar-22 19:06:50 (2025-Mar-23 02:06:50 GMT): 60%
2025-Mar-22 19:06:50 (2025-Mar-23 02:06:50 GMT): 70%
2025-Mar-22 19:06:50 (2025-Mar-23 02:06:50 GMT): 80%
2025-Mar-22 19:06:50 (2025-Mar-23 02:06:50 GMT): 90%

Finished Levelizing
2025-Mar-22 19:06:50 (2025-Mar-23 02:06:50 GMT)

Starting Activity Propagation
2025-Mar-22 19:06:50 (2025-Mar-23 02:06:50 GMT)
2025-Mar-22 19:06:51 (2025-Mar-23 02:06:51 GMT): 10%
2025-Mar-22 19:06:51 (2025-Mar-23 02:06:51 GMT): 20%
2025-Mar-22 19:06:52 (2025-Mar-23 02:06:52 GMT): 30%

Finished Activity Propagation
2025-Mar-22 19:06:53 (2025-Mar-23 02:06:53 GMT)
Ended Processing Signal Activity: (cpu=0:00:02, real=0:00:02, mem(process/total)=2214.90MB/2214.90MB)

Begin Power Computation

      ----------------------------------------------------------
      # of cell(s) missing both power/leakage table: 0
      # of cell(s) missing power table: 4
      # of cell(s) missing leakage table: 2
      # of MSMV cell(s) missing power_level: 0
      ----------------------------------------------------------
CellName                                  Missing Table(s)
TIEH                                      internal power, 
TIEL                                      internal power, 
sram_w16_in                               internal power, leakge power, 
sram_w16_out                              internal power, leakge power, 



Starting Calculating power
2025-Mar-22 19:06:53 (2025-Mar-23 02:06:53 GMT)
2025-Mar-22 19:06:54 (2025-Mar-23 02:06:54 GMT): 10%
2025-Mar-22 19:06:54 (2025-Mar-23 02:06:54 GMT): 20%
2025-Mar-22 19:06:54 (2025-Mar-23 02:06:54 GMT): 30%
2025-Mar-22 19:06:54 (2025-Mar-23 02:06:54 GMT): 40%
2025-Mar-22 19:06:54 (2025-Mar-23 02:06:54 GMT): 50%
2025-Mar-22 19:06:54 (2025-Mar-23 02:06:54 GMT): 60%
2025-Mar-22 19:06:54 (2025-Mar-23 02:06:54 GMT): 70%
2025-Mar-22 19:06:54 (2025-Mar-23 02:06:54 GMT): 80%
2025-Mar-22 19:06:54 (2025-Mar-23 02:06:54 GMT): 90%

Finished Calculating power
2025-Mar-22 19:06:54 (2025-Mar-23 02:06:54 GMT)
Ended Power Computation: (cpu=0:00:05, real=0:00:01, mem(process/total)=2220.48MB/2220.48MB)

Begin Processing User Attributes

Ended Processing User Attributes: (cpu=0:00:00, real=0:00:00, mem(process/total)=2220.48MB/2220.48MB)

Ended Power Analysis: (cpu=0:00:08, real=0:00:05, mem(process/total)=2220.48MB/2220.48MB)

Begin Static Power Report Generation
*----------------------------------------------------------------------------------------
*	Innovus 15.23-s045_1 (64bit) 04/22/2016 12:32 (Linux 2.6.18-194.el5)
*	
*
* 	Date & Time:	2025-Mar-22 19:06:54 (2025-Mar-23 02:06:54 GMT)
*
*----------------------------------------------------------------------------------------
*
*	Design: core
*
*	Liberty Libraries used:
*	        WC_VIEW: /home/linux/ieng6/ee260bwi25/public/PDKdata/lib/tcbn65gpluswc.lib
*	        WC_VIEW: ./subckt/sram_w16_in_WC.lib
*	        WC_VIEW: ./subckt/sram_w16_out_WC.lib
*
*	Power Domain used:
*		Rail:        VDD 	Voltage:        0.9
*
*       Power View : WC_VIEW
*
*       User-Defined Activity : N.A.
*
*       Activity File: N.A.
*
*       Hierarchical Global Activity: N.A.
*
*       Global Activity: N.A.
*
*       Sequential Element Activity: 0.200000
*
*       Primary Input Activity: 0.200000
*
*       Default icg ratio: N.A.
*
*       Global Comb ClockGate Ratio: N.A.
*
*	Power Units = 1mW
*
*	Time Units = 1e-09 secs
*
*       report_power
*
-----------------------------------------------------------------------------------------


Total Power
-----------------------------------------------------------------------------------------
Total Internal Power:       28.80890789 	   55.5635%
Total Switching Power:      19.67263983 	   37.9425%
Total Leakage Power:         3.36706831 	    6.4940%
Total Power:                51.84861616
-----------------------------------------------------------------------------------------


Group                           Internal   Switching     Leakage       Total  Percentage 
                                Power      Power         Power         Power  (%)        
-----------------------------------------------------------------------------------------
Sequential                         13.47      0.8339      0.3669       14.67       28.29
Macro                                  0      0.2423       1.714       1.956       3.773
IO                                     0           0   1.457e-06   1.457e-06    2.81e-06
Combinational                      13.82       15.88        1.25       30.94       59.68
Clock (Combinational)              1.524        2.72     0.03617        4.28       8.255
Clock (Sequential)                     0           0           0           0           0
-----------------------------------------------------------------------------------------
Total                              28.81       19.67       3.367       51.85         100
-----------------------------------------------------------------------------------------


Rail                  Voltage   Internal   Switching     Leakage       Total  Percentage 
                                Power      Power         Power         Power  (%)        
-----------------------------------------------------------------------------------------
VDD                       0.9      28.81       19.67       3.367       51.85         100


Clock                           Internal   Switching     Leakage       Total  Percentage 
                                Power      Power         Power         Power  (%)        
-----------------------------------------------------------------------------------------
clk_o                            0.05575      0.1559    0.001283      0.2129      0.4107
clk                                1.468       2.564     0.03489       4.067       7.844
-----------------------------------------------------------------------------------------
Total                              1.524        2.72     0.03617        4.28       8.255
-----------------------------------------------------------------------------------------
 
 
-----------------------------------------------------------------------------------------
*	Power Distribution Summary: 
* 		Highest Average Power:         psum_mem_instance (sram_w16_out): 	    0.1496
* 		Highest Leakage Power:  sfp_instance/FE_RC_226_0 (ND3D8): 	 0.0003029
* 		Total Cap: 	3.80393e-10 F
* 		Total instances in design: 80968
* 		Total instances in design with no power:     0
*                Total instances in design with no activty:     0

* 		Total Fillers and Decap: 28824
-----------------------------------------------------------------------------------------
 
Ended Static Power Report Generation: (cpu=0:00:00, real=0:00:00,
mem(process/total)=2220.48MB/2220.48MB)

*** Finished Leakage Power Optimization (cpu=0:02:07, real=0:00:53, mem=2608.03M, totSessionCpu=2:17:33).
Extraction called for design 'core' of instances=93751 and nets=55611 using extraction engine 'preRoute' .
PreRoute RC Extraction called for design core.
RC Extraction called in multi-corner(2) mode.
**WARN: (IMPEXT-3442):	The version of the capacitance table file being used is obsolete and is no longer recommended. For improved accuracy, generate the capacitance table file using the generateCapTbl command.
RCMode: PreRoute
      RC Corner Indexes            0       1   
Capacitance Scaling Factor   : 1.00000 1.00000 
Resistance Scaling Factor    : 1.00000 1.00000 
Clock Cap. Scaling Factor    : 1.00000 1.00000 
Clock Res. Scaling Factor    : 1.00000 1.00000 
Shrink Factor                : 1.00000
PreRoute extraction is honoring NDR/Shielding/ExtraSpace for clock nets.
Using capacitance table file ...
Initializing multi-corner capacitance tables ... 
Initializing multi-corner resistance tables ...
PreRoute RC Extraction DONE (CPU Time: 0:00:00.7  Real Time: 0:00:00.0  MEM: 2528.809M)
doiPBLastSyncSlave
#################################################################################
# Design Stage: PreRoute
# Design Name: core
# Design Mode: 65nm
# Analysis Mode: MMMC Non-OCV 
# Parasitics Mode: No SPEF/RCDB
# Signoff Settings: SI Off 
#################################################################################
Calculate delays in BcWc mode...
End delay calculation. (MEM=3038.19 CPU=0:00:07.7 REAL=0:00:01.0)
*** CDM Built up (cpu=0:00:10.7  real=0:00:03.0  mem= 3038.2M) ***

Begin Power Analysis

    0.00V	    VSS
    0.90V	    VDD
Begin Processing Timing Library for Power Calculation

Begin Processing Timing Library for Power Calculation



Begin Processing Power Net/Grid for Power Calculation

Ended Processing Power Net/Grid for Power Calculation: (cpu=0:00:00, real=0:00:00, mem(process/total)=1910.27MB/1910.27MB)

Begin Processing Timing Window Data for Power Calculation

Ended Processing Timing Window Data for Power Calculation: (cpu=0:00:00, real=0:00:00, mem(process/total)=1910.46MB/1910.46MB)

Begin Processing User Attributes

Ended Processing User Attributes: (cpu=0:00:00, real=0:00:00, mem(process/total)=1910.46MB/1910.46MB)

Begin Processing Signal Activity


Starting Activity Propagation
2025-Mar-22 19:07:01 (2025-Mar-23 02:07:01 GMT)
2025-Mar-22 19:07:02 (2025-Mar-23 02:07:02 GMT): 10%
2025-Mar-22 19:07:02 (2025-Mar-23 02:07:02 GMT): 20%
2025-Mar-22 19:07:02 (2025-Mar-23 02:07:02 GMT): 30%

Finished Activity Propagation
2025-Mar-22 19:07:03 (2025-Mar-23 02:07:03 GMT)
Ended Processing Signal Activity: (cpu=0:00:02, real=0:00:02, mem(process/total)=1910.60MB/1910.60MB)

Begin Power Computation

      ----------------------------------------------------------
      # of cell(s) missing both power/leakage table: 0
      # of cell(s) missing power table: 4
      # of cell(s) missing leakage table: 2
      # of MSMV cell(s) missing power_level: 0
      ----------------------------------------------------------
CellName                                  Missing Table(s)
TIEH                                      internal power, 
TIEL                                      internal power, 
sram_w16_in                               internal power, leakge power, 
sram_w16_out                              internal power, leakge power, 



Starting Calculating power
2025-Mar-22 19:07:03 (2025-Mar-23 02:07:03 GMT)
2025-Mar-22 19:07:04 (2025-Mar-23 02:07:04 GMT): 10%
2025-Mar-22 19:07:04 (2025-Mar-23 02:07:04 GMT): 20%
2025-Mar-22 19:07:04 (2025-Mar-23 02:07:04 GMT): 30%
2025-Mar-22 19:07:04 (2025-Mar-23 02:07:04 GMT): 40%
2025-Mar-22 19:07:04 (2025-Mar-23 02:07:04 GMT): 50%
2025-Mar-22 19:07:04 (2025-Mar-23 02:07:04 GMT): 60%
2025-Mar-22 19:07:04 (2025-Mar-23 02:07:04 GMT): 70%
2025-Mar-22 19:07:04 (2025-Mar-23 02:07:04 GMT): 80%
2025-Mar-22 19:07:04 (2025-Mar-23 02:07:04 GMT): 90%

Finished Calculating power
2025-Mar-22 19:07:05 (2025-Mar-23 02:07:05 GMT)
Ended Power Computation: (cpu=0:00:04, real=0:00:01, mem(process/total)=1914.59MB/1914.59MB)

Begin Processing User Attributes

Ended Processing User Attributes: (cpu=0:00:00, real=0:00:00, mem(process/total)=1914.59MB/1914.59MB)

Ended Power Analysis: (cpu=0:00:08, real=0:00:04, mem(process/total)=1914.59MB/1914.59MB)

Begin Static Power Report Generation
*----------------------------------------------------------------------------------------
*	Innovus 15.23-s045_1 (64bit) 04/22/2016 12:32 (Linux 2.6.18-194.el5)
*	
*
* 	Date & Time:	2025-Mar-22 19:07:05 (2025-Mar-23 02:07:05 GMT)
*
*----------------------------------------------------------------------------------------

*

*	Design: core

*

*	Liberty Libraries used: 

*	        WC_VIEW: /home/linux/ieng6/ee260bwi25/public/PDKdata/lib/tcbn65gpluswc.lib

*	        WC_VIEW: ./subckt/sram_w16_in_WC.lib

*	        WC_VIEW: ./subckt/sram_w16_out_WC.lib

*

*	Power Domain used: 

*		Rail:        VDD 	Voltage:        0.9 

*

*       Power View : WC_VIEW
*
*       User-Defined Activity : N.A.
*
*       Activity File: N.A.
*
*       Hierarchical Global Activity: N.A.
*
*       Global Activity: N.A.
*
*       Sequential Element Activity: 0.200000
*
*       Primary Input Activity: 0.200000
*
*       Default icg ratio: N.A.
*
*       Global Comb ClockGate Ratio: N.A.
*
*	Power Units = 1mW

*

*	Time Units = 1e-09 secs 

*

*       report_power -outfile ./timingReports/core_postCTS.power

*

-----------------------------------------------------------------------------------------



Total Power
-----------------------------------------------------------------------------------------
Total Internal Power:       28.80890966 	   55.5635%
Total Switching Power:      19.67263983 	   37.9425%
Total Leakage Power:         3.36706831 	    6.4940%
Total Power:                51.84861793
-----------------------------------------------------------------------------------------


Group                           Internal   Switching     Leakage       Total  Percentage 
                                Power      Power         Power         Power  (%)        
-----------------------------------------------------------------------------------------
Sequential                         13.47      0.8339      0.3669       14.67       28.29
Macro                                  0      0.2423       1.714       1.956       3.773
IO                                     0           0   1.457e-06   1.457e-06    2.81e-06
Combinational                      13.82       15.88        1.25       30.94       59.68
Clock (Combinational)              1.524        2.72     0.03617        4.28       8.255
Clock (Sequential)                     0           0           0           0           0
-----------------------------------------------------------------------------------------
Total                              28.81       19.67       3.367       51.85         100
-----------------------------------------------------------------------------------------


Rail                  Voltage   Internal   Switching     Leakage       Total  Percentage 
                                Power      Power         Power         Power  (%)        
-----------------------------------------------------------------------------------------
VDD                       0.9      28.81       19.67       3.367       51.85         100


Clock                           Internal   Switching     Leakage       Total  Percentage 
                                Power      Power         Power         Power  (%)        
-----------------------------------------------------------------------------------------
clk_o                            0.05575      0.1559    0.001283      0.2129      0.4107
clk                                1.468       2.564     0.03489       4.067       7.844
-----------------------------------------------------------------------------------------
Total                              1.524        2.72     0.03617        4.28       8.255
-----------------------------------------------------------------------------------------
Total leakage power = 3.36707 mW
Cell usage statistics:  
Library tcbn65gpluswc , 80965 cells ( 100.000000%) , 3.36707 mW ( 100.000000% ) 
Ended Static Power Report Generation: (cpu=0:00:00, real=0:00:00,
mem(process/total)=1916.05MB/1916.05MB)


Output file is ./timingReports/core_postCTS.power
<optDesign CMD> Restore Using all VT Cells
Reported timing to dir ./timingReports
**optDesign ... cpu = 0:18:48, real = 0:07:11, mem = 2580.5M, totSessionCpu=2:17:55 **
** Profile ** Start :  cpu=0:00:00.0, mem=2580.5M
** Profile ** Other data :  cpu=0:00:00.2, mem=2580.6M
** Profile ** Overall slacks :  cpu=0:00:00.4, mem=2666.0M
** Profile ** Total reports :  cpu=0:00:01.9, mem=2588.6M
** Profile ** DRVs :  cpu=0:00:00.9, mem=2588.6M

------------------------------------------------------------
     optDesign Final Summary                             
------------------------------------------------------------

Setup views included:
 WC_VIEW 

+--------------------+---------+---------+---------+
|     Setup mode     |   all   | reg2reg | default |
+--------------------+---------+---------+---------+
|           WNS (ns):| -0.128  | -0.128  |  0.238  |
|           TNS (ns):| -12.994 | -12.994 |  0.000  |
|    Violating Paths:|   265   |   265   |    0    |
|          All Paths:|  8401   |  6831   |  3064   |
+--------------------+---------+---------+---------+

+----------------+-------------------------------+------------------+
|                |              Real             |       Total      |
|    DRVs        +------------------+------------+------------------|
|                |  Nr nets(terms)  | Worst Vio  |  Nr nets(terms)  |
+----------------+------------------+------------+------------------+
|   max_cap      |      0 (0)       |   0.000    |      0 (0)       |
|   max_tran     |      0 (0)       |   0.000    |      0 (0)       |
|   max_fanout   |      0 (0)       |     0      |      0 (0)       |
|   max_length   |      0 (0)       |     0      |      0 (0)       |
+----------------+------------------+------------+------------------+

Density: 38.898%
       (94.684% with Fillers)
Routing Overflow: 0.03% H and 0.02% V
------------------------------------------------------------
** Profile ** Report data :  cpu=0:00:00.0, mem=2588.6M
**optDesign ... cpu = 0:18:52, real = 0:07:15, mem = 2586.6M, totSessionCpu=2:17:59 **
*** Finished optDesign ***
Removing temporary dont_use automatically set for cells with technology sites with no row.

*** Summary of all messages that are not suppressed in this session:
Severity  ID               Count  Summary                                  
WARNING   IMPEXT-3442          7  The version of the capacitance table fil...
WARNING   IMPOPT-3663          1  Power view is not set. First setup analy...
WARNING   IMPOPT-3564          1  The following cells are set dont_use tem...
WARNING   IMPCCOPT-2231        4  CCOpt data structures have been affected...
WARNING   IMPCCOPT-2015        2  %s will not update I/O latencies for the...
*** Message Summary: 15 warning(s), 0 error(s)

**ccopt_design ... cpu = 0:21:37, real = 0:08:43, mem = 2537.2M, totSessionCpu=2:17:59 **
GigaOpt running with 8 threads.
-powerEffort high                          # enums={none low high}, default=none, user setting
-leakageToDynamicRatio 0.5                 # float, default=1, user setting
-setupDynamicPowerViewAsDefaultView false
                                           # bool, default=false, private
**WARN: (IMPOPT-3564):	The following cells are set dont_use temporarily by the tool because there are no rows defined for their technology site, or they are not placeable in any power domain. To avoid this message, review the floorplan, msv setting, the library setting or set manualy those cells as dont_use.
	Cell FILL1_LL, site bcore.
	Cell FILL_NW_HH, site bcore.
	Cell FILL_NW_LL, site bcore.
	Cell GFILL, site gacore.
	Cell GFILL10, site gacore.
	Cell GFILL2, site gacore.
	Cell GFILL3, site gacore.
	Cell GFILL4, site gacore.
	Cell LVLLHCD1, site bcore.
	Cell LVLLHCD2, site bcore.
	Cell LVLLHCD4, site bcore.
	Cell LVLLHCD8, site bcore.
	Cell LVLLHD1, site bcore.
	Cell LVLLHD2, site bcore.
	Cell LVLLHD4, site bcore.
	Cell LVLLHD8, site bcore.
.
**optDesign ... cpu = 0:00:00, real = 0:00:00, mem = 2547.2M, totSessionCpu=2:18:01 **
*** optDesign -postCTS ***
DRC Margin: user margin 0.0
Hold Target Slack: user slack 0
Setup Target Slack: user slack 0;
setUsefulSkewMode -noEcoRoute
Start to check current routing status for nets...
All nets are already routed correctly.
End to check current routing status for nets (mem=2547.2M)
DEL0 does not have usable cells
 This may be because it is dont_use, or because it has no LEF.
 **WARN: (IMPOPT-3080):	All delay cells are dont_use. Buffers will be used to fix hold violations.
Type 'man IMPOPT-3080' for more detail.
GigaOpt Hold Optimizer is used
Include MVT Delays for Hold Opt
<optDesign CMD> fixhold  no -lvt Cells
**INFO: Num dontuse cells 398, Num usable cells 480
optDesignOneStep: Leakage Power Flow
**INFO: Num dontuse cells 398, Num usable cells 480
Starting initialization (fixHold) cpu=0:00:00.0 real=0:00:00.0 totSessionCpu=2:18:02 mem=2547.2M ***
**INFO: Starting Blocking QThread with 8 CPU
   ____________________________________________________________________
__/ message from Blocking QThread
Multi-CPU acceleration using 8 CPU(s).
Multithreaded Timing Analysis is initialized with 8 threads

#################################################################################
# Design Stage: PreRoute
# Design Name: core
# Design Mode: 65nm
# Analysis Mode: MMMC Non-OCV 
# Parasitics Mode: No SPEF/RCDB
# Signoff Settings: SI Off 
#################################################################################
Calculate delays in BcWc mode...
*** Calculating scaling factor for BC_LIB libraries using the default operating condition of each library.
End delay calculation. (MEM=335.262 CPU=0:00:07.8 REAL=0:00:01.0)
*** CDM Built up (cpu=0:00:08.6  real=0:00:02.0  mem= 335.3M) ***
*** Done Building Timing Graph (cpu=0:00:10.1 real=0:00:03.0 totSessionCpu=0:00:25.5 mem=335.3M)

Active hold views:
 BC_VIEW
  Dominating endpoints: 0
  Dominating TNS: -0.000

Done building cte hold timing graph (fixHold) cpu=0:00:13.4 real=0:00:04.0 totSessionCpu=0:00:25.6 mem=335.3M ***
** Profile ** Start :  cpu=0:00:00.0, mem=335.3M
** Profile ** Overall slacks :  cpu=0:00:00.3, mem=335.3M
Done building hold timer [67130 node(s), 101748 edge(s), 1 view(s)] (fixHold) cpu=0:00:17.0 real=0:00:07.0 totSessionCpu=0:00:29.2 mem=335.3M ***
_______________________________________________________________________
Done building cte setup timing graph (fixHold) cpu=0:00:19.1 real=0:00:09.0 totSessionCpu=2:18:21 mem=2547.2M ***
** Profile ** Start :  cpu=0:00:00.0, mem=2547.2M
** Profile ** Overall slacks :  cpu=0:00:00.4, mem=2618.6M
Restoring autoHoldViews:  BC_VIEW
** Profile ** Start :  cpu=0:00:00.0, mem=2618.6M
** Profile ** Other data :  cpu=0:00:00.2, mem=2618.6M
** Profile ** DRVs :  cpu=0:00:00.7, mem=2618.6M

------------------------------------------------------------
             Initial Summary                             
------------------------------------------------------------

Setup views included:
 WC_VIEW
Hold  views included:
 BC_VIEW

+--------------------+---------+---------+---------+
|     Setup mode     |   all   | reg2reg | default |
+--------------------+---------+---------+---------+
|           WNS (ns):| -0.128  | -0.128  |  0.238  |
|           TNS (ns):| -12.994 | -12.994 |  0.000  |
|    Violating Paths:|   265   |   265   |    0    |
|          All Paths:|  8401   |  6831   |  3064   |
+--------------------+---------+---------+---------+

+--------------------+---------+---------+---------+
|     Hold mode      |   all   | reg2reg | default |
+--------------------+---------+---------+---------+
|           WNS (ns):| -0.250  | -0.250  |  0.000  |
|           TNS (ns):| -54.273 | -54.273 |  0.000  |
|    Violating Paths:|   787   |   787   |    0    |
|          All Paths:|  6671   |  6671   |    0    |
+--------------------+---------+---------+---------+

+----------------+-------------------------------+------------------+
|                |              Real             |       Total      |
|    DRVs        +------------------+------------+------------------|
|                |  Nr nets(terms)  | Worst Vio  |  Nr nets(terms)  |
+----------------+------------------+------------+------------------+
|   max_cap      |      0 (0)       |   0.000    |      0 (0)       |
|   max_tran     |      0 (0)       |   0.000    |      0 (0)       |
|   max_fanout   |      0 (0)       |     0      |      0 (0)       |
|   max_length   |      0 (0)       |     0      |      0 (0)       |
+----------------+------------------+------------+------------------+

Density: 38.898%
       (94.684% with Fillers)
Routing Overflow: 0.03% H and 0.02% V
------------------------------------------------------------

*Info: minBufDelay = 55.1 ps, libStdDelay = 14.2 ps, minBufSize = 5760000 (4.0)
*Info: worst delay setup view: WC_VIEW
**optDesign ... cpu = 0:00:26, real = 0:00:14, mem = 2559.2M, totSessionCpu=2:18:27 **
*info: Run optDesign holdfix with 8 threads.
Info: 120 nets with fixed/cover wires excluded.
Info: 251 clock nets excluded from IPO operation.

*** Starting Core Fixing (fixHold) cpu=0:00:25.9 real=0:00:15.0 totSessionCpu=2:18:28 mem=3318.3M density=94.684% ***

Phase I ......
Executing transform: ECO Safe Resize
===========================================================================================
  Phase 1 : Step 1 Iter 0 Summary (ECO Safe Resize)
------------------------------------------------------------------------------------------
 Hold WNS :      -0.2498
      TNS :     -54.2738
      #VP :          787
  Density :      94.684%
------------------------------------------------------------------------------------------
 cpu=0:00:26.7 real=0:00:15.0 totSessionCpu=2:18:29 mem=3350.3M
===========================================================================================

Starting Phase 1 Step 1 Iter 1 ...
===========================================================================================
  Phase 1 : Step 1 Iter 1 Summary (ECO Safe Resize)
------------------------------------------------------------------------------------------
 Hold WNS :      -0.2498
      TNS :     -54.2738
      #VP :          787
  Density :      94.684%
------------------------------------------------------------------------------------------
 cpu=0:00:27.4 real=0:00:16.0 totSessionCpu=2:18:29 mem=3350.3M
===========================================================================================

Executing transform: AddBuffer + LegalResize
===========================================================================================
  Phase 1 : Step 2 Iter 0 Summary (AddBuffer + LegalResize)
------------------------------------------------------------------------------------------
 Hold WNS :      -0.2498
      TNS :     -54.2738
      #VP :          787
  Density :      94.684%
------------------------------------------------------------------------------------------
 cpu=0:00:27.7 real=0:00:16.0 totSessionCpu=2:18:30 mem=3350.3M
===========================================================================================

Starting Phase 1 Step 2 Iter 1 ...
Committed on net mac_array_instance/col_idx_1__mac_col_inst/n102
  Added inst mac_array_instance/col_idx_1__mac_col_inst/FE_PHC5697_n102 (CKBD0)
Committed on net sfp_instance/fifo_inst_ext/wr_ptr_gray[2]
  Added inst sfp_instance/fifo_inst_ext/FE_PHC5698_wr_ptr_gray_2_ (CKBD0)
Committed on net ofifo_inst/col_idx_0__fifo_instance/n508
  Added inst ofifo_inst/col_idx_0__fifo_instance/FE_PHC5699_n508 (BUFFD0)
Committed on net mac_array_instance/inst_temp[2]
  Added inst mac_array_instance/col_idx_2__mac_col_inst/FE_PHC5700_inst_temp_2_ (CKBD0)
Committed on net sfp_instance/div_25_u_div_SumTmp_4__1__0_
  Added inst sfp_instance/FE_PHC5701_div_25_u_div_SumTmp_4__1__0_ (CKBD0)
Committed on net fifo_wr[6]
  Added inst mac_array_instance/col_idx_8__mac_col_inst/FE_PHC5702_fifo_wr_6_ (BUFFD0)
Committed on net sfp_instance/div_22_u_div_u_add_PartRem_2_7_A_2_
  Added inst sfp_instance/FE_PHC5703_div_22_u_div_u_add_PartRem_2_7_A_2_ (BUFFD0)
Committed on net sfp_instance/div_19_u_div_u_add_PartRem_0_4_A_2_
  Added inst sfp_instance/FE_PHC5704_div_19_u_div_u_add_PartRem_0_4_A_2_ (CKBD0)
Committed on net sfp_instance/n26519
  Added inst sfp_instance/FE_PHC5705_n26519 (CKBD0)
Committed on net sfp_instance/FE_OFN1802_div_23_u_div_SumTmp_4__1__0_
  Added inst sfp_instance/FE_PHC5706_FE_OFN1802_div_23_u_div_SumTmp_4__1__0_ (CKBD0)
Committed on net sfp_instance/fifo_inst_ext/wr_ptr_gray[1]
  Added inst sfp_instance/fifo_inst_ext/FE_PHC5707_wr_ptr_gray_1_ (CKBD0)
Committed on net sfp_instance/fifo_inst_ext/N36
  Added inst sfp_instance/fifo_inst_ext/FE_PHC5708_N36 (CKBD0)
Committed on net sfp_instance/FE_OFN2661_div_23_u_div_u_add_PartRem_2_7_A_2_
  Added inst sfp_instance/FE_PHC5709_FE_OFN2661_div_23_u_div_u_add_PartRem_2_7_A_2_ (CKBD0)
Committed on net sfp_instance/n26518
  Added inst sfp_instance/FE_PHC5710_n26518 (CKBD0)
Committed on net sfp_instance/FE_OFN1805_div_23_u_div_SumTmp_4__1__1_
  Added inst sfp_instance/FE_PHC5711_FE_OFN1805_div_23_u_div_SumTmp_4__1__1_ (BUFFD0)
Committed on net sfp_instance/div_23_u_div_u_add_PartRem_1_5_A_2_
  Added inst sfp_instance/FE_PHC5712_div_23_u_div_u_add_PartRem_1_5_A_2_ (BUFFD0)
Committed on net sfp_instance/div_25_u_div_u_add_PartRem_1_5_A_1_
  Added inst sfp_instance/FE_PHC5713_div_25_u_div_u_add_PartRem_1_5_A_1_ (CKBD0)
Committed on net sfp_instance/div_25_u_div_u_add_PartRem_1_5_A_2_
  Added inst sfp_instance/FE_PHC5714_div_25_u_div_u_add_PartRem_1_5_A_2_ (CKBD0)
Committed on net FE_OFN1958_out_25_
  Added inst sfp_instance/FE_PHC5715_FE_OFN1958_out_25_ (CKBD0)
Committed on net FE_OFN1950_out_24_
  Added inst sfp_instance/FE_PHC5716_FE_OFN1950_out_24_ (CKBD0)
Committed on net sfp_instance/n26515
  Added inst sfp_instance/FE_PHC5717_n26515 (CKBD0)
Committed on net sfp_instance/div_23_u_div_SumTmp_6__2__0_
  Added inst sfp_instance/FE_PHC5718_div_23_u_div_SumTmp_6__2__0_ (CKBD0)
Committed on net sfp_instance/fifo_inst_ext/wr_ptr_gray[4]
  Added inst sfp_instance/fifo_inst_ext/FE_PHC5719_wr_ptr_gray_4_ (CKBD0)
Committed on net sfp_instance/div_25_u_div_u_add_PartRem_2_7_A_2_
  Added inst sfp_instance/FE_PHC5720_div_25_u_div_u_add_PartRem_2_7_A_2_ (BUFFD0)
Committed on net sfp_instance/div_19_u_div_SumTmp_4__1__0_
  Added inst sfp_instance/FE_PHC5721_div_19_u_div_SumTmp_4__1__0_ (CKBD0)
Committed on net FE_OFN2583_out_2_
  Added inst sfp_instance/FE_PHC5722_FE_OFN2583_out_2_ (BUFFD0)
Committed on net sfp_instance/div_25_u_div_SumTmp_4__2__1_
  Added inst sfp_instance/FE_PHC5723_div_25_u_div_SumTmp_4__2__1_ (BUFFD0)
Committed on net sfp_instance/div_25_u_div_SumTmp_6__2__0_
  Added inst sfp_instance/FE_PHC5724_div_25_u_div_SumTmp_6__2__0_ (BUFFD0)
Committed on net out[79]
  Added inst sfp_instance/FE_PHC5725_out_79_ (CKBD0)
Committed on net sfp_instance/FE_OFN2045_div_23_u_div_SumTmp_4__2__1_
  Added inst sfp_instance/FE_PHC5726_FE_OFN2045_div_23_u_div_SumTmp_4__2__1_ (CKBD0)
Committed on net sfp_instance/FE_OFN2077_div_22_u_div_SumTmp_4__2__1_
  Added inst sfp_instance/FE_PHC5727_FE_OFN2077_div_22_u_div_SumTmp_4__2__1_ (BUFFD0)
Committed on net FE_OFN44_out_139_
  Added inst sfp_instance/FE_PHC5728_FE_OFN44_out_139_ (CKBD0)
Committed on net sfp_instance/div_22_u_div_SumTmp_6__3__0_
  Added inst sfp_instance/FE_PHC5729_div_22_u_div_SumTmp_6__3__0_ (BUFFD0)
Committed on net FE_OCPN3772_FE_OFN3508_out_63_
  Added inst sfp_instance/FE_PHC5730_FE_OCPN3772_FE_OFN3508_out_63_ (CKBD0)
Committed on net FE_OCPN3785_FE_OFN3503_out_62_
  Added inst sfp_instance/FE_PHC5731_FE_OCPN3785_FE_OFN3503_out_62_ (CKBD0)
Committed on net FE_OCPN4926_out_61_
  Added inst sfp_instance/FE_PHC5732_FE_OCPN4926_out_61_ (CKBD0)
Committed on net sfp_instance/fifo_inst_int/n800
  Added inst sfp_instance/fifo_inst_int/FE_PHC5733_n800 (CKBD0)
Committed on net sfp_instance/fifo_inst_int/n796
  Added inst sfp_instance/fifo_inst_int/FE_PHC5734_n796 (CKBD0)
Committed on net sfp_instance/fifo_inst_int/rd_ptr[3]
  Added inst sfp_instance/fifo_inst_int/FE_PHC5735_rd_ptr_3_ (BUFFD0)
Committed on net sfp_instance/fifo_inst_int/FE_OCPN5468_n810
  Added inst sfp_instance/fifo_inst_int/FE_PHC5736_FE_OCPN5468_n810 (CKBD0)
Committed on net sfp_instance/fifo_inst_int/FE_OCPN4874_n802
  Added inst sfp_instance/fifo_inst_int/FE_PHC5737_FE_OCPN4874_n802 (BUFFD0)
Committed on net sfp_instance/fifo_inst_int/FE_OCPN4868_n811
  Added inst sfp_instance/fifo_inst_int/FE_PHC5738_FE_OCPN4868_n811 (BUFFD0)
Committed on net sfp_instance/FE_OFN3155_n732
  Added inst sfp_instance/FE_PHC5739_FE_OFN3155_n732 (BUFFD0)
Committed on net sfp_instance/FE_OCPN4425_FE_OFN2102_n647
  Added inst sfp_instance/FE_PHC5740_FE_OCPN4425_FE_OFN2102_n647 (BUFFD0)
Committed on net sfp_instance/FE_OCPN4894_FE_RN_974_0
  Added inst sfp_instance/FE_PHC5741_FE_OCPN4894_FE_RN_974_0 (CKBD0)
Committed on net sfp_instance/FE_OFN2663_n732
  Added inst sfp_instance/FE_PHC5742_FE_OFN2663_n732 (BUFFD0)
Committed on net sfp_instance/FE_OFN2475_n647
  Added inst sfp_instance/FE_PHC5743_FE_OFN2475_n647 (BUFFD0)
Committed on net sfp_instance/div_24_u_div_u_add_PartRem_1_5_A_2_
  Added inst sfp_instance/FE_PHC5744_div_24_u_div_u_add_PartRem_1_5_A_2_ (CKBD0)
Committed on net sfp_instance/FE_OCPN5260_FE_OFN2188_n1022
  Added inst sfp_instance/FE_PHC5745_FE_OCPN5260_FE_OFN2188_n1022 (CKBD0)
Committed on net sfp_instance/n25053
  Added inst sfp_instance/FE_PHC5746_n25053 (CKBD0)
Committed on net sfp_instance/n25055
  Added inst sfp_instance/FE_PHC5747_n25055 (CKBD0)
Committed on net sfp_instance/FE_OFN3153_sum_2core_18_
  Added inst sfp_instance/FE_PHC5748_FE_OFN3153_sum_2core_18_ (CKBD0)
Committed on net sfp_instance/FE_OCPN5490_FE_RN_974_0
  Added inst sfp_instance/FE_PHC5749_FE_OCPN5490_FE_RN_974_0 (CKBD0)
Committed on net sfp_instance/fifo_inst_int/rd_ptr_gray[3]
  Added inst sfp_instance/fifo_inst_int/FE_PHC5750_rd_ptr_gray_3_ (CKBD0)
Committed on net sfp_instance/div_18_u_div_SumTmp_4__1__0_
  Added inst sfp_instance/FE_PHC5751_div_18_u_div_SumTmp_4__1__0_ (CKBD0)
Committed on net sfp_instance/FE_OCPN4227_FE_OFN3045_n26065
  Added inst sfp_instance/FE_PHC5752_FE_OCPN4227_FE_OFN3045_n26065 (CKBD0)
Committed on net sfp_instance/fifo_inst_int/rd_ptr_gray[2]
  Added inst sfp_instance/fifo_inst_int/FE_PHC5753_rd_ptr_gray_2_ (CKBD0)
Committed on net sfp_instance/fifo_inst_int/rd_ptr_gray[0]
  Added inst sfp_instance/fifo_inst_int/FE_PHC5754_rd_ptr_gray_0_ (CKBD0)
Committed on net sfp_instance/fifo_inst_ext/wr_ptr_gray[3]
  Added inst sfp_instance/fifo_inst_ext/FE_PHC5755_wr_ptr_gray_3_ (CKBD0)
Committed on net sfp_instance/FE_OFN2560_div_20_u_div_u_add_PartRem_1_0_3_B_9_
  Added inst sfp_instance/FE_PHC5756_FE_OFN2560_div_20_u_div_u_add_PartRem_1_0_3_B_9_ (CKBD0)
Committed on net sfp_instance/div_24_u_div_SumTmp_4__1__1_
  Added inst sfp_instance/FE_PHC5757_div_24_u_div_SumTmp_4__1__1_ (BUFFD0)
Committed on net sfp_instance/div_24_u_div_SumTmp_4__1__0_
  Added inst sfp_instance/FE_PHC5758_div_24_u_div_SumTmp_4__1__0_ (BUFFD0)
Committed on net sfp_instance/FE_OFN3032_n739
  Added inst sfp_instance/FE_PHC5759_FE_OFN3032_n739 (BUFFD0)
Committed on net sfp_instance/FE_OCPN5256_FE_OFN1304_n803
  Added inst sfp_instance/FE_PHC5760_FE_OCPN5256_FE_OFN1304_n803 (BUFFD0)
Committed on net sfp_instance/FE_OFN2080_div_20_u_div_u_add_PartRem_1_0_3_B_11_
  Added inst sfp_instance/FE_PHC5761_FE_OFN2080_div_20_u_div_u_add_PartRem_1_0_3_B_11_ (CKBD0)
Committed on net sfp_instance/FE_OCPN4453_FE_OFN3028_n739
  Added inst sfp_instance/FE_PHC5762_FE_OCPN4453_FE_OFN3028_n739 (CKBD0)
Committed on net sfp_instance/FE_OCPN4437_FE_OFN3026_n739
  Added inst sfp_instance/FE_PHC5763_FE_OCPN4437_FE_OFN3026_n739 (CKBD0)
Committed on net sfp_instance/div_18_u_div_u_add_PartRem_2_7_A_2_
  Added inst sfp_instance/FE_PHC5764_div_18_u_div_u_add_PartRem_2_7_A_2_ (BUFFD0)
Committed on net sfp_instance/div_21_u_div_SumTmp_4__1__1_
  Added inst sfp_instance/FE_PHC5765_div_21_u_div_SumTmp_4__1__1_ (BUFFD0)
Committed on net sfp_instance/FE_OFN2808_n502
  Added inst sfp_instance/FE_PHC5766_FE_OFN2808_n502 (CKBD0)
Committed on net sfp_instance/FE_OCPN5630_n26067
  Added inst sfp_instance/FE_PHC5767_FE_OCPN5630_n26067 (CKBD0)
Committed on net sfp_instance/div_18_u_div_u_add_PartRem_1_5_A_2_
  Added inst sfp_instance/FE_PHC5768_div_18_u_div_u_add_PartRem_1_5_A_2_ (CKBD0)
Committed on net sfp_instance/FE_OFN2668_n732
  Added inst sfp_instance/FE_PHC5769_FE_OFN2668_n732 (CKBD0)
Committed on net sfp_instance/div_19_u_div_u_add_PartRem_1_5_A_2_
  Added inst sfp_instance/FE_PHC5770_div_19_u_div_u_add_PartRem_1_5_A_2_ (CKBD0)
Committed on net sfp_instance/div_18_u_div_SumTmp_4__1__1_
  Added inst sfp_instance/FE_PHC5771_div_18_u_div_SumTmp_4__1__1_ (BUFFD0)
Committed on net sfp_instance/FE_OFN3020_n1299
  Added inst sfp_instance/FE_PHC5772_FE_OFN3020_n1299 (BUFFD0)
Committed on net sfp_instance/FE_OCPN4341_FE_OFN2739_n777
  Added inst sfp_instance/FE_PHC5773_FE_OCPN4341_FE_OFN2739_n777 (CKBD0)
Committed on net sfp_instance/div_18_u_div_SumTmp_4__2__1_
  Added inst sfp_instance/FE_PHC5774_div_18_u_div_SumTmp_4__2__1_ (CKBD0)
Committed on net sfp_instance/FE_OFN2678_n1406
  Added inst sfp_instance/FE_PHC5775_FE_OFN2678_n1406 (BUFFD0)
Committed on net sfp_instance/div_19_u_div_SumTmp_4__1__1_
  Added inst sfp_instance/FE_PHC5776_div_19_u_div_SumTmp_4__1__1_ (CKBD0)
Committed on net sfp_instance/FE_OCPN4809_FE_OFN3049_n26065
  Added inst sfp_instance/FE_PHC5777_FE_OCPN4809_FE_OFN3049_n26065 (CKBD0)
Committed on net sfp_instance/div_19_u_div_SumTmp_4__2__1_
  Added inst sfp_instance/FE_PHC5778_div_19_u_div_SumTmp_4__2__1_ (BUFFD0)
Committed on net sfp_instance/FE_OCPN4223_FE_OFN2139_n26066
  Added inst sfp_instance/FE_PHC5779_FE_OCPN4223_FE_OFN2139_n26066 (CKBD0)
Committed on net sfp_instance/div_21_u_div_u_add_PartRem_1_5_A_2_
  Added inst sfp_instance/FE_PHC5780_div_21_u_div_u_add_PartRem_1_5_A_2_ (CKBD0)
Committed on net sfp_instance/FE_OFN3036_sum_2core_16_
  Added inst sfp_instance/FE_PHC5781_FE_OFN3036_sum_2core_16_ (CKBD0)
Committed on net sfp_instance/div_19_u_div_u_add_PartRem_2_7_A_2_
  Added inst sfp_instance/FE_PHC5782_div_19_u_div_u_add_PartRem_2_7_A_2_ (CKBD0)
Committed on net sfp_instance/FE_OCPN5075_n14599
  Added inst sfp_instance/FE_PHC5783_FE_OCPN5075_n14599 (CKBD0)
Committed on net sfp_instance/div_21_u_div_u_add_PartRem_2_7_A_2_
  Added inst sfp_instance/FE_PHC5784_div_21_u_div_u_add_PartRem_2_7_A_2_ (BUFFD0)
Committed on net sfp_instance/FE_OFN2883_div_20_u_div_BInv_3__10_
  Added inst sfp_instance/FE_PHC5785_FE_OFN2883_div_20_u_div_BInv_3__10_ (CKBD0)
Committed on net sfp_instance/FE_OFN3052_n26065
  Added inst sfp_instance/FE_PHC5786_FE_OFN3052_n26065 (CKBD0)
Committed on net sfp_instance/FE_OFN2101_n26067
  Added inst sfp_instance/FE_PHC5787_FE_OFN2101_n26067 (CKBD0)
Committed on net sfp_instance/FE_OCPN4841_n705
  Added inst sfp_instance/FE_PHC5788_FE_OCPN4841_n705 (BUFFD0)
Committed on net sfp_instance/div_21_u_div_SumTmp_4__2__1_
  Added inst sfp_instance/FE_PHC5789_div_21_u_div_SumTmp_4__2__1_ (BUFFD0)
Committed on net sfp_instance/FE_OCPN5586_FE_OFN2739_n777
  Added inst sfp_instance/FE_PHC5790_FE_OCPN5586_FE_OFN2739_n777 (CKBD0)
Committed on net sfp_instance/FE_OCPN5602_FE_OFN1304_n803
  Added inst sfp_instance/FE_PHC5791_FE_OCPN5602_FE_OFN1304_n803 (CKBD0)
Committed on net sfp_instance/FE_OCPN4176_sum_2core_13_
  Added inst sfp_instance/FE_PHC5792_FE_OCPN4176_sum_2core_13_ (CKBD0)
Committed on net sfp_instance/FE_OCPN4647_n502
  Added inst sfp_instance/FE_PHC5793_FE_OCPN4647_n502 (BUFFD0)
Committed on net sfp_instance/div_24_u_div_SumTmp_6__2__0_
  Added inst sfp_instance/FE_PHC5794_div_24_u_div_SumTmp_6__2__0_ (BUFFD0)
Committed on net sfp_instance/FE_OCPN5631_n26067
  Added inst sfp_instance/FE_PHC5795_FE_OCPN5631_n26067 (CKBD0)
Committed on net sfp_instance/FE_OCPN4585_FE_RN_127
  Added inst sfp_instance/FE_PHC5796_FE_OCPN4585_FE_RN_127 (CKBD0)
Committed on net sfp_instance/FE_OFN2813_n502
  Added inst sfp_instance/FE_PHC5797_FE_OFN2813_n502 (BUFFD0)
Committed on net sfp_instance/n1810
  Added inst sfp_instance/FE_PHC5798_n1810 (CKBD0)
Committed on net sfp_instance/FE_OCPN5130_FE_OFN3015_n1299
  Added inst sfp_instance/FE_PHC5799_FE_OCPN5130_FE_OFN3015_n1299 (CKBD0)
Committed on net sfp_instance/FE_OCPN5482_FE_RN_974_0
  Added inst sfp_instance/FE_PHC5800_FE_OCPN5482_FE_RN_974_0 (CKBD0)
Committed on net sfp_instance/n11937
  Added inst sfp_instance/FE_PHC5801_n11937 (CKBD0)
Committed on net sfp_instance/FE_OCPN4776_FE_OFN2672_n1406
  Added inst sfp_instance/FE_PHC5802_FE_OCPN4776_FE_OFN2672_n1406 (CKBD0)
Committed on net sfp_instance/FE_OCPN5259_FE_OFN2191_n1022
  Added inst sfp_instance/FE_PHC5803_FE_OCPN5259_FE_OFN2191_n1022 (BUFFD0)
Committed on net sfp_instance/FE_OCPN5053_FE_OFN2801_n705
  Added inst sfp_instance/FE_PHC5804_FE_OCPN5053_FE_OFN2801_n705 (CKBD0)
Committed on net sfp_instance/FE_OFN621_n697
  Added inst sfp_instance/FE_PHC5805_FE_OFN621_n697 (CKBD0)
Committed on net sfp_instance/FE_OCPN5151_sum_2core_13_
  Added inst sfp_instance/FE_PHC5806_FE_OCPN5151_sum_2core_13_ (CKBD0)
Committed on net sfp_instance/div_21_u_div_SumTmp_4__1__0_
  Added inst sfp_instance/FE_PHC5807_div_21_u_div_SumTmp_4__1__0_ (CKBD0)
Committed on net sfp_instance/FE_OCPN5254_FE_OFN2564_n26066
  Added inst sfp_instance/FE_PHC5808_FE_OCPN5254_FE_OFN2564_n26066 (CKBD0)
Committed on net sfp_instance/FE_OCPN4812_div_20_u_div_BInv_3__12_
  Added inst sfp_instance/FE_PHC5809_FE_OCPN4812_div_20_u_div_BInv_3__12_ (BUFFD0)
Committed on net sfp_instance/FE_OFN3198_sum_2core_18_
  Added inst sfp_instance/FE_PHC5810_FE_OFN3198_sum_2core_18_ (BUFFD0)
Committed on net sfp_instance/FE_OCPN4419_FE_OFN2914_n732
  Added inst sfp_instance/FE_PHC5811_FE_OCPN4419_FE_OFN2914_n732 (CKBD0)
Committed on net sfp_instance/FE_OFN2448_n103
  Added inst sfp_instance/FE_PHC5812_FE_OFN2448_n103 (CKBD0)
Committed on net sfp_instance/FE_OFN2745_n777
  Added inst sfp_instance/FE_PHC5813_FE_OFN2745_n777 (BUFFD0)
Committed on net sfp_instance/FE_OCPN5257_FE_OFN2914_n732
  Added inst sfp_instance/FE_PHC5814_FE_OCPN5257_FE_OFN2914_n732 (BUFFD0)
Committed on net sfp_instance/FE_OCPN5124_FE_OFN878_n765
  Added inst sfp_instance/FE_PHC5815_FE_OCPN5124_FE_OFN878_n765 (BUFFD0)
Committed on net sfp_instance/FE_OCPN4589_FE_OFN2108_sum_2core_18_
  Added inst sfp_instance/FE_PHC5816_FE_OCPN4589_FE_OFN2108_sum_2core_18_ (BUFFD0)
Committed on net sfp_instance/n26164
  Added inst sfp_instance/FE_PHC5817_n26164 (BUFFD0)
Committed on net sfp_instance/FE_OCPN4444_FE_OFN2564_n26066
  Added inst sfp_instance/FE_PHC5818_FE_OCPN4444_FE_OFN2564_n26066 (BUFFD0)
Committed inst ofifo_inst/col_idx_0__fifo_instance/U380
  Resized cell ND4D1 -> cell ND4D0
Committed on net sfp_instance/FE_OFN2935_n103
  Added inst sfp_instance/FE_PHC5819_FE_OFN2935_n103 (CKBD0)
Committed on net sfp_instance/n19033
  Added inst sfp_instance/FE_PHC5820_n19033 (BUFFD0)
Committed on net sfp_instance/n15919
  Added inst sfp_instance/FE_PHC5821_n15919 (CKBD0)
Committed on net sfp_instance/n15913
  Added inst sfp_instance/FE_PHC5822_n15913 (CKBD0)
Committed on net sfp_instance/n22211
  Added inst sfp_instance/FE_PHC5823_n22211 (BUFFD0)
Committed on net sfp_instance/n16502
  Added inst sfp_instance/FE_PHC5824_n16502 (BUFFD0)
Committed on net sfp_instance/FE_OFN2979_div_24_u_div_BInv_7__3_
  Added inst sfp_instance/FE_PHC5825_FE_OFN2979_div_24_u_div_BInv_7__3_ (BUFFD0)
Committed on net sfp_instance/n21827
  Added inst sfp_instance/FE_PHC5826_n21827 (CKBD0)
Committed on net sfp_instance/n19128
  Added inst sfp_instance/FE_PHC5827_n19128 (CKBD0)
Committed on net sfp_instance/n21599
  Added inst sfp_instance/FE_PHC5828_n21599 (CKBD0)
Committed on net sfp_instance/n16334
  Added inst sfp_instance/FE_PHC5829_n16334 (CKBD0)
Committed on net sfp_instance/FE_RN_243_0
  Added inst sfp_instance/FE_PHC5830_FE_RN_243_0 (CKBD0)
Committed on net sfp_instance/n19184
  Added inst sfp_instance/FE_PHC5831_n19184 (CKBD0)
Committed on net sfp_instance/n19740
  Added inst sfp_instance/FE_PHC5832_n19740 (CKBD0)
Committed on net sfp_instance/n19483
  Added inst sfp_instance/FE_PHC5833_n19483 (CKBD0)
Committed on net sfp_instance/n20106
  Added inst sfp_instance/FE_PHC5834_n20106 (CKBD0)
Committed on net sfp_instance/n15917
  Added inst sfp_instance/FE_PHC5835_n15917 (CKBD0)
Committed on net sfp_instance/FE_OCPN5342_FE_OFN3036_sum_2core_16_
  Added inst sfp_instance/FE_PHC5836_FE_OCPN5342_FE_OFN3036_sum_2core_16_ (CKBD0)
Committed on net sfp_instance/FE_OFN1745_N544
  Added inst sfp_instance/FE_PHC5837_FE_OFN1745_N544 (CKBD0)
Committed on net sfp_instance/n26149
  Added inst sfp_instance/FE_PHC5838_n26149 (CKBD0)
Committed on net sfp_instance/n21338
  Added inst sfp_instance/FE_PHC5839_n21338 (CKBD0)
Committed on net sfp_instance/div_18_u_div_u_add_PartRem_0_7_n1
  Added inst sfp_instance/FE_PHC5840_div_18_u_div_u_add_PartRem_0_7_n1 (CKBD0)
Committed on net sfp_instance/n16536
  Added inst sfp_instance/FE_PHC5841_n16536 (CKBD0)
Committed on net sfp_instance/fifo_inst_int/n781
  Added inst sfp_instance/fifo_inst_int/FE_PHC5842_n781 (CKBD0)
Committed on net sfp_instance/div_25_u_div_SumTmp_6__1__2_
  Added inst sfp_instance/FE_PHC5843_div_25_u_div_SumTmp_6__1__2_ (CKBD0)
Committed on net sfp_instance/n19066
  Added inst sfp_instance/FE_PHC5844_n19066 (CKBD0)
Committed on net sfp_instance/n15916
  Added inst sfp_instance/FE_PHC5845_n15916 (CKBD0)
Committed on net sfp_instance/div_24_u_div_u_add_PartRem_0_7_n1
  Added inst sfp_instance/FE_PHC5846_div_24_u_div_u_add_PartRem_0_7_n1 (CKBD0)
Committed on net sfp_instance/div_21_u_div_u_add_PartRem_0_7_n1
  Added inst sfp_instance/FE_PHC5847_div_21_u_div_u_add_PartRem_0_7_n1 (CKBD0)
Committed on net sfp_instance/div_19_u_div_u_add_PartRem_0_7_n1
  Added inst sfp_instance/FE_PHC5848_div_19_u_div_u_add_PartRem_0_7_n1 (CKBD0)
Committed on net sfp_instance/FE_OFN3023_div_23_u_div_BInv_7__3_
  Added inst sfp_instance/FE_PHC5849_FE_OFN3023_div_23_u_div_BInv_7__3_ (CKBD0)
Committed on net sfp_instance/FE_OFN2832_div_20_u_div_BInv_3__8_
  Added inst sfp_instance/FE_PHC5850_FE_OFN2832_div_20_u_div_BInv_3__8_ (CKBD0)
Committed on net sfp_instance/n19924
  Added inst sfp_instance/FE_PHC5851_n19924 (CKBD0)
Committed on net sfp_instance/n20107
  Added inst sfp_instance/FE_PHC5852_n20107 (CKBD0)
Committed on net sfp_instance/n26140
  Added inst sfp_instance/FE_PHC5853_n26140 (CKBD0)
Committed on net sfp_instance/FE_OFN3092_div_20_u_div_u_add_PartRem_1_6_3_B_1_
  Added inst sfp_instance/FE_PHC5854_FE_OFN3092_div_20_u_div_u_add_PartRem_1_6_3_B_1_ (CKBD0)
Committed on net sfp_instance/fifo_inst_int/n783
  Added inst sfp_instance/fifo_inst_int/FE_PHC5855_n783 (CKBD0)
Committed on net sfp_instance/div_18_u_div_u_add_PartRem_0_3_n1
  Added inst sfp_instance/FE_PHC5856_div_18_u_div_u_add_PartRem_0_3_n1 (CKBD0)
Committed on net sfp_instance/div_18_u_div_u_add_PartRem_0_4_n125
  Added inst sfp_instance/FE_PHC5857_div_18_u_div_u_add_PartRem_0_4_n125 (CKBD0)
Committed on net sfp_instance/n16268
  Added inst sfp_instance/FE_PHC5858_n16268 (CKBD0)
Committed on net sfp_instance/FE_OFN2886_div_20_u_div_BInv_3__14_
  Added inst sfp_instance/FE_PHC5859_FE_OFN2886_div_20_u_div_BInv_3__14_ (CKBD0)
Committed on net sfp_instance/fifo_inst_int/n780
  Added inst sfp_instance/fifo_inst_int/FE_PHC5860_n780 (CKBD0)
Committed on net sfp_instance/FE_OCPN3790_n3278
  Added inst sfp_instance/FE_PHC5861_FE_OCPN3790_n3278 (CKBD0)
Committed on net sfp_instance/div_22_u_div_u_add_PartRem_0_4_n125
  Added inst sfp_instance/FE_PHC5862_div_22_u_div_u_add_PartRem_0_4_n125 (CKBD0)
Committed on net sfp_instance/FE_OCPN5478_n24786
  Added inst sfp_instance/FE_PHC5863_FE_OCPN5478_n24786 (CKBD0)
Committed on net sfp_instance/FE_OCPN4935_FE_OFN878_n765
  Added inst sfp_instance/FE_PHC5864_FE_OCPN4935_FE_OFN878_n765 (CKBD0)
Committed on net sfp_instance/FE_OFN1701_n2629
  Added inst sfp_instance/FE_PHC5865_FE_OFN1701_n2629 (CKBD0)
Committed on net sfp_instance/FE_OFN2807_n705
  Added inst sfp_instance/FE_PHC5866_FE_OFN2807_n705 (CKBD0)
Committed on net sfp_instance/FE_OFN3215_n777
  Added inst sfp_instance/FE_PHC5867_FE_OFN3215_n777 (CKBD0)
Committed on net sfp_instance/FE_OFN3093_div_20_u_div_u_add_PartRem_1_6_3_B_1_
  Added inst sfp_instance/FE_PHC5868_FE_OFN3093_div_20_u_div_u_add_PartRem_1_6_3_B_1_ (CKBD0)
Committed on net sfp_instance/N524
  Added inst sfp_instance/FE_PHC5869_N524 (CKBD0)
Committed on net sfp_instance/FE_OFN3088_div_20_u_div_u_add_PartRem_1_6_3_B_1_
  Added inst sfp_instance/FE_PHC5870_FE_OFN3088_div_20_u_div_u_add_PartRem_1_6_3_B_1_ (CKBD0)
Committed on net sfp_instance/FE_OFN623_n697
  Added inst sfp_instance/FE_PHC5871_FE_OFN623_n697 (CKBD0)
Committed on net sfp_instance/FE_OCPN5634_n26067
  Added inst sfp_instance/FE_PHC5872_FE_OCPN5634_n26067 (CKBD0)
Committed on net sfp_instance/n14608
  Added inst sfp_instance/FE_PHC5873_n14608 (CKBD0)
Committed on net sfp_instance/n13852
  Added inst sfp_instance/FE_PHC5874_n13852 (CKBD0)
Committed on net sfp_instance/FE_OFN3067_div_24_u_div_BInv_3__4_
  Added inst sfp_instance/FE_PHC5875_FE_OFN3067_div_24_u_div_BInv_3__4_ (CKBD0)
Committed on net sfp_instance/FE_OCPN5485_FE_RN_974_0
  Added inst sfp_instance/FE_PHC5876_FE_OCPN5485_FE_RN_974_0 (CKBD0)
Committed on net sfp_instance/n12877
  Added inst sfp_instance/FE_PHC5877_n12877 (CKBD0)
Committed on net sfp_instance/n14609
  Added inst sfp_instance/FE_PHC5878_n14609 (CKBD0)
Committed on net sfp_instance/FE_OFN2747_n777
  Added inst sfp_instance/FE_PHC5879_FE_OFN2747_n777 (CKBD0)
Committed on net sfp_instance/div_18_u_div_BInv_7__8_
  Added inst sfp_instance/FE_PHC5880_div_18_u_div_BInv_7__8_ (BUFFD0)
Committed on net sfp_instance/div_24_u_div_BInv_3__15_
  Added inst sfp_instance/FE_PHC5881_div_24_u_div_BInv_3__15_ (CKBD0)
Committed on net sfp_instance/div_18_u_div_BInv_6__10_
  Added inst sfp_instance/FE_PHC5882_div_18_u_div_BInv_6__10_ (CKBD0)
Committed on net sfp_instance/div_23_u_div_BInv_7__13_
  Added inst sfp_instance/FE_PHC5883_div_23_u_div_BInv_7__13_ (BUFFD0)
Committed on net sfp_instance/div_23_u_div_BInv_5__12_
  Added inst sfp_instance/FE_PHC5884_div_23_u_div_BInv_5__12_ (BUFFD0)
Committed on net sfp_instance/div_23_u_div_BInv_7__15_
  Added inst sfp_instance/FE_PHC5885_div_23_u_div_BInv_7__15_ (BUFFD0)
Committed on net sfp_instance/div_18_u_div_BInv_7__15_
  Added inst sfp_instance/FE_PHC5886_div_18_u_div_BInv_7__15_ (CKBD0)
Committed on net sfp_instance/div_23_u_div_BInv_5__11_
  Added inst sfp_instance/FE_PHC5887_div_23_u_div_BInv_5__11_ (BUFFD0)
Committed on net sfp_instance/div_23_u_div_BInv_7__11_
  Added inst sfp_instance/FE_PHC5888_div_23_u_div_BInv_7__11_ (BUFFD0)
Committed on net sfp_instance/div_22_u_div_BInv_7__16_
  Added inst sfp_instance/FE_PHC5889_div_22_u_div_BInv_7__16_ (CKBD0)
Committed on net sfp_instance/div_18_u_div_BInv_7__9_
  Added inst sfp_instance/FE_PHC5890_div_18_u_div_BInv_7__9_ (BUFFD0)
Committed on net sfp_instance/div_23_u_div_BInv_5__8_
  Added inst sfp_instance/FE_PHC5891_div_23_u_div_BInv_5__8_ (BUFFD0)
Committed on net sfp_instance/div_22_u_div_BInv_7__17_
  Added inst sfp_instance/FE_PHC5892_div_22_u_div_BInv_7__17_ (BUFFD0)
Committed on net sfp_instance/div_21_u_div_BInv_6__8_
  Added inst sfp_instance/FE_PHC5893_div_21_u_div_BInv_6__8_ (BUFFD0)
Committed on net sfp_instance/div_18_u_div_BInv_7__14_
  Added inst sfp_instance/FE_PHC5894_div_18_u_div_BInv_7__14_ (CKBD0)
Committed on net sfp_instance/n16478
  Added inst sfp_instance/FE_PHC5895_n16478 (CKBD0)
Committed on net sfp_instance/div_18_u_div_BInv_5__15_
  Added inst sfp_instance/FE_PHC5896_div_18_u_div_BInv_5__15_ (CKBD0)
Committed on net sfp_instance/div_18_u_div_BInv_7__16_
  Added inst sfp_instance/FE_PHC5897_div_18_u_div_BInv_7__16_ (BUFFD0)
Committed on net sfp_instance/div_22_u_div_BInv_5__16_
  Added inst sfp_instance/FE_PHC5898_div_22_u_div_BInv_5__16_ (BUFFD0)
Committed on net sfp_instance/div_18_u_div_BInv_5__13_
  Added inst sfp_instance/FE_PHC5899_div_18_u_div_BInv_5__13_ (CKBD0)
Committed on net sfp_instance/div_19_u_div_BInv_5__15_
  Added inst sfp_instance/FE_PHC5900_div_19_u_div_BInv_5__15_ (BUFFD0)
Committed on net sfp_instance/div_23_u_div_BInv_5__10_
  Added inst sfp_instance/FE_PHC5901_div_23_u_div_BInv_5__10_ (BUFFD0)
Committed on net sfp_instance/FE_OFN1615_div_18_u_div_BInv_5__10_
  Added inst sfp_instance/FE_PHC5902_FE_OFN1615_div_18_u_div_BInv_5__10_ (BUFFD0)
Committed on net sfp_instance/div_18_u_div_BInv_5__9_
  Added inst sfp_instance/FE_PHC5903_div_18_u_div_BInv_5__9_ (CKBD0)
Committed on net sfp_instance/FE_OFN2166_div_23_u_div_BInv_5__7_
  Added inst sfp_instance/FE_PHC5904_FE_OFN2166_div_23_u_div_BInv_5__7_ (BUFFD0)
Committed on net sfp_instance/div_18_u_div_BInv_5__14_
  Added inst sfp_instance/FE_PHC5905_div_18_u_div_BInv_5__14_ (CKBD0)
Committed on net sfp_instance/n16524
  Added inst sfp_instance/FE_PHC5906_n16524 (CKBD0)
Committed on net sfp_instance/div_18_u_div_BInv_6__15_
  Added inst sfp_instance/FE_PHC5907_div_18_u_div_BInv_6__15_ (CKBD0)
Committed on net sfp_instance/div_21_u_div_BInv_5__11_
  Added inst sfp_instance/FE_PHC5908_div_21_u_div_BInv_5__11_ (BUFFD0)
Committed on net sfp_instance/div_23_u_div_BInv_6__11_
  Added inst sfp_instance/FE_PHC5909_div_23_u_div_BInv_6__11_ (BUFFD0)
Committed on net sfp_instance/div_18_u_div_BInv_5__16_
  Added inst sfp_instance/FE_PHC5910_div_18_u_div_BInv_5__16_ (CKBD0)
Committed on net sfp_instance/div_22_u_div_BInv_6__11_
  Added inst sfp_instance/FE_PHC5911_div_22_u_div_BInv_6__11_ (BUFFD0)
Committed on net sfp_instance/FE_OFN2861_div_24_u_div_BInv_3__10_
  Added inst sfp_instance/FE_PHC5912_FE_OFN2861_div_24_u_div_BInv_3__10_ (BUFFD0)
Committed on net sfp_instance/div_22_u_div_BInv_7__14_
  Added inst sfp_instance/FE_PHC5913_div_22_u_div_BInv_7__14_ (CKBD0)
Committed on net sfp_instance/div_22_u_div_BInv_7__15_
  Added inst sfp_instance/FE_PHC5914_div_22_u_div_BInv_7__15_ (CKBD0)
Committed on net sfp_instance/div_23_u_div_BInv_5__16_
  Added inst sfp_instance/FE_PHC5915_div_23_u_div_BInv_5__16_ (CKBD0)
Committed on net sfp_instance/div_24_u_div_BInv_3__16_
  Added inst sfp_instance/FE_PHC5916_div_24_u_div_BInv_3__16_ (CKBD0)
Committed on net sfp_instance/div_21_u_div_BInv_6__9_
  Added inst sfp_instance/FE_PHC5917_div_21_u_div_BInv_6__9_ (BUFFD0)
Committed on net sfp_instance/FE_OFN1275_div_24_u_div_BInv_3__11_
  Added inst sfp_instance/FE_PHC5918_FE_OFN1275_div_24_u_div_BInv_3__11_ (CKBD0)
Committed on net sfp_instance/div_22_u_div_BInv_5__11_
  Added inst sfp_instance/FE_PHC5919_div_22_u_div_BInv_5__11_ (CKBD0)
Committed on net sfp_instance/div_22_u_div_BInv_5__15_
  Added inst sfp_instance/FE_PHC5920_div_22_u_div_BInv_5__15_ (CKBD0)
Committed on net sfp_instance/div_22_u_div_BInv_5__14_
  Added inst sfp_instance/FE_PHC5921_div_22_u_div_BInv_5__14_ (CKBD0)
Committed on net sfp_instance/div_22_u_div_BInv_5__10_
  Added inst sfp_instance/FE_PHC5922_div_22_u_div_BInv_5__10_ (CKBD0)
Committed on net sfp_instance/div_25_u_div_BInv_6__9_
  Added inst sfp_instance/FE_PHC5923_div_25_u_div_BInv_6__9_ (BUFFD0)
Committed on net sfp_instance/div_23_u_div_BInv_5__15_
  Added inst sfp_instance/FE_PHC5924_div_23_u_div_BInv_5__15_ (BUFFD0)
Committed on net sfp_instance/div_18_u_div_BInv_6__16_
  Added inst sfp_instance/FE_PHC5925_div_18_u_div_BInv_6__16_ (CKBD0)
Committed on net sfp_instance/div_22_u_div_BInv_6__15_
  Added inst sfp_instance/FE_PHC5926_div_22_u_div_BInv_6__15_ (CKBD0)
Committed on net sfp_instance/div_18_u_div_BInv_6__13_
  Added inst sfp_instance/FE_PHC5927_div_18_u_div_BInv_6__13_ (CKBD0)
Committed on net sfp_instance/div_23_u_div_BInv_7__16_
  Added inst sfp_instance/FE_PHC5928_div_23_u_div_BInv_7__16_ (BUFFD0)
Committed on net sfp_instance/div_19_u_div_BInv_5__17_
  Added inst sfp_instance/FE_PHC5929_div_19_u_div_BInv_5__17_ (BUFFD0)
Committed on net sfp_instance/div_23_u_div_BInv_6__12_
  Added inst sfp_instance/FE_PHC5930_div_23_u_div_BInv_6__12_ (CKBD0)
Committed on net sfp_instance/div_22_u_div_BInv_6__13_
  Added inst sfp_instance/FE_PHC5931_div_22_u_div_BInv_6__13_ (CKBD0)
Committed on net sfp_instance/div_22_u_div_BInv_6__16_
  Added inst sfp_instance/FE_PHC5932_div_22_u_div_BInv_6__16_ (CKBD0)
Committed on net sfp_instance/FE_OCPN3721_div_20_u_div_u_add_PartRem_1_0_3_B_15_
  Added inst sfp_instance/FE_PHC5933_FE_OCPN3721_div_20_u_div_u_add_PartRem_1_0_3_B_15_ (CKBD0)
Committed on net sfp_instance/div_22_u_div_BInv_6__14_
  Added inst sfp_instance/FE_PHC5934_div_22_u_div_BInv_6__14_ (CKBD0)
Committed on net sfp_instance/div_19_u_div_BInv_5__16_
  Added inst sfp_instance/FE_PHC5935_div_19_u_div_BInv_5__16_ (BUFFD0)
Committed on net sfp_instance/FE_OFN973_n16554
  Added inst sfp_instance/FE_PHC5936_FE_OFN973_n16554 (BUFFD0)
Committed on net sfp_instance/n22289
  Added inst sfp_instance/FE_PHC5937_n22289 (BUFFD0)
Committed on net sfp_instance/div_21_u_div_BInv_5__17_
  Added inst sfp_instance/FE_PHC5938_div_21_u_div_BInv_5__17_ (BUFFD0)
Committed on net sfp_instance/n16567
  Added inst sfp_instance/FE_PHC5939_n16567 (CKBD0)
Committed on net sfp_instance/FE_OCPN3356_n16459
  Added inst sfp_instance/FE_PHC5940_FE_OCPN3356_n16459 (BUFFD0)
Committed on net sfp_instance/div_25_u_div_BInv_5__17_
  Added inst sfp_instance/FE_PHC5941_div_25_u_div_BInv_5__17_ (BUFFD0)
Committed on net sfp_instance/div_24_u_div_BInv_7__19_
  Added inst sfp_instance/FE_PHC5942_div_24_u_div_BInv_7__19_ (CKBD0)
Committed on net sfp_instance/n15830
  Added inst sfp_instance/FE_PHC5943_n15830 (CKBD0)
Committed on net sfp_instance/div_21_u_div_BInv_7__13_
  Added inst sfp_instance/FE_PHC5944_div_21_u_div_BInv_7__13_ (BUFFD0)
Committed on net sfp_instance/div_21_u_div_BInv_5__13_
  Added inst sfp_instance/FE_PHC5945_div_21_u_div_BInv_5__13_ (BUFFD0)
Committed on net sfp_instance/div_25_u_div_BInv_5__14_
  Added inst sfp_instance/FE_PHC5946_div_25_u_div_BInv_5__14_ (CKBD0)
Committed on net sfp_instance/div_21_u_div_BInv_5__15_
  Added inst sfp_instance/FE_PHC5947_div_21_u_div_BInv_5__15_ (BUFFD0)
Committed on net sfp_instance/div_19_u_div_BInv_7__20_
  Added inst sfp_instance/FE_PHC5948_div_19_u_div_BInv_7__20_ (CKBD0)
Committed on net sfp_instance/div_24_u_div_BInv_5__11_
  Added inst sfp_instance/FE_PHC5949_div_24_u_div_BInv_5__11_ (CKBD0)
Committed on net sfp_instance/FE_OFN2047_div_18_u_div_BInv_6__4_
  Added inst sfp_instance/FE_PHC5950_FE_OFN2047_div_18_u_div_BInv_6__4_ (BUFFD0)
Committed on net sfp_instance/FE_OFN2458_div_24_u_div_BInv_5__7_
  Added inst sfp_instance/FE_PHC5951_FE_OFN2458_div_24_u_div_BInv_5__7_ (CKBD0)
Committed on net sfp_instance/n22003
  Added inst sfp_instance/FE_PHC5952_n22003 (CKBD0)
Committed on net sfp_instance/div_21_u_div_BInv_7__12_
  Added inst sfp_instance/FE_PHC5953_div_21_u_div_BInv_7__12_ (BUFFD0)
Committed on net sfp_instance/FE_OFN2908_div_20_u_div_BInv_3__16_
  Added inst sfp_instance/FE_PHC5954_FE_OFN2908_div_20_u_div_BInv_3__16_ (CKBD0)
Committed on net sfp_instance/div_21_u_div_BInv_5__14_
  Added inst sfp_instance/FE_PHC5955_div_21_u_div_BInv_5__14_ (CKBD0)
Committed on net sfp_instance/div_25_u_div_BInv_7__18_
  Added inst sfp_instance/FE_PHC5956_div_25_u_div_BInv_7__18_ (CKBD0)
Committed on net sfp_instance/div_21_u_div_BInv_7__18_
  Added inst sfp_instance/FE_PHC5957_div_21_u_div_BInv_7__18_ (CKBD0)
Committed on net sfp_instance/N583
  Added inst sfp_instance/FE_PHC5958_N583 (CKBD0)
Committed on net sfp_instance/div_18_u_div_u_add_PartRem_0_7_n25
  Added inst sfp_instance/FE_PHC5959_div_18_u_div_u_add_PartRem_0_7_n25 (CKBD0)
Committed on net sfp_instance/n16484
  Added inst sfp_instance/FE_PHC5960_n16484 (CKBD0)
Committed on net sfp_instance/div_21_u_div_BInv_7__11_
  Added inst sfp_instance/FE_PHC5961_div_21_u_div_BInv_7__11_ (CKBD0)
Committed on net sfp_instance/div_19_u_div_BInv_7__19_
  Added inst sfp_instance/FE_PHC5962_div_19_u_div_BInv_7__19_ (CKBD0)
Committed on net sfp_instance/n15914
  Added inst sfp_instance/FE_PHC5963_n15914 (CKBD0)
Committed on net sfp_instance/FE_OCPN3320_div_23_u_div_BInv_7__20_
  Added inst sfp_instance/FE_PHC5964_FE_OCPN3320_div_23_u_div_BInv_7__20_ (CKBD0)
Committed on net sfp_instance/div_25_u_div_BInv_5__15_
  Added inst sfp_instance/FE_PHC5965_div_25_u_div_BInv_5__15_ (BUFFD0)
Committed on net sfp_instance/div_22_u_div_BInv_6__12_
  Added inst sfp_instance/FE_PHC5966_div_22_u_div_BInv_6__12_ (CKBD0)
Committed on net sfp_instance/div_22_u_div_BInv_6__5_
  Added inst sfp_instance/FE_PHC5967_div_22_u_div_BInv_6__5_ (CKBD0)
Committed on net sfp_instance/n15794
  Added inst sfp_instance/FE_PHC5968_n15794 (CKBD0)
Committed on net sfp_instance/div_23_u_div_BInv_7__14_
  Added inst sfp_instance/FE_PHC5969_div_23_u_div_BInv_7__14_ (BUFFD0)
Committed on net sfp_instance/n16678
  Added inst sfp_instance/FE_PHC5970_n16678 (CKBD0)
Committed on net sfp_instance/n16679
  Added inst sfp_instance/FE_PHC5971_n16679 (CKBD0)
Committed on net sfp_instance/FE_OFN2039_div_24_u_div_BInv_3__13_
  Added inst sfp_instance/FE_PHC5972_FE_OFN2039_div_24_u_div_BInv_3__13_ (BUFFD0)
Committed on net sfp_instance/div_24_u_div_BInv_7__16_
  Added inst sfp_instance/FE_PHC5973_div_24_u_div_BInv_7__16_ (CKBD0)
Committed on net sfp_instance/div_18_u_div_u_add_PartRem_0_1_n1
  Added inst sfp_instance/FE_PHC5974_div_18_u_div_u_add_PartRem_0_1_n1 (CKBD0)
Committed on net sfp_instance/div_24_u_div_BInv_5__6_
  Added inst sfp_instance/FE_PHC5975_div_24_u_div_BInv_5__6_ (CKBD0)
Committed on net sfp_instance/div_19_u_div_BInv_7__17_
  Added inst sfp_instance/FE_PHC5976_div_19_u_div_BInv_7__17_ (BUFFD0)
Committed on net sfp_instance/FE_OCPN4157_div_23_u_div_BInv_5__20_
  Added inst sfp_instance/FE_PHC5977_FE_OCPN4157_div_23_u_div_BInv_5__20_ (CKBD0)
Committed on net sfp_instance/FE_OFN2013_div_22_u_div_BInv_6__4_
  Added inst sfp_instance/FE_PHC5978_FE_OFN2013_div_22_u_div_BInv_6__4_ (CKBD0)
Committed on net sfp_instance/n16513
  Added inst sfp_instance/FE_PHC5979_n16513 (CKBD0)
Committed on net sfp_instance/div_24_u_div_BInv_5__15_
  Added inst sfp_instance/FE_PHC5980_div_24_u_div_BInv_5__15_ (CKBD0)
Committed on net sfp_instance/div_24_u_div_u_add_PartRem_0_5_n1
  Added inst sfp_instance/FE_PHC5981_div_24_u_div_u_add_PartRem_0_5_n1 (CKBD0)
Committed on net sfp_instance/n213
  Added inst sfp_instance/FE_PHC5982_n213 (CKBD0)
Committed on net sfp_instance/div_25_u_div_BInv_6__20_
  Added inst sfp_instance/FE_PHC5983_div_25_u_div_BInv_6__20_ (CKBD0)
Committed on net sfp_instance/n21209
  Added inst sfp_instance/FE_PHC5984_n21209 (CKBD0)
Committed on net sfp_instance/div_23_u_div_BInv_7__9_
  Added inst sfp_instance/FE_PHC5985_div_23_u_div_BInv_7__9_ (CKBD0)
Committed on net sfp_instance/div_24_u_div_u_add_PartRem_0_1_n1
  Added inst sfp_instance/FE_PHC5986_div_24_u_div_u_add_PartRem_0_1_n1 (CKBD0)
Committed on net sfp_instance/div_18_u_div_u_add_PartRem_0_2_n1
  Added inst sfp_instance/FE_PHC5987_div_18_u_div_u_add_PartRem_0_2_n1 (CKBD0)
Committed on net sfp_instance/div_19_u_div_BInv_6__18_
  Added inst sfp_instance/FE_PHC5988_div_19_u_div_BInv_6__18_ (CKBD0)
Committed on net sfp_instance/div_24_u_div_BInv_5__10_
  Added inst sfp_instance/FE_PHC5989_div_24_u_div_BInv_5__10_ (CKBD0)
Committed on net sfp_instance/div_24_u_div_BInv_5__13_
  Added inst sfp_instance/FE_PHC5990_div_24_u_div_BInv_5__13_ (CKBD0)
Committed on net sfp_instance/div_24_u_div_BInv_6__15_
  Added inst sfp_instance/FE_PHC5991_div_24_u_div_BInv_6__15_ (CKBD0)
Committed on net sfp_instance/div_19_u_div_BInv_5__18_
  Added inst sfp_instance/FE_PHC5992_div_19_u_div_BInv_5__18_ (CKBD0)
Committed on net sfp_instance/n16479
  Added inst sfp_instance/FE_PHC5993_n16479 (CKBD0)
Committed on net sfp_instance/div_24_u_div_BInv_6__17_
  Added inst sfp_instance/FE_PHC5994_div_24_u_div_BInv_6__17_ (CKBD0)
Committed on net sfp_instance/div_24_u_div_BInv_5__5_
  Added inst sfp_instance/FE_PHC5995_div_24_u_div_BInv_5__5_ (CKBD0)
Committed on net sfp_instance/div_25_u_div_BInv_6__18_
  Added inst sfp_instance/FE_PHC5996_div_25_u_div_BInv_6__18_ (CKBD0)
Committed on net sfp_instance/n15910
  Added inst sfp_instance/FE_PHC5997_n15910 (CKBD0)
Committed on net sfp_instance/div_23_u_div_u_add_PartRem_0_5_n25
  Added inst sfp_instance/FE_PHC5998_div_23_u_div_u_add_PartRem_0_5_n25 (CKBD0)
Committed on net sfp_instance/div_23_u_div_BInv_5__17_
  Added inst sfp_instance/FE_PHC5999_div_23_u_div_BInv_5__17_ (CKBD0)
Committed on net sfp_instance/div_24_u_div_BInv_7__8_
  Added inst sfp_instance/FE_PHC6000_div_24_u_div_BInv_7__8_ (CKBD0)
Committed on net sfp_instance/N603
  Added inst sfp_instance/FE_PHC6001_N603 (CKBD0)
Committed on net sfp_instance/div_22_u_div_BInv_5__17_
  Added inst sfp_instance/FE_PHC6002_div_22_u_div_BInv_5__17_ (CKBD0)
Committed on net sfp_instance/div_23_u_div_BInv_6__18_
  Added inst sfp_instance/FE_PHC6003_div_23_u_div_BInv_6__18_ (CKBD0)
Committed on net sfp_instance/FE_OFN3060_div_24_u_div_BInv_3__19_
  Added inst sfp_instance/FE_PHC6004_FE_OFN3060_div_24_u_div_BInv_3__19_ (CKBD0)
Committed on net sfp_instance/FE_OFN1022_n16477
  Added inst sfp_instance/FE_PHC6005_FE_OFN1022_n16477 (CKBD0)
Committed on net sfp_instance/div_24_u_div_BInv_7__13_
  Added inst sfp_instance/FE_PHC6006_div_24_u_div_BInv_7__13_ (CKBD0)
Committed on net sfp_instance/div_24_u_div_BInv_5__9_
  Added inst sfp_instance/FE_PHC6007_div_24_u_div_BInv_5__9_ (CKBD0)
Committed on net sfp_instance/n19481
  Added inst sfp_instance/FE_PHC6008_n19481 (CKBD0)
Committed on net sfp_instance/div_24_u_div_BInv_7__12_
  Added inst sfp_instance/FE_PHC6009_div_24_u_div_BInv_7__12_ (CKBD0)
Committed on net sfp_instance/div_22_u_div_BInv_6__10_
  Added inst sfp_instance/FE_PHC6010_div_22_u_div_BInv_6__10_ (CKBD0)
Committed on net sfp_instance/n14016
  Added inst sfp_instance/FE_PHC6011_n14016 (CKBD0)
Committed on net sfp_instance/div_23_u_div_BInv_6__19_
  Added inst sfp_instance/FE_PHC6012_div_23_u_div_BInv_6__19_ (CKBD0)
Committed on net sfp_instance/div_24_u_div_BInv_5__17_
  Added inst sfp_instance/FE_PHC6013_div_24_u_div_BInv_5__17_ (CKBD0)
Committed on net sfp_instance/div_24_u_div_BInv_5__8_
  Added inst sfp_instance/FE_PHC6014_div_24_u_div_BInv_5__8_ (CKBD0)
Committed on net sfp_instance/div_24_u_div_BInv_5__12_
  Added inst sfp_instance/FE_PHC6015_div_24_u_div_BInv_5__12_ (CKBD0)
Committed on net sfp_instance/div_24_u_div_BInv_7__15_
  Added inst sfp_instance/FE_PHC6016_div_24_u_div_BInv_7__15_ (CKBD0)
Committed on net sfp_instance/FE_OFN999_n16480
  Added inst sfp_instance/FE_PHC6017_FE_OFN999_n16480 (CKBD0)
Committed on net sfp_instance/div_24_u_div_BInv_7__10_
  Added inst sfp_instance/FE_PHC6018_div_24_u_div_BInv_7__10_ (CKBD0)
Committed on net sfp_instance/div_22_u_div_BInv_6__18_
  Added inst sfp_instance/FE_PHC6019_div_22_u_div_BInv_6__18_ (CKBD0)
Committed on net sfp_instance/div_22_u_div_BInv_5__12_
  Added inst sfp_instance/FE_PHC6020_div_22_u_div_BInv_5__12_ (CKBD0)
Committed on net sfp_instance/div_23_u_div_BInv_6__15_
  Added inst sfp_instance/FE_PHC6021_div_23_u_div_BInv_6__15_ (CKBD0)
Committed on net sfp_instance/div_24_u_div_BInv_7__6_
  Added inst sfp_instance/FE_PHC6022_div_24_u_div_BInv_7__6_ (CKBD0)
Committed on net sfp_instance/div_18_u_div_u_add_PartRem_0_5_n1
  Added inst sfp_instance/FE_PHC6023_div_18_u_div_u_add_PartRem_0_5_n1 (CKBD0)
Committed on net sfp_instance/div_24_u_div_BInv_7__18_
  Added inst sfp_instance/FE_PHC6024_div_24_u_div_BInv_7__18_ (CKBD0)
Committed on net sfp_instance/div_24_u_div_BInv_7__9_
  Added inst sfp_instance/FE_PHC6025_div_24_u_div_BInv_7__9_ (CKBD0)
Committed on net sfp_instance/div_24_u_div_BInv_6__16_
  Added inst sfp_instance/FE_PHC6026_div_24_u_div_BInv_6__16_ (CKBD0)
Committed on net sfp_instance/FE_OFN2323_n16463
  Added inst sfp_instance/FE_PHC6027_FE_OFN2323_n16463 (CKBD0)
Committed on net sfp_instance/FE_OFN1892_div_18_u_div_BInv_7__7_
  Added inst sfp_instance/FE_PHC6028_FE_OFN1892_div_18_u_div_BInv_7__7_ (CKBD0)
Committed on net sfp_instance/div_22_u_div_BInv_5__18_
  Added inst sfp_instance/FE_PHC6029_div_22_u_div_BInv_5__18_ (CKBD0)
Committed on net sfp_instance/div_21_u_div_BInv_6__17_
  Added inst sfp_instance/FE_PHC6030_div_21_u_div_BInv_6__17_ (CKBD0)
Committed on net sfp_instance/div_24_u_div_BInv_7__7_
  Added inst sfp_instance/FE_PHC6031_div_24_u_div_BInv_7__7_ (CKBD0)
Committed on net sfp_instance/n16505
  Added inst sfp_instance/FE_PHC6032_n16505 (CKBD0)
Committed on net sfp_instance/div_22_u_div_BInv_6__17_
  Added inst sfp_instance/FE_PHC6033_div_22_u_div_BInv_6__17_ (CKBD0)
Committed on net sfp_instance/div_18_u_div_BInv_5__18_
  Added inst sfp_instance/FE_PHC6034_div_18_u_div_BInv_5__18_ (CKBD0)
Committed on net sfp_instance/div_24_u_div_BInv_5__20_
  Added inst sfp_instance/FE_PHC6035_div_24_u_div_BInv_5__20_ (CKBD0)
Committed on net sfp_instance/FE_OCPN5302_n26508
  Added inst sfp_instance/FE_PHC6036_FE_OCPN5302_n26508 (CKBD0)
Committed on net sfp_instance/FE_OCPN3525_N561
  Added inst sfp_instance/FE_PHC6037_FE_OCPN3525_N561 (CKBD0)
Committed on net sfp_instance/div_21_u_div_BInv_6__18_
  Added inst sfp_instance/FE_PHC6038_div_21_u_div_BInv_6__18_ (CKBD0)
Committed on net sfp_instance/div_20_u_div_BInv_3__18_
  Added inst sfp_instance/FE_PHC6039_div_20_u_div_BInv_3__18_ (CKBD0)
Committed on net sfp_instance/div_24_u_div_BInv_5__18_
  Added inst sfp_instance/FE_PHC6040_div_24_u_div_BInv_5__18_ (CKBD0)
Committed on net sfp_instance/div_21_u_div_BInv_6__19_
  Added inst sfp_instance/FE_PHC6041_div_21_u_div_BInv_6__19_ (CKBD0)
Committed on net sfp_instance/div_24_u_div_BInv_7__17_
  Added inst sfp_instance/FE_PHC6042_div_24_u_div_BInv_7__17_ (CKBD0)
Committed on net sfp_instance/div_24_u_div_BInv_7__11_
  Added inst sfp_instance/FE_PHC6043_div_24_u_div_BInv_7__11_ (CKBD0)
Committed on net sfp_instance/n20646
  Added inst sfp_instance/FE_PHC6044_n20646 (CKBD0)
Committed on net sfp_instance/n19484
  Added inst sfp_instance/FE_PHC6045_n19484 (CKBD0)
Committed on net sfp_instance/div_23_u_div_BInv_7__12_
  Added inst sfp_instance/FE_PHC6046_div_23_u_div_BInv_7__12_ (CKBD0)
Committed on net sfp_instance/div_23_u_div_BInv_5__19_
  Added inst sfp_instance/FE_PHC6047_div_23_u_div_BInv_5__19_ (CKBD0)
Committed on net sfp_instance/div_24_u_div_BInv_6__18_
  Added inst sfp_instance/FE_PHC6048_div_24_u_div_BInv_6__18_ (CKBD0)
Committed on net sfp_instance/div_25_u_div_BInv_6__19_
  Added inst sfp_instance/FE_PHC6049_div_25_u_div_BInv_6__19_ (CKBD0)
Committed on net sfp_instance/div_23_u_div_BInv_7__19_
  Added inst sfp_instance/FE_PHC6050_div_23_u_div_BInv_7__19_ (CKBD0)
Committed on net sfp_instance/div_23_u_div_BInv_7__8_
  Added inst sfp_instance/FE_PHC6051_div_23_u_div_BInv_7__8_ (CKBD0)
Committed on net sfp_instance/div_24_u_div_BInv_6__19_
  Added inst sfp_instance/FE_PHC6052_div_24_u_div_BInv_6__19_ (CKBD0)
Committed on net sfp_instance/n16466
  Added inst sfp_instance/FE_PHC6053_n16466 (CKBD0)
Committed on net sfp_instance/div_18_u_div_u_add_PartRem_0_7_n33
  Added inst sfp_instance/FE_PHC6054_div_18_u_div_u_add_PartRem_0_7_n33 (CKBD0)
Committed on net sfp_instance/div_23_u_div_BInv_3__17_
  Added inst sfp_instance/FE_PHC6055_div_23_u_div_BInv_3__17_ (CKBD0)
Committed on net sfp_instance/div_24_u_div_BInv_3__14_
  Added inst sfp_instance/FE_PHC6056_div_24_u_div_BInv_3__14_ (BUFFD0)
Committed on net sfp_instance/div_23_u_div_BInv_6__17_
  Added inst sfp_instance/FE_PHC6057_div_23_u_div_BInv_6__17_ (CKBD0)
Committed on net sfp_instance/div_19_u_div_BInv_6__19_
  Added inst sfp_instance/FE_PHC6058_div_19_u_div_BInv_6__19_ (CKBD0)
Committed on net sfp_instance/n19480
  Added inst sfp_instance/FE_PHC6059_n19480 (CKBD0)
Committed on net sfp_instance/div_24_u_div_BInv_7__4_
  Added inst sfp_instance/FE_PHC6060_div_24_u_div_BInv_7__4_ (CKBD0)
Committed on net sfp_instance/div_19_u_div_BInv_7__18_
  Added inst sfp_instance/FE_PHC6061_div_19_u_div_BInv_7__18_ (CKBD0)
Committed on net sfp_instance/div_24_u_div_BInv_7__20_
  Added inst sfp_instance/FE_PHC6062_div_24_u_div_BInv_7__20_ (CKBD0)
Committed on net sfp_instance/div_18_u_div_BInv_7__6_
  Added inst sfp_instance/FE_PHC6063_div_18_u_div_BInv_7__6_ (CKBD0)
Committed on net sfp_instance/div_18_u_div_BInv_7__11_
  Added inst sfp_instance/FE_PHC6064_div_18_u_div_BInv_7__11_ (CKBD0)
Committed on net sfp_instance/div_20_u_div_BInv_3__19_
  Added inst sfp_instance/FE_PHC6065_div_20_u_div_BInv_3__19_ (CKBD0)
Committed on net sfp_instance/div_18_u_div_BInv_6__9_
  Added inst sfp_instance/FE_PHC6066_div_18_u_div_BInv_6__9_ (CKBD0)
Committed on net sfp_instance/div_23_u_div_BInv_5__18_
  Added inst sfp_instance/FE_PHC6067_div_23_u_div_BInv_5__18_ (CKBD0)
Committed on net sfp_instance/div_24_u_div_BInv_5__16_
  Added inst sfp_instance/FE_PHC6068_div_24_u_div_BInv_5__16_ (CKBD0)
Committed on net sfp_instance/div_23_u_div_BInv_7__17_
  Added inst sfp_instance/FE_PHC6069_div_23_u_div_BInv_7__17_ (CKBD0)
Committed on net sfp_instance/div_22_u_div_BInv_6__19_
  Added inst sfp_instance/FE_PHC6070_div_22_u_div_BInv_6__19_ (CKBD0)
Committed on net sfp_instance/div_23_u_div_BInv_7__18_
  Added inst sfp_instance/FE_PHC6071_div_23_u_div_BInv_7__18_ (CKBD0)
Committed on net sfp_instance/div_24_u_div_BInv_7__5_
  Added inst sfp_instance/FE_PHC6072_div_24_u_div_BInv_7__5_ (CKBD0)
Committed on net sfp_instance/div_18_u_div_BInv_5__17_
  Added inst sfp_instance/FE_PHC6073_div_18_u_div_BInv_5__17_ (CKBD0)
Committed on net sfp_instance/div_22_u_div_BInv_5__13_
  Added inst sfp_instance/FE_PHC6074_div_22_u_div_BInv_5__13_ (CKBD0)
Committed on net sfp_instance/div_23_u_div_BInv_6__14_
  Added inst sfp_instance/FE_PHC6075_div_23_u_div_BInv_6__14_ (CKBD0)
Committed on net sfp_instance/div_23_u_div_BInv_5__9_
  Added inst sfp_instance/FE_PHC6076_div_23_u_div_BInv_5__9_ (CKBD0)
Committed on net sfp_instance/div_22_u_div_BInv_7__11_
  Added inst sfp_instance/FE_PHC6077_div_22_u_div_BInv_7__11_ (BUFFD0)
Committed on net sfp_instance/div_18_u_div_BInv_7__13_
  Added inst sfp_instance/FE_PHC6078_div_18_u_div_BInv_7__13_ (CKBD0)
Committed on net sfp_instance/n14590
  Added inst sfp_instance/FE_PHC6079_n14590 (CKBD0)
Committed on net sfp_instance/div_23_u_div_BInv_5__13_
  Added inst sfp_instance/FE_PHC6080_div_23_u_div_BInv_5__13_ (CKBD0)
Committed on net sfp_instance/div_23_u_div_BInv_6__16_
  Added inst sfp_instance/FE_PHC6081_div_23_u_div_BInv_6__16_ (CKBD0)
Committed on net sfp_instance/div_18_u_div_BInv_6__3_
  Added inst sfp_instance/FE_PHC6082_div_18_u_div_BInv_6__3_ (CKBD0)
Committed on net sfp_instance/div_23_u_div_BInv_7__10_
  Added inst sfp_instance/FE_PHC6083_div_23_u_div_BInv_7__10_ (CKBD0)
Committed on net sfp_instance/div_18_u_div_BInv_7__12_
  Added inst sfp_instance/FE_PHC6084_div_18_u_div_BInv_7__12_ (CKBD0)
Committed on net sfp_instance/div_24_u_div_BInv_3__18_
  Added inst sfp_instance/FE_PHC6085_div_24_u_div_BInv_3__18_ (BUFFD0)
Committed on net sfp_instance/div_22_u_div_BInv_7__13_
  Added inst sfp_instance/FE_PHC6086_div_22_u_div_BInv_7__13_ (CKBD0)
Committed on net sfp_instance/div_22_u_div_BInv_5__20_
  Added inst sfp_instance/FE_PHC6087_div_22_u_div_BInv_5__20_ (CKBD0)
Committed on net sfp_instance/div_18_u_div_BInv_7__10_
  Added inst sfp_instance/FE_PHC6088_div_18_u_div_BInv_7__10_ (CKBD0)
Committed on net sfp_instance/div_24_u_div_BInv_7__14_
  Added inst sfp_instance/FE_PHC6089_div_24_u_div_BInv_7__14_ (CKBD0)
Committed on net sfp_instance/FE_OFN3111_div_22_u_div_BInv_6__3_
  Added inst sfp_instance/FE_PHC6090_FE_OFN3111_div_22_u_div_BInv_6__3_ (CKBD0)
Committed on net sfp_instance/div_18_u_div_BInv_6__8_
  Added inst sfp_instance/FE_PHC6091_div_18_u_div_BInv_6__8_ (CKBD0)
Committed on net sfp_instance/div_19_u_div_BInv_5__19_
  Added inst sfp_instance/FE_PHC6092_div_19_u_div_BInv_5__19_ (CKBD0)
Committed on net sfp_instance/n16395
  Added inst sfp_instance/FE_PHC6093_n16395 (CKBD0)
Committed on net sfp_instance/n15673
  Added inst sfp_instance/FE_PHC6094_n15673 (CKBD0)
Committed on net sfp_instance/div_18_u_div_BInv_5__11_
  Added inst sfp_instance/FE_PHC6095_div_18_u_div_BInv_5__11_ (BUFFD0)
Committed on net sfp_instance/div_19_u_div_BInv_5__20_
  Added inst sfp_instance/FE_PHC6096_div_19_u_div_BInv_5__20_ (CKBD0)
Committed on net sfp_instance/FE_OFN903_div_18_u_div_BInv_6__14_
  Added inst sfp_instance/FE_PHC6097_FE_OFN903_div_18_u_div_BInv_6__14_ (CKBD0)
Committed on net sfp_instance/div_18_u_div_BInv_6__7_
  Added inst sfp_instance/FE_PHC6098_div_18_u_div_BInv_6__7_ (CKBD0)
Committed on net sfp_instance/div_22_u_div_BInv_7__20_
  Added inst sfp_instance/FE_PHC6099_div_22_u_div_BInv_7__20_ (BUFFD0)
Committed on net sfp_instance/div_18_u_div_BInv_6__11_
  Added inst sfp_instance/FE_PHC6100_div_18_u_div_BInv_6__11_ (BUFFD0)
Committed on net sfp_instance/div_22_u_div_BInv_7__18_
  Added inst sfp_instance/FE_PHC6101_div_22_u_div_BInv_7__18_ (CKBD0)
Committed on net sfp_instance/div_23_u_div_BInv_7__4_
  Added inst sfp_instance/FE_PHC6102_div_23_u_div_BInv_7__4_ (CKBD0)
Committed on net sfp_instance/div_22_u_div_BInv_7__19_
  Added inst sfp_instance/FE_PHC6103_div_22_u_div_BInv_7__19_ (CKBD0)
Committed on net sfp_instance/div_18_u_div_BInv_6__6_
  Added inst sfp_instance/FE_PHC6104_div_18_u_div_BInv_6__6_ (CKBD0)
Committed on net sfp_instance/div_22_u_div_BInv_5__19_
  Added inst sfp_instance/FE_PHC6105_div_22_u_div_BInv_5__19_ (CKBD0)
Committed on net sfp_instance/n16473
  Added inst sfp_instance/FE_PHC6106_n16473 (CKBD0)
Committed on net sfp_instance/n26493
  Added inst sfp_instance/FE_PHC6107_n26493 (CKBD0)
Committed on net sfp_instance/div_23_u_div_BInv_6__13_
  Added inst sfp_instance/FE_PHC6108_div_23_u_div_BInv_6__13_ (CKBD0)
Committed on net sfp_instance/FE_OCPN5585_div_20_u_div_u_add_PartRem_1_5_3_B_7_
  Added inst sfp_instance/FE_PHC6109_FE_OCPN5585_div_20_u_div_u_add_PartRem_1_5_3_B_7_ (CKBD0)
Committed on net sfp_instance/div_18_u_div_BInv_6__5_
  Added inst sfp_instance/FE_PHC6110_div_18_u_div_BInv_6__5_ (CKBD0)
Committed on net sfp_instance/FE_OCPN3430_N613
  Added inst sfp_instance/FE_PHC6111_FE_OCPN3430_N613 (CKBD0)
Committed on net sfp_instance/FE_OCPN3257_n26070
  Added inst sfp_instance/FE_PHC6112_FE_OCPN3257_n26070 (CKBD0)
Committed on net sfp_instance/FE_OCPN3840_n26490
  Added inst sfp_instance/FE_PHC6113_FE_OCPN3840_n26490 (CKBD0)
Committed on net sfp_instance/FE_OCPN3941_n25470
  Added inst sfp_instance/FE_PHC6114_FE_OCPN3941_n25470 (CKBD0)
Committed on net sfp_instance/n250
  Added inst sfp_instance/FE_PHC6115_n250 (CKBD0)
Committed on net sfp_instance/n223
  Added inst sfp_instance/FE_PHC6116_n223 (CKBD0)
Committed on net sfp_instance/FE_OCPN3712_N600
  Added inst sfp_instance/FE_PHC6117_FE_OCPN3712_N600 (CKBD0)
Committed on net sfp_instance/div_18_u_div_BInv_6__18_
  Added inst sfp_instance/FE_PHC6118_div_18_u_div_BInv_6__18_ (CKBD0)
Committed on net sfp_instance/n16531
  Added inst sfp_instance/FE_PHC6119_n16531 (CKBD0)
Committed on net sfp_instance/n251
  Added inst sfp_instance/FE_PHC6120_n251 (CKBD0)
Committed on net sfp_instance/n240
  Added inst sfp_instance/FE_PHC6121_n240 (CKBD0)
Committed on net sfp_instance/n16499
  Added inst sfp_instance/FE_PHC6122_n16499 (CKBD0)
Committed on net sfp_instance/div_18_u_div_BInv_6__17_
  Added inst sfp_instance/FE_PHC6123_div_18_u_div_BInv_6__17_ (CKBD0)
Committed on net sfp_instance/div_22_u_div_BInv_6__20_
  Added inst sfp_instance/FE_PHC6124_div_22_u_div_BInv_6__20_ (CKBD0)
Committed on net sfp_instance/n16510
  Added inst sfp_instance/FE_PHC6125_n16510 (CKBD0)
Committed on net sfp_instance/FE_OCPN3413_n157
  Added inst sfp_instance/FE_PHC6126_FE_OCPN3413_n157 (BUFFD0)
Committed on net sfp_instance/n11565
  Added inst sfp_instance/FE_PHC6127_n11565 (CKBD0)
Committed on net sfp_instance/N513
  Added inst sfp_instance/FE_PHC6128_N513 (CKBD0)
Committed on net sfp_instance/FE_OFN1041_n21288
  Added inst sfp_instance/FE_PHC6129_FE_OFN1041_n21288 (CKBD0)
Committed on net sfp_instance/FE_OCPN4945_n19947
  Added inst sfp_instance/FE_PHC6130_FE_OCPN4945_n19947 (CKBD0)
Committed on net sfp_instance/div_19_u_div_BInv_6__20_
  Added inst sfp_instance/FE_PHC6131_div_19_u_div_BInv_6__20_ (CKBD0)
Committed on net sfp_instance/FE_OCPN3359_n20416
  Added inst sfp_instance/FE_PHC6132_FE_OCPN3359_n20416 (CKBD0)
Committed on net sfp_instance/FE_OCPN3713_N511
  Added inst sfp_instance/FE_PHC6133_FE_OCPN3713_N511 (CKBD0)
Committed on net sfp_instance/n20016
  Added inst sfp_instance/FE_PHC6134_n20016 (BUFFD0)
Committed on net sfp_instance/FE_OCPN5054_n15152
  Added inst sfp_instance/FE_PHC6135_FE_OCPN5054_n15152 (CKBD0)
Committed on net sfp_instance/FE_OCPN3366_n16804
  Added inst sfp_instance/FE_PHC6136_FE_OCPN3366_n16804 (CKBD0)
Committed on net sfp_instance/FE_OCPN4272_N633
  Added inst sfp_instance/FE_PHC6137_FE_OCPN4272_N633 (CKBD0)
Committed on net sfp_instance/FE_OCPN3836_n22307
  Added inst sfp_instance/FE_PHC6138_FE_OCPN3836_n22307 (CKBD0)
Committed on net sfp_instance/N631
  Added inst sfp_instance/FE_PHC6139_N631 (CKBD0)
Committed on net sfp_instance/FE_OCPN4360_n26487
  Added inst sfp_instance/FE_PHC6140_FE_OCPN4360_n26487 (CKBD0)
Committed on net sfp_instance/FE_OCPN3251_n26486
  Added inst sfp_instance/FE_PHC6141_FE_OCPN3251_n26486 (CKBD0)
Committed on net sfp_instance/FE_RN_104
  Added inst sfp_instance/FE_PHC6142_FE_RN_104 (CKBD0)
Committed on net sfp_instance/FE_RN_88
  Added inst sfp_instance/FE_PHC6143_FE_RN_88 (CKBD0)
Committed on net sfp_instance/FE_OCPN5668_div_20_u_div_PartRem_2__15_
  Added inst sfp_instance/FE_PHC6144_FE_OCPN5668_div_20_u_div_PartRem_2__15_ (BUFFD0)
Committed on net sfp_instance/n19026
  Added inst sfp_instance/FE_PHC6145_n19026 (BUFFD0)
Committed on net sfp_instance/FE_RN_1611_0
  Added inst sfp_instance/FE_PHC6146_FE_RN_1611_0 (CKBD0)
Committed on net sfp_instance/n16805
  Added inst sfp_instance/FE_PHC6147_n16805 (BUFFD0)
Committed on net sfp_instance/n24766
  Added inst sfp_instance/FE_PHC6148_n24766 (BUFFD0)
Committed on net sfp_instance/FE_OCPN4524_div_20_u_div_PartRem_2__9_
  Added inst sfp_instance/FE_PHC6149_FE_OCPN4524_div_20_u_div_PartRem_2__9_ (CKBD0)
Committed on net sfp_instance/n16603
  Added inst sfp_instance/FE_PHC6150_n16603 (BUFFD0)
Committed on net sfp_instance/n26512
  Added inst sfp_instance/FE_PHC6151_n26512 (CKBD0)
Committed on net sfp_instance/FE_RN_43
  Added inst sfp_instance/FE_PHC6152_FE_RN_43 (BUFFD0)
Committed on net sfp_instance/n122
  Added inst sfp_instance/FE_PHC6153_n122 (BUFFD0)
Committed on net sfp_instance/N590
  Added inst sfp_instance/FE_PHC6154_N590 (CKBD0)
Committed on net sfp_instance/n16756
  Added inst sfp_instance/FE_PHC6155_n16756 (BUFFD0)
Committed on net sfp_instance/n24723
  Added inst sfp_instance/FE_PHC6156_n24723 (CKBD0)
Committed on net sfp_instance/FE_OCPN4133_div_20_u_div_PartRem_2__11_
  Added inst sfp_instance/FE_PHC6157_FE_OCPN4133_div_20_u_div_PartRem_2__11_ (BUFFD0)
Committed on net sfp_instance/n20042
  Added inst sfp_instance/FE_PHC6158_n20042 (CKBD0)
Committed on net sfp_instance/n18588
  Added inst sfp_instance/FE_PHC6159_n18588 (CKBD0)
Committed on net sfp_instance/n20043
  Added inst sfp_instance/FE_PHC6160_n20043 (BUFFD0)
Committed on net sfp_instance/n24725
  Added inst sfp_instance/FE_PHC6161_n24725 (BUFFD0)
Committed on net sfp_instance/div_18_u_div_PartRem_1__12_
  Added inst sfp_instance/FE_PHC6162_div_18_u_div_PartRem_1__12_ (CKBD0)
Committed on net sfp_instance/div_18_u_div_PartRem_1__10_
  Added inst sfp_instance/FE_PHC6163_div_18_u_div_PartRem_1__10_ (CKBD0)
Committed on net sfp_instance/N588
  Added inst sfp_instance/FE_PHC6164_N588 (BUFFD0)
Committed on net sfp_instance/div_18_u_div_PartRem_1__9_
  Added inst sfp_instance/FE_PHC6165_div_18_u_div_PartRem_1__9_ (BUFFD0)
Committed on net sfp_instance/div_18_u_div_PartRem_1__5_
  Added inst sfp_instance/FE_PHC6166_div_18_u_div_PartRem_1__5_ (BUFFD0)
Committed on net sfp_instance/div_18_u_div_PartRem_1__8_
  Added inst sfp_instance/FE_PHC6167_div_18_u_div_PartRem_1__8_ (BUFFD0)
Committed on net sfp_instance/div_18_u_div_PartRem_1__6_
  Added inst sfp_instance/FE_PHC6168_div_18_u_div_PartRem_1__6_ (BUFFD0)
Committed on net sfp_instance/FE_OCPN5044_div_18_u_div_PartRem_1__7_
  Added inst sfp_instance/FE_PHC6169_FE_OCPN5044_div_18_u_div_PartRem_1__7_ (BUFFD0)
===========================================================================================
  Phase 1 : Step 2 Iter 1 Summary (AddBuffer + LegalResize)
------------------------------------------------------------------------------------------
 Hold WNS :      -0.2266
      TNS :     -36.6172
      #VP :          676
      TNS+:      17.6566/474 improved (0.0373 per commit, 32.532%)
  Density :      94.824%
------------------------------------------------------------------------------------------
 473 buffer added (phase total 473, total 473)
 1 inst resized (phase total 1, total 1)
 cpu=0:00:43.1 real=0:00:20.0 totSessionCpu=2:18:45 mem=3407.5M
===========================================================================================

Starting Phase 1 Step 2 Iter 2 ...
Committed on net sfp_instance/FE_OFN1802_div_23_u_div_SumTmp_4__1__0_
  Added inst sfp_instance/FE_PHC6170_FE_OFN1802_div_23_u_div_SumTmp_4__1__0_ (CKBD0)
Committed on net sfp_instance/n26518
  Added inst sfp_instance/FE_PHC6171_n26518 (CKBD0)
Committed on net sfp_instance/FE_OFN1782_div_18_u_div_u_add_PartRem_1_5_A_2_
  Added inst sfp_instance/FE_PHC6172_FE_OFN1782_div_18_u_div_u_add_PartRem_1_5_A_2_ (CKBD0)
Committed on net sfp_instance/FE_PHN5758_div_24_u_div_SumTmp_4__1__0_
  Added inst sfp_instance/FE_PHC6173_div_24_u_div_SumTmp_4__1__0_ (CKBD0)
Committed on net sfp_instance/FE_PHN5713_div_25_u_div_u_add_PartRem_1_5_A_1_
  Added inst sfp_instance/FE_PHC6174_div_25_u_div_u_add_PartRem_1_5_A_1_ (CKBD0)
Committed on net sfp_instance/div_18_u_div_u_add_PartRem_0_4_A_2_
  Added inst sfp_instance/FE_PHC6175_div_18_u_div_u_add_PartRem_0_4_A_2_ (CKBD0)
Committed on net mac_array_instance/col_idx_2__mac_col_inst/FE_PHN5700_inst_temp_2_
  Added inst mac_array_instance/col_idx_2__mac_col_inst/FE_PHC6176_inst_temp_2_ (BUFFD0)
Committed on net sfp_instance/div_23_u_div_SumTmp_6__2__0_
  Added inst sfp_instance/FE_PHC6177_div_23_u_div_SumTmp_6__2__0_ (CKBD0)
Committed on net sfp_instance/fifo_inst_ext/FE_PHN5708_N36
  Added inst sfp_instance/fifo_inst_ext/FE_PHC6178_N36 (CKBD0)
Committed on net sfp_instance/div_25_u_div_SumTmp_4__1__0_
  Added inst sfp_instance/FE_PHC6179_div_25_u_div_SumTmp_4__1__0_ (CKBD0)
Committed on net sfp_instance/div_18_u_div_SumTmp_4__1__0_
  Added inst sfp_instance/FE_PHC6180_div_18_u_div_SumTmp_4__1__0_ (CKBD0)
Committed on net FE_OCPN3785_FE_OFN3503_out_62_
  Added inst sfp_instance/FE_PHC6181_FE_OCPN3785_FE_OFN3503_out_62_ (BUFFD0)
Committed on net sfp_instance/div_25_u_div_u_add_PartRem_1_5_A_2_
  Added inst sfp_instance/FE_PHC6182_div_25_u_div_u_add_PartRem_1_5_A_2_ (CKBD0)
Committed on net sfp_instance/div_18_u_div_SumTmp_6__2__0_
  Added inst sfp_instance/FE_PHC6183_div_18_u_div_SumTmp_6__2__0_ (CKBD0)
Committed on net sfp_instance/div_18_u_div_SumTmp_4__1__1_
  Added inst sfp_instance/FE_PHC6184_div_18_u_div_SumTmp_4__1__1_ (CKBD0)
Committed on net sfp_instance/FE_OFN1805_div_23_u_div_SumTmp_4__1__1_
  Added inst sfp_instance/FE_PHC6185_FE_OFN1805_div_23_u_div_SumTmp_4__1__1_ (BUFFD0)
Committed on net sfp_instance/div_24_u_div_SumTmp_4__1__1_
  Added inst sfp_instance/FE_PHC6186_div_24_u_div_SumTmp_4__1__1_ (BUFFD0)
Committed on net sfp_instance/div_24_u_div_u_add_PartRem_1_5_A_2_
  Added inst sfp_instance/FE_PHC6187_div_24_u_div_u_add_PartRem_1_5_A_2_ (BUFFD0)
Committed on net sfp_instance/n25053
  Added inst sfp_instance/FE_PHC6188_n25053 (CKBD0)
Committed on net FE_OFN1924_out_22_
  Added inst sfp_instance/FE_PHC6189_FE_OFN1924_out_22_ (CKBD0)
Committed on net sfp_instance/div_25_u_div_SumTmp_6__2__0_
  Added inst sfp_instance/FE_PHC6190_div_25_u_div_SumTmp_6__2__0_ (BUFFD0)
Committed on net sfp_instance/div_25_u_div_SumTmp_4__2__1_
  Added inst sfp_instance/FE_PHC6191_div_25_u_div_SumTmp_4__2__1_ (BUFFD0)
Committed on net sfp_instance/FE_OFN2077_div_22_u_div_SumTmp_4__2__1_
  Added inst sfp_instance/FE_PHC6192_FE_OFN2077_div_22_u_div_SumTmp_4__2__1_ (BUFFD0)
Committed on net sfp_instance/div_22_u_div_u_add_PartRem_1_5_A_2_
  Added inst sfp_instance/FE_PHC6193_div_22_u_div_u_add_PartRem_1_5_A_2_ (CKBD0)
Committed on net sfp_instance/fifo_inst_ext/n1019
  Added inst sfp_instance/fifo_inst_ext/FE_PHC6194_n1019 (CKBD0)
Committed on net sfp_instance/fifo_inst_ext/wr_ptr[3]
  Added inst sfp_instance/fifo_inst_ext/FE_PHC6195_wr_ptr_3_ (CKBD0)
Committed on net sfp_instance/fifo_inst_ext/FE_PHN5719_wr_ptr_gray_4_
  Added inst sfp_instance/fifo_inst_ext/FE_PHC6196_wr_ptr_gray_4_ (CKBD0)
Committed on net sfp_instance/FE_OFN2045_div_23_u_div_SumTmp_4__2__1_
  Added inst sfp_instance/FE_PHC6197_FE_OFN2045_div_23_u_div_SumTmp_4__2__1_ (CKBD0)
Committed on net sfp_instance/div_24_u_div_SumTmp_6__2__0_
  Added inst sfp_instance/FE_PHC6198_div_24_u_div_SumTmp_6__2__0_ (BUFFD0)
Committed on net sfp_instance/div_18_u_div_u_add_PartRem_2_7_A_2_
  Added inst sfp_instance/FE_PHC6199_div_18_u_div_u_add_PartRem_2_7_A_2_ (BUFFD0)
Committed on net sfp_instance/FE_OFN2661_div_23_u_div_u_add_PartRem_2_7_A_2_
  Added inst sfp_instance/FE_PHC6200_FE_OFN2661_div_23_u_div_u_add_PartRem_2_7_A_2_ (BUFFD0)
Committed on net sfp_instance/fifo_inst_int/n796
  Added inst sfp_instance/fifo_inst_int/FE_PHC6201_n796 (CKBD0)
Committed on net sfp_instance/fifo_inst_int/rd_ptr[3]
  Added inst sfp_instance/fifo_inst_int/FE_PHC6202_rd_ptr_3_ (CKBD0)
Committed on net sfp_instance/fifo_inst_int/n800
  Added inst sfp_instance/fifo_inst_int/FE_PHC6203_n800 (BUFFD0)
Committed on net sfp_instance/fifo_inst_int/FE_OCPN4868_n811
  Added inst sfp_instance/fifo_inst_int/FE_PHC6204_FE_OCPN4868_n811 (BUFFD0)
Committed on net sfp_instance/fifo_inst_int/FE_OCPN4874_n802
  Added inst sfp_instance/fifo_inst_int/FE_PHC6205_FE_OCPN4874_n802 (BUFFD0)
Committed on net sfp_instance/fifo_inst_int/FE_OCPN5468_n810
  Added inst sfp_instance/fifo_inst_int/FE_PHC6206_FE_OCPN5468_n810 (CKBD0)
Committed on net sfp_instance/FE_PHN5862_div_22_u_div_u_add_PartRem_0_4_n125
  Added inst sfp_instance/FE_PHC6207_div_22_u_div_u_add_PartRem_0_4_n125 (CKBD0)
Committed on net sfp_instance/n20107
  Added inst sfp_instance/FE_PHC6208_n20107 (CKBD0)
Committed on net sfp_instance/FE_OFN2448_n103
  Added inst sfp_instance/FE_PHC6209_FE_OFN2448_n103 (BUFFD0)
Committed on net sfp_instance/FE_PHN5780_div_21_u_div_u_add_PartRem_1_5_A_2_
  Added inst sfp_instance/FE_PHC6210_div_21_u_div_u_add_PartRem_1_5_A_2_ (CKBD0)
Committed on net sfp_instance/fifo_inst_int/FE_PHN5750_rd_ptr_gray_3_
  Added inst sfp_instance/fifo_inst_int/FE_PHC6211_rd_ptr_gray_3_ (CKBD0)
Committed on net sfp_instance/n22562
  Added inst sfp_instance/FE_PHC6212_n22562 (CKBD0)
Committed on net sfp_instance/fifo_inst_int/FE_PHN5754_rd_ptr_gray_0_
  Added inst sfp_instance/fifo_inst_int/FE_PHC6213_rd_ptr_gray_0_ (CKBD0)
Committed on net sfp_instance/FE_OFN3018_n1299
  Added inst sfp_instance/FE_PHC6214_FE_OFN3018_n1299 (BUFFD0)
Committed on net sfp_instance/FE_PHN5762_FE_OCPN4453_FE_OFN3028_n739
  Added inst sfp_instance/FE_PHC6215_FE_OCPN4453_FE_OFN3028_n739 (CKBD0)
Committed on net sfp_instance/FE_OFN2560_div_20_u_div_u_add_PartRem_1_0_3_B_9_
  Added inst sfp_instance/FE_PHC6216_FE_OFN2560_div_20_u_div_u_add_PartRem_1_0_3_B_9_ (BUFFD0)
Committed on net sfp_instance/FE_OCPN5260_FE_OFN2188_n1022
  Added inst sfp_instance/FE_PHC6217_FE_OCPN5260_FE_OFN2188_n1022 (BUFFD0)
Committed on net sfp_instance/FE_PHN5763_FE_OCPN4437_FE_OFN3026_n739
  Added inst sfp_instance/FE_PHC6218_FE_OCPN4437_FE_OFN3026_n739 (CKBD0)
Committed on net sfp_instance/n16268
  Added inst sfp_instance/FE_PHC6219_n16268 (CKBD0)
Committed on net sfp_instance/FE_OFN2816_n502
  Added inst sfp_instance/FE_PHC6220_FE_OFN2816_n502 (BUFFD0)
Committed on net sfp_instance/FE_PHN5752_FE_OCPN4227_FE_OFN3045_n26065
  Added inst sfp_instance/FE_PHC6221_FE_OCPN4227_FE_OFN3045_n26065 (CKBD0)
Committed on net sfp_instance/fifo_inst_ext/FE_PHN5707_wr_ptr_gray_1_
  Added inst sfp_instance/fifo_inst_ext/FE_PHC6222_wr_ptr_gray_1_ (CKBD0)
Committed on net sfp_instance/fifo_inst_int/FE_PHN5753_rd_ptr_gray_2_
  Added inst sfp_instance/fifo_inst_int/FE_PHC6223_rd_ptr_gray_2_ (CKBD0)
Committed on net sfp_instance/div_21_u_div_SumTmp_4__1__0_
  Added inst sfp_instance/FE_PHC6224_div_21_u_div_SumTmp_4__1__0_ (CKBD0)
Committed on net sfp_instance/fifo_inst_int/FE_PHN5860_n780
  Added inst sfp_instance/fifo_inst_int/FE_PHC6225_n780 (CKBD0)
Committed on net sfp_instance/fifo_inst_ext/FE_PHN5755_wr_ptr_gray_3_
  Added inst sfp_instance/fifo_inst_ext/FE_PHC6226_wr_ptr_gray_3_ (CKBD0)
Committed on net sfp_instance/FE_OFN3032_n739
  Added inst sfp_instance/FE_PHC6227_FE_OFN3032_n739 (BUFFD0)
Committed on net sfp_instance/FE_OFN2883_div_20_u_div_BInv_3__10_
  Added inst sfp_instance/FE_PHC6228_FE_OFN2883_div_20_u_div_BInv_3__10_ (CKBD0)
Committed on net sfp_instance/FE_OFN3052_n26065
  Added inst sfp_instance/FE_PHC6229_FE_OFN3052_n26065 (CKBD0)
Committed on net sfp_instance/FE_OFN2668_n732
  Added inst sfp_instance/FE_PHC6230_FE_OFN2668_n732 (CKBD0)
Committed on net sfp_instance/FE_OFN3145_n26065
  Added inst sfp_instance/FE_PHC6231_FE_OFN3145_n26065 (CKBD0)
Committed on net sfp_instance/div_19_u_div_SumTmp_4__1__1_
  Added inst sfp_instance/FE_PHC6232_div_19_u_div_SumTmp_4__1__1_ (BUFFD0)
Committed on net sfp_instance/FE_PHN5766_FE_OFN2808_n502
  Added inst sfp_instance/FE_PHC6233_FE_OFN2808_n502 (CKBD0)
Committed on net sfp_instance/FE_OFN2564_n26066
  Added inst sfp_instance/FE_PHC6234_FE_OFN2564_n26066 (CKBD0)
Committed on net sfp_instance/FE_OFN2745_n777
  Added inst sfp_instance/FE_PHC6235_FE_OFN2745_n777 (CKBD0)
Committed on net sfp_instance/FE_OCPN5622_n3596
  Added inst sfp_instance/FE_PHC6236_FE_OCPN5622_n3596 (BUFFD0)
Committed on net sfp_instance/div_21_u_div_SumTmp_4__2__1_
  Added inst sfp_instance/FE_PHC6237_div_21_u_div_SumTmp_4__2__1_ (CKBD0)
Committed on net sfp_instance/FE_OFN3020_n1299
  Added inst sfp_instance/FE_PHC6238_FE_OFN3020_n1299 (CKBD0)
Committed on net sfp_instance/FE_OCPN4419_FE_OFN2914_n732
  Added inst sfp_instance/FE_PHC6239_FE_OCPN4419_FE_OFN2914_n732 (CKBD0)
Committed on net sfp_instance/n14015
  Added inst sfp_instance/FE_PHC6240_n14015 (CKBD0)
Committed on net sfp_instance/div_19_u_div_SumTmp_6__2__0_
  Added inst sfp_instance/FE_PHC6241_div_19_u_div_SumTmp_6__2__0_ (BUFFD0)
Committed on net sfp_instance/FE_OCPN4776_FE_OFN2672_n1406
  Added inst sfp_instance/FE_PHC6242_FE_OCPN4776_FE_OFN2672_n1406 (CKBD0)
Committed on net sfp_instance/n10557
  Added inst sfp_instance/FE_PHC6243_n10557 (BUFFD0)
Committed on net sfp_instance/FE_OCPN4812_div_20_u_div_BInv_3__12_
  Added inst sfp_instance/FE_PHC6244_FE_OCPN4812_div_20_u_div_BInv_3__12_ (CKBD0)
Committed on net sfp_instance/div_19_u_div_SumTmp_4__1__0_
  Added inst sfp_instance/FE_PHC6245_div_19_u_div_SumTmp_4__1__0_ (CKBD0)
Committed on net sfp_instance/FE_OCPN4341_FE_OFN2739_n777
  Added inst sfp_instance/FE_PHC6246_FE_OCPN4341_FE_OFN2739_n777 (BUFFD0)
Committed on net sfp_instance/FE_OCPN5256_FE_OFN1304_n803
  Added inst sfp_instance/FE_PHC6247_FE_OCPN5256_FE_OFN1304_n803 (BUFFD0)
Committed on net sfp_instance/div_19_u_div_SumTmp_4__2__1_
  Added inst sfp_instance/FE_PHC6248_div_19_u_div_SumTmp_4__2__1_ (BUFFD0)
Committed on net sfp_instance/FE_PHN5799_FE_OCPN5130_FE_OFN3015_n1299
  Added inst sfp_instance/FE_PHC6249_FE_OCPN5130_FE_OFN3015_n1299 (BUFFD0)
Committed on net sfp_instance/n13518
  Added inst sfp_instance/FE_PHC6250_n13518 (BUFFD0)
Committed on net sfp_instance/n2635
  Added inst sfp_instance/FE_PHC6251_n2635 (BUFFD0)
Committed on net sfp_instance/FE_OCPN4223_FE_OFN2139_n26066
  Added inst sfp_instance/FE_PHC6252_FE_OCPN4223_FE_OFN2139_n26066 (CKBD0)
Committed on net sfp_instance/FE_OCPN5259_FE_OFN2191_n1022
  Added inst sfp_instance/FE_PHC6253_FE_OCPN5259_FE_OFN2191_n1022 (CKBD0)
Committed on net sfp_instance/n15793
  Added inst sfp_instance/FE_PHC6254_n15793 (CKBD0)
Committed on net sfp_instance/FE_OCPN3796_FE_OFN1231_n11929
  Added inst sfp_instance/FE_PHC6255_FE_OCPN3796_FE_OFN1231_n11929 (BUFFD0)
Committed on net sfp_instance/FE_OFN2678_n1406
  Added inst sfp_instance/FE_PHC6256_FE_OFN2678_n1406 (CKBD0)
Committed on net sfp_instance/n26164
  Added inst sfp_instance/FE_PHC6257_n26164 (BUFFD0)
Committed on net sfp_instance/FE_OCPN4585_FE_RN_127
  Added inst sfp_instance/FE_PHC6258_FE_OCPN4585_FE_RN_127 (CKBD0)
Committed on net sfp_instance/FE_OCPN5602_FE_OFN1304_n803
  Added inst sfp_instance/FE_PHC6259_FE_OCPN5602_FE_OFN1304_n803 (CKBD0)
Committed on net sfp_instance/FE_OCPN4084_FE_OFN2739_n777
  Added inst sfp_instance/FE_PHC6260_FE_OCPN4084_FE_OFN2739_n777 (CKBD0)
Committed on net sfp_instance/FE_OCPN5053_FE_OFN2801_n705
  Added inst sfp_instance/FE_PHC6261_FE_OCPN5053_FE_OFN2801_n705 (CKBD0)
Committed on net sfp_instance/FE_OCPN4809_FE_OFN3049_n26065
  Added inst sfp_instance/FE_PHC6262_FE_OCPN4809_FE_OFN3049_n26065 (BUFFD0)
Committed on net sfp_instance/FE_OFN621_n697
  Added inst sfp_instance/FE_PHC6263_FE_OFN621_n697 (BUFFD0)
Committed on net sfp_instance/FE_OCPN5124_FE_OFN878_n765
  Added inst sfp_instance/FE_PHC6264_FE_OCPN5124_FE_OFN878_n765 (BUFFD0)
Committed on net sfp_instance/FE_OFN2418_sum_2core_13_
  Added inst sfp_instance/FE_PHC6265_FE_OFN2418_sum_2core_13_ (BUFFD0)
Committed on net sfp_instance/FE_OCPN4425_FE_OFN2102_n647
  Added inst sfp_instance/FE_PHC6266_FE_OCPN4425_FE_OFN2102_n647 (CKBD0)
Committed on net sfp_instance/fifo_inst_int/FE_OCPN5674_n395
  Added inst sfp_instance/fifo_inst_int/FE_PHC6267_FE_OCPN5674_n395 (BUFFD0)
Committed on net sfp_instance/FE_OFN2680_n1406
  Added inst sfp_instance/FE_PHC6268_FE_OFN2680_n1406 (CKBD0)
Committed on net sfp_instance/div_18_u_div_u_add_PartRem_0_2_n1
  Added inst sfp_instance/FE_PHC6269_div_18_u_div_u_add_PartRem_0_2_n1 (CKBD0)
Committed on net sfp_instance/FE_OFN2832_div_20_u_div_BInv_3__8_
  Added inst sfp_instance/FE_PHC6270_FE_OFN2832_div_20_u_div_BInv_3__8_ (BUFFD0)
Committed on net sfp_instance/FE_PHN5995_div_24_u_div_BInv_5__5_
  Added inst sfp_instance/FE_PHC6271_div_24_u_div_BInv_5__5_ (CKBD0)
Committed on net sfp_instance/FE_PHN5967_div_22_u_div_BInv_6__5_
  Added inst sfp_instance/FE_PHC6272_div_22_u_div_BInv_6__5_ (BUFFD0)
Committed on net sfp_instance/n16536
  Added inst sfp_instance/FE_PHC6273_n16536 (CKBD0)
Committed on net sfp_instance/div_19_u_div_u_add_PartRem_0_7_n1
  Added inst sfp_instance/FE_PHC6274_div_19_u_div_u_add_PartRem_0_7_n1 (BUFFD0)
Committed on net sfp_instance/n20960
  Added inst sfp_instance/FE_PHC6275_n20960 (BUFFD0)
Committed on net sfp_instance/div_21_u_div_u_add_PartRem_0_7_n1
  Added inst sfp_instance/FE_PHC6276_div_21_u_div_u_add_PartRem_0_7_n1 (BUFFD0)
Committed on net sfp_instance/n21620
  Added inst sfp_instance/FE_PHC6277_n21620 (BUFFD0)
Committed on net sfp_instance/FE_PHN5975_div_24_u_div_BInv_5__6_
  Added inst sfp_instance/FE_PHC6278_div_24_u_div_BInv_5__6_ (CKBD0)
Committed on net sfp_instance/div_25_u_div_SumTmp_6__1__2_
  Added inst sfp_instance/FE_PHC6279_div_25_u_div_SumTmp_6__1__2_ (BUFFD0)
Committed on net sfp_instance/FE_PHN5837_FE_OFN1745_N544
  Added inst sfp_instance/FE_PHC6280_FE_OFN1745_N544 (CKBD0)
Committed on net sfp_instance/n21619
  Added inst sfp_instance/FE_PHC6281_n21619 (BUFFD0)
Committed on net sfp_instance/FE_PHN6000_div_24_u_div_BInv_7__8_
  Added inst sfp_instance/FE_PHC6282_div_24_u_div_BInv_7__8_ (CKBD0)
Committed on net sfp_instance/FE_PHN5985_div_23_u_div_BInv_7__9_
  Added inst sfp_instance/FE_PHC6283_div_23_u_div_BInv_7__9_ (CKBD0)
Committed on net sfp_instance/div_22_u_div_BInv_5__3_
  Added inst sfp_instance/FE_PHC6284_div_22_u_div_BInv_5__3_ (CKBD0)
Committed on net sfp_instance/n21792
  Added inst sfp_instance/FE_PHC6285_n21792 (CKBD0)
Committed on net sfp_instance/N644
  Added inst sfp_instance/FE_PHC6286_N644 (BUFFD0)
Committed on net sfp_instance/FE_PHN5854_FE_OFN3092_div_20_u_div_u_add_PartRem_1_6_3_B_1_
  Added inst sfp_instance/FE_PHC6287_FE_OFN3092_div_20_u_div_u_add_PartRem_1_6_3_B_1_ (CKBD0)
Committed on net sfp_instance/div_18_u_div_u_add_PartRem_0_7_n1
  Added inst sfp_instance/FE_PHC6288_div_18_u_div_u_add_PartRem_0_7_n1 (CKBD0)
Committed on net sfp_instance/div_18_u_div_u_add_PartRem_0_3_n1
  Added inst sfp_instance/FE_PHC6289_div_18_u_div_u_add_PartRem_0_3_n1 (CKBD0)
Committed on net sfp_instance/n22563
  Added inst sfp_instance/FE_PHC6290_n22563 (CKBD0)
Committed on net sfp_instance/n21622
  Added inst sfp_instance/FE_PHC6291_n21622 (CKBD0)
Committed on net sfp_instance/fifo_inst_int/FE_PHN5855_n783
  Added inst sfp_instance/fifo_inst_int/FE_PHC6292_n783 (CKBD0)
Committed on net sfp_instance/FE_PHN5849_FE_OFN3023_div_23_u_div_BInv_7__3_
  Added inst sfp_instance/FE_PHC6293_FE_OFN3023_div_23_u_div_BInv_7__3_ (CKBD0)
Committed on net sfp_instance/FE_PHN5749_FE_OCPN5490_FE_RN_974_0
  Added inst sfp_instance/FE_PHC6294_FE_OCPN5490_FE_RN_974_0 (CKBD0)
Committed on net sfp_instance/div_18_u_div_BInv_6__5_
  Added inst sfp_instance/FE_PHC6295_div_18_u_div_BInv_6__5_ (BUFFD0)
Committed on net sfp_instance/div_22_u_div_BInv_7__3_
  Added inst sfp_instance/FE_PHC6296_div_22_u_div_BInv_7__3_ (BUFFD0)
Committed on net sfp_instance/div_24_u_div_u_add_PartRem_0_5_n1
  Added inst sfp_instance/FE_PHC6297_div_24_u_div_u_add_PartRem_0_5_n1 (CKBD0)
Committed on net sfp_instance/FE_PHN5869_N524
  Added inst sfp_instance/FE_PHC6298_N524 (CKBD0)
Committed on net sfp_instance/div_24_u_div_BInv_5__3_
  Added inst sfp_instance/FE_PHC6299_div_24_u_div_BInv_5__3_ (CKBD0)
Committed on net sfp_instance/FE_OCPN5634_n26067
  Added inst sfp_instance/FE_PHC6300_FE_OCPN5634_n26067 (CKBD0)
Committed on net sfp_instance/div_24_u_div_u_add_PartRem_0_1_n1
  Added inst sfp_instance/FE_PHC6301_div_24_u_div_u_add_PartRem_0_1_n1 (BUFFD0)
Committed on net sfp_instance/FE_PHN5846_div_24_u_div_u_add_PartRem_0_7_n1
  Added inst sfp_instance/FE_PHC6302_div_24_u_div_u_add_PartRem_0_7_n1 (BUFFD0)
Committed on net sfp_instance/FE_PHN6025_div_24_u_div_BInv_7__9_
  Added inst sfp_instance/FE_PHC6303_div_24_u_div_BInv_7__9_ (CKBD0)
Committed on net sfp_instance/FE_PHN6098_div_18_u_div_BInv_6__7_
  Added inst sfp_instance/FE_PHC6304_div_18_u_div_BInv_6__7_ (CKBD0)
Committed on net sfp_instance/FE_PHN6051_div_23_u_div_BInv_7__8_
  Added inst sfp_instance/FE_PHC6305_div_23_u_div_BInv_7__8_ (CKBD0)
Committed on net sfp_instance/FE_PHN5861_FE_OCPN3790_n3278
  Added inst sfp_instance/FE_PHC6306_FE_OCPN3790_n3278 (CKBD0)
Committed on net sfp_instance/FE_PHN6031_div_24_u_div_BInv_7__7_
  Added inst sfp_instance/FE_PHC6307_div_24_u_div_BInv_7__7_ (CKBD0)
Committed on net sfp_instance/FE_PHN6022_div_24_u_div_BInv_7__6_
  Added inst sfp_instance/FE_PHC6308_div_24_u_div_BInv_7__6_ (CKBD0)
Committed on net sfp_instance/FE_OFN2746_n777
  Added inst sfp_instance/FE_PHC6309_FE_OFN2746_n777 (CKBD0)
Committed on net sfp_instance/FE_PHN6028_FE_OFN1892_div_18_u_div_BInv_7__7_
  Added inst sfp_instance/FE_PHC6310_FE_OFN1892_div_18_u_div_BInv_7__7_ (CKBD0)
Committed on net sfp_instance/div_18_u_div_u_add_PartRem_0_5_n1
  Added inst sfp_instance/FE_PHC6311_div_18_u_div_u_add_PartRem_0_5_n1 (CKBD0)
Committed on net sfp_instance/FE_OFN2556_div_23_u_div_BInv_5__3_
  Added inst sfp_instance/FE_PHC6312_FE_OFN2556_div_23_u_div_BInv_5__3_ (CKBD0)
Committed on net sfp_instance/FE_OCPN4426_FE_OFN2801_n705
  Added inst sfp_instance/FE_PHC6313_FE_OCPN4426_FE_OFN2801_n705 (CKBD0)
Committed on net sfp_instance/FE_PHN6104_div_18_u_div_BInv_6__6_
  Added inst sfp_instance/FE_PHC6314_div_18_u_div_BInv_6__6_ (CKBD0)
Committed on net sfp_instance/div_22_u_div_BInv_7__4_
  Added inst sfp_instance/FE_PHC6315_div_22_u_div_BInv_7__4_ (BUFFD0)
Committed on net sfp_instance/FE_PHN6063_div_18_u_div_BInv_7__6_
  Added inst sfp_instance/FE_PHC6316_div_18_u_div_BInv_7__6_ (CKBD0)
Committed on net sfp_instance/FE_PHN5825_FE_OFN2979_div_24_u_div_BInv_7__3_
  Added inst sfp_instance/FE_PHC6317_FE_OFN2979_div_24_u_div_BInv_7__3_ (BUFFD0)
Committed on net sfp_instance/FE_PHN6060_div_24_u_div_BInv_7__4_
  Added inst sfp_instance/FE_PHC6318_div_24_u_div_BInv_7__4_ (CKBD0)
Committed on net sfp_instance/FE_OCPN4351_sum_2core_13_
  Added inst sfp_instance/FE_PHC6319_FE_OCPN4351_sum_2core_13_ (CKBD0)
Committed on net sfp_instance/FE_OFN1701_n2629
  Added inst sfp_instance/FE_PHC6320_FE_OFN1701_n2629 (CKBD0)
Committed on net sfp_instance/FE_PHN6072_div_24_u_div_BInv_7__5_
  Added inst sfp_instance/FE_PHC6321_div_24_u_div_BInv_7__5_ (CKBD0)
Committed on net sfp_instance/FE_OFN2073_div_24_u_div_BInv_5__4_
  Added inst sfp_instance/FE_PHC6322_FE_OFN2073_div_24_u_div_BInv_5__4_ (BUFFD0)
Committed on net sfp_instance/FE_PHN5740_FE_OCPN4425_FE_OFN2102_n647
  Added inst sfp_instance/FE_PHC6323_FE_OCPN4425_FE_OFN2102_n647 (CKBD0)
Committed on net sfp_instance/n16328
  Added inst sfp_instance/FE_PHC6324_n16328 (CKBD0)
Committed on net sfp_instance/FE_OFN3153_sum_2core_18_
  Added inst sfp_instance/FE_PHC6325_FE_OFN3153_sum_2core_18_ (CKBD0)
Committed on net sfp_instance/FE_OCPN5632_n26067
  Added inst sfp_instance/FE_PHC6326_FE_OCPN5632_n26067 (BUFFD0)
Committed on net sfp_instance/FE_PHN5866_FE_OFN2807_n705
  Added inst sfp_instance/FE_PHC6327_FE_OFN2807_n705 (CKBD0)
Committed on net sfp_instance/FE_OFN2104_n647
  Added inst sfp_instance/FE_PHC6328_FE_OFN2104_n647 (CKBD0)
Committed on net sfp_instance/FE_OFN2953_n26066
  Added inst sfp_instance/FE_PHC6329_FE_OFN2953_n26066 (CKBD0)
Committed on net sfp_instance/FE_OFN2747_n777
  Added inst sfp_instance/FE_PHC6330_FE_OFN2747_n777 (CKBD0)
Committed on net sfp_instance/FE_OFN2080_div_20_u_div_u_add_PartRem_1_0_3_B_11_
  Added inst sfp_instance/FE_PHC6331_FE_OFN2080_div_20_u_div_u_add_PartRem_1_0_3_B_11_ (CKBD0)
Committed on net sfp_instance/FE_OFN3088_div_20_u_div_u_add_PartRem_1_6_3_B_1_
  Added inst sfp_instance/FE_PHC6332_FE_OFN3088_div_20_u_div_u_add_PartRem_1_6_3_B_1_ (BUFFD0)
Committed on net sfp_instance/FE_OFN2047_div_18_u_div_BInv_6__4_
  Added inst sfp_instance/FE_PHC6333_FE_OFN2047_div_18_u_div_BInv_6__4_ (CKBD0)
Committed on net sfp_instance/FE_PHN5818_FE_OCPN4444_FE_OFN2564_n26066
  Added inst sfp_instance/FE_PHC6334_FE_OCPN4444_FE_OFN2564_n26066 (CKBD0)
Committed on net sfp_instance/FE_OFN3111_div_22_u_div_BInv_6__3_
  Added inst sfp_instance/FE_PHC6335_FE_OFN3111_div_22_u_div_BInv_6__3_ (CKBD0)
Committed on net sfp_instance/FE_OFN2013_div_22_u_div_BInv_6__4_
  Added inst sfp_instance/FE_PHC6336_FE_OFN2013_div_22_u_div_BInv_6__4_ (CKBD0)
Committed on net sfp_instance/FE_OFN3067_div_24_u_div_BInv_3__4_
  Added inst sfp_instance/FE_PHC6337_FE_OFN3067_div_24_u_div_BInv_3__4_ (CKBD0)
Committed on net sfp_instance/FE_OCPN4589_FE_OFN2108_sum_2core_18_
  Added inst sfp_instance/FE_PHC6338_FE_OCPN4589_FE_OFN2108_sum_2core_18_ (CKBD0)
Committed on net sfp_instance/FE_OFN3198_sum_2core_18_
  Added inst sfp_instance/FE_PHC6339_FE_OFN3198_sum_2core_18_ (CKBD0)
Committed on net sfp_instance/n10555
  Added inst sfp_instance/FE_PHC6340_n10555 (BUFFD0)
Committed on net sfp_instance/n10558
  Added inst sfp_instance/FE_PHC6341_n10558 (BUFFD0)
Committed on net sfp_instance/FE_OFN3093_div_20_u_div_u_add_PartRem_1_6_3_B_1_
  Added inst sfp_instance/FE_PHC6342_FE_OFN3093_div_20_u_div_u_add_PartRem_1_6_3_B_1_ (CKBD0)
Committed on net sfp_instance/FE_PHN5864_FE_OCPN4935_FE_OFN878_n765
  Added inst sfp_instance/FE_PHC6343_FE_OCPN4935_FE_OFN878_n765 (CKBD0)
Committed on net sfp_instance/FE_OFN2425_sum_2core_13_
  Added inst sfp_instance/FE_PHC6344_FE_OFN2425_sum_2core_13_ (CKBD0)
Committed on net sfp_instance/FE_OFN623_n697
  Added inst sfp_instance/FE_PHC6345_FE_OFN623_n697 (CKBD0)
Committed on net sfp_instance/FE_OFN3036_sum_2core_16_
  Added inst sfp_instance/FE_PHC6346_FE_OFN3036_sum_2core_16_ (BUFFD0)
Committed on net sfp_instance/FE_OCPN5526_n3601
  Added inst sfp_instance/FE_PHC6347_FE_OCPN5526_n3601 (CKBD0)
Committed on net sfp_instance/n15562
  Added inst sfp_instance/FE_PHC6348_n15562 (CKBD0)
Committed on net sfp_instance/FE_OFN2886_div_20_u_div_BInv_3__14_
  Added inst sfp_instance/FE_PHC6349_FE_OFN2886_div_20_u_div_BInv_3__14_ (CKBD0)
Committed on net sfp_instance/n13852
  Added inst sfp_instance/FE_PHC6350_n13852 (CKBD0)
Committed on net sfp_instance/n13539
  Added inst sfp_instance/FE_PHC6351_n13539 (BUFFD0)
Committed on net sfp_instance/FE_OCPN5482_FE_RN_974_0
  Added inst sfp_instance/FE_PHC6352_FE_OCPN5482_FE_RN_974_0 (CKBD0)
Committed on net sfp_instance/FE_OFN2098_n26067
  Added inst sfp_instance/FE_PHC6353_FE_OFN2098_n26067 (BUFFD0)
Committed inst sfp_instance/FE_OFC2001_n13911
  Resized cell BUFFD1 -> cell BUFFD0
Committed inst sfp_instance/FE_RC_5307_0
  Resized cell CKND1 -> cell CKND0
Committed inst sfp_instance/FE_RC_5307_0
  Resized cell CKND0 -> cell CKND1
Committed on net sfp_instance/FE_PHN6016_div_24_u_div_BInv_7__15_
  Added inst sfp_instance/FE_PHC6354_div_24_u_div_BInv_7__15_ (CKBD0)
Committed on net sfp_instance/FE_PHN6015_div_24_u_div_BInv_5__12_
  Added inst sfp_instance/FE_PHC6355_div_24_u_div_BInv_5__12_ (CKBD0)
Committed on net sfp_instance/FE_PHN6050_div_23_u_div_BInv_7__19_
  Added inst sfp_instance/FE_PHC6356_div_23_u_div_BInv_7__19_ (CKBD0)
Committed on net sfp_instance/FE_PHN5990_div_24_u_div_BInv_5__13_
  Added inst sfp_instance/FE_PHC6357_div_24_u_div_BInv_5__13_ (CKBD0)
Committed on net sfp_instance/FE_PHN5989_div_24_u_div_BInv_5__10_
  Added inst sfp_instance/FE_PHC6358_div_24_u_div_BInv_5__10_ (CKBD0)
Committed on net sfp_instance/FE_RN_1834_0
  Added inst sfp_instance/FE_PHC6359_FE_RN_1834_0 (BUFFD0)
Committed on net sfp_instance/FE_PHN5988_div_19_u_div_BInv_6__18_
  Added inst sfp_instance/FE_PHC6360_div_19_u_div_BInv_6__18_ (BUFFD0)
Committed on net sfp_instance/FE_PHN5980_div_24_u_div_BInv_5__15_
  Added inst sfp_instance/FE_PHC6361_div_24_u_div_BInv_5__15_ (BUFFD0)
Committed on net sfp_instance/FE_PHN6009_div_24_u_div_BInv_7__12_
  Added inst sfp_instance/FE_PHC6362_div_24_u_div_BInv_7__12_ (CKBD0)
Committed on net sfp_instance/FE_PHN6071_div_23_u_div_BInv_7__18_
  Added inst sfp_instance/FE_PHC6363_div_23_u_div_BInv_7__18_ (CKBD0)
Committed on net sfp_instance/FE_PHN5991_div_24_u_div_BInv_6__15_
  Added inst sfp_instance/FE_PHC6364_div_24_u_div_BInv_6__15_ (BUFFD0)
Committed on net sfp_instance/FE_PHN6068_div_24_u_div_BInv_5__16_
  Added inst sfp_instance/FE_PHC6365_div_24_u_div_BInv_5__16_ (BUFFD0)
Committed on net sfp_instance/FE_PHN5996_div_25_u_div_BInv_6__18_
  Added inst sfp_instance/FE_PHC6366_div_25_u_div_BInv_6__18_ (BUFFD0)
Committed on net sfp_instance/div_22_u_div_BInv_6__17_
  Added inst sfp_instance/FE_PHC6367_div_22_u_div_BInv_6__17_ (BUFFD0)
Committed on net sfp_instance/div_18_u_div_BInv_6__15_
  Added inst sfp_instance/FE_PHC6368_div_18_u_div_BInv_6__15_ (CKBD0)
Committed on net sfp_instance/n21338
  Added inst sfp_instance/FE_PHC6369_n21338 (CKBD0)
Committed on net sfp_instance/FE_PHN6018_div_24_u_div_BInv_7__10_
  Added inst sfp_instance/FE_PHC6370_div_24_u_div_BInv_7__10_ (CKBD0)
Committed on net sfp_instance/FE_PHN6006_div_24_u_div_BInv_7__13_
  Added inst sfp_instance/FE_PHC6371_div_24_u_div_BInv_7__13_ (CKBD0)
Committed on net sfp_instance/FE_PHN5948_div_19_u_div_BInv_7__20_
  Added inst sfp_instance/FE_PHC6372_div_19_u_div_BInv_7__20_ (BUFFD0)
Committed on net sfp_instance/div_18_u_div_BInv_6__18_
  Added inst sfp_instance/FE_PHC6373_div_18_u_div_BInv_6__18_ (CKBD0)
Committed on net sfp_instance/FE_PHN5922_div_22_u_div_BInv_5__10_
  Added inst sfp_instance/FE_PHC6374_div_22_u_div_BInv_5__10_ (CKBD0)
Committed on net sfp_instance/FE_PHN6038_div_21_u_div_BInv_6__18_
  Added inst sfp_instance/FE_PHC6375_div_21_u_div_BInv_6__18_ (CKBD0)
Committed on net sfp_instance/FE_PHN5994_div_24_u_div_BInv_6__17_
  Added inst sfp_instance/FE_PHC6376_div_24_u_div_BInv_6__17_ (BUFFD0)
Committed on net sfp_instance/FE_PHN5964_FE_OCPN3320_div_23_u_div_BInv_7__20_
  Added inst sfp_instance/FE_PHC6377_FE_OCPN3320_div_23_u_div_BInv_7__20_ (BUFFD0)
Committed on net sfp_instance/FE_PHN6034_div_18_u_div_BInv_5__18_
  Added inst sfp_instance/FE_PHC6378_div_18_u_div_BInv_5__18_ (CKBD0)
Committed on net sfp_instance/FE_PHN5999_div_23_u_div_BInv_5__17_
  Added inst sfp_instance/FE_PHC6379_div_23_u_div_BInv_5__17_ (CKBD0)
Committed on net sfp_instance/div_18_u_div_BInv_6__16_
  Added inst sfp_instance/FE_PHC6380_div_18_u_div_BInv_6__16_ (CKBD0)
Committed on net sfp_instance/FE_PHN6017_FE_OFN999_n16480
  Added inst sfp_instance/FE_PHC6381_FE_OFN999_n16480 (CKBD0)
Committed on net sfp_instance/FE_PHN6035_div_24_u_div_BInv_5__20_
  Added inst sfp_instance/FE_PHC6382_div_24_u_div_BInv_5__20_ (BUFFD0)
Committed on net sfp_instance/FE_PHN5949_div_24_u_div_BInv_5__11_
  Added inst sfp_instance/FE_PHC6383_div_24_u_div_BInv_5__11_ (BUFFD0)
Committed on net sfp_instance/FE_PHN5962_div_19_u_div_BInv_7__19_
  Added inst sfp_instance/FE_PHC6384_div_19_u_div_BInv_7__19_ (BUFFD0)
Committed on net sfp_instance/FE_PHN5903_div_18_u_div_BInv_5__9_
  Added inst sfp_instance/FE_PHC6385_div_18_u_div_BInv_5__9_ (BUFFD0)
Committed on net sfp_instance/div_22_u_div_BInv_6__14_
  Added inst sfp_instance/FE_PHC6386_div_22_u_div_BInv_6__14_ (BUFFD0)
Committed on net sfp_instance/div_21_u_div_BInv_5__16_
  Added inst sfp_instance/FE_PHC6387_div_21_u_div_BInv_5__16_ (BUFFD0)
Committed on net sfp_instance/FE_PHN5977_FE_OCPN4157_div_23_u_div_BInv_5__20_
  Added inst sfp_instance/FE_PHC6388_FE_OCPN4157_div_23_u_div_BInv_5__20_ (BUFFD0)
Committed on net sfp_instance/FE_PHN6040_div_24_u_div_BInv_5__18_
  Added inst sfp_instance/FE_PHC6389_div_24_u_div_BInv_5__18_ (CKBD0)
Committed on net sfp_instance/FE_PHN6029_div_22_u_div_BInv_5__18_
  Added inst sfp_instance/FE_PHC6390_div_22_u_div_BInv_5__18_ (CKBD0)
Committed on net sfp_instance/FE_PHN5998_div_23_u_div_u_add_PartRem_0_5_n25
  Added inst sfp_instance/FE_PHC6391_div_23_u_div_u_add_PartRem_0_5_n25 (BUFFD0)
Committed on net sfp_instance/div_18_u_div_u_add_PartRem_0_1_n1
  Added inst sfp_instance/FE_PHC6392_div_18_u_div_u_add_PartRem_0_1_n1 (CKBD0)
Committed on net sfp_instance/FE_PHN5973_div_24_u_div_BInv_7__16_
  Added inst sfp_instance/FE_PHC6393_div_24_u_div_BInv_7__16_ (CKBD0)
Committed on net sfp_instance/FE_OCPN3750_N523
  Added inst sfp_instance/FE_PHC6394_FE_OCPN3750_N523 (CKBD0)
Committed on net sfp_instance/div_22_u_div_BInv_5__11_
  Added inst sfp_instance/FE_PHC6395_div_22_u_div_BInv_5__11_ (CKBD0)
Committed on net sfp_instance/div_22_u_div_BInv_6__12_
  Added inst sfp_instance/FE_PHC6396_div_22_u_div_BInv_6__12_ (CKBD0)
Committed on net sfp_instance/div_18_u_div_BInv_7__14_
  Added inst sfp_instance/FE_PHC6397_div_18_u_div_BInv_7__14_ (BUFFD0)
Committed on net sfp_instance/FE_PHN6007_div_24_u_div_BInv_5__9_
  Added inst sfp_instance/FE_PHC6398_div_24_u_div_BInv_5__9_ (CKBD0)
Committed on net sfp_instance/FE_PHN6090_FE_OFN3111_div_22_u_div_BInv_6__3_
  Added inst sfp_instance/FE_PHC6399_FE_OFN3111_div_22_u_div_BInv_6__3_ (CKBD0)
Committed on net sfp_instance/div_22_u_div_BInv_7__14_
  Added inst sfp_instance/FE_PHC6400_div_22_u_div_BInv_7__14_ (BUFFD0)
Committed on net sfp_instance/FE_PHN6013_div_24_u_div_BInv_5__17_
  Added inst sfp_instance/FE_PHC6401_div_24_u_div_BInv_5__17_ (CKBD0)
Committed on net sfp_instance/FE_PHN5833_n19483
  Added inst sfp_instance/FE_PHC6402_n19483 (BUFFD0)
Committed on net sfp_instance/FE_PHN5915_div_23_u_div_BInv_5__16_
  Added inst sfp_instance/FE_PHC6403_div_23_u_div_BInv_5__16_ (BUFFD0)
Committed on net sfp_instance/FE_PHN6019_div_22_u_div_BInv_6__18_
  Added inst sfp_instance/FE_PHC6404_div_22_u_div_BInv_6__18_ (CKBD0)
Committed on net sfp_instance/FE_PHN6026_div_24_u_div_BInv_6__16_
  Added inst sfp_instance/FE_PHC6405_div_24_u_div_BInv_6__16_ (CKBD0)
Committed on net sfp_instance/FE_PHN6081_div_23_u_div_BInv_6__16_
  Added inst sfp_instance/FE_PHC6406_div_23_u_div_BInv_6__16_ (CKBD0)
Committed on net sfp_instance/FE_PHN6008_n19481
  Added inst sfp_instance/FE_PHC6407_n19481 (CKBD0)
Committed on net sfp_instance/FE_PHN6001_N603
  Added inst sfp_instance/FE_PHC6408_N603 (CKBD0)
Committed on net sfp_instance/FE_PHN6088_div_18_u_div_BInv_7__10_
  Added inst sfp_instance/FE_PHC6409_div_18_u_div_BInv_7__10_ (CKBD0)
Committed on net sfp_instance/FE_PHN5920_div_22_u_div_BInv_5__15_
  Added inst sfp_instance/FE_PHC6410_div_22_u_div_BInv_5__15_ (CKBD0)
Committed on net sfp_instance/div_21_u_div_BInv_7__14_
  Added inst sfp_instance/FE_PHC6411_div_21_u_div_BInv_7__14_ (BUFFD0)
Committed on net sfp_instance/div_25_u_div_BInv_5__16_
  Added inst sfp_instance/FE_PHC6412_div_25_u_div_BInv_5__16_ (CKBD0)
Committed on net sfp_instance/FE_PHN5954_FE_OFN2908_div_20_u_div_BInv_3__16_
  Added inst sfp_instance/FE_PHC6413_FE_OFN2908_div_20_u_div_BInv_3__16_ (BUFFD0)
Committed on net sfp_instance/FE_PHN6010_div_22_u_div_BInv_6__10_
  Added inst sfp_instance/FE_PHC6414_div_22_u_div_BInv_6__10_ (BUFFD0)
Committed on net sfp_instance/FE_PHN5951_FE_OFN2458_div_24_u_div_BInv_5__7_
  Added inst sfp_instance/FE_PHC6415_FE_OFN2458_div_24_u_div_BInv_5__7_ (BUFFD0)
Committed on net sfp_instance/FE_PHN5916_div_24_u_div_BInv_3__16_
  Added inst sfp_instance/FE_PHC6416_div_24_u_div_BInv_3__16_ (CKBD0)
Committed on net sfp_instance/div_23_u_div_BInv_5__14_
  Added inst sfp_instance/FE_PHC6417_div_23_u_div_BInv_5__14_ (CKBD0)
Committed on net sfp_instance/FE_PHN6087_div_22_u_div_BInv_5__20_
  Added inst sfp_instance/FE_PHC6418_div_22_u_div_BInv_5__20_ (CKBD0)
Committed on net sfp_instance/div_25_u_div_BInv_6__10_
  Added inst sfp_instance/FE_PHC6419_div_25_u_div_BInv_6__10_ (CKBD0)
Committed on net sfp_instance/FE_PHN5961_div_21_u_div_BInv_7__11_
  Added inst sfp_instance/FE_PHC6420_div_21_u_div_BInv_7__11_ (BUFFD0)
Committed on net sfp_instance/FE_PHN5946_div_25_u_div_BInv_5__14_
  Added inst sfp_instance/FE_PHC6421_div_25_u_div_BInv_5__14_ (BUFFD0)
Committed on net sfp_instance/FE_PHN5899_div_18_u_div_BInv_5__13_
  Added inst sfp_instance/FE_PHC6422_div_18_u_div_BInv_5__13_ (CKBD0)
Committed on net sfp_instance/FE_PHN5955_div_21_u_div_BInv_5__14_
  Added inst sfp_instance/FE_PHC6423_div_21_u_div_BInv_5__14_ (BUFFD0)
Committed on net sfp_instance/FE_PHN6096_div_19_u_div_BInv_5__20_
  Added inst sfp_instance/FE_PHC6424_div_19_u_div_BInv_5__20_ (BUFFD0)
Committed on net sfp_instance/FE_PHN5932_div_22_u_div_BInv_6__16_
  Added inst sfp_instance/FE_PHC6425_div_22_u_div_BInv_6__16_ (BUFFD0)
Committed on net sfp_instance/n16479
  Added inst sfp_instance/FE_PHC6426_n16479 (CKBD0)
Committed on net sfp_instance/div_23_u_div_BInv_5__18_
  Added inst sfp_instance/FE_PHC6427_div_23_u_div_BInv_5__18_ (CKBD0)
Committed on net sfp_instance/FE_PHN6073_div_18_u_div_BInv_5__17_
  Added inst sfp_instance/FE_PHC6428_div_18_u_div_BInv_5__17_ (CKBD0)
Committed on net sfp_instance/FE_PHN6014_div_24_u_div_BInv_5__8_
  Added inst sfp_instance/FE_PHC6429_div_24_u_div_BInv_5__8_ (CKBD0)
Committed on net sfp_instance/FE_PHN6005_FE_OFN1022_n16477
  Added inst sfp_instance/FE_PHC6430_FE_OFN1022_n16477 (CKBD0)
Committed on net sfp_instance/FE_PHN6043_div_24_u_div_BInv_7__11_
  Added inst sfp_instance/FE_PHC6431_div_24_u_div_BInv_7__11_ (CKBD0)
Committed on net sfp_instance/FE_OFN2577_n697
  Added inst sfp_instance/FE_PHC6432_FE_OFN2577_n697 (CKBD0)
Committed on net sfp_instance/FE_OFN2323_n16463
  Added inst sfp_instance/FE_PHC6433_FE_OFN2323_n16463 (CKBD0)
Committed on net sfp_instance/div_19_u_div_BInv_5__18_
  Added inst sfp_instance/FE_PHC6434_div_19_u_div_BInv_5__18_ (CKBD0)
Committed on net sfp_instance/FE_PHN6108_div_23_u_div_BInv_6__13_
  Added inst sfp_instance/FE_PHC6435_div_23_u_div_BInv_6__13_ (CKBD0)
Committed on net sfp_instance/FE_PHN6092_div_19_u_div_BInv_5__19_
  Added inst sfp_instance/FE_PHC6436_div_19_u_div_BInv_5__19_ (CKBD0)
Committed on net sfp_instance/FE_PHN6076_div_23_u_div_BInv_5__9_
  Added inst sfp_instance/FE_PHC6437_div_23_u_div_BInv_5__9_ (CKBD0)
Committed on net sfp_instance/FE_PHN6047_div_23_u_div_BInv_5__19_
  Added inst sfp_instance/FE_PHC6438_div_23_u_div_BInv_5__19_ (CKBD0)
Committed on net sfp_instance/div_22_u_div_BInv_5__17_
  Added inst sfp_instance/FE_PHC6439_div_22_u_div_BInv_5__17_ (CKBD0)
Committed on net sfp_instance/FE_PHN5906_n16524
  Added inst sfp_instance/FE_PHC6440_n16524 (CKBD0)
Committed on net sfp_instance/FE_PHN6123_div_18_u_div_BInv_6__17_
  Added inst sfp_instance/FE_PHC6441_div_18_u_div_BInv_6__17_ (CKBD0)
Committed on net sfp_instance/FE_PHN5895_n16478
  Added inst sfp_instance/FE_PHC6442_n16478 (CKBD0)
Committed on net sfp_instance/FE_PHN6083_div_23_u_div_BInv_7__10_
  Added inst sfp_instance/FE_PHC6443_div_23_u_div_BInv_7__10_ (CKBD0)
Committed on net sfp_instance/FE_PHN5910_div_18_u_div_BInv_5__16_
  Added inst sfp_instance/FE_PHC6444_div_18_u_div_BInv_5__16_ (CKBD0)
Committed on net sfp_instance/FE_PHN6105_div_22_u_div_BInv_5__19_
  Added inst sfp_instance/FE_PHC6445_div_22_u_div_BInv_5__19_ (CKBD0)
Committed on net sfp_instance/N583
  Added inst sfp_instance/FE_PHC6446_N583 (BUFFD0)
Committed on net sfp_instance/n20646
  Added inst sfp_instance/FE_PHC6447_n20646 (CKBD0)
Committed on net sfp_instance/div_19_u_div_BInv_7__18_
  Added inst sfp_instance/FE_PHC6448_div_19_u_div_BInv_7__18_ (CKBD0)
Committed on net sfp_instance/n19480
  Added inst sfp_instance/FE_PHC6449_n19480 (CKBD0)
Committed on net sfp_instance/div_22_u_div_BInv_5__12_
  Added inst sfp_instance/FE_PHC6450_div_22_u_div_BInv_5__12_ (CKBD0)
Committed on net sfp_instance/FE_PHN6095_div_18_u_div_BInv_5__11_
  Added inst sfp_instance/FE_PHC6451_div_18_u_div_BInv_5__11_ (CKBD0)
Committed on net sfp_instance/FE_OCPN5302_n26508
  Added inst sfp_instance/FE_PHC6452_FE_OCPN5302_n26508 (CKBD0)
Committed on net sfp_instance/n19484
  Added inst sfp_instance/FE_PHC6453_n19484 (CKBD0)
Committed on net sfp_instance/FE_PHN6055_div_23_u_div_BInv_3__17_
  Added inst sfp_instance/FE_PHC6454_div_23_u_div_BInv_3__17_ (CKBD0)
Committed on net sfp_instance/FE_PHN6107_n26493
  Added inst sfp_instance/FE_PHC6455_n26493 (CKBD0)
Committed on net sfp_instance/FE_PHN6066_div_18_u_div_BInv_6__9_
  Added inst sfp_instance/FE_PHC6456_div_18_u_div_BInv_6__9_ (CKBD0)
Committed on net sfp_instance/FE_PHN6084_div_18_u_div_BInv_7__12_
  Added inst sfp_instance/FE_PHC6457_div_18_u_div_BInv_7__12_ (CKBD0)
Committed on net sfp_instance/div_21_u_div_BInv_5__12_
  Added inst sfp_instance/FE_PHC6458_div_21_u_div_BInv_5__12_ (BUFFD0)
Committed on net sfp_instance/FE_PHN6091_div_18_u_div_BInv_6__8_
  Added inst sfp_instance/FE_PHC6459_div_18_u_div_BInv_6__8_ (CKBD0)
Committed on net sfp_instance/FE_PHN6100_div_18_u_div_BInv_6__11_
  Added inst sfp_instance/FE_PHC6460_div_18_u_div_BInv_6__11_ (CKBD0)
Committed on net sfp_instance/div_24_u_div_BInv_7__14_
  Added inst sfp_instance/FE_PHC6461_div_24_u_div_BInv_7__14_ (CKBD0)
Committed on net sfp_instance/FE_OFN3178_n24786
  Added inst sfp_instance/FE_PHC6462_FE_OFN3178_n24786 (BUFFD0)
Committed on net sfp_instance/n16518
  Added inst sfp_instance/FE_PHC6463_n16518 (CKBD0)
Committed on net sfp_instance/div_22_u_div_BInv_7__13_
  Added inst sfp_instance/FE_PHC6464_div_22_u_div_BInv_7__13_ (CKBD0)
Committed on net sfp_instance/div_22_u_div_BInv_5__13_
  Added inst sfp_instance/FE_PHC6465_div_22_u_div_BInv_5__13_ (CKBD0)
Committed on net sfp_instance/FE_PHN5836_FE_OCPN5342_FE_OFN3036_sum_2core_16_
  Added inst sfp_instance/FE_PHC6466_FE_OCPN5342_FE_OFN3036_sum_2core_16_ (CKBD0)
Committed on net sfp_instance/div_18_u_div_BInv_7__13_
  Added inst sfp_instance/FE_PHC6467_div_18_u_div_BInv_7__13_ (CKBD0)
Committed on net sfp_instance/div_23_u_div_BInv_6__15_
  Added inst sfp_instance/FE_PHC6468_div_23_u_div_BInv_6__15_ (CKBD0)
Committed on net sfp_instance/div_23_u_div_BInv_7__12_
  Added inst sfp_instance/FE_PHC6469_div_23_u_div_BInv_7__12_ (BUFFD0)
Committed on net sfp_instance/div_24_u_div_BInv_3__14_
  Added inst sfp_instance/FE_PHC6470_div_24_u_div_BInv_3__14_ (BUFFD0)
Committed on net sfp_instance/div_18_u_div_BInv_7__11_
  Added inst sfp_instance/FE_PHC6471_div_18_u_div_BInv_7__11_ (CKBD0)
Committed on net sfp_instance/div_23_u_div_BInv_6__18_
  Added inst sfp_instance/FE_PHC6472_div_23_u_div_BInv_6__18_ (CKBD0)
Committed on net sfp_instance/FE_PHN6048_div_24_u_div_BInv_6__18_
  Added inst sfp_instance/FE_PHC6473_div_24_u_div_BInv_6__18_ (BUFFD0)
Committed on net sfp_instance/FE_PHN6012_div_23_u_div_BInv_6__19_
  Added inst sfp_instance/FE_PHC6474_div_23_u_div_BInv_6__19_ (BUFFD0)
Committed on net sfp_instance/FE_PHN5983_div_25_u_div_BInv_6__20_
  Added inst sfp_instance/FE_PHC6475_div_25_u_div_BInv_6__20_ (BUFFD0)
Committed on net sfp_instance/FE_PHN6041_div_21_u_div_BInv_6__19_
  Added inst sfp_instance/FE_PHC6476_div_21_u_div_BInv_6__19_ (CKBD0)
Committed on net sfp_instance/FE_PHN6114_FE_OCPN3941_n25470
  Added inst sfp_instance/FE_PHC6477_FE_OCPN3941_n25470 (BUFFD0)
Committed on net sfp_instance/FE_PHN6024_div_24_u_div_BInv_7__18_
  Added inst sfp_instance/FE_PHC6478_div_24_u_div_BInv_7__18_ (BUFFD0)
Committed on net sfp_instance/FE_PHN5959_div_18_u_div_u_add_PartRem_0_7_n25
  Added inst sfp_instance/FE_PHC6479_div_18_u_div_u_add_PartRem_0_7_n25 (BUFFD0)
Committed on net sfp_instance/FE_PHN6121_n240
  Added inst sfp_instance/FE_PHC6480_n240 (CKBD0)
Committed on net sfp_instance/FE_PHN6057_div_23_u_div_BInv_6__17_
  Added inst sfp_instance/FE_PHC6481_div_23_u_div_BInv_6__17_ (CKBD0)
Committed on net sfp_instance/FE_OCPN3840_n26490
  Added inst sfp_instance/FE_PHC6482_FE_OCPN3840_n26490 (CKBD0)
Committed on net sfp_instance/FE_PHN6049_div_25_u_div_BInv_6__19_
  Added inst sfp_instance/FE_PHC6483_div_25_u_div_BInv_6__19_ (CKBD0)
Committed on net sfp_instance/FE_OCPN3257_n26070
  Added inst sfp_instance/FE_PHC6484_FE_OCPN3257_n26070 (BUFFD0)
Committed on net sfp_instance/FE_PHN6042_div_24_u_div_BInv_7__17_
  Added inst sfp_instance/FE_PHC6485_div_24_u_div_BInv_7__17_ (CKBD0)
Committed on net sfp_instance/FE_PHN6120_n251
  Added inst sfp_instance/FE_PHC6486_n251 (CKBD0)
Committed on net sfp_instance/FE_PHN5982_n213
  Added inst sfp_instance/FE_PHC6487_n213 (CKBD0)
Committed on net sfp_instance/FE_PHN6130_FE_OCPN4945_n19947
  Added inst sfp_instance/FE_PHC6488_FE_OCPN4945_n19947 (BUFFD0)
Committed on net sfp_instance/FE_PHN6117_FE_OCPN3712_N600
  Added inst sfp_instance/FE_PHC6489_FE_OCPN3712_N600 (CKBD0)
Committed on net sfp_instance/FE_PHN5956_div_25_u_div_BInv_7__18_
  Added inst sfp_instance/FE_PHC6490_div_25_u_div_BInv_7__18_ (BUFFD0)
Committed on net sfp_instance/FE_PHN6062_div_24_u_div_BInv_7__20_
  Added inst sfp_instance/FE_PHC6491_div_24_u_div_BInv_7__20_ (CKBD0)
Committed on net sfp_instance/FE_PHN5942_div_24_u_div_BInv_7__19_
  Added inst sfp_instance/FE_PHC6492_div_24_u_div_BInv_7__19_ (CKBD0)
Committed on net sfp_instance/FE_PHN5960_n16484
  Added inst sfp_instance/FE_PHC6493_n16484 (CKBD0)
Committed on net sfp_instance/div_21_u_div_BInv_7__18_
  Added inst sfp_instance/FE_PHC6494_div_21_u_div_BInv_7__18_ (BUFFD0)
Committed on net sfp_instance/n16531
  Added inst sfp_instance/FE_PHC6495_n16531 (CKBD0)
Committed on net sfp_instance/FE_PHN6004_FE_OFN3060_div_24_u_div_BInv_3__19_
  Added inst sfp_instance/FE_PHC6496_FE_OFN3060_div_24_u_div_BInv_3__19_ (CKBD0)
Committed on net sfp_instance/FE_OCPN3338_n26230
  Added inst sfp_instance/FE_PHC6497_FE_OCPN3338_n26230 (CKBD0)
Committed on net sfp_instance/FE_PHN6039_div_20_u_div_BInv_3__18_
  Added inst sfp_instance/FE_PHC6498_div_20_u_div_BInv_3__18_ (CKBD0)
Committed on net sfp_instance/FE_PHN6058_div_19_u_div_BInv_6__19_
  Added inst sfp_instance/FE_PHC6499_div_19_u_div_BInv_6__19_ (CKBD0)
Committed on net sfp_instance/FE_PHN6103_div_22_u_div_BInv_7__19_
  Added inst sfp_instance/FE_PHC6500_div_22_u_div_BInv_7__19_ (CKBD0)
Committed on net sfp_instance/FE_PHN6046_div_23_u_div_BInv_7__12_
  Added inst sfp_instance/FE_PHC6501_div_23_u_div_BInv_7__12_ (CKBD0)
Committed on net sfp_instance/FE_PHN6106_n16473
  Added inst sfp_instance/FE_PHC6502_n16473 (CKBD0)
Committed on net sfp_instance/FE_PHN6133_FE_OCPN3713_N511
  Added inst sfp_instance/FE_PHC6503_FE_OCPN3713_N511 (CKBD0)
Committed on net sfp_instance/FE_PHN6125_n16510
  Added inst sfp_instance/FE_PHC6504_n16510 (CKBD0)
Committed on net sfp_instance/FE_PHN6080_div_23_u_div_BInv_5__13_
  Added inst sfp_instance/FE_PHC6505_div_23_u_div_BInv_5__13_ (CKBD0)
Committed on net sfp_instance/N598
  Added inst sfp_instance/FE_PHC6506_N598 (CKBD0)
Committed on net sfp_instance/FE_PHN6101_div_22_u_div_BInv_7__18_
  Added inst sfp_instance/FE_PHC6507_div_22_u_div_BInv_7__18_ (CKBD0)
Committed on net sfp_instance/FE_PHN6053_n16466
  Added inst sfp_instance/FE_PHC6508_n16466 (CKBD0)
Committed on net sfp_instance/FE_PHN6037_FE_OCPN3525_N561
  Added inst sfp_instance/FE_PHC6509_FE_OCPN3525_N561 (CKBD0)
Committed on net sfp_instance/FE_PHN6109_FE_OCPN5585_div_20_u_div_u_add_PartRem_1_5_3_B_7_
  Added inst sfp_instance/FE_PHC6510_FE_OCPN5585_div_20_u_div_u_add_PartRem_1_5_3_B_7_ (CKBD0)
Committed on net sfp_instance/FE_PHN6064_div_18_u_div_BInv_7__11_
  Added inst sfp_instance/FE_PHC6511_div_18_u_div_BInv_7__11_ (CKBD0)
Committed on net sfp_instance/FE_PHN6070_div_22_u_div_BInv_6__19_
  Added inst sfp_instance/FE_PHC6512_div_22_u_div_BInv_6__19_ (CKBD0)
Committed on net sfp_instance/FE_PHN6124_div_22_u_div_BInv_6__20_
  Added inst sfp_instance/FE_PHC6513_div_22_u_div_BInv_6__20_ (CKBD0)
Committed on net sfp_instance/div_20_u_div_BInv_3__19_
  Added inst sfp_instance/FE_PHC6514_div_20_u_div_BInv_3__19_ (CKBD0)
Committed on net sfp_instance/div_25_u_div_BInv_7__20_
  Added inst sfp_instance/FE_PHC6515_div_25_u_div_BInv_7__20_ (BUFFD0)
Committed on net sfp_instance/FE_OCPN3463_n16291
  Added inst sfp_instance/FE_PHC6516_FE_OCPN3463_n16291 (CKBD0)
Committed on net sfp_instance/n16011
  Added inst sfp_instance/FE_PHC6517_n16011 (CKBD0)
Committed on net sfp_instance/n26496
  Added inst sfp_instance/FE_PHC6518_n26496 (CKBD0)
Committed on net sfp_instance/FE_OCPN3251_n26486
  Added inst sfp_instance/FE_PHC6519_FE_OCPN3251_n26486 (CKBD0)
Committed on net sfp_instance/FE_OCPN4360_n26487
  Added inst sfp_instance/FE_PHC6520_FE_OCPN4360_n26487 (CKBD0)
Committed inst sfp_instance/FE_PHC5891_div_23_u_div_BInv_5__8_
  Resized cell BUFFD0 -> cell CKBD0
Committed inst sfp_instance/FE_PHC5891_div_23_u_div_BInv_5__8_
  Resized cell CKBD0 -> cell BUFFD0
Committed on net sfp_instance/FE_OCPN4133_div_20_u_div_PartRem_2__11_
  Added inst sfp_instance/FE_PHC6521_FE_OCPN4133_div_20_u_div_PartRem_2__11_ (BUFFD0)
Committed on net sfp_instance/FE_OCPN5527_div_20_u_div_PartRem_2__13_
  Added inst sfp_instance/FE_PHC6522_FE_OCPN5527_div_20_u_div_PartRem_2__13_ (CKBD0)
Committed on net sfp_instance/FE_OCPN3485_n26499
  Added inst sfp_instance/FE_PHC6523_FE_OCPN3485_n26499 (CKBD0)
Committed on net sfp_instance/FE_OFN952_n21334
  Added inst sfp_instance/FE_PHC6524_FE_OFN952_n21334 (CKBD0)
Committed on net sfp_instance/n21252
  Added inst sfp_instance/FE_PHC6525_n21252 (CKBD0)
===========================================================================================
  Phase 1 : Step 2 Iter 2 Summary (AddBuffer + LegalResize)
------------------------------------------------------------------------------------------
 Hold WNS :      -0.2053
      TNS :     -23.3412
      #VP :          515
      TNS+:      13.2760/357 improved (0.0372 per commit, 36.256%)
  Density :      94.929%
------------------------------------------------------------------------------------------
 356 buffer added (phase total 829, total 829)
 1 inst resized (phase total 2, total 2)
 cpu=0:00:54.9 real=0:00:23.0 totSessionCpu=2:18:57 mem=3407.5M
===========================================================================================

Starting Phase 1 Step 2 Iter 3 ...
Committed on net sfp_instance/FE_PHN5771_div_18_u_div_SumTmp_4__1__1_
  Added inst sfp_instance/FE_PHC6526_div_18_u_div_SumTmp_4__1__1_ (BUFFD0)
Committed on net sfp_instance/div_19_u_div_SumTmp_4__1__0_
  Added inst sfp_instance/FE_PHC6527_div_19_u_div_SumTmp_4__1__0_ (BUFFD0)
Committed on net sfp_instance/FE_PHN6172_FE_OFN1782_div_18_u_div_u_add_PartRem_1_5_A_2_
  Added inst sfp_instance/FE_PHC6528_FE_OFN1782_div_18_u_div_u_add_PartRem_1_5_A_2_ (BUFFD0)
Committed on net sfp_instance/fifo_inst_int/FE_PHN5753_rd_ptr_gray_2_
  Added inst sfp_instance/fifo_inst_int/FE_PHC6529_rd_ptr_gray_2_ (CKBD0)
Committed on net sfp_instance/fifo_inst_ext/FE_PHN6178_N36
  Added inst sfp_instance/fifo_inst_ext/FE_PHC6530_N36 (CKBD0)
Committed on net sfp_instance/FE_PHN6174_div_25_u_div_u_add_PartRem_1_5_A_1_
  Added inst sfp_instance/FE_PHC6531_div_25_u_div_u_add_PartRem_1_5_A_1_ (BUFFD0)
Committed on net sfp_instance/n26518
  Added inst sfp_instance/FE_PHC6532_n26518 (BUFFD0)
Committed on net sfp_instance/FE_PHN6175_div_18_u_div_u_add_PartRem_0_4_A_2_
  Added inst sfp_instance/FE_PHC6533_div_18_u_div_u_add_PartRem_0_4_A_2_ (CKBD0)
Committed on net sfp_instance/fifo_inst_ext/FE_PHN5707_wr_ptr_gray_1_
  Added inst sfp_instance/fifo_inst_ext/FE_PHC6534_wr_ptr_gray_1_ (CKBD0)
Committed on net sfp_instance/div_21_u_div_SumTmp_4__1__0_
  Added inst sfp_instance/FE_PHC6535_div_21_u_div_SumTmp_4__1__0_ (CKBD0)
Committed on net sfp_instance/n25053
  Added inst sfp_instance/FE_PHC6536_n25053 (BUFFD0)
Committed on net sfp_instance/FE_PHN5758_div_24_u_div_SumTmp_4__1__0_
  Added inst sfp_instance/FE_PHC6537_div_24_u_div_SumTmp_4__1__0_ (CKBD0)
Committed on net sfp_instance/div_18_u_div_SumTmp_4__1__0_
  Added inst sfp_instance/FE_PHC6538_div_18_u_div_SumTmp_4__1__0_ (BUFFD0)
Committed on net sfp_instance/FE_PHN6193_div_22_u_div_u_add_PartRem_1_5_A_2_
  Added inst sfp_instance/FE_PHC6539_div_22_u_div_u_add_PartRem_1_5_A_2_ (CKBD0)
Committed on net sfp_instance/FE_PHN6197_FE_OFN2045_div_23_u_div_SumTmp_4__2__1_
  Added inst sfp_instance/FE_PHC6540_FE_OFN2045_div_23_u_div_SumTmp_4__2__1_ (CKBD0)
Committed on net sfp_instance/fifo_inst_ext/wr_ptr[3]
  Added inst sfp_instance/fifo_inst_ext/FE_PHC6541_wr_ptr_3_ (CKBD0)
Committed on net sfp_instance/div_18_u_div_SumTmp_6__2__0_
  Added inst sfp_instance/FE_PHC6542_div_18_u_div_SumTmp_6__2__0_ (BUFFD0)
Committed on net sfp_instance/div_21_u_div_u_add_PartRem_1_5_A_2_
  Added inst sfp_instance/FE_PHC6543_div_21_u_div_u_add_PartRem_1_5_A_2_ (BUFFD0)
Committed on net sfp_instance/div_24_u_div_SumTmp_6__2__0_
  Added inst sfp_instance/FE_PHC6544_div_24_u_div_SumTmp_6__2__0_ (BUFFD0)
Committed on net sfp_instance/div_23_u_div_SumTmp_6__2__0_
  Added inst sfp_instance/FE_PHC6545_div_23_u_div_SumTmp_6__2__0_ (BUFFD0)
Committed on net sfp_instance/div_21_u_div_SumTmp_4__2__1_
  Added inst sfp_instance/FE_PHC6546_div_21_u_div_SumTmp_4__2__1_ (BUFFD0)
Committed on net sfp_instance/fifo_inst_ext/FE_PHN5719_wr_ptr_gray_4_
  Added inst sfp_instance/fifo_inst_ext/FE_PHC6547_wr_ptr_gray_4_ (CKBD0)
Committed on net sfp_instance/FE_PHN5774_div_18_u_div_SumTmp_4__2__1_
  Added inst sfp_instance/FE_PHC6548_div_18_u_div_SumTmp_4__2__1_ (CKBD0)
Committed on net sfp_instance/fifo_inst_int/FE_OCPN4868_n811
  Added inst sfp_instance/fifo_inst_int/FE_PHC6549_FE_OCPN4868_n811 (BUFFD0)
Committed on net sfp_instance/fifo_inst_int/n796
  Added inst sfp_instance/fifo_inst_int/FE_PHC6550_n796 (BUFFD0)
Committed on net sfp_instance/fifo_inst_int/rd_ptr[3]
  Added inst sfp_instance/fifo_inst_int/FE_PHC6551_rd_ptr_3_ (CKBD0)
Committed on net sfp_instance/FE_PHN6215_FE_OCPN4453_FE_OFN3028_n739
  Added inst sfp_instance/FE_PHC6552_FE_OCPN4453_FE_OFN3028_n739 (BUFFD0)
Committed on net sfp_instance/FE_OFN3018_n1299
  Added inst sfp_instance/FE_PHC6553_FE_OFN3018_n1299 (BUFFD0)
Committed on net sfp_instance/FE_PHN6221_FE_OCPN4227_FE_OFN3045_n26065
  Added inst sfp_instance/FE_PHC6554_FE_OCPN4227_FE_OFN3045_n26065 (CKBD0)
Committed on net sfp_instance/FE_PHN6218_FE_OCPN4437_FE_OFN3026_n739
  Added inst sfp_instance/FE_PHC6555_FE_OCPN4437_FE_OFN3026_n739 (CKBD0)
Committed on net sfp_instance/FE_PHN6329_FE_OFN2953_n26066
  Added inst sfp_instance/FE_PHC6556_FE_OFN2953_n26066 (CKBD0)
Committed on net sfp_instance/FE_PHN5814_FE_OCPN5257_FE_OFN2914_n732
  Added inst sfp_instance/FE_PHC6557_FE_OCPN5257_FE_OFN2914_n732 (CKBD0)
Committed on net sfp_instance/fifo_inst_ext/FE_PHN6226_wr_ptr_gray_3_
  Added inst sfp_instance/fifo_inst_ext/FE_PHC6558_wr_ptr_gray_3_ (CKBD0)
Committed on net sfp_instance/FE_PHN6319_FE_OCPN4351_sum_2core_13_
  Added inst sfp_instance/FE_PHC6559_FE_OCPN4351_sum_2core_13_ (CKBD0)
Committed on net sfp_instance/FE_PHN5818_FE_OCPN4444_FE_OFN2564_n26066
  Added inst sfp_instance/FE_PHC6560_FE_OCPN4444_FE_OFN2564_n26066 (CKBD0)
Committed on net sfp_instance/FE_PHN6173_div_24_u_div_SumTmp_4__1__0_
  Added inst sfp_instance/FE_PHC6561_div_24_u_div_SumTmp_4__1__0_ (CKBD0)
Committed on net sfp_instance/n20645
  Added inst sfp_instance/FE_PHC6562_n20645 (BUFFD0)
Committed on net sfp_instance/FE_OFN2560_div_20_u_div_u_add_PartRem_1_0_3_B_9_
  Added inst sfp_instance/FE_PHC6563_FE_OFN2560_div_20_u_div_u_add_PartRem_1_0_3_B_9_ (BUFFD0)
Committed on net sfp_instance/FE_OFN3145_n26065
  Added inst sfp_instance/FE_PHC6564_FE_OFN3145_n26065 (BUFFD0)
Committed on net sfp_instance/FE_PHN6268_FE_OFN2680_n1406
  Added inst sfp_instance/FE_PHC6565_FE_OFN2680_n1406 (BUFFD0)
Committed on net sfp_instance/fifo_inst_int/FE_PHN5754_rd_ptr_gray_0_
  Added inst sfp_instance/fifo_inst_int/FE_PHC6566_rd_ptr_gray_0_ (BUFFD0)
Committed on net sfp_instance/FE_OFN2883_div_20_u_div_BInv_3__10_
  Added inst sfp_instance/FE_PHC6567_FE_OFN2883_div_20_u_div_BInv_3__10_ (CKBD0)
Committed on net sfp_instance/FE_PHN6233_FE_OFN2808_n502
  Added inst sfp_instance/FE_PHC6568_FE_OFN2808_n502 (CKBD0)
Committed on net sfp_instance/FE_OFN2886_div_20_u_div_BInv_3__14_
  Added inst sfp_instance/FE_PHC6569_FE_OFN2886_div_20_u_div_BInv_3__14_ (CKBD0)
Committed on net sfp_instance/FE_OCPN4809_FE_OFN3049_n26065
  Added inst sfp_instance/FE_PHC6570_FE_OCPN4809_FE_OFN3049_n26065 (CKBD0)
Committed on net sfp_instance/FE_OFN1815_n803
  Added inst sfp_instance/FE_PHC6571_FE_OFN1815_n803 (BUFFD0)
Committed on net sfp_instance/FE_OFN3020_n1299
  Added inst sfp_instance/FE_PHC6572_FE_OFN3020_n1299 (BUFFD0)
Committed on net sfp_instance/FE_PHN6309_FE_OFN2746_n777
  Added inst sfp_instance/FE_PHC6573_FE_OFN2746_n777 (BUFFD0)
Committed on net sfp_instance/FE_OFN2683_n1406
  Added inst sfp_instance/FE_PHC6574_FE_OFN2683_n1406 (CKBD0)
Committed on net sfp_instance/n749
  Added inst sfp_instance/FE_PHC6575_n749 (BUFFD0)
Committed on net sfp_instance/FE_OFN2421_sum_2core_13_
  Added inst sfp_instance/FE_PHC6576_FE_OFN2421_sum_2core_13_ (CKBD0)
Committed on net sfp_instance/FE_OFN2448_n103
  Added inst sfp_instance/FE_PHC6577_FE_OFN2448_n103 (BUFFD0)
Committed on net sfp_instance/n13997
  Added inst sfp_instance/FE_PHC6578_n13997 (BUFFD0)
Committed on net sfp_instance/n14015
  Added inst sfp_instance/FE_PHC6579_n14015 (BUFFD0)
Committed on net sfp_instance/FE_OCPN4419_FE_OFN2914_n732
  Added inst sfp_instance/FE_PHC6580_FE_OCPN4419_FE_OFN2914_n732 (CKBD0)
Committed on net sfp_instance/n5145
  Added inst sfp_instance/FE_PHC6581_n5145 (BUFFD0)
Committed on net sfp_instance/FE_OFN2425_sum_2core_13_
  Added inst sfp_instance/FE_PHC6582_FE_OFN2425_sum_2core_13_ (BUFFD0)
Committed on net sfp_instance/FE_OCPN4585_FE_RN_127
  Added inst sfp_instance/FE_PHC6583_FE_OCPN4585_FE_RN_127 (CKBD0)
Committed on net sfp_instance/FE_OFN2080_div_20_u_div_u_add_PartRem_1_0_3_B_11_
  Added inst sfp_instance/FE_PHC6584_FE_OFN2080_div_20_u_div_u_add_PartRem_1_0_3_B_11_ (CKBD0)
Committed on net sfp_instance/FE_OCPN4776_FE_OFN2672_n1406
  Added inst sfp_instance/FE_PHC6585_FE_OCPN4776_FE_OFN2672_n1406 (CKBD0)
Committed on net sfp_instance/FE_OCPN4225_FE_OFN2139_n26066
  Added inst sfp_instance/FE_PHC6586_FE_OCPN4225_FE_OFN2139_n26066 (CKBD0)
Committed on net sfp_instance/FE_OCPN4812_div_20_u_div_BInv_3__12_
  Added inst sfp_instance/FE_PHC6587_FE_OCPN4812_div_20_u_div_BInv_3__12_ (BUFFD0)
Committed on net sfp_instance/n26164
  Added inst sfp_instance/FE_PHC6588_n26164 (CKBD0)
Committed on net sfp_instance/FE_OCPN5254_FE_OFN2564_n26066
  Added inst sfp_instance/FE_PHC6589_FE_OCPN5254_FE_OFN2564_n26066 (BUFFD0)
Committed on net sfp_instance/FE_OCPN5165_FE_OFN3049_n26065
  Added inst sfp_instance/FE_PHC6590_FE_OCPN5165_FE_OFN3049_n26065 (CKBD0)
Committed on net sfp_instance/FE_OFN2745_n777
  Added inst sfp_instance/FE_PHC6591_FE_OFN2745_n777 (CKBD0)
Committed on net sfp_instance/FE_OFN621_n697
  Added inst sfp_instance/FE_PHC6592_FE_OFN621_n697 (CKBD0)
Committed on net sfp_instance/FE_OFN2418_sum_2core_13_
  Added inst sfp_instance/FE_PHC6593_FE_OFN2418_sum_2core_13_ (CKBD0)
Committed on net sfp_instance/FE_OCPN5256_FE_OFN1304_n803
  Added inst sfp_instance/FE_PHC6594_FE_OCPN5256_FE_OFN1304_n803 (BUFFD0)
Committed on net sfp_instance/FE_OCPN4425_FE_OFN2102_n647
  Added inst sfp_instance/FE_PHC6595_FE_OCPN4425_FE_OFN2102_n647 (CKBD0)
Committed on net sfp_instance/FE_OCPN5053_FE_OFN2801_n705
  Added inst sfp_instance/FE_PHC6596_FE_OCPN5053_FE_OFN2801_n705 (CKBD0)
Committed on net sfp_instance/fifo_inst_int/FE_OCPN5674_n395
  Added inst sfp_instance/fifo_inst_int/FE_PHC6597_FE_OCPN5674_n395 (CKBD0)
Committed on net sfp_instance/FE_OCPN5124_FE_OFN878_n765
  Added inst sfp_instance/FE_PHC6598_FE_OCPN5124_FE_OFN878_n765 (BUFFD0)
Committed on net sfp_instance/FE_OFN2668_n732
  Added inst sfp_instance/FE_PHC6599_FE_OFN2668_n732 (BUFFD0)
Committed on net sfp_instance/FE_OFN2577_n697
  Added inst sfp_instance/FE_PHC6600_FE_OFN2577_n697 (BUFFD0)
Committed on net sfp_instance/FE_PHN6306_FE_OCPN3790_n3278
  Added inst sfp_instance/FE_PHC6601_FE_OCPN3790_n3278 (BUFFD0)
Committed on net sfp_instance/FE_PHN5850_FE_OFN2832_div_20_u_div_BInv_3__8_
  Added inst sfp_instance/FE_PHC6602_FE_OFN2832_div_20_u_div_BInv_3__8_ (BUFFD0)
Committed on net sfp_instance/FE_PHN5761_FE_OFN2080_div_20_u_div_u_add_PartRem_1_0_3_B_11_
  Added inst sfp_instance/FE_PHC6603_FE_OFN2080_div_20_u_div_u_add_PartRem_1_0_3_B_11_ (BUFFD0)
Committed on net sfp_instance/FE_OFN3075_div_20_u_div_u_add_PartRem_1_5_3_B_7_
  Added inst sfp_instance/FE_PHC6604_FE_OFN3075_div_20_u_div_u_add_PartRem_1_5_3_B_7_ (CKBD0)
Committed on net sfp_instance/FE_OFN2492_n26067
  Added inst sfp_instance/FE_PHC6605_FE_OFN2492_n26067 (BUFFD0)
Committed on net sfp_instance/FE_PHN6263_FE_OFN621_n697
  Added inst sfp_instance/FE_PHC6606_FE_OFN621_n697 (CKBD0)
Committed on net sfp_instance/FE_PHN6294_FE_OCPN5490_FE_RN_974_0
  Added inst sfp_instance/FE_PHC6607_FE_OCPN5490_FE_RN_974_0 (CKBD0)
Committed on net sfp_instance/FE_PHN5854_FE_OFN3092_div_20_u_div_u_add_PartRem_1_6_3_B_1_
  Added inst sfp_instance/FE_PHC6608_FE_OFN3092_div_20_u_div_u_add_PartRem_1_6_3_B_1_ (CKBD0)
Committed on net sfp_instance/FE_PHN5817_n26164
  Added inst sfp_instance/FE_PHC6609_n26164 (CKBD0)
Committed on net sfp_instance/FE_PHN6510_FE_OCPN5585_div_20_u_div_u_add_PartRem_1_5_3_B_7_
  Added inst sfp_instance/FE_PHC6610_FE_OCPN5585_div_20_u_div_u_add_PartRem_1_5_3_B_7_ (CKBD0)
Committed on net sfp_instance/FE_PHN6293_FE_OFN3023_div_23_u_div_BInv_7__3_
  Added inst sfp_instance/FE_PHC6611_FE_OFN3023_div_23_u_div_BInv_7__3_ (BUFFD0)
Committed on net sfp_instance/FE_OFN3133_n1299
  Added inst sfp_instance/FE_PHC6612_FE_OFN3133_n1299 (BUFFD0)
Committed on net sfp_instance/FE_OFN1826_n697
  Added inst sfp_instance/FE_PHC6613_FE_OFN1826_n697 (CKBD0)
Committed on net sfp_instance/FE_OFN3215_n777
  Added inst sfp_instance/FE_PHC6614_FE_OFN3215_n777 (CKBD0)
Committed on net sfp_instance/FE_PHN6108_div_23_u_div_BInv_6__13_
  Added inst sfp_instance/FE_PHC6615_div_23_u_div_BInv_6__13_ (BUFFD0)
Committed on net sfp_instance/FE_OFN3198_sum_2core_18_
  Added inst sfp_instance/FE_PHC6616_FE_OFN3198_sum_2core_18_ (CKBD0)
Committed on net sfp_instance/FE_OCPN4426_FE_OFN2801_n705
  Added inst sfp_instance/FE_PHC6617_FE_OCPN4426_FE_OFN2801_n705 (CKBD0)
Committed on net sfp_instance/FE_OCPN5202_FE_OFN2491_n26067
  Added inst sfp_instance/FE_PHC6618_FE_OCPN5202_FE_OFN2491_n26067 (CKBD0)
Committed on net sfp_instance/n22211
  Added inst sfp_instance/FE_PHC6619_n22211 (BUFFD0)
Committed on net sfp_instance/FE_OFN3153_sum_2core_18_
  Added inst sfp_instance/FE_PHC6620_FE_OFN3153_sum_2core_18_ (BUFFD0)
Committed on net sfp_instance/FE_OFN3052_n26065
  Added inst sfp_instance/FE_PHC6621_FE_OFN3052_n26065 (CKBD0)
Committed on net sfp_instance/FE_OFN2098_n26067
  Added inst sfp_instance/FE_PHC6622_FE_OFN2098_n26067 (CKBD0)
Committed on net sfp_instance/div_24_u_div_BInv_3__14_
  Added inst sfp_instance/FE_PHC6623_div_24_u_div_BInv_3__14_ (BUFFD0)
Committed on net sfp_instance/FE_OFN2747_n777
  Added inst sfp_instance/FE_PHC6624_FE_OFN2747_n777 (CKBD0)
Committed on net sfp_instance/FE_PHN6239_FE_OCPN4419_FE_OFN2914_n732
  Added inst sfp_instance/FE_PHC6625_FE_OCPN4419_FE_OFN2914_n732 (CKBD0)
Committed on net sfp_instance/FE_PHN5836_FE_OCPN5342_FE_OFN3036_sum_2core_16_
  Added inst sfp_instance/FE_PHC6626_FE_OCPN5342_FE_OFN3036_sum_2core_16_ (CKBD0)
Committed on net sfp_instance/n5139
  Added inst sfp_instance/FE_PHC6627_n5139 (BUFFD0)
Committed on net sfp_instance/n10543
  Added inst sfp_instance/FE_PHC6628_n10543 (BUFFD0)
Committed on net sfp_instance/FE_PHN6258_FE_OCPN4585_FE_RN_127
  Added inst sfp_instance/FE_PHC6629_FE_OCPN4585_FE_RN_127 (CKBD0)
Committed on net sfp_instance/n5161
  Added inst sfp_instance/FE_PHC6630_n5161 (CKBD0)
Committed on net sfp_instance/FE_OFN1701_n2629
  Added inst sfp_instance/FE_PHC6631_FE_OFN1701_n2629 (BUFFD0)
Committed on net sfp_instance/FE_OFN3067_div_24_u_div_BInv_3__4_
  Added inst sfp_instance/FE_PHC6632_FE_OFN3067_div_24_u_div_BInv_3__4_ (BUFFD0)
Committed on net sfp_instance/FE_OCPN4589_FE_OFN2108_sum_2core_18_
  Added inst sfp_instance/FE_PHC6633_FE_OCPN4589_FE_OFN2108_sum_2core_18_ (CKBD0)
Committed on net sfp_instance/FE_OFN2847_n22620
  Added inst sfp_instance/FE_PHC6634_FE_OFN2847_n22620 (CKBD0)
Committed on net sfp_instance/FE_OFN2987_n26067
  Added inst sfp_instance/FE_PHC6635_FE_OFN2987_n26067 (CKBD0)
Committed on net sfp_instance/FE_PHN6348_n15562
  Added inst sfp_instance/FE_PHC6636_n15562 (BUFFD0)
Committed on net sfp_instance/FE_OCPN5482_FE_RN_974_0
  Added inst sfp_instance/FE_PHC6637_FE_OCPN5482_FE_RN_974_0 (CKBD0)
Committed on net sfp_instance/FE_OCPN3395_FE_OFN3036_sum_2core_16_
  Added inst sfp_instance/FE_PHC6638_FE_OCPN3395_FE_OFN3036_sum_2core_16_ (BUFFD0)
Committed on net sfp_instance/div_23_u_div_BInv_5__18_
  Added inst sfp_instance/FE_PHC6639_div_23_u_div_BInv_5__18_ (BUFFD0)
Committed on net sfp_instance/FE_PHN6082_div_18_u_div_BInv_6__3_
  Added inst sfp_instance/FE_PHC6640_div_18_u_div_BInv_6__3_ (BUFFD0)
Committed on net sfp_instance/n15803
  Added inst sfp_instance/FE_PHC6641_n15803 (BUFFD0)
Committed on net sfp_instance/FE_PHN5875_FE_OFN3067_div_24_u_div_BInv_3__4_
  Added inst sfp_instance/FE_PHC6642_FE_OFN3067_div_24_u_div_BInv_3__4_ (BUFFD0)
Committed on net sfp_instance/FE_PHN6437_div_23_u_div_BInv_5__9_
  Added inst sfp_instance/FE_PHC6643_div_23_u_div_BInv_5__9_ (BUFFD0)
Committed on net sfp_instance/FE_PHN6443_div_23_u_div_BInv_7__10_
  Added inst sfp_instance/FE_PHC6644_div_23_u_div_BInv_7__10_ (BUFFD0)
Committed on net sfp_instance/div_18_u_div_BInv_6__17_
  Added inst sfp_instance/FE_PHC6645_div_18_u_div_BInv_6__17_ (BUFFD0)
Committed on net sfp_instance/FE_PHN6310_FE_OFN1892_div_18_u_div_BInv_7__7_
  Added inst sfp_instance/FE_PHC6646_FE_OFN1892_div_18_u_div_BInv_7__7_ (BUFFD0)
Committed on net sfp_instance/FE_PHN6110_div_18_u_div_BInv_6__5_
  Added inst sfp_instance/FE_PHC6647_div_18_u_div_BInv_6__5_ (BUFFD0)
Committed on net sfp_instance/FE_PHN5985_div_23_u_div_BInv_7__9_
  Added inst sfp_instance/FE_PHC6648_div_23_u_div_BInv_7__9_ (BUFFD0)
Committed on net sfp_instance/FE_PHN6025_div_24_u_div_BInv_7__9_
  Added inst sfp_instance/FE_PHC6649_div_24_u_div_BInv_7__9_ (CKBD0)
Committed on net sfp_instance/FE_PHN6034_div_18_u_div_BInv_5__18_
  Added inst sfp_instance/FE_PHC6650_div_18_u_div_BInv_5__18_ (BUFFD0)
Committed on net sfp_instance/FE_PHN6308_div_24_u_div_BInv_7__6_
  Added inst sfp_instance/FE_PHC6651_div_24_u_div_BInv_7__6_ (BUFFD0)
Committed on net sfp_instance/FE_PHN6047_div_23_u_div_BInv_5__19_
  Added inst sfp_instance/FE_PHC6652_div_23_u_div_BInv_5__19_ (BUFFD0)
Committed on net sfp_instance/FE_PHN6444_div_18_u_div_BInv_5__16_
  Added inst sfp_instance/FE_PHC6653_div_18_u_div_BInv_5__16_ (BUFFD0)
Committed on net sfp_instance/FE_PHN6436_div_19_u_div_BInv_5__19_
  Added inst sfp_instance/FE_PHC6654_div_19_u_div_BInv_5__19_ (BUFFD0)
Committed on net sfp_instance/FE_OCPN3751_N643
  Added inst sfp_instance/FE_PHC6655_FE_OCPN3751_N643 (BUFFD0)
Committed on net sfp_instance/FE_PHN6312_FE_OFN2556_div_23_u_div_BInv_5__3_
  Added inst sfp_instance/FE_PHC6656_FE_OFN2556_div_23_u_div_BInv_5__3_ (BUFFD0)
Committed on net sfp_instance/FE_OCPN3525_N561
  Added inst sfp_instance/FE_PHC6657_FE_OCPN3525_N561 (CKBD0)
Committed on net sfp_instance/FE_PHN6071_div_23_u_div_BInv_7__18_
  Added inst sfp_instance/FE_PHC6658_div_23_u_div_BInv_7__18_ (CKBD0)
Committed on net sfp_instance/FE_PHN6498_div_20_u_div_BInv_3__18_
  Added inst sfp_instance/FE_PHC6659_div_20_u_div_BInv_3__18_ (CKBD0)
Committed on net sfp_instance/FE_PHN6507_div_22_u_div_BInv_7__18_
  Added inst sfp_instance/FE_PHC6660_div_22_u_div_BInv_7__18_ (BUFFD0)
Committed on net sfp_instance/FE_PHN6061_div_19_u_div_BInv_7__18_
  Added inst sfp_instance/FE_PHC6661_div_19_u_div_BInv_7__18_ (CKBD0)
Committed on net sfp_instance/FE_PHN6314_div_18_u_div_BInv_6__6_
  Added inst sfp_instance/FE_PHC6662_div_18_u_div_BInv_6__6_ (CKBD0)
Committed on net sfp_instance/FE_PHN6316_div_18_u_div_BInv_7__6_
  Added inst sfp_instance/FE_PHC6663_div_18_u_div_BInv_7__6_ (CKBD0)
Committed on net sfp_instance/FE_PHN6481_div_23_u_div_BInv_6__17_
  Added inst sfp_instance/FE_PHC6664_div_23_u_div_BInv_6__17_ (BUFFD0)
Committed on net sfp_instance/FE_PHN6278_div_24_u_div_BInv_5__6_
  Added inst sfp_instance/FE_PHC6665_div_24_u_div_BInv_5__6_ (BUFFD0)
Committed on net sfp_instance/FE_PHN6304_div_18_u_div_BInv_6__7_
  Added inst sfp_instance/FE_PHC6666_div_18_u_div_BInv_6__7_ (CKBD0)
Committed on net sfp_instance/FE_PHN6409_div_18_u_div_BInv_7__10_
  Added inst sfp_instance/FE_PHC6667_div_18_u_div_BInv_7__10_ (CKBD0)
Committed on net sfp_instance/FE_PHN5891_div_23_u_div_BInv_5__8_
  Added inst sfp_instance/FE_PHC6668_div_23_u_div_BInv_5__8_ (CKBD0)
Committed on net sfp_instance/FE_PHN6051_div_23_u_div_BInv_7__8_
  Added inst sfp_instance/FE_PHC6669_div_23_u_div_BInv_7__8_ (CKBD0)
Committed on net sfp_instance/FE_PHN6514_div_20_u_div_BInv_3__19_
  Added inst sfp_instance/FE_PHC6670_div_20_u_div_BInv_3__19_ (CKBD0)
Committed on net sfp_instance/FE_PHN5920_div_22_u_div_BInv_5__15_
  Added inst sfp_instance/FE_PHC6671_div_22_u_div_BInv_5__15_ (BUFFD0)
Committed on net sfp_instance/n16472
  Added inst sfp_instance/FE_PHC6672_n16472 (BUFFD0)
Committed on net sfp_instance/FE_PHN6501_div_23_u_div_BInv_7__12_
  Added inst sfp_instance/FE_PHC6673_div_23_u_div_BInv_7__12_ (BUFFD0)
Committed on net sfp_instance/FE_PHN6412_div_25_u_div_BInv_5__16_
  Added inst sfp_instance/FE_PHC6674_div_25_u_div_BInv_5__16_ (BUFFD0)
Committed on net sfp_instance/FE_PHN6307_div_24_u_div_BInv_7__7_
  Added inst sfp_instance/FE_PHC6675_div_24_u_div_BInv_7__7_ (BUFFD0)
Committed on net sfp_instance/div_19_u_div_BInv_5__18_
  Added inst sfp_instance/FE_PHC6676_div_19_u_div_BInv_5__18_ (CKBD0)
Committed on net sfp_instance/FE_PHN6440_n16524
  Added inst sfp_instance/FE_PHC6677_n16524 (CKBD0)
Committed on net sfp_instance/FE_PHN6406_div_23_u_div_BInv_6__16_
  Added inst sfp_instance/FE_PHC6678_div_23_u_div_BInv_6__16_ (BUFFD0)
Committed on net sfp_instance/N603
  Added inst sfp_instance/FE_PHC6679_N603 (BUFFD0)
Committed on net sfp_instance/FE_PHN6029_div_22_u_div_BInv_5__18_
  Added inst sfp_instance/FE_PHC6680_div_22_u_div_BInv_5__18_ (BUFFD0)
Committed on net sfp_instance/FE_PHN5914_div_22_u_div_BInv_7__15_
  Added inst sfp_instance/FE_PHC6681_div_22_u_div_BInv_7__15_ (CKBD0)
Committed on net sfp_instance/FE_PHN6006_div_24_u_div_BInv_7__13_
  Added inst sfp_instance/FE_PHC6682_div_24_u_div_BInv_7__13_ (BUFFD0)
Committed on net sfp_instance/FE_PHN6460_div_18_u_div_BInv_6__11_
  Added inst sfp_instance/FE_PHC6683_div_18_u_div_BInv_6__11_ (BUFFD0)
Committed on net sfp_instance/FE_PHN6299_div_24_u_div_BInv_5__3_
  Added inst sfp_instance/FE_PHC6684_div_24_u_div_BInv_5__3_ (BUFFD0)
Committed on net sfp_instance/FE_PHN6456_div_18_u_div_BInv_6__9_
  Added inst sfp_instance/FE_PHC6685_div_18_u_div_BInv_6__9_ (CKBD0)
Committed on net sfp_instance/FE_PHN6318_div_24_u_div_BInv_7__4_
  Added inst sfp_instance/FE_PHC6686_div_24_u_div_BInv_7__4_ (CKBD0)
Committed on net sfp_instance/div_25_u_div_BInv_6__16_
  Added inst sfp_instance/FE_PHC6687_div_25_u_div_BInv_6__16_ (BUFFD0)
Committed on net sfp_instance/FE_PHN6422_div_18_u_div_BInv_5__13_
  Added inst sfp_instance/FE_PHC6688_div_18_u_div_BInv_5__13_ (BUFFD0)
Committed on net sfp_instance/FE_PHN6417_div_23_u_div_BInv_5__14_
  Added inst sfp_instance/FE_PHC6689_div_23_u_div_BInv_5__14_ (BUFFD0)
Committed on net sfp_instance/n20646
  Added inst sfp_instance/FE_PHC6690_n20646 (CKBD0)
Committed on net sfp_instance/FE_PHN6419_div_25_u_div_BInv_6__10_
  Added inst sfp_instance/FE_PHC6691_div_25_u_div_BInv_6__10_ (BUFFD0)
Committed on net sfp_instance/FE_PHN6457_div_18_u_div_BInv_7__12_
  Added inst sfp_instance/FE_PHC6692_div_18_u_div_BInv_7__12_ (CKBD0)
Committed on net sfp_instance/FE_PHN6321_div_24_u_div_BInv_7__5_
  Added inst sfp_instance/FE_PHC6693_div_24_u_div_BInv_7__5_ (CKBD0)
Committed on net sfp_instance/FE_PHN6451_div_18_u_div_BInv_5__11_
  Added inst sfp_instance/FE_PHC6694_div_18_u_div_BInv_5__11_ (CKBD0)
Committed on net sfp_instance/FE_PHN6298_N524
  Added inst sfp_instance/FE_PHC6695_N524 (BUFFD0)
Committed on net sfp_instance/FE_PHN6428_div_18_u_div_BInv_5__17_
  Added inst sfp_instance/FE_PHC6696_div_18_u_div_BInv_5__17_ (CKBD0)
Committed on net sfp_instance/FE_PHN6385_div_18_u_div_BInv_5__9_
  Added inst sfp_instance/FE_PHC6697_div_18_u_div_BInv_5__9_ (BUFFD0)
Committed on net sfp_instance/FE_PHN6053_n16466
  Added inst sfp_instance/FE_PHC6698_n16466 (CKBD0)
Committed on net sfp_instance/FE_PHN5892_div_22_u_div_BInv_7__17_
  Added inst sfp_instance/FE_PHC6699_div_22_u_div_BInv_7__17_ (BUFFD0)
Committed on net sfp_instance/FE_PHN6380_div_18_u_div_BInv_6__16_
  Added inst sfp_instance/FE_PHC6700_div_18_u_div_BInv_6__16_ (BUFFD0)
Committed on net sfp_instance/n19484
  Added inst sfp_instance/FE_PHC6701_n19484 (CKBD0)
Committed on net sfp_instance/FE_PHN6459_div_18_u_div_BInv_6__8_
  Added inst sfp_instance/FE_PHC6702_div_18_u_div_BInv_6__8_ (CKBD0)
Committed on net sfp_instance/FE_PHN5993_n16479
  Added inst sfp_instance/FE_PHC6703_n16479 (BUFFD0)
Committed on net sfp_instance/FE_PHN6107_n26493
  Added inst sfp_instance/FE_PHC6704_n26493 (CKBD0)
Committed on net sfp_instance/FE_PHN6105_div_22_u_div_BInv_5__19_
  Added inst sfp_instance/FE_PHC6705_div_22_u_div_BInv_5__19_ (CKBD0)
Committed on net sfp_instance/FE_PHN6000_div_24_u_div_BInv_7__8_
  Added inst sfp_instance/FE_PHC6706_div_24_u_div_BInv_7__8_ (BUFFD0)
Committed on net sfp_instance/FE_PHN5966_div_22_u_div_BInv_6__12_
  Added inst sfp_instance/FE_PHC6707_div_22_u_div_BInv_6__12_ (BUFFD0)
Committed on net sfp_instance/FE_PHN6394_FE_OCPN3750_N523
  Added inst sfp_instance/FE_PHC6708_FE_OCPN3750_N523 (BUFFD0)
Committed on net sfp_instance/div_25_u_div_BInv_5__18_
  Added inst sfp_instance/FE_PHC6709_div_25_u_div_BInv_5__18_ (BUFFD0)
Committed on net sfp_instance/div_18_u_div_BInv_6__15_
  Added inst sfp_instance/FE_PHC6710_div_18_u_div_BInv_6__15_ (BUFFD0)
Committed on net sfp_instance/FE_PHN6093_n16395
  Added inst sfp_instance/FE_PHC6711_n16395 (CKBD0)
Committed on net sfp_instance/div_23_u_div_BInv_6__15_
  Added inst sfp_instance/FE_PHC6712_div_23_u_div_BInv_6__15_ (CKBD0)
Committed on net sfp_instance/div_23_u_div_BInv_5__13_
  Added inst sfp_instance/FE_PHC6713_div_23_u_div_BInv_5__13_ (BUFFD0)
Committed on net sfp_instance/FE_PHN6464_div_22_u_div_BInv_7__13_
  Added inst sfp_instance/FE_PHC6714_div_22_u_div_BInv_7__13_ (BUFFD0)
Committed on net sfp_instance/FE_PHN6465_div_22_u_div_BInv_5__13_
  Added inst sfp_instance/FE_PHC6715_div_22_u_div_BInv_5__13_ (BUFFD0)
Committed on net sfp_instance/n5158
  Added inst sfp_instance/FE_PHC6716_n5158 (BUFFD0)
Committed on net sfp_instance/n5159
  Added inst sfp_instance/FE_PHC6717_n5159 (BUFFD0)
Committed on net sfp_instance/FE_OFN3178_n24786
  Added inst sfp_instance/FE_PHC6718_FE_OFN3178_n24786 (CKBD0)
Committed on net sfp_instance/FE_OCPN5632_n26067
  Added inst sfp_instance/FE_PHC6719_FE_OCPN5632_n26067 (CKBD0)
Committed on net sfp_instance/FE_OFN3112_div_22_u_div_BInv_6__3_
  Added inst sfp_instance/FE_PHC6720_FE_OFN3112_div_22_u_div_BInv_6__3_ (BUFFD0)
Committed on net sfp_instance/n13852
  Added inst sfp_instance/FE_PHC6721_n13852 (BUFFD0)
Committed on net sfp_instance/FE_OCPN5302_n26508
  Added inst sfp_instance/FE_PHC6722_FE_OCPN5302_n26508 (CKBD0)
Committed on net sfp_instance/FE_OCPN4929_n15732
  Added inst sfp_instance/FE_PHC6723_FE_OCPN4929_n15732 (CKBD0)
Committed on net sfp_instance/FE_PHN6132_FE_OCPN3359_n20416
  Added inst sfp_instance/FE_PHC6724_FE_OCPN3359_n20416 (BUFFD0)
Committed on net sfp_instance/FE_PHN6007_div_24_u_div_BInv_5__9_
  Added inst sfp_instance/FE_PHC6725_div_24_u_div_BInv_5__9_ (BUFFD0)
Committed on net sfp_instance/FE_PHN6519_FE_OCPN3251_n26486
  Added inst sfp_instance/FE_PHC6726_FE_OCPN3251_n26486 (BUFFD0)
Committed on net sfp_instance/FE_PHN6429_div_24_u_div_BInv_5__8_
  Added inst sfp_instance/FE_PHC6727_div_24_u_div_BInv_5__8_ (BUFFD0)
Committed on net sfp_instance/FE_PHN6284_div_22_u_div_BInv_5__3_
  Added inst sfp_instance/FE_PHC6728_div_22_u_div_BInv_5__3_ (CKBD0)
Committed on net sfp_instance/FE_PHN6503_FE_OCPN3713_N511
  Added inst sfp_instance/FE_PHC6729_FE_OCPN3713_N511 (CKBD0)
Committed on net sfp_instance/FE_OCPN3338_n26230
  Added inst sfp_instance/FE_PHC6730_FE_OCPN3338_n26230 (CKBD0)
Committed on net sfp_instance/FE_PHN6117_FE_OCPN3712_N600
  Added inst sfp_instance/FE_PHC6731_FE_OCPN3712_N600 (CKBD0)
Committed on net sfp_instance/FE_PHN6038_div_21_u_div_BInv_6__18_
  Added inst sfp_instance/FE_PHC6732_div_21_u_div_BInv_6__18_ (BUFFD0)
Committed on net sfp_instance/n15149
  Added inst sfp_instance/FE_PHC6733_n15149 (BUFFD0)
Committed on net sfp_instance/FE_PHN6454_div_23_u_div_BInv_3__17_
  Added inst sfp_instance/FE_PHC6734_div_23_u_div_BInv_3__17_ (CKBD0)
Committed on net sfp_instance/FE_PHN6452_FE_OCPN5302_n26508
  Added inst sfp_instance/FE_PHC6735_FE_OCPN5302_n26508 (CKBD0)
Committed on net sfp_instance/FE_PHN6511_div_18_u_div_BInv_7__11_
  Added inst sfp_instance/FE_PHC6736_div_18_u_div_BInv_7__11_ (CKBD0)
Committed on net sfp_instance/n1805
  Added inst sfp_instance/FE_PHC6737_n1805 (BUFFD0)
Committed inst sfp_instance/FE_PHC5898_div_22_u_div_BInv_5__16_
  Resized cell BUFFD0 -> cell CKBD0
Committed on net sfp_instance/FE_OFN980_n21228
  Added inst sfp_instance/FE_PHC6738_FE_OFN980_n21228 (BUFFD0)
Committed inst sfp_instance/U12053
  Resized cell ND2D1 -> cell ND2D0
Committed inst sfp_instance/U20000
  Resized cell CKND1 -> cell CKND0
Committed inst sfp_instance/U9798
  Resized cell NR2XD1 -> cell NR2XD0
Committed inst sfp_instance/U9798
  Resized cell NR2XD0 -> cell NR2XD1
Committed on net sfp_instance/N588
  Added inst sfp_instance/FE_PHC6739_N588 (CKBD0)
===========================================================================================
  Phase 1 : Step 2 Iter 3 Summary (AddBuffer + LegalResize)
------------------------------------------------------------------------------------------
 Hold WNS :      -0.2016
      TNS :     -14.5885
      #VP :          340
      TNS+:       8.7527/217 improved (0.0403 per commit, 37.499%)
  Density :      94.992%
------------------------------------------------------------------------------------------
 214 buffer added (phase total 1043, total 1043)
 3 inst resized (phase total 5, total 5)
 cpu=0:01:03 real=0:00:25.0 totSessionCpu=2:19:05 mem=3445.8M
===========================================================================================

Starting Phase 1 Step 2 Iter 4 ...
Committed on net sfp_instance/fifo_inst_int/FE_PHN6529_rd_ptr_gray_2_
  Added inst sfp_instance/fifo_inst_int/FE_PHC6740_rd_ptr_gray_2_ (BUFFD0)
Committed on net sfp_instance/fifo_inst_ext/FE_PHN6534_wr_ptr_gray_1_
  Added inst sfp_instance/fifo_inst_ext/FE_PHC6741_wr_ptr_gray_1_ (CKBD0)
Committed on net sfp_instance/fifo_inst_ext/FE_PHN6178_N36
  Added inst sfp_instance/fifo_inst_ext/FE_PHC6742_N36 (CKBD0)
Committed on net sfp_instance/FE_PHN6175_div_18_u_div_u_add_PartRem_0_4_A_2_
  Added inst sfp_instance/FE_PHC6743_div_18_u_div_u_add_PartRem_0_4_A_2_ (CKBD0)
Committed on net sfp_instance/div_21_u_div_u_add_PartRem_1_5_A_2_
  Added inst sfp_instance/FE_PHC6744_div_21_u_div_u_add_PartRem_1_5_A_2_ (BUFFD0)
Committed on net sfp_instance/FE_PHN6198_div_24_u_div_SumTmp_6__2__0_
  Added inst sfp_instance/FE_PHC6745_div_24_u_div_SumTmp_6__2__0_ (BUFFD0)
Committed on net sfp_instance/fifo_inst_ext/FE_PHN6547_wr_ptr_gray_4_
  Added inst sfp_instance/fifo_inst_ext/FE_PHC6746_wr_ptr_gray_4_ (CKBD0)
Committed on net sfp_instance/FE_PHN6193_div_22_u_div_u_add_PartRem_1_5_A_2_
  Added inst sfp_instance/FE_PHC6747_div_22_u_div_u_add_PartRem_1_5_A_2_ (BUFFD0)
Committed on net sfp_instance/FE_PHN5774_div_18_u_div_SumTmp_4__2__1_
  Added inst sfp_instance/FE_PHC6748_div_18_u_div_SumTmp_4__2__1_ (BUFFD0)
Committed on net sfp_instance/fifo_inst_int/n796
  Added inst sfp_instance/fifo_inst_int/FE_PHC6749_n796 (BUFFD0)
Committed on net sfp_instance/FE_OFN2883_div_20_u_div_BInv_3__10_
  Added inst sfp_instance/FE_PHC6750_FE_OFN2883_div_20_u_div_BInv_3__10_ (BUFFD0)
Committed on net sfp_instance/FE_OFN1815_n803
  Added inst sfp_instance/FE_PHC6751_FE_OFN1815_n803 (BUFFD0)
Committed on net sfp_instance/FE_PHN6229_FE_OFN3052_n26065
  Added inst sfp_instance/FE_PHC6752_FE_OFN3052_n26065 (CKBD0)
Committed on net sfp_instance/FE_PHN6334_FE_OCPN4444_FE_OFN2564_n26066
  Added inst sfp_instance/FE_PHC6753_FE_OCPN4444_FE_OFN2564_n26066 (CKBD0)
Committed on net sfp_instance/FE_PHN6554_FE_OCPN4227_FE_OFN3045_n26065
  Added inst sfp_instance/FE_PHC6754_FE_OCPN4227_FE_OFN3045_n26065 (BUFFD0)
Committed on net sfp_instance/FE_PHN6568_FE_OFN2808_n502
  Added inst sfp_instance/FE_PHC6755_FE_OFN2808_n502 (BUFFD0)
Committed on net sfp_instance/FE_PHN6557_FE_OCPN5257_FE_OFN2914_n732
  Added inst sfp_instance/FE_PHC6756_FE_OCPN5257_FE_OFN2914_n732 (BUFFD0)
Committed on net sfp_instance/FE_PHN6257_n26164
  Added inst sfp_instance/FE_PHC6757_n26164 (BUFFD0)
Committed on net sfp_instance/FE_PHN6556_FE_OFN2953_n26066
  Added inst sfp_instance/FE_PHC6758_FE_OFN2953_n26066 (BUFFD0)
Committed on net sfp_instance/FE_OFN2747_n777
  Added inst sfp_instance/FE_PHC6759_FE_OFN2747_n777 (CKBD0)
Committed on net sfp_instance/FE_OFN2080_div_20_u_div_u_add_PartRem_1_0_3_B_11_
  Added inst sfp_instance/FE_PHC6760_FE_OFN2080_div_20_u_div_u_add_PartRem_1_0_3_B_11_ (BUFFD0)
Committed on net sfp_instance/FE_OFN2748_n777
  Added inst sfp_instance/FE_PHC6761_FE_OFN2748_n777 (CKBD0)
Committed on net sfp_instance/FE_PHN6294_FE_OCPN5490_FE_RN_974_0
  Added inst sfp_instance/FE_PHC6762_FE_OCPN5490_FE_RN_974_0 (CKBD0)
Committed on net sfp_instance/FE_PHN5819_FE_OFN2935_n103
  Added inst sfp_instance/FE_PHC6763_FE_OFN2935_n103 (BUFFD0)
Committed on net sfp_instance/FE_OFN3145_n26065
  Added inst sfp_instance/FE_PHC6764_FE_OFN3145_n26065 (CKBD0)
Committed on net sfp_instance/FE_OFN2683_n1406
  Added inst sfp_instance/FE_PHC6765_FE_OFN2683_n1406 (CKBD0)
**Info: Stopping hold fixing due to density exceeding max design density 95.000%
===========================================================================================
  Phase 1 : Step 2 Iter 4 Summary (AddBuffer + LegalResize)
------------------------------------------------------------------------------------------
 Hold WNS :      -0.2016
      TNS :     -13.9595
      #VP :          325
      TNS+:       0.6290/26 improved (0.0242 per commit, 4.312%)
  Density :      95.000%
------------------------------------------------------------------------------------------
 26 buffer added (phase total 1069, total 1069)
 cpu=0:01:07 real=0:00:26.0 totSessionCpu=2:19:09 mem=3445.8M
===========================================================================================


*info:    Total 1069 cells added for Phase I
*info:    Total 5 instances resized for Phase I

*** Finished Core Fixing (fixHold) cpu=0:01:07 real=0:00:26.0 totSessionCpu=2:19:09 mem=3445.8M density=95.000% ***
*info:
*info: Added a total of 1069 cells to fix/reduce hold violation
*info:
*info: Summary: 
*info:          347 cells of type 'BUFFD0' used
*info:          722 cells of type 'CKBD0' used
*info:
*info:
*info: Total 5 instances resized
*info:       in which 0 FF resizing
*info:
*summary:     11 instances changed cell type
*	:      2 instances changed cell type from 'BUFFD0' to 'CKBD0'
*	:      1 instance  changed cell type from 'BUFFD1' to 'BUFFD0'
*	:      1 instance  changed cell type from 'CKBD0' to 'BUFFD0'
*	:      1 instance  changed cell type from 'CKND0' to 'CKND1'
*	:      2 instances changed cell type from 'CKND1' to 'CKND0'
*	:      1 instance  changed cell type from 'ND2D1' to 'ND2D0'
*	:      1 instance  changed cell type from 'ND4D1' to 'ND4D0'
*	:      1 instance  changed cell type from 'NR2XD0' to 'NR2XD1'
*	:      1 instance  changed cell type from 'NR2XD1' to 'NR2XD0'


=======================================================================
                Reasons for remaining hold violations
=======================================================================
*info: Total 3574 net(s) have violated hold timing slacks.

Buffering failure reasons
------------------------------------------------
*info:    16 net(s): Could not be fixed because of setup TNS degradation on side path.
*info:  1300 net(s): Could not be fixed because of setup TNS degradation.
*info:   219 net(s): Could not be fixed because of setup WNS degradation on specific instance.
*info:     2 net(s): Could not be fixed because of hold slack degradation.
*info:    48 net(s): Could not be fixed because of small ROI in the move tried.

Resizing failure reasons
------------------------------------------------
*info:     8 net(s): Could not be fixed because of no legal loc.
*info:     2 net(s): Could not be fixed because of DRV degradation.
*info:     3 net(s): Could not be fixed because of hold view DRV degradation.
*info:    31 net(s): Could not be fixed because of setup WNS degradation on specific instance.
*info:    43 net(s): Could not be fixed because of hold slack degradation.
*info:     4 net(s): Could not be fixed because of hold view slew degrade.
*info:   118 net(s): Could not be fixed because of no valid cell for resizing.
*info:     4 net(s): Could not be fixed because all the cells are filtered.

*info: net names were printed out to logv file

*** Starting refinePlace (2:19:10 mem=3445.8M) ***
Total net bbox length = 1.050e+06 (5.321e+05 5.180e+05) (ext = 6.391e+04)
Density distribution unevenness ratio = 1.357%
Move report: Detail placement moves 0 insts, mean move: 0.00 um, max move: 0.00 um
	Runtime: CPU: 0:00:01.0 REAL: 0:00:01.0 MEM: 3445.8MB
Summary Report:
Instances move: 0 (out of 53105 movable)
Mean displacement: 0.00 um
Max displacement: 0.00 um 
Total net bbox length = 1.050e+06 (5.321e+05 5.180e+05) (ext = 6.391e+04)
Runtime: CPU: 0:00:01.1 REAL: 0:00:01.0 MEM: 3445.8MB
*** Finished refinePlace (2:19:11 mem=3445.8M) ***
Finished re-routing un-routed nets (0:00:00.0 3445.8M)


Density : 0.9500
Max route overflow : 0.0003


*** Finish Physical Update (cpu=0:00:03.6 real=0:00:03.0 mem=3445.8M) ***
*** Finish Post CTS Hold Fixing (cpu=0:01:11 real=0:00:29.0 totSessionCpu=2:19:13 mem=3445.8M density=95.000%) ***
*** Steiner Routed Nets: 3.795%; Threshold: 100; Threshold for Hold: 100
Re-routed 0 nets
GigaOpt_HOLD: Recover setup timing after hold fixing
GigaOpt: WNS changes after routing: -0.128 -> -0.127 (bump = -0.001)
GigaOpt: Skipping postEco optimization
GigaOpt: WNS changes after postEco optimization: -0.128 -> -0.127 (bump = -0.001)
GigaOpt: Skipping nonLegal postEco optimization
*** Steiner Routed Nets: 3.795%; Threshold: 100; Threshold for Hold: 100
Re-routed 0 nets
Begin: GigaOpt Optimization in post-eco TNS mode
Info: 120 nets with fixed/cover wires excluded.
Info: 251 clock nets excluded from IPO operation.
*info: 251 clock nets excluded
*info: 2 special nets excluded.
*info: 159 no-driver nets excluded.
*info: 120 nets with fixed/cover wires excluded.
** GigaOpt Optimizer WNS Slack -0.127 TNS Slack -12.768 Density 95.00
Optimizer TNS Opt
Active Path Group: reg2reg  
+--------+---------+--------+---------+----------+------------+--------+----------+---------+----------------------------------------------------+
|  WNS   | All WNS |  TNS   | All TNS | Density  |    Real    |  Mem   |Worst View|Pathgroup|                     End Point                      |
+--------+---------+--------+---------+----------+------------+--------+----------+---------+----------------------------------------------------+
|  -0.127|   -0.127| -12.768|  -12.768|    95.00%|   0:00:00.0| 3302.6M|   WC_VIEW|  reg2reg| sfp_instance/R_8514/D                              |
|  -0.127|   -0.127| -12.768|  -12.768|    95.00%|   0:00:01.0| 3302.6M|   WC_VIEW|  reg2reg| sfp_instance/R_8514/D                              |
+--------+---------+--------+---------+----------+------------+--------+----------+---------+----------------------------------------------------+

*** Finish Core Optimize Step (cpu=0:00:00.4 real=0:00:01.0 mem=3302.6M) ***

*** Finished Optimize Step Cumulative (cpu=0:00:00.4 real=0:00:01.0 mem=3302.6M) ***

*** Finish post-CTS Setup Fixing (cpu=0:00:01.1 real=0:00:01.0 mem=3302.6M) ***

End: GigaOpt Optimization in post-eco TNS mode
<optDesign CMD> Restore Using all VT Cells
Reported timing to dir ./timingReports
**optDesign ... cpu = 0:01:18, real = 0:00:35, mem = 2601.9M, totSessionCpu=2:19:18 **
** Profile ** Start :  cpu=0:00:00.0, mem=2601.9M
** Profile ** Other data :  cpu=0:00:00.2, mem=2602.0M
**INFO: Starting Blocking QThread with 8 CPU
   ____________________________________________________________________
__/ message from Blocking QThread
Multi-CPU acceleration using 8 CPU(s).
Multithreaded Timing Analysis is initialized with 8 threads

#################################################################################
# Design Stage: PreRoute
# Design Name: core
# Design Mode: 65nm
# Analysis Mode: MMMC Non-OCV 
# Parasitics Mode: No SPEF/RCDB
# Signoff Settings: SI Off 
#################################################################################
Calculate delays in BcWc mode...
*** Calculating scaling factor for BC_LIB libraries using the default operating condition of each library.
End delay calculation. (MEM=339.688 CPU=0:00:08.2 REAL=0:00:02.0)
*** CDM Built up (cpu=0:00:09.0  real=0:00:03.0  mem= 339.7M) ***
*** Done Building Timing Graph (cpu=0:00:10.5 real=0:00:03.0 totSessionCpu=0:00:42.2 mem=339.7M)
** Profile ** Overall slacks :  cpu=-2:0-8:0-6.-1, mem=339.7M
** Profile ** Total reports :  cpu=0:00:00.3, mem=0.0M
_______________________________________________________________________
** Profile ** Overall slacks :  cpu=0:00:13.4, mem=2681.4M
** Profile ** Total reports :  cpu=0:00:01.9, mem=2604.0M
** Profile ** DRVs :  cpu=0:00:00.9, mem=2604.0M

------------------------------------------------------------
     optDesign Final Summary                             
------------------------------------------------------------

Setup views included:
 WC_VIEW 
Hold  views included:
 BC_VIEW

+--------------------+---------+---------+---------+
|     Setup mode     |   all   | reg2reg | default |
+--------------------+---------+---------+---------+
|           WNS (ns):| -0.127  | -0.127  |  0.239  |
|           TNS (ns):| -12.768 | -12.768 |  0.000  |
|    Violating Paths:|   276   |   276   |    0    |
|          All Paths:|  8401   |  6831   |  3064   |
+--------------------+---------+---------+---------+

+--------------------+---------+---------+---------+
|     Hold mode      |   all   | reg2reg | default |
+--------------------+---------+---------+---------+
|           WNS (ns):| -0.201  | -0.201  |  0.000  |
|           TNS (ns):| -13.090 | -13.090 |  0.000  |
|    Violating Paths:|   293   |   293   |    0    |
|          All Paths:|  6671   |  6671   |    0    |
+--------------------+---------+---------+---------+

+----------------+-------------------------------+------------------+
|                |              Real             |       Total      |
|    DRVs        +------------------+------------+------------------|
|                |  Nr nets(terms)  | Worst Vio  |  Nr nets(terms)  |
+----------------+------------------+------------+------------------+
|   max_cap      |      0 (0)       |   0.000    |      0 (0)       |
|   max_tran     |      0 (0)       |   0.000    |      0 (0)       |
|   max_fanout   |      0 (0)       |     0      |      0 (0)       |
|   max_length   |      0 (0)       |     0      |      0 (0)       |
+----------------+------------------+------------+------------------+

Density: 39.213%
       (95.000% with Fillers)
Routing Overflow: 0.03% H and 0.02% V
------------------------------------------------------------
** Profile ** Report data :  cpu=0:00:00.0, mem=2604.0M
**optDesign ... cpu = 0:01:34, real = 0:00:44, mem = 2601.9M, totSessionCpu=2:19:35 **
*** Finished optDesign ***
Removing temporary dont_use automatically set for cells with technology sites with no row.
Writing Netlist "./encFile/cts.enc.dat.tmp/core.v.gz" ...
Saving AAE Data ...
**WARN: (IMPCTE-104):	The constraint mode of this inactive view 'TC_VIEW' has been modified and may need to be reanalyzed to ensure proper timing results. To reanalyze timing for this view make the view active using 'set_analysis_view' and run timing analysis.
Saving scheduling_file.cts.6701 in ./encFile/cts.enc.dat/scheduling_file.cts
Saving preference file ./encFile/cts.enc.dat.tmp/gui.pref.tcl ...
Saving mode setting ...
Saving global file ...
Saving floorplan file ...
Saving Drc markers ...
... 970 markers are saved ...
... 0 geometry drc markers are saved ...
... 0 antenna drc markers are saved ...
Saving placement file ...
Saving route file ...
*** Completed saveRoute (cpu=0:00:00.8 real=0:00:02.0 mem=2602.0M) ***
Saving DEF file ...
Saving rc congestion map ./encFile/cts.enc.dat.tmp/core.congmap.gz ...
**ERROR: (IMPOAX-142):	Could not open shared library libinnovusoax22.so : /acsnfs3/software/cadence-innovus152/tools/lib/64bit/libcdsSkillPcell.so: undefined symbol: _ZTIN12OpenAccess_413oaFSComponentE

**ERROR: (IMPOAX-142):	Could not open shared library libcdsSkillPcell.so : (null)

**ERROR: (IMPSYT-6245):	Error , while saving MS constraint file.



Generated self-contained design cts.enc.dat.tmp

*** Summary of all messages that are not suppressed in this session:
Severity  ID               Count  Summary                                  
ERROR     IMPSYT-6245          1  Error %s, while saving MS constraint fil...
ERROR     IMPOAX-142           2  %s                                       
WARNING   IMPCTE-104           1  The constraint mode of this inactive vie...
*** Message Summary: 1 warning(s), 3 error(s)

