Writing Netlist "./encFile/floorplan.enc.dat.tmp/core.v.gz" ...
Saving AAE Data ...
Saving preference file ./encFile/floorplan.enc.dat.tmp/gui.pref.tcl ...
Saving mode setting ...
Saving global file ...
Saving floorplan file ...
Saving Drc markers ...
... 970 markers are saved ...
... 0 geometry drc markers are saved ...
... 0 antenna drc markers are saved ...
Saving placement file ...
Saving route file ...
*** Completed saveRoute (cpu=0:00:00.1 real=0:00:00.0 mem=752.0M) ***
Saving DEF file ...
**ERROR: (IMPOAX-142):	Could not open shared library libinnovusoax22.so : /acsnfs3/software/cadence-innovus152/tools/lib/64bit/libcdsSkillPcell.so: undefined symbol: _ZTIN12OpenAccess_413oaFSComponentE

**ERROR: (IMPOAX-142):	Could not open shared library libcdsSkillPcell.so : (null)

**ERROR: (IMPSYT-6245):	Error , while saving MS constraint file.



Generated self-contained design floorplan.enc.dat.tmp

*** Summary of all messages that are not suppressed in this session:
Severity  ID               Count  Summary                                  
ERROR     IMPSYT-6245          1  Error %s, while saving MS constraint fil...
ERROR     IMPOAX-142           2  %s                                       
*** Message Summary: 0 warning(s), 3 error(s)

*** Starting GigaPlace ***
**INFO: user set placement options
setPlaceMode -congEffort medium -modulePlan true -reorderScan false -timingDriven true
**INFO: user set opt options
setOptMode -effort high -fixFanoutLoad true -leakageToDynamicRatio 0.5 -powerEffort high -restruct true -verbose true
**INFO: Enable pre-place timing setting for timing analysis
Set Using Default Delay Limit as 101.
**WARN: (IMPDC-1629):	The default delay limit was set to 101. This is less than the default of 1000 and may result in inaccurate delay calculation for nets with a fanout higher than the setting.  If needed, the default delay limit may be adjusted by running the command 'set delaycal_use_default_delay_limit'.
Set Default Net Delay as 0 ps.
Set Default Net Load as 0 pF. 
**INFO: Analyzing IO path groups for slack adjustment
Multithreaded Timing Analysis is initialized with 8 threads

Effort level <high> specified for reg2reg_tmp.6701 path_group
#################################################################################
# Design Stage: PreRoute
# Design Name: core
# Design Mode: 65nm
# Analysis Mode: MMMC Non-OCV 
# Parasitics Mode: No SPEF/RCDB
# Signoff Settings: SI Off 
#################################################################################
Calculate delays in BcWc mode...
End delay calculation. (MEM=1566.95 CPU=0:00:06.0 REAL=0:00:01.0)
*** CDM Built up (cpu=0:00:07.5  real=0:00:02.0  mem= 1566.9M) ***
**INFO : CPU of IO adjustment for placeDesign : (CPU : 0:00:11.6) (Real : 0:00:07.0) (mem : 1566.9M)
*** Start deleteBufferTree ***
*info: Marking 0 level shifter instances dont touch
*info: Marking 0 always on instances dont touch
Info: Detect buffers to remove automatically.
Analyzing netlist ...
All-RC-Corners-Per-Net-In-Memory is turned ON...
Updating netlist

Cleanup ECO timing graph ...
Cleanup RC data ...
Cleanup routing data ...
*summary: 70 instances (buffers/inverters) removed
*       :      2 instances of type 'INVD6' removed
*       :      1 instance  of type 'INVD4' removed
*       :      4 instances of type 'INVD2' removed
*       :     10 instances of type 'INVD1' removed
*       :      8 instances of type 'INVD0' removed
*       :      2 instances of type 'CKND2' removed
*       :      1 instance  of type 'CKBD8' removed
*       :      1 instance  of type 'CKBD6' removed
*       :      2 instances of type 'CKBD4' removed
*       :      7 instances of type 'CKBD2' removed
*       :      1 instance  of type 'CKBD12' removed
*       :      7 instances of type 'CKBD1' removed
*       :      4 instances of type 'BUFFD8' removed
*       :      1 instance  of type 'BUFFD6' removed
*       :      4 instances of type 'BUFFD3' removed
*       :      7 instances of type 'BUFFD2' removed
*       :      2 instances of type 'BUFFD16' removed
*       :      1 instance  of type 'BUFFD12' removed
*       :      5 instances of type 'BUFFD1' removed
*** Finish deleteBufferTree (0:00:00.9) ***
**INFO: Disable pre-place timing setting for timing analysis
Set Using Default Delay Limit as 1000.
Set Default Net Delay as 1000 ps.
Set Default Net Load as 0.5 pF. 
Deleted 0 physical inst  (cell - / prefix -).
Some Marcos are marked as preplaced.
Options: timingDriven clkGateAware ignoreScan pinGuide congEffort=medium gpeffort=medium 
**WARN: (IMPSP-9042):	Scan chains were not defined, -ignoreScan option will be ignored.
Define the scan chains before using this option.
Type 'man IMPSP-9042' for more detail.
#std cell=47558 (0 fixed + 47558 movable) #block=3 (0 floating + 3 preplaced)
#ioInst=0 #net=50878 #term=176353 #term/net=3.47, #fixedIo=0, #floatIo=0, #fixedPin=273, #floatPin=18
stdCell: 47558 single + 0 double + 0 multi
Total standard cell length = 84.7880 (mm), area = 0.1526 (mm^2)
Average module density = 0.316.
Density for the design = 0.316.
       = stdcell_area 423940 sites (152618 um^2) / alloc_area 1340873 sites (482714 um^2).
Pin Density = 0.09930.
            = total # of pins 176353 / total area 1776000.
Enabling multi-CPU acceleration with 8 CPU(s) for placement
=== lastAutoLevel = 10 
End delay calculation. (MEM=1681.42 CPU=0:00:05.7 REAL=0:00:01.0)
Clock gating cells determined by native netlist tracing.
Iteration  1: Total net bbox = 4.277e+05 (1.64e+05 2.64e+05)
              Est.  stn bbox = 4.674e+05 (1.76e+05 2.92e+05)
              cpu = 0:00:00.8 real = 0:00:01.0 mem = 1737.4M
Iteration  2: Total net bbox = 4.277e+05 (1.64e+05 2.64e+05)
              Est.  stn bbox = 4.674e+05 (1.76e+05 2.92e+05)
              cpu = 0:00:00.0 real = 0:00:00.0 mem = 1737.4M
Iteration  3: Total net bbox = 4.709e+05 (1.95e+05 2.76e+05)
              Est.  stn bbox = 5.648e+05 (2.31e+05 3.34e+05)
              cpu = 0:00:01.8 real = 0:00:01.0 mem = 1737.4M
**WARN: (IMPTS-403):	Delay calculation was forced to extrapolate table data outside of the characterized range. In some cases, extrapolation can reduce the accuracy of the delay calculation. You can enable more detailed reporting of these cases by enabling the command 'setDelayCalMode -reportOutBound true'.
End delay calculation. (MEM=1826.93 CPU=0:00:05.8 REAL=0:00:01.0)
Iteration  4: Total net bbox = 6.821e+05 (3.70e+05 3.13e+05)
              Est.  stn bbox = 8.419e+05 (4.65e+05 3.77e+05)
              cpu = 0:01:41 real = 0:00:45.0 mem = 1963.1M
Iteration  5: Total net bbox = 6.821e+05 (3.70e+05 3.13e+05)
              Est.  stn bbox = 8.419e+05 (4.65e+05 3.77e+05)
              cpu = 0:00:00.0 real = 0:00:00.0 mem = 1963.1M
Iteration  6: Total net bbox = 7.412e+05 (3.68e+05 3.73e+05)
              Est.  stn bbox = 9.279e+05 (4.66e+05 4.62e+05)
              cpu = 0:01:05 real = 0:00:26.0 mem = 1995.1M

Iteration  7: Total net bbox = 8.099e+05 (4.14e+05 3.96e+05)
              Est.  stn bbox = 9.977e+05 (5.13e+05 4.84e+05)
              cpu = 0:00:00.1 real = 0:00:00.0 mem = 1995.1M
Iteration  8: Total net bbox = 8.099e+05 (4.14e+05 3.96e+05)
              Est.  stn bbox = 9.977e+05 (5.13e+05 4.84e+05)
              cpu = 0:00:00.0 real = 0:00:00.0 mem = 1995.1M
Iteration  9: Total net bbox = 9.583e+05 (4.85e+05 4.74e+05)
              Est.  stn bbox = 1.180e+06 (6.03e+05 5.77e+05)
              cpu = 0:01:53 real = 0:00:46.0 mem = 1995.1M
Iteration 10: Total net bbox = 9.583e+05 (4.85e+05 4.74e+05)
              Est.  stn bbox = 1.180e+06 (6.03e+05 5.77e+05)
              cpu = 0:00:00.1 real = 0:00:00.0 mem = 1995.1M
Iteration 11: Total net bbox = 9.588e+05 (4.83e+05 4.75e+05)
              Est.  stn bbox = 1.183e+06 (6.03e+05 5.80e+05)
              cpu = 0:01:15 real = 0:00:32.0 mem = 1995.1M
Iteration 12: Total net bbox = 9.588e+05 (4.83e+05 4.75e+05)
              Est.  stn bbox = 1.183e+06 (6.03e+05 5.80e+05)
              cpu = 0:00:00.1 real = 0:00:00.0 mem = 1995.1M
Iteration 13: Total net bbox = 9.869e+05 (4.93e+05 4.94e+05)
              Est.  stn bbox = 1.216e+06 (6.15e+05 6.01e+05)
              cpu = 0:01:59 real = 0:00:49.0 mem = 1865.4M
Iteration 14: Total net bbox = 9.869e+05 (4.93e+05 4.94e+05)
              Est.  stn bbox = 1.216e+06 (6.15e+05 6.01e+05)
              cpu = 0:00:00.1 real = 0:00:00.0 mem = 1865.4M
Iteration 15: Total net bbox = 9.913e+05 (4.96e+05 4.95e+05)
              Est.  stn bbox = 1.212e+06 (6.13e+05 5.99e+05)
              cpu = 0:01:42 real = 0:00:44.0 mem = 1865.4M
Iteration 16: Total net bbox = 9.913e+05 (4.96e+05 4.95e+05)
              Est.  stn bbox = 1.212e+06 (6.13e+05 5.99e+05)
              cpu = 0:00:00.1 real = 0:00:00.0 mem = 1865.4M
Iteration 17: Total net bbox = 9.913e+05 (4.96e+05 4.95e+05)
              Est.  stn bbox = 1.212e+06 (6.13e+05 5.99e+05)
              cpu = 0:00:00.1 real = 0:00:00.0 mem = 1865.4M
Finished Global Placement (cpu=0:09:39, real=0:04:06, mem=1865.4M)
Info: 0 clock gating cells identified, 0 (on average) moved
*** Starting refinePlace (0:10:23 mem=1230.6M) ***
Total net bbox length = 9.913e+05 (4.958e+05 4.955e+05) (ext = 6.701e+04)
Move report: Detail placement moves 47557 insts, mean move: 0.95 um, max move: 30.79 um
	Max move on inst (sfp_instance/sfp_out_sign0_reg_10_): (374.77, 316.84) --> (377.20, 345.20)
	Runtime: CPU: 0:00:11.0 REAL: 0:00:08.0 MEM: 1265.8MB
Summary Report:
Instances move: 47557 (out of 47558 movable)
Mean displacement: 0.95 um
Max displacement: 30.79 um (Instance: sfp_instance/sfp_out_sign0_reg_10_) (374.772, 316.842) -> (377.2, 345.2)
	Length: 26 sites, height: 1 rows, site name: core, cell type: EDFQD1
Total net bbox length = 9.610e+05 (4.621e+05 4.989e+05) (ext = 6.692e+04)
Runtime: CPU: 0:00:11.0 REAL: 0:00:08.0 MEM: 1265.8MB
*** Finished refinePlace (0:10:34 mem=1265.8M) ***
*** Finished Initial Placement (cpu=0:10:02, real=0:04:18, mem=1265.8M) ***
Starting IO pin assignment...
The design is not routed. Using flight-line based method for pin assignment.
**WARN: (IMPPTN-3034):	Only editPin command should be used with 'setPinAssignMode -pinEditInBatch true' setting. Current command will reset the persistent database. Subsequent editPin command will run slow. To speed up editPin command again, wrap all editPin commands within 'setPinAssignMode -pinEditInBatch true' (then editPin commands) and 'setPinAssignMode -pinEditInBatch false'
Completed IO pin assignment.
[NR-eagl] Detected a user setting of 'getNanoRouteMode -routeTopRoutingLayer 6' which was translated to 'setRouteMode -earlyGlobalMaxRouteLayer 6'.
[NR-eagl] honorMsvRouteConstraint: false
[NR-eagl] honorClockSpecNDR      : 0
[NR-eagl] minRouteLayer          : 2
[NR-eagl] maxRouteLayer          : 6
[NR-eagl] numTracksPerClockWire  : 0
[NR-eagl] Layer1 has no routable track
[NR-eagl] Layer2 has single uniform track structure
[NR-eagl] Layer3 has single uniform track structure
[NR-eagl] Layer4 has single uniform track structure
[NR-eagl] Layer5 has single uniform track structure
[NR-eagl] Layer6 has single uniform track structure
[NR-eagl] numRoutingBlks=0 numInstBlks=612 numPGBlocks=1842 numBumpBlks=0 numBoundaryFakeBlks=0
[NR-eagl] numPreroutedNet = 0  numPreroutedWires = 0
[NR-eagl] Read numTotalNets=50878  numIgnoredNets=0
[NR-eagl] There are 2 clock nets ( 0 with NDR ).
[NR-eagl] ============ Routing rule table ============
[NR-eagl] Rule id 0. Nets 50878 
[NR-eagl] id=0  routeTrackId=0  extraSpace=0  numShields=0  maxHorDemand=1  maxVerDemand=1
[NR-eagl] Pitch:  L1=360  L2=400  L3=400  L4=400  L5=400  L6=400
[NR-eagl] ========================================
[NR-eagl] 
[NR-eagl] Layer group 1: route 50878 net(s) in layer range [2, 6]
[NR-eagl] earlyGlobalRoute overflow of layer group 1: 0.01% H + 0.01% V. EstWL: 1.101622e+06um
[NR-eagl] 
[NR-eagl] Overflow after earlyGlobalRoute (GR compatible) 0.00% H + 0.00% V
[NR-eagl] Overflow after earlyGlobalRoute 0.00% H + 0.01% V
[NR-eagl] Layer1(M1)(F) length: 0.000000e+00um, number of vias: 175465
[NR-eagl] Layer2(M2)(V) length: 3.466109e+05um, number of vias: 243061
[NR-eagl] Layer3(M3)(H) length: 4.296218e+05um, number of vias: 12011
[NR-eagl] Layer4(M4)(V) length: 1.914838e+05um, number of vias: 3378
[NR-eagl] Layer5(M5)(H) length: 1.119006e+05um, number of vias: 842
[NR-eagl] Layer6(M6)(V) length: 4.971644e+04um, number of vias: 0
[NR-eagl] Total length: 1.129334e+06um, number of vias: 434757
[NR-eagl] End Peak syMemory usage = 1284.5 MB
[NR-eagl] Early Global Router Kernel+IO runtime : 2.05 seconds
***** Total cpu  0:10:17
***** Total real time  0:4:28
**placeDesign ... cpu = 0:10:17, real = 0: 4:28, mem = 1268.2M **
-clockNDRAwarePlaceOpt false               # bool, default=false, private
**INFO: setDesignMode -flowEffort standard -> setting 'setOptMode -allEndPoints true' for the duration of this command.
-powerEffort high                          # enums={none low high}, default=none, user setting
-leakageToDynamicRatio 0.5                 # float, default=1, user setting
-setupDynamicPowerViewAsDefaultView false
                                           # bool, default=false, private
No user sequential activity specified, applying default sequential activity of "0.2" for Dynamic Power reporting.
'set_default_switching_activity' finished successfully.
GigaOpt running with 8 threads.
**WARN: (IMPOPT-3564):	The following cells are set dont_use temporarily by the tool because there are no rows defined for their technology site, or they are not placeable in any power domain. To avoid this message, review the floorplan, msv setting, the library setting or set manualy those cells as dont_use.
	Cell FILL1_LL, site bcore.
	Cell FILL_NW_HH, site bcore.
	Cell FILL_NW_LL, site bcore.
	Cell GFILL, site gacore.
	Cell GFILL10, site gacore.
	Cell GFILL2, site gacore.
	Cell GFILL3, site gacore.
	Cell GFILL4, site gacore.
	Cell LVLLHCD1, site bcore.
	Cell LVLLHCD2, site bcore.
	Cell LVLLHCD4, site bcore.
	Cell LVLLHCD8, site bcore.
	Cell LVLLHD1, site bcore.
	Cell LVLLHD2, site bcore.
	Cell LVLLHD4, site bcore.
	Cell LVLLHD8, site bcore.
.
Updating RC grid for preRoute extraction ...
Initializing multi-corner capacitance tables ... 
Initializing multi-corner resistance tables ...
**WARN: (IMPOPT-7136):	timing_socv_statistical_min_max_mode 'statistical' is not supported by Innovus. Setting it to 'mean_and_three_sigma_bounded'.
**optDesign ... cpu = 0:00:00, real = 0:00:00, mem = 1278.3M, totSessionCpu=0:10:38 **
Added -handlePreroute to trialRouteMode
*** optDesign -preCTS ***
DRC Margin: user margin 0.0; extra margin 0.2
Setup Target Slack: user slack 0; extra slack 0.1
Hold Target Slack: user slack 0
**INFO: setOptMode -powerEffort high -> Total Power Opt will be called for all Setup Timing optDesign commands, with leakageToDynamicRatio 0.5.
-powerEffort high                          # enums={none low high}, default=none, user setting
-leakageToDynamicRatio 0.5                 # float, default=1, user setting
-setupDynamicPowerViewAsDefaultView false
                                           # bool, default=false, private
**WARN: (IMPOPT-3195):	Analysis mode has changed.
Type 'man IMPOPT-3195' for more detail.
Start to check current routing status for nets...
All nets are already routed correctly.
End to check current routing status for nets (mem=1278.3M)
Extraction called for design 'core' of instances=47561 and nets=51043 using extraction engine 'preRoute' .
PreRoute RC Extraction called for design core.
RC Extraction called in multi-corner(2) mode.
**WARN: (IMPEXT-3442):	The version of the capacitance table file being used is obsolete and is no longer recommended. For improved accuracy, generate the capacitance table file using the generateCapTbl command.
RCMode: PreRoute
      RC Corner Indexes            0       1   
Capacitance Scaling Factor   : 1.00000 1.00000 
Resistance Scaling Factor    : 1.00000 1.00000 
Clock Cap. Scaling Factor    : 1.00000 1.00000 
Clock Res. Scaling Factor    : 1.00000 1.00000 
Shrink Factor                : 1.00000
PreRoute extraction is honoring NDR/Shielding/ExtraSpace for clock nets.
Using capacitance table file ...
Updating RC grid for preRoute extraction ...
Initializing multi-corner capacitance tables ... 
Initializing multi-corner resistance tables ...
PreRoute RC Extraction DONE (CPU Time: 0:00:00.6  Real Time: 0:00:01.0  MEM: 1278.258M)
** Profile ** Start :  cpu=0:00:00.0, mem=1278.3M
** Profile ** Other data :  cpu=0:00:00.1, mem=1278.3M
#################################################################################
# Design Stage: PreRoute
# Design Name: core
# Design Mode: 65nm
# Analysis Mode: MMMC Non-OCV 
# Parasitics Mode: No SPEF/RCDB
# Signoff Settings: SI Off 
#################################################################################
Calculate delays in BcWc mode...
End delay calculation. (MEM=1924.72 CPU=0:00:07.2 REAL=0:00:02.0)
*** CDM Built up (cpu=0:00:09.6  real=0:00:03.0  mem= 1924.7M) ***
*** Done Building Timing Graph (cpu=0:00:11.0 real=0:00:03.0 totSessionCpu=0:10:50 mem=1924.7M)
** Profile ** Overall slacks :  cpu=0:00:11.1, mem=1924.7M
** Profile ** DRVs :  cpu=0:00:00.9, mem=1924.7M

------------------------------------------------------------
             Initial Summary                             
------------------------------------------------------------

Setup views included:
 WC_VIEW 

+--------------------+---------+
|     Setup mode     |   all   |
+--------------------+---------+
|           WNS (ns):| -28.008 |
|           TNS (ns):|-44885.2 |
|    Violating Paths:|  4165   |
|          All Paths:|  8401   |
+--------------------+---------+

+----------------+-------------------------------+------------------+
|                |              Real             |       Total      |
|    DRVs        +------------------+------------+------------------|
|                |  Nr nets(terms)  | Worst Vio  |  Nr nets(terms)  |
+----------------+------------------+------------+------------------+
|   max_cap      |   1088 (1088)    |   -3.386   |   1088 (1088)    |
|   max_tran     |   1176 (19102)   |  -55.526   |   1176 (19162)   |
|   max_fanout   |      0 (0)       |     0      |      0 (0)       |
|   max_length   |      0 (0)       |     0      |      0 (0)       |
+----------------+------------------+------------+------------------+

Density: 31.313%
------------------------------------------------------------
** Profile ** Report data :  cpu=0:00:00.0, mem=1924.7M
**optDesign ... cpu = 0:00:13, real = 0:00:05, mem = 1479.7M, totSessionCpu=0:10:51 **
** INFO : this run is activating medium effort placeOptDesign flow
*** Starting optimizing excluded clock nets MEM= 1479.7M) ***
*info: No excluded clock nets to be optimized.
*** Finished optimizing excluded clock nets (CPU Time= 0:00:00.0  MEM= 1479.7M) ***

**WARN: (IMPOPT-3663):	Power view is not set. First setup analysis view (WC_VIEW) will be treated as power view and VT partitioning will be done on basis of leakage specified in this view. If this is incorrect, specify correct power view via command "set_power_analysis_mode -analysis_view <view_name>".

Type 'man IMPOPT-3663' for more detail.

Power view               = WC_VIEW
Number of VT partitions  = 2
Standard cells in design = 811
Instances in design      = 47561

Instance distribution across the VT partitions:

 LVT : inst = 1921 (4.0%), cells = 335 (41%)
   Lib tcbn65gpluswc        : inst = 1921 (4.0%)

 HVT : inst = 45635 (96.0%), cells = 457 (56%)
   Lib tcbn65gpluswc        : inst = 45635 (96.0%)

Reporting took 0 sec
**INFO: Num dontuse cells 99, Num usable cells 779
optDesignOneStep: Leakage Power Flow
**INFO: Num dontuse cells 99, Num usable cells 779
Info: 2 clock nets excluded from IPO operation.
Design State:
    #signal nets       :  50884
    #routed signal nets:  0
    #clock nets        :  0
    #routed clock nets :  0
OptMgr: Begin leakage power optimization
OptMgr: Number of active setup views: 1

Power Net Detected:
    Voltage	    Name
    0.00V	    VSS
    0.90V	    VDD

Begin Power Analysis

    0.00V	    VSS
    0.90V	    VDD

Begin Processing Timing Library for Power Calculation

Begin Processing Timing Library for Power Calculation



Begin Processing Power Net/Grid for Power Calculation

Ended Processing Power Net/Grid for Power Calculation: (cpu=0:00:00, real=0:00:00, mem(process/total)=1152.96MB/1152.96MB)

Begin Processing Timing Window Data for Power Calculation

clk_o(285.714MHz) CK: assigning clock clk_o to net clk_o
clk(285.714MHz) CK: assigning clock clk to net clk
Ended Processing Timing Window Data for Power Calculation: (cpu=0:00:00, real=0:00:00, mem(process/total)=1153.39MB/1153.39MB)

Begin Processing User Attributes

Ended Processing User Attributes: (cpu=0:00:00, real=0:00:00, mem(process/total)=1153.42MB/1153.42MB)

Begin Processing Signal Activity


Starting Levelizing
2025-Mar-22 18:28:42 (2025-Mar-23 01:28:42 GMT)
2025-Mar-22 18:28:42 (2025-Mar-23 01:28:42 GMT): 10%
2025-Mar-22 18:28:42 (2025-Mar-23 01:28:42 GMT): 20%
2025-Mar-22 18:28:42 (2025-Mar-23 01:28:42 GMT): 30%
2025-Mar-22 18:28:42 (2025-Mar-23 01:28:42 GMT): 40%
2025-Mar-22 18:28:42 (2025-Mar-23 01:28:42 GMT): 50%
2025-Mar-22 18:28:42 (2025-Mar-23 01:28:42 GMT): 60%
2025-Mar-22 18:28:43 (2025-Mar-23 01:28:43 GMT): 70%
2025-Mar-22 18:28:43 (2025-Mar-23 01:28:43 GMT): 80%
2025-Mar-22 18:28:43 (2025-Mar-23 01:28:43 GMT): 90%

Finished Levelizing
2025-Mar-22 18:28:43 (2025-Mar-23 01:28:43 GMT)

Starting Activity Propagation
2025-Mar-22 18:28:43 (2025-Mar-23 01:28:43 GMT)
** INFO:  (VOLTUS_POWR-1356): No default input activity has been set. Defaulting to 0.2.
Use 'set_default_switching_activity -input_activity' command to change the default activity value.

2025-Mar-22 18:28:43 (2025-Mar-23 01:28:43 GMT): 10%
2025-Mar-22 18:28:43 (2025-Mar-23 01:28:43 GMT): 20%
2025-Mar-22 18:28:43 (2025-Mar-23 01:28:43 GMT): 30%

Finished Activity Propagation
2025-Mar-22 18:28:44 (2025-Mar-23 01:28:44 GMT)
Ended Processing Signal Activity: (cpu=0:00:01, real=0:00:01, mem(process/total)=1155.49MB/1155.49MB)

Begin Power Computation

      ----------------------------------------------------------
      # of cell(s) missing both power/leakage table: 0
      # of cell(s) missing power table: 4
      # of cell(s) missing leakage table: 2
      # of MSMV cell(s) missing power_level: 0
      ----------------------------------------------------------
CellName                                  Missing Table(s)
TIEH                                      internal power, 
TIEL                                      internal power, 
sram_w16_in                               internal power, leakge power, 
sram_w16_out                              internal power, leakge power, 



Starting Calculating power
2025-Mar-22 18:28:44 (2025-Mar-23 01:28:44 GMT)
2025-Mar-22 18:28:45 (2025-Mar-23 01:28:45 GMT): 10%
2025-Mar-22 18:28:45 (2025-Mar-23 01:28:45 GMT): 20%
2025-Mar-22 18:28:45 (2025-Mar-23 01:28:45 GMT): 30%
2025-Mar-22 18:28:45 (2025-Mar-23 01:28:45 GMT): 40%
2025-Mar-22 18:28:45 (2025-Mar-23 01:28:45 GMT): 50%
2025-Mar-22 18:28:45 (2025-Mar-23 01:28:45 GMT): 60%
2025-Mar-22 18:28:45 (2025-Mar-23 01:28:45 GMT): 70%
2025-Mar-22 18:28:45 (2025-Mar-23 01:28:45 GMT): 80%
2025-Mar-22 18:28:45 (2025-Mar-23 01:28:45 GMT): 90%

Finished Calculating power
2025-Mar-22 18:28:45 (2025-Mar-23 01:28:45 GMT)
Ended Power Computation: (cpu=0:00:01, real=0:00:00, mem(process/total)=1199.55MB/1199.55MB)

Begin Processing User Attributes

Ended Processing User Attributes: (cpu=0:00:00, real=0:00:00, mem(process/total)=1199.55MB/1199.55MB)

Ended Power Analysis: (cpu=0:00:03, real=0:00:03, mem(process/total)=1199.58MB/1199.58MB)

Begin Static Power Report Generation
*----------------------------------------------------------------------------------------
*	Innovus 15.23-s045_1 (64bit) 04/22/2016 12:32 (Linux 2.6.18-194.el5)
*	
*
* 	Date & Time:	2025-Mar-22 18:28:45 (2025-Mar-23 01:28:45 GMT)
*
*----------------------------------------------------------------------------------------
*
*	Design: core
*
*	Liberty Libraries used:
*	        WC_VIEW: /home/linux/ieng6/ee260bwi25/public/PDKdata/lib/tcbn65gpluswc.lib
*	        WC_VIEW: ./subckt/sram_w16_in_WC.lib
*	        WC_VIEW: ./subckt/sram_w16_out_WC.lib
*
*	Power Domain used:
*		Rail:        VDD 	Voltage:        0.9
*
*       Power View : WC_VIEW
*
*       User-Defined Activity : N.A.
*
*       Activity File: N.A.
*
*       Hierarchical Global Activity: N.A.
*
*       Global Activity: N.A.
*
*       Sequential Element Activity: 0.200000
*
*       Primary Input Activity: 0.200000
*
*       Default icg ratio: N.A.
*
*       Global Comb ClockGate Ratio: N.A.
*
*	Power Units = 1mW
*
*	Time Units = 1e-09 secs
*
*       report_power -leakage
*
-----------------------------------------------------------------------------------------
  3 instances have no static power
** WARN:  (VOLTUS_POWR-2152): Instance qmem_instance (sram_w16_in) has no static power. 

** WARN:  (VOLTUS_POWR-2152): Instance kmem_instance (sram_w16_in) has no static power. 

** WARN:  (VOLTUS_POWR-2152): Instance psum_mem_instance (sram_w16_out) has no static power. 



Total Power
-----------------------------------------------------------------------------------------
Total Leakage Power:         1.04045890
-----------------------------------------------------------------------------------------


Group                           Leakage       Percentage 
                                Power         (%)        
-----------------------------------------------------------------------------------------
Sequential                        0.3457       33.22
Macro                                  0           0
IO                             1.457e-06     0.00014
Combinational                     0.6948       66.78
Clock (Combinational)                  0           0
Clock (Sequential)                     0           0
-----------------------------------------------------------------------------------------
Total                               1.04         100
-----------------------------------------------------------------------------------------


Rail                  Voltage   Leakage       Percentage 
                                Power         (%)        
-----------------------------------------------------------------------------------------
VDD                       0.9       1.04         100
 
 
-----------------------------------------------------------------------------------------
*	Power Distribution Summary: 
* 		Highest Average Power: mac_array_instance/col_idx_8__mac_col_inst/mac_16in_instance/DP_OP_38J4_122_4029_U99 (CMPE42D1): 	 0.0002456
* 		Highest Leakage Power: mac_array_instance/col_idx_8__mac_col_inst/mac_16in_instance/DP_OP_38J4_122_4029_U99 (CMPE42D1): 	 0.0002456
* 		Total Cap: 	3.06772e-10 F
* 		Total instances in design: 47561
* 		Total instances in design with no power:     3
*                Total instances in design with no activty:     0

* 		Total Fillers and Decap:     0
-----------------------------------------------------------------------------------------
 
Total leakage power = 1.04046 mW
Cell usage statistics:  
Library tcbn65gpluswc , 47558 cells ( 100.000000%) , 1.04046 mW ( 100.000000% ) 
Ended Static Power Report Generation: (cpu=0:00:01, real=0:00:00,
mem(process/total)=1201.95MB/1201.95MB)

OptMgr: Optimization mode is pre-route
OptMgr: current WNS: -28.108 ns
OptMgr: Using aggressive mode for Force Mode

Design leakage power (state independent) = 1.023 mW
Resizable instances =  47555 (100.0%), leakage = 1.023 mW (100.0%)
Leakage power distribution among resizable instances:
 Total LVT =   1921 ( 4.0%), lkg = 0.033 mW ( 3.2%)
   -ve slk =   1914 ( 4.0%), lkg = 0.033 mW ( 3.2%)
 Total MVT =      0 ( 0.0%), lkg = 0.000 mW ( 0.0%)
   -ve slk =      0 ( 0.0%), lkg = 0.000 mW ( 0.0%)
 Total HVT =  45634 (95.9%), lkg = 0.990 mW (96.8%)
   -ve slk =  36696 (77.2%), lkg = 0.848 mW (82.9%)

OptMgr: Begin forced downsizing
OptMgr: 3031 instances resized in force mode
OptMgr: Updating timing
OptMgr: Design WNS: -36.365 ns
OptMgr: 988 (33%) instances reverted to original cell
OptMgr: Updating timing
OptMgr: Design WNS: -36.365 ns

Design leakage power (state independent) = 1.008 mW
Resizable instances =  47555 (100.0%), leakage = 1.008 mW (100.0%)
Leakage power distribution among resizable instances:
 Total LVT =    580 ( 1.2%), lkg = 0.013 mW ( 1.2%)
   -ve slk =    574 ( 1.2%), lkg = 0.012 mW ( 1.2%)
 Total MVT =      0 ( 0.0%), lkg = 0.000 mW ( 0.0%)
   -ve slk =      0 ( 0.0%), lkg = 0.000 mW ( 0.0%)
 Total HVT =  46975 (98.8%), lkg = 0.996 mW (98.8%)
   -ve slk =  38127 (80.2%), lkg = 0.856 mW (84.9%)


Summary: cell sizing

 2043 instances changed cell type

                       UpSize    DownSize   SameSize   Total
                       ------    --------   --------   -----
    Sequential            0          0          0          0
 Combinational            0          0       2043       2043

   13 instances changed cell type from        AN2D0   to    CKAN2D0
   18 instances changed cell type from        AN2D1   to    CKAN2D0
   15 instances changed cell type from       AN2XD1   to    CKAN2D0
    1 instances changed cell type from       AN2XD1   to    CKAN2D1
    4 instances changed cell type from        AN3D1   to      AN3D0
    4 instances changed cell type from       AN3XD1   to      AN3D0
    5 instances changed cell type from      AO211D1   to    AO211D0
   36 instances changed cell type from       AO21D1   to     AO21D0
    3 instances changed cell type from     AOI211D1   to   AOI211D0
    1 instances changed cell type from    AOI211XD0   to   AOI211D0
  237 instances changed cell type from      AOI21D1   to    AOI21D0
  130 instances changed cell type from      AOI22D1   to    AOI22D0
   15 instances changed cell type from      AOI31D1   to    AOI31D0
   14 instances changed cell type from      CKAN2D1   to    CKAN2D0
   22 instances changed cell type from     CKMUX2D1   to   CKMUX2D0
  117 instances changed cell type from      CKND2D1   to    CKND2D0
    7 instances changed cell type from      CKND2D1   to      ND2D0
    4 instances changed cell type from     CKXOR2D1   to   CKXOR2D0
   33 instances changed cell type from     CKXOR2D1   to     XOR2D0
    4 instances changed cell type from      IAO21D1   to    IAO21D0
   15 instances changed cell type from       IND2D1   to     IND2D0
   22 instances changed cell type from       INR2D1   to     INR2D0
    6 instances changed cell type from      INR2XD0   to     INR2D0
  181 instances changed cell type from        INVD1   to      CKND0
    2 instances changed cell type from        INVD1   to      INVD0
    7 instances changed cell type from      IOA21D1   to    IOA21D0
    3 instances changed cell type from     MAOI22D1   to   MAOI22D0
    7 instances changed cell type from     MOAI22D1   to   MOAI22D0
   85 instances changed cell type from        ND2D0   to    CKND2D0
  173 instances changed cell type from        ND2D1   to    CKND2D0
    8 instances changed cell type from        ND2D1   to    CKND2D1
    6 instances changed cell type from        ND2D1   to      ND2D0
   17 instances changed cell type from        ND2D2   to    CKND2D2
    1 instances changed cell type from        ND2D4   to    CKND2D4
   24 instances changed cell type from        ND3D1   to      ND3D0
    3 instances changed cell type from        ND4D1   to      ND4D0
  155 instances changed cell type from        NR2D1   to      NR2D0
   13 instances changed cell type from        NR2D1   to     NR2XD0
   14 instances changed cell type from        NR2D2   to     NR2XD1
  241 instances changed cell type from       NR2XD0   to      NR2D0
   30 instances changed cell type from       OA21D1   to     OA21D0
   33 instances changed cell type from     OAI211D1   to   OAI211D0
  216 instances changed cell type from      OAI21D1   to    OAI21D0
   44 instances changed cell type from      OAI22D1   to    OAI22D0
    1 instances changed cell type from      OAI31D1   to    OAI31D0
   17 instances changed cell type from        OR2D1   to      OR2D0
    2 instances changed cell type from       OR2XD1   to      OR2D0
    7 instances changed cell type from        OR3D1   to      OR3D0
   24 instances changed cell type from       XNR2D1   to     XNR2D0
    3 instances changed cell type from       XNR3D1   to     XNR3D0
  checkSum: 2043



Begin Power Analysis

    0.00V	    VSS
    0.90V	    VDD

Begin Processing Timing Library for Power Calculation

Begin Processing Timing Library for Power Calculation



Begin Processing Power Net/Grid for Power Calculation

Ended Processing Power Net/Grid for Power Calculation: (cpu=0:00:00, real=0:00:00, mem(process/total)=1262.47MB/1262.47MB)

Begin Processing Timing Window Data for Power Calculation

CK: assigning clock clk_o to net clk_o
CK: assigning clock clk to net clk
Ended Processing Timing Window Data for Power Calculation: (cpu=0:00:00, real=0:00:00, mem(process/total)=1262.47MB/1262.47MB)

Begin Processing User Attributes

Ended Processing User Attributes: (cpu=0:00:00, real=0:00:00, mem(process/total)=1262.47MB/1262.47MB)

Begin Processing Signal Activity


Starting Levelizing
2025-Mar-22 18:28:52 (2025-Mar-23 01:28:52 GMT)
2025-Mar-22 18:28:52 (2025-Mar-23 01:28:52 GMT): 10%
2025-Mar-22 18:28:52 (2025-Mar-23 01:28:52 GMT): 20%
2025-Mar-22 18:28:52 (2025-Mar-23 01:28:52 GMT): 30%
2025-Mar-22 18:28:52 (2025-Mar-23 01:28:52 GMT): 40%
2025-Mar-22 18:28:52 (2025-Mar-23 01:28:52 GMT): 50%
2025-Mar-22 18:28:52 (2025-Mar-23 01:28:52 GMT): 60%
2025-Mar-22 18:28:52 (2025-Mar-23 01:28:52 GMT): 70%
2025-Mar-22 18:28:52 (2025-Mar-23 01:28:52 GMT): 80%
2025-Mar-22 18:28:52 (2025-Mar-23 01:28:52 GMT): 90%

Finished Levelizing
2025-Mar-22 18:28:53 (2025-Mar-23 01:28:53 GMT)

Starting Activity Propagation
2025-Mar-22 18:28:53 (2025-Mar-23 01:28:53 GMT)
2025-Mar-22 18:28:53 (2025-Mar-23 01:28:53 GMT): 10%
2025-Mar-22 18:28:53 (2025-Mar-23 01:28:53 GMT): 20%

Finished Activity Propagation
2025-Mar-22 18:28:54 (2025-Mar-23 01:28:54 GMT)
Ended Processing Signal Activity: (cpu=0:00:02, real=0:00:02, mem(process/total)=1262.50MB/1262.50MB)

Begin Power Computation

      ----------------------------------------------------------
      # of cell(s) missing both power/leakage table: 0
      # of cell(s) missing power table: 4
      # of cell(s) missing leakage table: 2
      # of MSMV cell(s) missing power_level: 0
      ----------------------------------------------------------
CellName                                  Missing Table(s)
TIEH                                      internal power, 
TIEL                                      internal power, 
sram_w16_in                               internal power, leakge power, 
sram_w16_out                              internal power, leakge power, 



Starting Calculating power
2025-Mar-22 18:28:54 (2025-Mar-23 01:28:54 GMT)
2025-Mar-22 18:28:55 (2025-Mar-23 01:28:55 GMT): 10%
2025-Mar-22 18:28:55 (2025-Mar-23 01:28:55 GMT): 20%
2025-Mar-22 18:28:55 (2025-Mar-23 01:28:55 GMT): 30%
2025-Mar-22 18:28:55 (2025-Mar-23 01:28:55 GMT): 40%
2025-Mar-22 18:28:55 (2025-Mar-23 01:28:55 GMT): 50%
2025-Mar-22 18:28:55 (2025-Mar-23 01:28:55 GMT): 60%
2025-Mar-22 18:28:55 (2025-Mar-23 01:28:55 GMT): 70%
2025-Mar-22 18:28:55 (2025-Mar-23 01:28:55 GMT): 80%
2025-Mar-22 18:28:55 (2025-Mar-23 01:28:55 GMT): 90%

Finished Calculating power
2025-Mar-22 18:28:55 (2025-Mar-23 01:28:55 GMT)
Ended Power Computation: (cpu=0:00:01, real=0:00:00, mem(process/total)=1268.38MB/1268.38MB)

Begin Processing User Attributes

Ended Processing User Attributes: (cpu=0:00:00, real=0:00:00, mem(process/total)=1268.38MB/1268.38MB)

Ended Power Analysis: (cpu=0:00:04, real=0:00:03, mem(process/total)=1268.38MB/1268.38MB)

Begin Static Power Report Generation
*----------------------------------------------------------------------------------------
*	Innovus 15.23-s045_1 (64bit) 04/22/2016 12:32 (Linux 2.6.18-194.el5)
*	
*
* 	Date & Time:	2025-Mar-22 18:28:55 (2025-Mar-23 01:28:55 GMT)
*
*----------------------------------------------------------------------------------------
*
*	Design: core
*
*	Liberty Libraries used:
*	        WC_VIEW: /home/linux/ieng6/ee260bwi25/public/PDKdata/lib/tcbn65gpluswc.lib
*	        WC_VIEW: ./subckt/sram_w16_in_WC.lib
*	        WC_VIEW: ./subckt/sram_w16_out_WC.lib
*
*	Power Domain used:
*		Rail:        VDD 	Voltage:        0.9
*
*       Power View : WC_VIEW
*
*       User-Defined Activity : N.A.
*
*       Activity File: N.A.
*
*       Hierarchical Global Activity: N.A.
*
*       Global Activity: N.A.
*
*       Sequential Element Activity: 0.200000
*
*       Primary Input Activity: 0.200000
*
*       Default icg ratio: N.A.
*
*       Global Comb ClockGate Ratio: N.A.
*
*	Power Units = 1mW
*
*	Time Units = 1e-09 secs
*
*       report_power -leakage
*
-----------------------------------------------------------------------------------------
  3 instances have no static power
** WARN:  (VOLTUS_POWR-2152): Instance qmem_instance (sram_w16_in) has no static power. 

** WARN:  (VOLTUS_POWR-2152): Instance kmem_instance (sram_w16_in) has no static power. 

** WARN:  (VOLTUS_POWR-2152): Instance psum_mem_instance (sram_w16_out) has no static power. 



Total Power
-----------------------------------------------------------------------------------------
Total Leakage Power:         1.02457941
-----------------------------------------------------------------------------------------


Group                           Leakage       Percentage 
                                Power         (%)        
-----------------------------------------------------------------------------------------
Sequential                        0.3457       33.74
Macro                                  0           0
IO                             1.457e-06   0.0001422
Combinational                     0.6789       66.26
Clock (Combinational)                  0           0
Clock (Sequential)                     0           0
-----------------------------------------------------------------------------------------
Total                              1.025         100
-----------------------------------------------------------------------------------------


Rail                  Voltage   Leakage       Percentage 
                                Power         (%)        
-----------------------------------------------------------------------------------------
VDD                       0.9      1.025         100
 
 
-----------------------------------------------------------------------------------------
*	Power Distribution Summary: 
* 		Highest Average Power: mac_array_instance/col_idx_8__mac_col_inst/mac_16in_instance/DP_OP_38J4_122_4029_U99 (CMPE42D1): 	 0.0002456
* 		Highest Leakage Power: mac_array_instance/col_idx_8__mac_col_inst/mac_16in_instance/DP_OP_38J4_122_4029_U99 (CMPE42D1): 	 0.0002456
* 		Total Cap: 	3.05087e-10 F
* 		Total instances in design: 47561
* 		Total instances in design with no power:     3
*                Total instances in design with no activty:     0

* 		Total Fillers and Decap:     0
-----------------------------------------------------------------------------------------
 
Total leakage power = 1.02458 mW
Cell usage statistics:  
Library tcbn65gpluswc , 47558 cells ( 100.000000%) , 1.02458 mW ( 100.000000% ) 
Ended Static Power Report Generation: (cpu=0:00:00, real=0:00:00,
mem(process/total)=1268.62MB/1268.62MB)

OptMgr: Leakage power optimization took: 25 seconds
OptMgr: End leakage power optimization
The useful skew maximum allowed delay is: 0.3
**INFO: Num dontuse cells 99, Num usable cells 779
optDesignOneStep: Leakage Power Flow
**INFO: Num dontuse cells 99, Num usable cells 779
Info: 2 clock nets excluded from IPO operation.
*info: There are 18 candidate Buffer cells
*info: There are 18 candidate Inverter cells

Netlist preparation processing... 

Constant propagation run...
CPU of constant propagation run : 0:00:00.1 (mem :1713.6M)

Dangling output instance removal run...
CPU of dangling output instance removal run : 0:00:00.0 (mem :1713.6M)

Dont care observability instance removal run...
CPU of dont care observability instance removal run : 0:00:00.0 (mem :1713.6M)

Removed instances... 

Replaced instances... 

Removed 0 instance
	CPU for removing db instances : 0:00:00.0 (mem :1713.6M)
	CPU for removing timing graph nodes : 0:00:00.0 (mem :1713.6M)
CPU of: netlist preparation :0:00:00.1 (mem :1713.6M)

Mark undriven nets with IPOIgnored run...
CPU of marking undriven nets with IPOIgnored run : 0:00:00.0 (mem :1713.6M)
*info: Marking 0 isolation instances dont touch
*info: Marking 0 level shifter instances dont touch

Completed downsize cell map
Forced downsizing resized 29 out of 47558 instances
     #inst not ok to resize: 3
     #inst with no smaller cells: 46366
**INFO: Num dontuse cells 99, Num usable cells 779
optDesignOneStep: Leakage Power Flow
**INFO: Num dontuse cells 99, Num usable cells 779
Info: 2 clock nets excluded from IPO operation.
Begin: Area Reclaim Optimization
Reclaim Optimization WNS Slack -36.265  TNS Slack -59865.502 Density 31.31
+----------+---------+--------+----------+------------+--------+
| Density  | Commits |  WNS   |   TNS    |    Real    |  Mem   |
+----------+---------+--------+----------+------------+--------+
|    31.31%|        -| -36.265|-59865.502|   0:00:00.0| 2374.3M|
|    31.31%|        0| -36.265|-59865.504|   0:00:01.0| 2388.1M|
|    31.31%|        0| -36.265|-59865.504|   0:00:00.0| 2388.1M|
|    31.30%|       35| -36.265|-59859.008|   0:00:01.0| 2391.1M|
|    31.30%|        0| -36.265|-59859.008|   0:00:01.0| 2393.1M|
+----------+---------+--------+----------+------------+--------+
Reclaim Optimization End WNS Slack -36.265  TNS Slack -59859.008 Density 31.30
** Finished Core Area Reclaim Optimization (cpu = 0:00:13.2) (real = 0:00:05.0) **
Executing incremental physical updates
Executing incremental physical updates
*** Finished Area Reclaim Optimization (cpu=0:00:13, real=0:00:05, mem=1667.38M, totSessionCpu=0:11:36).
Leakage Power Opt: re-selecting buf/inv list 
**INFO: Num dontuse cells 99, Num usable cells 779
optDesignOneStep: Leakage Power Flow
**INFO: Num dontuse cells 99, Num usable cells 779
Begin: GigaOpt high fanout net optimization
Info: 2 clock nets excluded from IPO operation.
+----------+---------+--------+----------+------------+--------+
| Density  | Commits |  WNS   |   TNS    |    Real    |  Mem   |
+----------+---------+--------+----------+------------+--------+
|    31.30%|        -| -36.265|-59859.008|   0:00:00.0| 2359.9M|
|    31.31%|       27| -18.669|-15941.849|   0:00:00.0| 2399.9M|
+----------+---------+--------+----------+------------+--------+

*** Finish pre-CTS High Fanout Net Fixing (cpu=0:00:00.4 real=0:00:00.0 mem=2399.9M) ***
End: GigaOpt high fanout net optimization
Begin: GigaOpt DRV Optimization
GigaOpt DRV : Use maxLocalDensity 3.0 (from dbgIPOMaxLocalDensity=0.980000, optModeMaxLocDen=0.98)
Info: 2 clock nets excluded from IPO operation.
+--------------------------------------------------------------------------------------------------------------------------------------------------------------+
|      max-tran     |      max-cap      |     max-fanout    |     max-length    |       |           |           |           |         |            |           |
+--------------------------------------------------------------------------------------------------------------------------------------------------------------+
|  nets   |  terms  |  nets   |  terms  |  nets   |  terms  |  nets   |  terms  |  WNS  |  #Buffer  | #Inverter |  #Resize  | Density |    Real    |    Mem    |
+--------------------------------------------------------------------------------------------------------------------------------------------------------------+
|  1741   | 25187   |  1618   |   1618  |     0   |     0   |     0   |     0   | -18.67 |          0|          0|          0|  31.31  |            |           |
|    68   |  1157   |    15   |     15  |     0   |     0   |     0   |     0   | -9.67 |        458|          0|       1515|  31.66  |   0:00:06.0|    2422.5M|
|     3   |     9   |     0   |      0  |     0   |     0   |     0   |     0   | -9.61 |         15|          0|         47|  31.67  |   0:00:00.0|    2422.5M|
+--------------------------------------------------------------------------------------------------------------------------------------------------------------+

*** Finish DRV Fixing (cpu=0:00:25.8 real=0:00:07.0 mem=2422.5M) ***

End: GigaOpt DRV Optimization
GigaOpt DRV: restore maxLocalDensity to 0.98
Leakage Power Opt: resetting the buf/inv selection
**optDesign ... cpu = 0:01:35, real = 0:00:47, mem = 1697.3M, totSessionCpu=0:12:13 **
Leakage Power Opt: re-selecting buf/inv list 
**INFO: Num dontuse cells 99, Num usable cells 779
optDesignOneStep: Leakage Power Flow
**INFO: Num dontuse cells 99, Num usable cells 779
Begin: GigaOpt Global Optimization
*info: use new DP (enabled)
Info: 2 clock nets excluded from IPO operation.
*info: 2 clock nets excluded
*info: 2 special nets excluded.
*info: 159 no-driver nets excluded.
** GigaOpt Global Opt WNS Slack -9.615  TNS Slack -6793.835 
+--------+---------+----------+------------+--------+----------+---------+----------------------------------------------------+
|  WNS   |   TNS   | Density  |    Real    |  Mem   |Worst View|Pathgroup|                     End Point                      |
+--------+---------+----------+------------+--------+----------+---------+----------------------------------------------------+
|  -9.615|-6793.835|    31.67%|   0:00:00.0| 2451.0M|   WC_VIEW|  default| sfp_instance/R_8197/D                              |
|  -9.276|-5958.943|    31.88%|   0:00:12.0| 2693.7M|   WC_VIEW|  default| sfp_instance/R_8197/D                              |
|  -8.814|-5426.242|    32.08%|   0:00:05.0| 2693.7M|   WC_VIEW|  default| sfp_instance/R_8514/D                              |
|  -8.814|-5426.242|    32.08%|   0:00:01.0| 2693.7M|   WC_VIEW|  default| sfp_instance/R_8514/D                              |
|  -5.563|-3172.193|    32.28%|   0:00:15.0| 2693.7M|   WC_VIEW|  default| sfp_instance/R_6815/D                              |
|  -5.451|-3151.624|    32.32%|   0:00:06.0| 2712.8M|   WC_VIEW|  default| sfp_instance/R_6815/D                              |
|  -5.422|-3065.357|    32.43%|   0:00:03.0| 2712.8M|   WC_VIEW|  default| sfp_instance/R_6815/D                              |
|  -5.422|-3065.357|    32.43%|   0:00:01.0| 2712.8M|   WC_VIEW|  default| sfp_instance/R_6815/D                              |
|  -4.381|-2481.469|    32.67%|   0:00:07.0| 2712.8M|   WC_VIEW|  default| sfp_instance/R_6815/D                              |
|  -4.396|-2470.618|    32.68%|   0:00:06.0| 2732.0M|   WC_VIEW|  default| sfp_instance/R_6815/D                              |
|  -4.380|-2407.875|    32.75%|   0:00:02.0| 2732.0M|   WC_VIEW|  default| sfp_instance/R_6815/D                              |
|  -4.380|-2407.875|    32.75%|   0:00:01.0| 2732.0M|   WC_VIEW|  default| sfp_instance/R_6815/D                              |
|  -4.047|-2215.880|    32.92%|   0:00:05.0| 2732.0M|   WC_VIEW|  default| sfp_instance/R_7892/D                              |
|  -4.045|-2237.963|    32.91%|   0:00:05.0| 2770.2M|   WC_VIEW|  default| sfp_instance/R_7892/D                              |
|  -4.034|-2224.750|    32.99%|   0:00:02.0| 2770.2M|   WC_VIEW|  default| sfp_instance/R_7892/D                              |
|  -4.034|-2224.750|    32.99%|   0:00:01.0| 2770.2M|   WC_VIEW|  default| sfp_instance/R_7892/D                              |
|  -3.764|-2110.610|    33.09%|   0:00:03.0| 2770.2M|   WC_VIEW|  default| sfp_instance/R_6815/D                              |
+--------+---------+----------+------------+--------+----------+---------+----------------------------------------------------+

*** Finish pre-CTS Global Setup Fixing (cpu=0:04:22 real=0:01:15 mem=2770.2M) ***

*** Finish pre-CTS Setup Fixing (cpu=0:04:22 real=0:01:15 mem=2770.2M) ***
** GigaOpt Global Opt End WNS Slack -3.764  TNS Slack -2110.610 
End: GigaOpt Global Optimization
Leakage Power Opt: resetting the buf/inv selection

Active setup views:
 WC_VIEW
  Dominating endpoints: 0
  Dominating TNS: -0.000

*** Timing NOT met, worst failing slack is -3.764
*** Check timing (0:00:00.1)
**INFO: Num dontuse cells 99, Num usable cells 779
optDesignOneStep: Leakage Power Flow
**INFO: Num dontuse cells 99, Num usable cells 779
Info: 2 clock nets excluded from IPO operation.
Begin: Area Reclaim Optimization
Reclaim Optimization WNS Slack -3.764  TNS Slack -2110.610 Density 33.09
+----------+---------+--------+---------+------------+--------+
| Density  | Commits |  WNS   |   TNS   |    Real    |  Mem   |
+----------+---------+--------+---------+------------+--------+
|    33.09%|        -|  -3.764|-2110.610|   0:00:00.0| 2638.1M|
|    33.09%|       30|  -3.764|-2108.719|   0:00:04.0| 2642.1M|
|    33.09%|        3|  -3.764|-2108.314|   0:00:01.0| 2642.1M|
|    33.09%|        1|  -3.764|-2107.805|   0:00:00.0| 2642.1M|
|    33.09%|        1|  -3.764|-2107.805|   0:00:00.0| 2642.1M|
|    33.09%|        0|  -3.764|-2107.805|   0:00:01.0| 2642.1M|
|    32.99%|      233|  -3.764|-2128.567|   0:00:01.0| 2642.1M|
|    32.80%|     1334|  -3.744|-2117.069|   0:00:09.0| 2642.1M|
|    32.80%|       33|  -3.744|-2117.099|   0:00:01.0| 2642.1M|
|    32.80%|        1|  -3.744|-2117.099|   0:00:00.0| 2642.1M|
|    32.80%|        0|  -3.744|-2117.099|   0:00:00.0| 2642.1M|
+----------+---------+--------+---------+------------+--------+
Reclaim Optimization End WNS Slack -3.744  TNS Slack -2117.099 Density 32.80
** Finished Core Area Reclaim Optimization (cpu = 0:00:44.9) (real = 0:00:18.0) **
Executing incremental physical updates
Executing incremental physical updates
*** Finished Area Reclaim Optimization (cpu=0:00:45, real=0:00:18, mem=1919.01M, totSessionCpu=0:17:32).
setup target slack: 0.1
extra slack: 0.1
std delay: 0.0142
real setup target slack: 0.0142
[NR-eagl] Detected a user setting of 'getNanoRouteMode -routeTopRoutingLayer 6' which was translated to 'setRouteMode -earlyGlobalMaxRouteLayer 6'.
[NR-eagl] Detected a user setting of 'getTrialRouteMode -handlePreroute true' which was ignored.
[NR-eagl] Started earlyGlobalRoute kernel
[NR-eagl] Initial Peak syMemory usage = 1919.0 MB
[NR-eagl] honorMsvRouteConstraint: false
[NR-eagl] honorClockSpecNDR      : 0
[NR-eagl] minRouteLayer          : 2
[NR-eagl] maxRouteLayer          : 6
[NR-eagl] numTracksPerClockWire  : 0
[NR-eagl] Layer1 has no routable track
[NR-eagl] Layer2 has single uniform track structure
[NR-eagl] Layer3 has single uniform track structure
[NR-eagl] Layer4 has single uniform track structure
[NR-eagl] Layer5 has single uniform track structure
[NR-eagl] Layer6 has single uniform track structure
[NR-eagl] numRoutingBlks=0 numInstBlks=612 numPGBlocks=1842 numBumpBlks=0 numBoundaryFakeBlks=0
[NR-eagl] numPreroutedNet = 0  numPreroutedWires = 0
[NR-eagl] Read numTotalNets=52312  numIgnoredNets=1
[NR-eagl] There are 2 clock nets ( 0 with NDR ).
[NR-eagl] ============ Routing rule table ============
[NR-eagl] Rule id 0. Nets 52311 
[NR-eagl] id=0  routeTrackId=0  extraSpace=0  numShields=0  maxHorDemand=1  maxVerDemand=1
[NR-eagl] Pitch:  L1=360  L2=400  L3=400  L4=400  L5=400  L6=400
[NR-eagl] ========================================
[NR-eagl] 
[NR-eagl] Layer group 1: route 52311 net(s) in layer range [2, 6]
[NR-eagl] earlyGlobalRoute overflow of layer group 1: 0.02% H + 0.02% V. EstWL: 1.107720e+06um
[NR-eagl] 
[NR-eagl] Overflow after earlyGlobalRoute (GR compatible) 0.01% H + 0.01% V
[NR-eagl] Overflow after earlyGlobalRoute 0.01% H + 0.02% V
[NR-eagl] End Peak syMemory usage = 1978.7 MB
[NR-eagl] Early Global Router Kernel+IO runtime : 1.45 seconds
Local HotSpot Analysis: normalized max congestion hotspot area = 0.00, normalized total congestion hotspot area = 0.00 (area is in unit of 4 std-cell row bins)
*** Starting refinePlace (0:17:35 mem=1978.7M) ***
incr SKP is on..., with optDC mode
tdgpInitIgnoreNetLoadFix on 
Move report: Timing Driven Placement moves 48687 insts, mean move: 5.96 um, max move: 315.60 um
	Max move on inst (sfp_instance/FE_COEC3_n2): (523.20, 399.20) --> (342.60, 264.20)
	Runtime: CPU: 0:03:22 REAL: 0:01:41 MEM: 1921.4MB
Move report: Detail placement moves 11191 insts, mean move: 1.34 um, max move: 30.00 um
	Max move on inst (mac_array_instance/FE_OFC1522_q_temp_386_): (678.60, 726.80) --> (648.60, 726.80)
	Runtime: CPU: 0:00:07.4 REAL: 0:00:04.0 MEM: 1932.1MB
Summary Report:
Instances move: 48700 (out of 48996 movable)
Mean displacement: 5.99 um
Max displacement: 320.40 um (Instance: sfp_instance/FE_COEC3_n2) (523.2, 399.2) -> (337.8, 264.2)
	Length: 6 sites, height: 1 rows, site name: core, cell type: INVD3
Runtime: CPU: 0:03:30 REAL: 0:01:45 MEM: 1932.1MB
*** Finished refinePlace (0:21:05 mem=1932.1M) ***
Trial Route Overflow 0(H) 0(V)
Starting congestion repair ...
[NR-eagl] Detected a user setting of 'getTrialRouteMode -handlePreroute true' which was ignored.
[NR-eagl] honorMsvRouteConstraint: false
[NR-eagl] honorClockSpecNDR      : 0
[NR-eagl] minRouteLayer          : 2
[NR-eagl] maxRouteLayer          : 6
[NR-eagl] numTracksPerClockWire  : 0
[NR-eagl] Layer1 has no routable track
[NR-eagl] Layer2 has single uniform track structure
[NR-eagl] Layer3 has single uniform track structure
[NR-eagl] Layer4 has single uniform track structure
[NR-eagl] Layer5 has single uniform track structure
[NR-eagl] Layer6 has single uniform track structure
[NR-eagl] numRoutingBlks=0 numInstBlks=612 numPGBlocks=1842 numBumpBlks=0 numBoundaryFakeBlks=0
[NR-eagl] numPreroutedNet = 0  numPreroutedWires = 0
[NR-eagl] Read numTotalNets=52312  numIgnoredNets=0
[NR-eagl] There are 2 clock nets ( 0 with NDR ).
[NR-eagl] ============ Routing rule table ============
[NR-eagl] Rule id 0. Nets 52312 
[NR-eagl] id=0  routeTrackId=0  extraSpace=0  numShields=0  maxHorDemand=1  maxVerDemand=1
[NR-eagl] Pitch:  L1=360  L2=400  L3=400  L4=400  L5=400  L6=400
[NR-eagl] ========================================
[NR-eagl] 
[NR-eagl] Layer group 1: route 52312 net(s) in layer range [2, 6]
[NR-eagl] earlyGlobalRoute overflow of layer group 1: 0.01% H + 0.00% V. EstWL: 1.103422e+06um
[NR-eagl] 
[NR-eagl] Overflow after earlyGlobalRoute (GR compatible) 0.01% H + 0.00% V
[NR-eagl] Overflow after earlyGlobalRoute 0.01% H + 0.00% V
Local HotSpot Analysis: normalized max congestion hotspot area = 0.00, normalized total congestion hotspot area = 0.00 (area is in unit of 4 std-cell row bins)
describeCongestion: hCong = 0.00 vCong = 0.00
Skipped repairing congestion.
[NR-eagl] Layer1(M1)(F) length: 0.000000e+00um, number of vias: 178305
[NR-eagl] Layer2(M2)(V) length: 3.507221e+05um, number of vias: 247935
[NR-eagl] Layer3(M3)(H) length: 4.344041e+05um, number of vias: 12684
[NR-eagl] Layer4(M4)(V) length: 1.987228e+05um, number of vias: 3298
[NR-eagl] Layer5(M5)(H) length: 1.029126e+05um, number of vias: 774
[NR-eagl] Layer6(M6)(V) length: 4.461294e+04um, number of vias: 0
[NR-eagl] Total length: 1.131375e+06um, number of vias: 442996
End of congRepair (cpu=0:00:02.6, real=0:00:03.0)
Start to check current routing status for nets...
All nets are already routed correctly.
End to check current routing status for nets (mem=1836.8M)
Extraction called for design 'core' of instances=48999 and nets=52477 using extraction engine 'preRoute' .
PreRoute RC Extraction called for design core.
RC Extraction called in multi-corner(2) mode.
**WARN: (IMPEXT-3442):	The version of the capacitance table file being used is obsolete and is no longer recommended. For improved accuracy, generate the capacitance table file using the generateCapTbl command.
RCMode: PreRoute
      RC Corner Indexes            0       1   
Capacitance Scaling Factor   : 1.00000 1.00000 
Resistance Scaling Factor    : 1.00000 1.00000 
Clock Cap. Scaling Factor    : 1.00000 1.00000 
Clock Res. Scaling Factor    : 1.00000 1.00000 
Shrink Factor                : 1.00000
PreRoute extraction is honoring NDR/Shielding/ExtraSpace for clock nets.
Using capacitance table file ...
Updating RC grid for preRoute extraction ...
Initializing multi-corner capacitance tables ... 
Initializing multi-corner resistance tables ...
PreRoute RC Extraction DONE (CPU Time: 0:00:00.6  Real Time: 0:00:00.0  MEM: 1836.758M)
Compute RC Scale Done ...
**optDesign ... cpu = 0:10:31, real = 0:04:25, mem = 1825.7M, totSessionCpu=0:21:10 **
#################################################################################
# Design Stage: PreRoute
# Design Name: core
# Design Mode: 65nm
# Analysis Mode: MMMC Non-OCV 
# Parasitics Mode: No SPEF/RCDB
# Signoff Settings: SI Off 
#################################################################################
Calculate delays in BcWc mode...
End delay calculation. (MEM=2367.95 CPU=0:00:07.6 REAL=0:00:01.0)
*** CDM Built up (cpu=0:00:10.0  real=0:00:02.0  mem= 2367.9M) ***
*** Timing NOT met, worst failing slack is -3.783
*** Check timing (0:00:11.7)
**INFO: Num dontuse cells 99, Num usable cells 779
optDesignOneStep: Leakage Power Flow
**INFO: Num dontuse cells 99, Num usable cells 779
Begin: GigaOpt Optimization in TNS mode
Info: 2 clock nets excluded from IPO operation.
*info: 2 clock nets excluded
*info: 2 special nets excluded.
*info: 159 no-driver nets excluded.
** GigaOpt Optimizer WNS Slack -3.783 TNS Slack -2198.945 Density 32.80
Optimizer TNS Opt
Active Path Group: reg2reg  
+--------+---------+---------+---------+----------+------------+--------+----------+---------+----------------------------------------------------+
|  WNS   | All WNS |   TNS   | All TNS | Density  |    Real    |  Mem   |Worst View|Pathgroup|                     End Point                      |
+--------+---------+---------+---------+----------+------------+--------+----------+---------+----------------------------------------------------+
|  -3.783|   -3.783|-2198.945|-2198.945|    32.80%|   0:00:00.0| 2621.7M|   WC_VIEW|  reg2reg| sfp_instance/R_7213/D                              |
|  -3.774|   -3.774|-2193.018|-2193.018|    32.80%|   0:00:01.0| 2621.7M|   WC_VIEW|  reg2reg| sfp_instance/R_7213/D                              |
|  -3.763|   -3.763|-2192.149|-2192.149|    32.80%|   0:00:00.0| 2621.7M|   WC_VIEW|  reg2reg| sfp_instance/R_7213/D                              |
|  -3.738|   -3.738|-2162.506|-2162.506|    32.80%|   0:00:01.0| 2621.7M|   WC_VIEW|  reg2reg| sfp_instance/R_7213/D                              |
|  -3.720|   -3.720|-2161.146|-2161.146|    32.80%|   0:00:00.0| 2621.7M|   WC_VIEW|  reg2reg| sfp_instance/R_7213/D                              |
|  -3.702|   -3.702|-2155.256|-2155.256|    32.80%|   0:00:00.0| 2623.5M|   WC_VIEW|  reg2reg| sfp_instance/R_8514/D                              |
|  -3.689|   -3.689|-2132.740|-2132.740|    32.80%|   0:00:00.0| 2623.5M|   WC_VIEW|  reg2reg| sfp_instance/R_8514/D                              |
|  -3.680|   -3.680|-2121.041|-2121.041|    32.80%|   0:00:00.0| 2623.5M|   WC_VIEW|  reg2reg| sfp_instance/R_8514/D                              |
|  -3.675|   -3.675|-2120.988|-2120.988|    32.80%|   0:00:00.0| 2625.2M|   WC_VIEW|  reg2reg| sfp_instance/R_6258/D                              |
|  -3.670|   -3.670|-2120.565|-2120.565|    32.80%|   0:00:00.0| 2627.0M|   WC_VIEW|  reg2reg| sfp_instance/R_6258/D                              |
|  -3.645|   -3.645|-2118.617|-2118.617|    32.80%|   0:00:00.0| 2627.0M|   WC_VIEW|  reg2reg| sfp_instance/R_6258/D                              |
|  -3.637|   -3.637|-2118.493|-2118.493|    32.80%|   0:00:01.0| 2627.0M|   WC_VIEW|  reg2reg| sfp_instance/R_6258/D                              |
|  -3.614|   -3.614|-2112.571|-2112.571|    32.80%|   0:00:00.0| 2627.0M|   WC_VIEW|  reg2reg| sfp_instance/R_8420/D                              |
|  -3.592|   -3.592|-2105.602|-2105.602|    32.80%|   0:00:00.0| 2627.0M|   WC_VIEW|  reg2reg| sfp_instance/R_6258/D                              |
|  -3.575|   -3.575|-2103.160|-2103.160|    32.80%|   0:00:00.0| 2627.0M|   WC_VIEW|  reg2reg| sfp_instance/R_6976/D                              |
|  -3.562|   -3.562|-2097.597|-2097.597|    32.80%|   0:00:00.0| 2627.0M|   WC_VIEW|  reg2reg| sfp_instance/R_7213/D                              |
|  -3.556|   -3.556|-2088.760|-2088.760|    32.80%|   0:00:00.0| 2627.0M|   WC_VIEW|  reg2reg| sfp_instance/R_7213/D                              |
|  -3.549|   -3.549|-2086.749|-2086.749|    32.80%|   0:00:01.0| 2627.0M|   WC_VIEW|  reg2reg| sfp_instance/R_7213/D                              |
|  -3.543|   -3.543|-2085.033|-2085.033|    32.80%|   0:00:00.0| 2627.0M|   WC_VIEW|  reg2reg| sfp_instance/R_7213/D                              |
|  -3.531|   -3.531|-2084.013|-2084.013|    32.81%|   0:00:00.0| 2627.0M|   WC_VIEW|  reg2reg| sfp_instance/R_7213/D                              |
|  -3.526|   -3.526|-2080.374|-2080.374|    32.81%|   0:00:00.0| 2627.0M|   WC_VIEW|  reg2reg| sfp_instance/R_7213/D                              |
|  -3.521|   -3.521|-2078.388|-2078.388|    32.81%|   0:00:00.0| 2627.0M|   WC_VIEW|  reg2reg| sfp_instance/R_7213/D                              |
|  -3.513|   -3.513|-2077.188|-2077.188|    32.81%|   0:00:00.0| 2627.0M|   WC_VIEW|  reg2reg| sfp_instance/R_7213/D                              |
|  -3.492|   -3.492|-2071.670|-2071.670|    32.81%|   0:00:00.0| 2627.0M|   WC_VIEW|  reg2reg| sfp_instance/R_7213/D                              |
|  -3.486|   -3.486|-2060.817|-2060.817|    32.81%|   0:00:01.0| 2627.0M|   WC_VIEW|  reg2reg| sfp_instance/R_7213/D                              |
|  -3.474|   -3.474|-2059.326|-2059.326|    32.81%|   0:00:00.0| 2629.0M|   WC_VIEW|  reg2reg| sfp_instance/R_6976/D                              |
|  -3.467|   -3.467|-2051.242|-2051.242|    32.81%|   0:00:00.0| 2629.0M|   WC_VIEW|  reg2reg| sfp_instance/R_7213/D                              |
|  -3.457|   -3.457|-2045.857|-2045.857|    32.81%|   0:00:00.0| 2629.0M|   WC_VIEW|  reg2reg| sfp_instance/R_6976/D                              |
|  -3.452|   -3.452|-2043.177|-2043.177|    32.81%|   0:00:00.0| 2629.0M|   WC_VIEW|  reg2reg| sfp_instance/R_6976/D                              |
|  -3.441|   -3.441|-2036.697|-2036.697|    32.81%|   0:00:00.0| 2629.0M|   WC_VIEW|  reg2reg| sfp_instance/R_6976/D                              |
|  -3.437|   -3.437|-2033.303|-2033.303|    32.81%|   0:00:00.0| 2629.0M|   WC_VIEW|  reg2reg| sfp_instance/R_6976/D                              |
|  -3.430|   -3.430|-2027.839|-2027.839|    32.81%|   0:00:00.0| 2629.0M|   WC_VIEW|  reg2reg| sfp_instance/R_6976/D                              |
|  -3.421|   -3.421|-2024.698|-2024.698|    32.81%|   0:00:00.0| 2629.0M|   WC_VIEW|  reg2reg| sfp_instance/R_6976/D                              |
|  -3.404|   -3.404|-2021.028|-2021.028|    32.81%|   0:00:00.0| 2629.0M|   WC_VIEW|  reg2reg| sfp_instance/R_6976/D                              |
|  -3.399|   -3.399|-2012.568|-2012.568|    32.82%|   0:00:00.0| 2629.0M|   WC_VIEW|  reg2reg| sfp_instance/R_6976/D                              |
|  -3.398|   -3.398|-2008.477|-2008.477|    32.82%|   0:00:01.0| 2629.0M|   WC_VIEW|  reg2reg| sfp_instance/R_6976/D                              |
|  -3.387|   -3.387|-2007.000|-2007.000|    32.82%|   0:00:00.0| 2629.0M|   WC_VIEW|  reg2reg| sfp_instance/R_7213/D                              |
|  -3.376|   -3.376|-2004.152|-2004.152|    32.82%|   0:00:00.0| 2629.0M|   WC_VIEW|  reg2reg| sfp_instance/R_7213/D                              |
|  -3.371|   -3.371|-1997.539|-1997.539|    32.82%|   0:00:00.0| 2629.0M|   WC_VIEW|  reg2reg| sfp_instance/R_7213/D                              |
|  -3.363|   -3.363|-1995.768|-1995.768|    32.82%|   0:00:00.0| 2629.0M|   WC_VIEW|  reg2reg| sfp_instance/R_7213/D                              |
|  -3.359|   -3.359|-1993.544|-1993.544|    32.82%|   0:00:00.0| 2629.0M|   WC_VIEW|  reg2reg| sfp_instance/R_7213/D                              |
|  -3.353|   -3.353|-1992.260|-1992.260|    32.82%|   0:00:00.0| 2629.0M|   WC_VIEW|  reg2reg| sfp_instance/R_7213/D                              |
|  -3.344|   -3.344|-1989.498|-1989.498|    32.82%|   0:00:01.0| 2629.0M|   WC_VIEW|  reg2reg| sfp_instance/R_7213/D                              |
|  -3.326|   -3.326|-1985.016|-1985.016|    32.82%|   0:00:00.0| 2629.0M|   WC_VIEW|  reg2reg| sfp_instance/R_7213/D                              |
|  -3.317|   -3.317|-1977.646|-1977.646|    32.82%|   0:00:00.0| 2629.0M|   WC_VIEW|  reg2reg| sfp_instance/R_7213/D                              |
|  -3.307|   -3.307|-1972.814|-1972.814|    32.82%|   0:00:00.0| 2629.0M|   WC_VIEW|  reg2reg| sfp_instance/R_8607/D                              |
|  -3.297|   -3.297|-1966.110|-1966.110|    32.83%|   0:00:01.0| 2629.0M|   WC_VIEW|  reg2reg| sfp_instance/R_6976/D                              |
|  -3.286|   -3.286|-1959.226|-1959.226|    32.83%|   0:00:00.0| 2629.0M|   WC_VIEW|  reg2reg| sfp_instance/R_8607/D                              |
|  -3.276|   -3.276|-1953.968|-1953.968|    32.83%|   0:00:00.0| 2629.0M|   WC_VIEW|  reg2reg| sfp_instance/R_6815/D                              |
|  -3.264|   -3.264|-1952.221|-1952.221|    32.83%|   0:00:00.0| 2629.0M|   WC_VIEW|  reg2reg| sfp_instance/R_6500/D                              |
|  -3.258|   -3.258|-1944.247|-1944.247|    32.83%|   0:00:01.0| 2629.0M|   WC_VIEW|  reg2reg| sfp_instance/R_6500/D                              |
|  -3.254|   -3.254|-1940.822|-1940.822|    32.83%|   0:00:00.0| 2629.0M|   WC_VIEW|  reg2reg| sfp_instance/R_6500/D                              |
|  -3.250|   -3.250|-1940.196|-1940.196|    32.83%|   0:00:00.0| 2629.0M|   WC_VIEW|  reg2reg| sfp_instance/R_6500/D                              |
|  -3.239|   -3.239|-1938.233|-1938.233|    32.83%|   0:00:00.0| 2629.0M|   WC_VIEW|  reg2reg| sfp_instance/R_6500/D                              |
|  -3.235|   -3.235|-1933.012|-1933.012|    32.83%|   0:00:01.0| 2629.0M|   WC_VIEW|  reg2reg| sfp_instance/R_6815/D                              |
|  -3.230|   -3.230|-1929.670|-1929.670|    32.83%|   0:00:00.0| 2629.0M|   WC_VIEW|  reg2reg| sfp_instance/R_6500/D                              |
|  -3.225|   -3.225|-1929.401|-1929.401|    32.83%|   0:00:00.0| 2629.0M|   WC_VIEW|  reg2reg| sfp_instance/R_6500/D                              |
|  -3.214|   -3.214|-1924.865|-1924.865|    32.83%|   0:00:00.0| 2629.0M|   WC_VIEW|  reg2reg| sfp_instance/R_6500/D                              |
|  -3.204|   -3.204|-1918.597|-1918.597|    32.84%|   0:00:00.0| 2629.0M|   WC_VIEW|  reg2reg| sfp_instance/R_6815/D                              |
|  -3.200|   -3.200|-1915.253|-1915.253|    32.84%|   0:00:01.0| 2629.0M|   WC_VIEW|  reg2reg| sfp_instance/R_6815/D                              |
|  -3.196|   -3.196|-1912.256|-1912.256|    32.84%|   0:00:00.0| 2629.0M|   WC_VIEW|  reg2reg| sfp_instance/R_6815/D                              |
|  -3.190|   -3.190|-1904.251|-1904.251|    32.84%|   0:00:00.0| 2629.0M|   WC_VIEW|  reg2reg| sfp_instance/R_6815/D                              |
|  -3.174|   -3.174|-1901.595|-1901.595|    32.84%|   0:00:00.0| 2629.0M|   WC_VIEW|  reg2reg| sfp_instance/R_8514/D                              |
|  -3.161|   -3.161|-1893.582|-1893.582|    32.84%|   0:00:01.0| 2629.0M|   WC_VIEW|  reg2reg| sfp_instance/R_7148/D                              |
|  -3.145|   -3.145|-1887.496|-1887.496|    32.85%|   0:00:00.0| 2629.0M|   WC_VIEW|  reg2reg| sfp_instance/R_6981/D                              |
|  -3.135|   -3.135|-1879.841|-1879.841|    32.85%|   0:00:00.0| 2629.0M|   WC_VIEW|  reg2reg| sfp_instance/R_7735/D                              |
|  -3.123|   -3.123|-1873.891|-1873.891|    32.85%|   0:00:00.0| 2629.0M|   WC_VIEW|  reg2reg| sfp_instance/R_7735/D                              |
|  -3.111|   -3.111|-1866.467|-1866.467|    32.85%|   0:00:01.0| 2629.0M|   WC_VIEW|  reg2reg| sfp_instance/R_6815/D                              |
|  -3.107|   -3.107|-1860.232|-1860.232|    32.85%|   0:00:00.0| 2629.0M|   WC_VIEW|  reg2reg| sfp_instance/R_6907/D                              |
|  -3.102|   -3.102|-1856.716|-1856.716|    32.85%|   0:00:00.0| 2629.0M|   WC_VIEW|  reg2reg| sfp_instance/R_6906/D                              |
|  -3.085|   -3.085|-1849.853|-1849.853|    32.86%|   0:00:01.0| 2629.0M|   WC_VIEW|  reg2reg| sfp_instance/R_7016/D                              |
|  -3.077|   -3.077|-1847.090|-1847.090|    32.86%|   0:00:00.0| 2629.0M|   WC_VIEW|  reg2reg| sfp_instance/R_7016/D                              |
|  -3.073|   -3.073|-1836.005|-1836.005|    32.86%|   0:00:00.0| 2629.0M|   WC_VIEW|  reg2reg| sfp_instance/R_7016/D                              |
|  -3.060|   -3.060|-1830.646|-1830.646|    32.86%|   0:00:01.0| 2629.0M|   WC_VIEW|  reg2reg| sfp_instance/R_6815/D                              |
|  -3.053|   -3.053|-1826.934|-1826.934|    32.87%|   0:00:00.0| 2629.0M|   WC_VIEW|  reg2reg| sfp_instance/R_6815/D                              |
|  -3.048|   -3.048|-1823.108|-1823.108|    32.87%|   0:00:00.0| 2629.0M|   WC_VIEW|  reg2reg| sfp_instance/R_6815/D                              |
|  -3.042|   -3.042|-1820.452|-1820.452|    32.87%|   0:00:00.0| 2629.0M|   WC_VIEW|  reg2reg| sfp_instance/R_6815/D                              |
|  -3.034|   -3.034|-1815.460|-1815.460|    32.88%|   0:00:01.0| 2629.0M|   WC_VIEW|  reg2reg| sfp_instance/R_6815/D                              |
|  -3.030|   -3.030|-1813.391|-1813.391|    32.88%|   0:00:00.0| 2629.0M|   WC_VIEW|  reg2reg| sfp_instance/R_6815/D                              |
|  -3.022|   -3.022|-1808.544|-1808.544|    32.88%|   0:00:00.0| 2629.0M|   WC_VIEW|  reg2reg| sfp_instance/R_6815/D                              |
|  -3.014|   -3.014|-1803.691|-1803.691|    32.88%|   0:00:00.0| 2629.0M|   WC_VIEW|  reg2reg| sfp_instance/R_6815/D                              |
|  -3.010|   -3.010|-1800.145|-1800.145|    32.88%|   0:00:01.0| 2629.0M|   WC_VIEW|  reg2reg| sfp_instance/R_6815/D                              |
|  -3.006|   -3.006|-1796.231|-1796.231|    32.88%|   0:00:00.0| 2629.0M|   WC_VIEW|  reg2reg| sfp_instance/R_6815/D                              |
|  -2.993|   -2.993|-1793.103|-1793.103|    32.89%|   0:00:00.0| 2629.0M|   WC_VIEW|  reg2reg| sfp_instance/R_6815/D                              |
|  -2.989|   -2.989|-1787.112|-1787.112|    32.89%|   0:00:01.0| 2629.0M|   WC_VIEW|  reg2reg| sfp_instance/R_6258/D                              |
|  -2.984|   -2.984|-1784.596|-1784.596|    32.89%|   0:00:00.0| 2629.0M|   WC_VIEW|  reg2reg| sfp_instance/R_6815/D                              |
|  -2.981|   -2.981|-1779.887|-1779.887|    32.89%|   0:00:00.0| 2629.0M|   WC_VIEW|  reg2reg| sfp_instance/R_6815/D                              |
|  -2.976|   -2.976|-1774.177|-1774.177|    32.89%|   0:00:00.0| 2629.0M|   WC_VIEW|  reg2reg| sfp_instance/R_6815/D                              |
|  -2.971|   -2.971|-1772.972|-1772.972|    32.89%|   0:00:00.0| 2629.0M|   WC_VIEW|  reg2reg| sfp_instance/R_6815/D                              |
|  -2.964|   -2.964|-1771.417|-1771.417|    32.89%|   0:00:01.0| 2629.0M|   WC_VIEW|  reg2reg| sfp_instance/R_6815/D                              |
|  -2.962|   -2.962|-1767.244|-1767.244|    32.90%|   0:00:00.0| 2629.0M|   WC_VIEW|  reg2reg| sfp_instance/R_6815/D                              |
|  -2.956|   -2.956|-1766.745|-1766.745|    32.90%|   0:00:00.0| 2629.0M|   WC_VIEW|  reg2reg| sfp_instance/R_6815/D                              |
|  -2.951|   -2.951|-1761.953|-1761.953|    32.90%|   0:00:00.0| 2629.0M|   WC_VIEW|  reg2reg| sfp_instance/R_6815/D                              |
|  -2.951|   -2.951|-1760.362|-1760.362|    32.90%|   0:00:00.0| 2629.0M|   WC_VIEW|  reg2reg| sfp_instance/R_6815/D                              |
|  -2.942|   -2.942|-1759.135|-1759.135|    32.90%|   0:00:00.0| 2629.0M|   WC_VIEW|  reg2reg| sfp_instance/R_6815/D                              |
|  -2.936|   -2.936|-1756.059|-1756.059|    32.91%|   0:00:01.0| 2629.0M|   WC_VIEW|  reg2reg| sfp_instance/R_6815/D                              |
|  -2.933|   -2.933|-1749.885|-1749.885|    32.91%|   0:00:00.0| 2629.0M|   WC_VIEW|  reg2reg| sfp_instance/R_6815/D                              |
|  -2.933|   -2.933|-1748.340|-1748.340|    32.91%|   0:00:00.0| 2629.0M|   WC_VIEW|  reg2reg| sfp_instance/R_6815/D                              |
|  -2.924|   -2.924|-1747.642|-1747.642|    32.91%|   0:00:00.0| 2629.0M|   WC_VIEW|  reg2reg| sfp_instance/R_6815/D                              |
|  -2.924|   -2.924|-1744.204|-1744.204|    32.92%|   0:00:01.0| 2629.0M|   WC_VIEW|  reg2reg| sfp_instance/R_6815/D                              |
|  -2.921|   -2.921|-1743.990|-1743.990|    32.92%|   0:00:00.0| 2629.0M|   WC_VIEW|  reg2reg| sfp_instance/R_6815/D                              |
|  -2.921|   -2.921|-1742.989|-1742.989|    32.92%|   0:00:00.0| 2629.0M|   WC_VIEW|  reg2reg| sfp_instance/R_6815/D                              |
|  -2.915|   -2.915|-1741.415|-1741.415|    32.92%|   0:00:00.0| 2629.0M|   WC_VIEW|  reg2reg| sfp_instance/R_6815/D                              |
|  -2.912|   -2.912|-1736.540|-1736.540|    32.92%|   0:00:00.0| 2629.0M|   WC_VIEW|  reg2reg| sfp_instance/R_6815/D                              |
|  -2.908|   -2.908|-1736.242|-1736.242|    32.92%|   0:00:00.0| 2629.0M|   WC_VIEW|  reg2reg| sfp_instance/R_6815/D                              |
|  -2.908|   -2.908|-1735.806|-1735.806|    32.92%|   0:00:01.0| 2629.0M|   WC_VIEW|  reg2reg| sfp_instance/R_6815/D                              |
|  -2.898|   -2.898|-1734.651|-1734.651|    32.92%|   0:00:00.0| 2629.0M|   WC_VIEW|  reg2reg| sfp_instance/R_6815/D                              |
|  -2.895|   -2.895|-1731.551|-1731.551|    32.93%|   0:00:00.0| 2629.0M|   WC_VIEW|  reg2reg| sfp_instance/R_6815/D                              |
|  -2.894|   -2.894|-1730.061|-1730.061|    32.93%|   0:00:00.0| 2629.0M|   WC_VIEW|  reg2reg| sfp_instance/R_6815/D                              |
|  -2.894|   -2.894|-1728.468|-1728.468|    32.93%|   0:00:00.0| 2629.0M|   WC_VIEW|  reg2reg| sfp_instance/R_6815/D                              |
|  -2.888|   -2.888|-1727.315|-1727.315|    32.93%|   0:00:01.0| 2629.0M|   WC_VIEW|  reg2reg| sfp_instance/R_6815/D                              |
|  -2.885|   -2.885|-1724.312|-1724.312|    32.94%|   0:00:00.0| 2629.0M|   WC_VIEW|  reg2reg| sfp_instance/R_6815/D                              |
|  -2.883|   -2.883|-1721.397|-1721.397|    32.94%|   0:00:00.0| 2629.0M|   WC_VIEW|  reg2reg| sfp_instance/R_6815/D                              |
|  -2.883|   -2.883|-1719.128|-1719.128|    32.94%|   0:00:00.0| 2629.0M|   WC_VIEW|  reg2reg| sfp_instance/R_6815/D                              |
|  -2.878|   -2.878|-1718.833|-1718.833|    32.94%|   0:00:00.0| 2629.0M|   WC_VIEW|  reg2reg| sfp_instance/R_6815/D                              |
|  -2.879|   -2.879|-1716.561|-1716.561|    32.94%|   0:00:00.0| 2629.0M|   WC_VIEW|  reg2reg| sfp_instance/R_6815/D                              |
|  -2.873|   -2.873|-1716.118|-1716.118|    32.94%|   0:00:01.0| 2629.0M|   WC_VIEW|  reg2reg| sfp_instance/R_6815/D                              |
|  -2.868|   -2.868|-1714.052|-1714.052|    32.94%|   0:00:00.0| 2629.0M|   WC_VIEW|  reg2reg| sfp_instance/R_6815/D                              |
|  -2.864|   -2.864|-1712.415|-1712.415|    32.94%|   0:00:00.0| 2629.0M|   WC_VIEW|  reg2reg| sfp_instance/R_6815/D                              |
|  -2.864|   -2.864|-1710.226|-1710.226|    32.94%|   0:00:00.0| 2629.0M|   WC_VIEW|  reg2reg| sfp_instance/R_6815/D                              |
|  -2.857|   -2.857|-1708.371|-1708.371|    32.94%|   0:00:00.0| 2629.0M|   WC_VIEW|  reg2reg| sfp_instance/R_6815/D                              |
|  -2.857|   -2.857|-1706.640|-1706.640|    32.95%|   0:00:01.0| 2629.0M|   WC_VIEW|  reg2reg| sfp_instance/R_6815/D                              |
|  -2.853|   -2.853|-1705.344|-1705.344|    32.95%|   0:00:00.0| 2629.0M|   WC_VIEW|  reg2reg| sfp_instance/R_6815/D                              |
|  -2.850|   -2.850|-1703.680|-1703.680|    32.95%|   0:00:00.0| 2629.0M|   WC_VIEW|  reg2reg| sfp_instance/R_6815/D                              |
|  -2.851|   -2.851|-1702.927|-1702.927|    32.95%|   0:00:00.0| 2629.0M|   WC_VIEW|  reg2reg| sfp_instance/R_6815/D                              |
|  -2.846|   -2.846|-1702.543|-1702.543|    32.95%|   0:00:00.0| 2629.0M|   WC_VIEW|  reg2reg| sfp_instance/R_6815/D                              |
|  -2.844|   -2.844|-1700.335|-1700.335|    32.95%|   0:00:00.0| 2629.0M|   WC_VIEW|  reg2reg| sfp_instance/R_6815/D                              |
|  -2.840|   -2.840|-1699.206|-1699.206|    32.95%|   0:00:01.0| 2629.0M|   WC_VIEW|  reg2reg| sfp_instance/R_6815/D                              |
|  -2.840|   -2.840|-1695.954|-1695.954|    32.95%|   0:00:00.0| 2629.0M|   WC_VIEW|  reg2reg| sfp_instance/R_6815/D                              |
|  -2.840|   -2.840|-1695.908|-1695.908|    32.95%|   0:00:00.0| 2629.0M|   WC_VIEW|  reg2reg| sfp_instance/R_6815/D                              |
|  -2.840|   -2.840|-1695.506|-1695.506|    32.96%|   0:00:00.0| 2629.0M|   WC_VIEW|  reg2reg| sfp_instance/R_6815/D                              |
|  -2.829|   -2.829|-1695.093|-1695.093|    32.96%|   0:00:00.0| 2629.0M|   WC_VIEW|  reg2reg| sfp_instance/R_6815/D                              |
|  -2.826|   -2.826|-1693.038|-1693.038|    32.96%|   0:00:01.0| 2629.0M|   WC_VIEW|  reg2reg| sfp_instance/R_8514/D                              |
|  -2.826|   -2.826|-1690.688|-1690.688|    32.96%|   0:00:00.0| 2629.0M|   WC_VIEW|  reg2reg| sfp_instance/R_8514/D                              |
|  -2.825|   -2.825|-1688.386|-1688.386|    32.97%|   0:00:00.0| 2629.0M|   WC_VIEW|  reg2reg| sfp_instance/R_8197/D                              |
|  -2.820|   -2.820|-1687.936|-1687.936|    32.97%|   0:00:00.0| 2629.0M|   WC_VIEW|  reg2reg| sfp_instance/R_8197/D                              |
|  -2.817|   -2.817|-1685.376|-1685.376|    32.97%|   0:00:00.0| 2629.0M|   WC_VIEW|  reg2reg| sfp_instance/R_8197/D                              |
|  -2.818|   -2.818|-1684.150|-1684.150|    32.97%|   0:00:01.0| 2629.0M|   WC_VIEW|  reg2reg| sfp_instance/R_8197/D                              |
|  -2.812|   -2.812|-1683.705|-1683.705|    32.97%|   0:00:00.0| 2629.0M|   WC_VIEW|  reg2reg| sfp_instance/R_8197/D                              |
|  -2.812|   -2.812|-1679.807|-1679.807|    32.98%|   0:00:00.0| 2629.0M|   WC_VIEW|  reg2reg| sfp_instance/R_8197/D                              |
|  -2.812|   -2.812|-1679.775|-1679.775|    32.98%|   0:00:00.0| 2629.0M|   WC_VIEW|  reg2reg| sfp_instance/R_8197/D                              |
|  -2.806|   -2.806|-1677.767|-1677.767|    32.98%|   0:00:00.0| 2629.0M|   WC_VIEW|  reg2reg| sfp_instance/R_8197/D                              |
|  -2.800|   -2.800|-1675.652|-1675.652|    32.98%|   0:00:01.0| 2629.0M|   WC_VIEW|  reg2reg| sfp_instance/R_6815/D                              |
|  -2.797|   -2.797|-1673.226|-1673.226|    32.98%|   0:00:00.0| 2629.0M|   WC_VIEW|  reg2reg| sfp_instance/R_6815/D                              |
|  -2.793|   -2.793|-1671.711|-1671.711|    32.98%|   0:00:00.0| 2629.0M|   WC_VIEW|  reg2reg| sfp_instance/R_6815/D                              |
|  -2.793|   -2.793|-1669.902|-1669.902|    32.98%|   0:00:00.0| 2629.0M|   WC_VIEW|  reg2reg| sfp_instance/R_6815/D                              |
|  -2.783|   -2.783|-1669.049|-1669.049|    32.98%|   0:00:00.0| 2629.0M|   WC_VIEW|  reg2reg| sfp_instance/R_8197/D                              |
|  -2.782|   -2.782|-1665.745|-1665.745|    32.99%|   0:00:01.0| 2629.0M|   WC_VIEW|  reg2reg| sfp_instance/R_8197/D                              |
|  -2.780|   -2.780|-1665.657|-1665.657|    32.99%|   0:00:00.0| 2629.0M|   WC_VIEW|  reg2reg| sfp_instance/R_8197/D                              |
|  -2.780|   -2.780|-1660.376|-1660.376|    32.99%|   0:00:00.0| 2629.0M|   WC_VIEW|  reg2reg| sfp_instance/R_8197/D                              |
|  -2.780|   -2.780|-1660.323|-1660.323|    32.99%|   0:00:00.0| 2629.0M|   WC_VIEW|  reg2reg| sfp_instance/R_8197/D                              |
|  -2.770|   -2.770|-1658.336|-1658.336|    32.99%|   0:00:00.0| 2629.0M|   WC_VIEW|  reg2reg| sfp_instance/R_8197/D                              |
|  -2.762|   -2.762|-1655.435|-1655.435|    32.99%|   0:00:01.0| 2629.0M|   WC_VIEW|  reg2reg| sfp_instance/R_6815/D                              |
|  -2.762|   -2.762|-1651.167|-1651.167|    33.00%|   0:00:00.0| 2629.0M|   WC_VIEW|  reg2reg| sfp_instance/R_6815/D                              |
|  -2.758|   -2.758|-1651.004|-1651.004|    33.00%|   0:00:00.0| 2629.0M|   WC_VIEW|  reg2reg| sfp_instance/R_8197/D                              |
|  -2.754|   -2.754|-1647.632|-1647.632|    33.00%|   0:00:00.0| 2629.0M|   WC_VIEW|  reg2reg| sfp_instance/R_6815/D                              |
|  -2.754|   -2.754|-1646.747|-1646.747|    33.00%|   0:00:01.0| 2629.0M|   WC_VIEW|  reg2reg| sfp_instance/R_6815/D                              |
|  -2.747|   -2.747|-1646.103|-1646.103|    33.00%|   0:00:00.0| 2629.0M|   WC_VIEW|  reg2reg| sfp_instance/R_6815/D                              |
|  -2.746|   -2.746|-1641.855|-1641.855|    33.00%|   0:00:00.0| 2629.0M|   WC_VIEW|  reg2reg| sfp_instance/R_7213/D                              |
|  -2.746|   -2.746|-1641.760|-1641.760|    33.00%|   0:00:00.0| 2629.0M|   WC_VIEW|  reg2reg| sfp_instance/R_7213/D                              |
|  -2.744|   -2.744|-1640.258|-1640.258|    33.00%|   0:00:00.0| 2629.0M|   WC_VIEW|  reg2reg| sfp_instance/R_7213/D                              |
|  -2.744|   -2.744|-1639.526|-1639.526|    33.01%|   0:00:01.0| 2629.0M|   WC_VIEW|  reg2reg| sfp_instance/R_7213/D                              |
|  -2.743|   -2.743|-1639.472|-1639.472|    33.01%|   0:00:00.0| 2629.0M|   WC_VIEW|  reg2reg| sfp_instance/R_7213/D                              |
|  -2.743|   -2.743|-1638.881|-1638.881|    33.01%|   0:00:00.0| 2629.0M|   WC_VIEW|  reg2reg| sfp_instance/R_7213/D                              |
|  -2.735|   -2.735|-1638.772|-1638.772|    33.01%|   0:00:00.0| 2629.0M|   WC_VIEW|  reg2reg| sfp_instance/R_6815/D                              |
|  -2.735|   -2.735|-1636.054|-1636.054|    33.01%|   0:00:00.0| 2629.0M|   WC_VIEW|  reg2reg| sfp_instance/R_6815/D                              |
|  -2.729|   -2.729|-1635.359|-1635.359|    33.01%|   0:00:00.0| 2629.0M|   WC_VIEW|  reg2reg| sfp_instance/R_6815/D                              |
|  -2.729|   -2.729|-1631.294|-1631.294|    33.01%|   0:00:01.0| 2629.0M|   WC_VIEW|  reg2reg| sfp_instance/R_6815/D                              |
|  -2.724|   -2.724|-1630.778|-1630.778|    33.02%|   0:00:00.0| 2629.0M|   WC_VIEW|  reg2reg| sfp_instance/R_6815/D                              |
|  -2.724|   -2.724|-1627.761|-1627.761|    33.02%|   0:00:00.0| 2629.0M|   WC_VIEW|  reg2reg| sfp_instance/R_6815/D                              |
|  -2.718|   -2.718|-1627.587|-1627.587|    33.02%|   0:00:00.0| 2629.0M|   WC_VIEW|  reg2reg| sfp_instance/R_6815/D                              |
|  -2.713|   -2.713|-1624.447|-1624.447|    33.02%|   0:00:01.0| 2629.0M|   WC_VIEW|  reg2reg| sfp_instance/R_6801/D                              |
|  -2.713|   -2.713|-1621.098|-1621.098|    33.02%|   0:00:00.0| 2629.0M|   WC_VIEW|  reg2reg| sfp_instance/R_6801/D                              |
|  -2.709|   -2.709|-1620.577|-1620.577|    33.02%|   0:00:00.0| 2629.0M|   WC_VIEW|  reg2reg| sfp_instance/R_6801/D                              |
|  -2.709|   -2.709|-1619.302|-1619.302|    33.02%|   0:00:00.0| 2629.0M|   WC_VIEW|  reg2reg| sfp_instance/R_6801/D                              |
|  -2.704|   -2.704|-1618.800|-1618.800|    33.03%|   0:00:00.0| 2629.0M|   WC_VIEW|  reg2reg| sfp_instance/R_6815/D                              |
|  -2.701|   -2.701|-1614.413|-1614.413|    33.03%|   0:00:01.0| 2629.0M|   WC_VIEW|  reg2reg| sfp_instance/R_6815/D                              |
|  -2.701|   -2.701|-1612.919|-1612.919|    33.03%|   0:00:00.0| 2629.0M|   WC_VIEW|  reg2reg| sfp_instance/R_6815/D                              |
|  -2.696|   -2.696|-1612.508|-1612.508|    33.03%|   0:00:00.0| 2629.0M|   WC_VIEW|  reg2reg| sfp_instance/R_8197/D                              |
|  -2.694|   -2.694|-1610.033|-1610.033|    33.04%|   0:00:01.0| 2629.0M|   WC_VIEW|  reg2reg| sfp_instance/R_6815/D                              |
|  -2.694|   -2.694|-1609.065|-1609.065|    33.04%|   0:00:00.0| 2629.0M|   WC_VIEW|  reg2reg| sfp_instance/R_6815/D                              |
|  -2.690|   -2.690|-1608.725|-1608.725|    33.04%|   0:00:00.0| 2629.0M|   WC_VIEW|  reg2reg| sfp_instance/R_6815/D                              |
|  -2.690|   -2.690|-1605.605|-1605.605|    33.04%|   0:00:00.0| 2629.0M|   WC_VIEW|  reg2reg| sfp_instance/R_6815/D                              |
|  -2.689|   -2.689|-1605.051|-1605.051|    33.04%|   0:00:00.0| 2629.0M|   WC_VIEW|  reg2reg| sfp_instance/R_6815/D                              |
|  -2.689|   -2.689|-1604.976|-1604.976|    33.04%|   0:00:00.0| 2629.0M|   WC_VIEW|  reg2reg| sfp_instance/R_6815/D                              |
|  -2.689|   -2.689|-1604.660|-1604.660|    33.04%|   0:00:01.0| 2629.0M|   WC_VIEW|  reg2reg| sfp_instance/R_6815/D                              |
|  -2.689|   -2.689|-1604.632|-1604.632|    33.04%|   0:00:00.0| 2629.0M|   WC_VIEW|  reg2reg| sfp_instance/R_6815/D                              |
|  -2.685|   -2.685|-1604.389|-1604.389|    33.05%|   0:00:00.0| 2629.0M|   WC_VIEW|  reg2reg| sfp_instance/R_8197/D                              |
|  -2.685|   -2.685|-1601.892|-1601.892|    33.05%|   0:00:00.0| 2629.0M|   WC_VIEW|  reg2reg| sfp_instance/R_8197/D                              |
|  -2.684|   -2.684|-1601.729|-1601.729|    33.05%|   0:00:00.0| 2629.0M|   WC_VIEW|  reg2reg| sfp_instance/R_8197/D                              |
|  -2.684|   -2.684|-1600.494|-1600.494|    33.05%|   0:00:00.0| 2629.0M|   WC_VIEW|  reg2reg| sfp_instance/R_8197/D                              |
|  -2.682|   -2.682|-1600.409|-1600.409|    33.05%|   0:00:00.0| 2629.0M|   WC_VIEW|  reg2reg| sfp_instance/R_6815/D                              |
|  -2.682|   -2.682|-1597.529|-1597.529|    33.05%|   0:00:00.0| 2629.0M|   WC_VIEW|  reg2reg| sfp_instance/R_6815/D                              |
|  -2.680|   -2.680|-1597.337|-1597.337|    33.05%|   0:00:00.0| 2629.0M|   WC_VIEW|  reg2reg| sfp_instance/R_8197/D                              |
|  -2.680|   -2.680|-1597.188|-1597.188|    33.05%|   0:00:01.0| 2629.0M|   WC_VIEW|  reg2reg| sfp_instance/R_6815/D                              |
|  -2.684|   -2.684|-1597.101|-1597.101|    33.05%|   0:00:00.0| 2629.0M|   WC_VIEW|  reg2reg| sfp_instance/R_8197/D                              |
|  -2.680|   -2.680|-1596.971|-1596.971|    33.05%|   0:00:00.0| 2629.0M|   WC_VIEW|  reg2reg| sfp_instance/R_8197/D                              |
|  -2.683|   -2.683|-1595.520|-1595.520|    33.06%|   0:00:00.0| 2629.0M|   WC_VIEW|  reg2reg| sfp_instance/R_8514/D                              |
|  -2.683|   -2.683|-1593.456|-1593.456|    33.06%|   0:00:00.0| 2629.0M|   WC_VIEW|  reg2reg| sfp_instance/R_8514/D                              |
|  -2.683|   -2.683|-1589.199|-1589.199|    33.06%|   0:00:01.0| 2629.0M|   WC_VIEW|  reg2reg| sfp_instance/R_6872/D                              |
|  -2.684|   -2.684|-1584.791|-1584.791|    33.06%|   0:00:00.0| 2629.0M|   WC_VIEW|  reg2reg| sfp_instance/R_6872/D                              |
|  -2.684|   -2.684|-1584.493|-1584.493|    33.06%|   0:00:00.0| 2629.0M|   WC_VIEW|  reg2reg| sfp_instance/R_6872/D                              |
|  -2.684|   -2.684|-1581.236|-1581.236|    33.07%|   0:00:01.0| 2629.0M|   WC_VIEW|  reg2reg| sfp_instance/R_6872/D                              |
|  -2.684|   -2.684|-1581.224|-1581.224|    33.07%|   0:00:00.0| 2629.0M|   WC_VIEW|  reg2reg| sfp_instance/R_6872/D                              |
|  -2.684|   -2.684|-1580.761|-1580.761|    33.07%|   0:00:00.0| 2629.0M|   WC_VIEW|  reg2reg| sfp_instance/R_6872/D                              |
|  -2.684|   -2.684|-1579.900|-1579.900|    33.07%|   0:00:00.0| 2629.0M|   WC_VIEW|  reg2reg| sfp_instance/R_6872/D                              |
|  -2.684|   -2.684|-1578.165|-1578.165|    33.08%|   0:00:01.0| 2629.0M|   WC_VIEW|  reg2reg| sfp_instance/R_5921/D                              |
|  -2.684|   -2.684|-1577.347|-1577.347|    33.08%|   0:00:00.0| 2629.0M|   WC_VIEW|  reg2reg| sfp_instance/R_5921/D                              |
|  -2.684|   -2.684|-1575.272|-1575.272|    33.08%|   0:00:00.0| 2629.0M|   WC_VIEW|  reg2reg| sfp_instance/R_6801/D                              |
|  -2.684|   -2.684|-1573.123|-1573.123|    33.08%|   0:00:00.0| 2629.0M|   WC_VIEW|  reg2reg| sfp_instance/R_7018/D                              |
|  -2.684|   -2.684|-1572.056|-1572.056|    33.08%|   0:00:00.0| 2629.0M|   WC_VIEW|  reg2reg| sfp_instance/R_5921/D                              |
|  -2.684|   -2.684|-1571.900|-1571.900|    33.09%|   0:00:00.0| 2629.0M|   WC_VIEW|  reg2reg| sfp_instance/R_5921/D                              |
|  -2.684|   -2.684|-1571.886|-1571.886|    33.09%|   0:00:00.0| 2629.0M|   WC_VIEW|  reg2reg| sfp_instance/R_7192/D                              |
|  -2.684|   -2.684|-1571.075|-1571.075|    33.09%|   0:00:01.0| 2629.0M|   WC_VIEW|  reg2reg| sfp_instance/R_7192/D                              |
|  -2.684|   -2.684|-1571.068|-1571.068|    33.09%|   0:00:00.0| 2629.0M|   WC_VIEW|  reg2reg| sfp_instance/R_7192/D                              |
|  -2.684|   -2.684|-1571.066|-1571.066|    33.09%|   0:00:00.0| 2629.0M|   WC_VIEW|  reg2reg| sfp_instance/R_7192/D                              |
|  -2.684|   -2.684|-1567.454|-1567.454|    33.09%|   0:00:00.0| 2629.0M|   WC_VIEW|  reg2reg| sfp_instance/R_7016/D                              |
|  -2.684|   -2.684|-1565.408|-1565.408|    33.09%|   0:00:00.0| 2629.0M|   WC_VIEW|  reg2reg| sfp_instance/R_7016/D                              |
|  -2.684|   -2.684|-1564.278|-1564.278|    33.09%|   0:00:01.0| 2629.0M|   WC_VIEW|  reg2reg| sfp_instance/R_7016/D                              |
|  -2.684|   -2.684|-1563.840|-1563.840|    33.10%|   0:00:00.0| 2629.0M|   WC_VIEW|  reg2reg| sfp_instance/R_7016/D                              |
|  -2.684|   -2.684|-1561.223|-1561.223|    33.10%|   0:00:00.0| 2629.0M|   WC_VIEW|  reg2reg| sfp_instance/R_7213/D                              |
|  -2.684|   -2.684|-1560.111|-1560.111|    33.10%|   0:00:01.0| 2629.0M|   WC_VIEW|  reg2reg| sfp_instance/R_7213/D                              |
|  -2.684|   -2.684|-1559.738|-1559.738|    33.10%|   0:00:00.0| 2629.0M|   WC_VIEW|  reg2reg| sfp_instance/R_7213/D                              |
|  -2.684|   -2.684|-1558.826|-1558.826|    33.11%|   0:00:00.0| 2629.0M|   WC_VIEW|  reg2reg| sfp_instance/R_7213/D                              |
|  -2.684|   -2.684|-1555.955|-1555.955|    33.11%|   0:00:01.0| 2629.0M|   WC_VIEW|  reg2reg| sfp_instance/R_7735/D                              |
|  -2.684|   -2.684|-1554.438|-1554.438|    33.11%|   0:00:00.0| 2629.0M|   WC_VIEW|  reg2reg| sfp_instance/R_6225/D                              |
|  -2.684|   -2.684|-1550.698|-1550.698|    33.11%|   0:00:00.0| 2629.0M|   WC_VIEW|  reg2reg| sfp_instance/R_6225/D                              |
|  -2.684|   -2.684|-1549.825|-1549.825|    33.11%|   0:00:00.0| 2629.0M|   WC_VIEW|  reg2reg| sfp_instance/R_6225/D                              |
|  -2.684|   -2.684|-1547.561|-1547.561|    33.12%|   0:00:01.0| 2629.0M|   WC_VIEW|  reg2reg| sfp_instance/R_6225/D                              |
|  -2.684|   -2.684|-1544.879|-1544.879|    33.12%|   0:00:00.0| 2629.0M|   WC_VIEW|  reg2reg| sfp_instance/R_6225/D                              |
|  -2.684|   -2.684|-1544.323|-1544.323|    33.12%|   0:00:00.0| 2629.0M|   WC_VIEW|  reg2reg| sfp_instance/R_6225/D                              |
|  -2.684|   -2.684|-1540.307|-1540.307|    33.12%|   0:00:00.0| 2629.0M|   WC_VIEW|  reg2reg| sfp_instance/R_6562/D                              |
|  -2.684|   -2.684|-1537.233|-1537.233|    33.12%|   0:00:01.0| 2629.0M|   WC_VIEW|  reg2reg| sfp_instance/R_6562/D                              |
|  -2.684|   -2.684|-1536.740|-1536.740|    33.12%|   0:00:00.0| 2629.0M|   WC_VIEW|  reg2reg| sfp_instance/R_6562/D                              |
|  -2.684|   -2.684|-1536.485|-1536.485|    33.13%|   0:00:00.0| 2629.0M|   WC_VIEW|  reg2reg| sfp_instance/R_6562/D                              |
|  -2.684|   -2.684|-1532.508|-1532.508|    33.13%|   0:00:00.0| 2629.0M|   WC_VIEW|  reg2reg| sfp_instance/R_7045/D                              |
|  -2.684|   -2.684|-1530.154|-1530.154|    33.13%|   0:00:01.0| 2629.0M|   WC_VIEW|  reg2reg| sfp_instance/R_7045/D                              |
|  -2.684|   -2.684|-1527.463|-1527.463|    33.14%|   0:00:00.0| 2629.0M|   WC_VIEW|  reg2reg| sfp_instance/R_6596/D                              |
|  -2.684|   -2.684|-1523.410|-1523.410|    33.14%|   0:00:01.0| 2629.0M|   WC_VIEW|  reg2reg| sfp_instance/R_6596/D                              |
|  -2.684|   -2.684|-1520.489|-1520.489|    33.14%|   0:00:00.0| 2629.0M|   WC_VIEW|  reg2reg| sfp_instance/R_6596/D                              |
|  -2.684|   -2.684|-1520.360|-1520.360|    33.14%|   0:00:00.0| 2629.0M|   WC_VIEW|  reg2reg| sfp_instance/R_6596/D                              |
|  -2.684|   -2.684|-1520.024|-1520.024|    33.14%|   0:00:00.0| 2629.0M|   WC_VIEW|  reg2reg| sfp_instance/R_6596/D                              |
|  -2.684|   -2.684|-1516.256|-1516.256|    33.15%|   0:00:01.0| 2629.0M|   WC_VIEW|  reg2reg| sfp_instance/R_6746/D                              |
|  -2.684|   -2.684|-1513.239|-1513.239|    33.15%|   0:00:00.0| 2629.0M|   WC_VIEW|  reg2reg| sfp_instance/R_6746/D                              |
|  -2.684|   -2.684|-1513.066|-1513.066|    33.15%|   0:00:00.0| 2629.0M|   WC_VIEW|  reg2reg| sfp_instance/R_6746/D                              |
|  -2.684|   -2.684|-1511.066|-1511.066|    33.15%|   0:00:00.0| 2629.0M|   WC_VIEW|  reg2reg| sfp_instance/R_6746/D                              |
|  -2.684|   -2.684|-1509.743|-1509.743|    33.15%|   0:00:01.0| 2629.0M|   WC_VIEW|  reg2reg| sfp_instance/R_6746/D                              |
|  -2.684|   -2.684|-1508.776|-1508.776|    33.16%|   0:00:00.0| 2629.0M|   WC_VIEW|  reg2reg| sfp_instance/R_6746/D                              |
|  -2.684|   -2.684|-1506.244|-1506.244|    33.16%|   0:00:00.0| 2629.0M|   WC_VIEW|  reg2reg| sfp_instance/R_6808/D                              |
|  -2.684|   -2.684|-1506.206|-1506.206|    33.16%|   0:00:00.0| 2629.0M|   WC_VIEW|  reg2reg| sfp_instance/R_6808/D                              |
|  -2.684|   -2.684|-1504.613|-1504.613|    33.16%|   0:00:00.0| 2629.0M|   WC_VIEW|  reg2reg| sfp_instance/R_6808/D                              |
|  -2.684|   -2.684|-1502.857|-1502.857|    33.17%|   0:00:01.0| 2629.0M|   WC_VIEW|  reg2reg| sfp_instance/R_6808/D                              |
|  -2.684|   -2.684|-1495.462|-1495.462|    33.17%|   0:00:00.0| 2629.0M|   WC_VIEW|  reg2reg| sfp_instance/R_8048/D                              |
|  -2.684|   -2.684|-1493.489|-1493.489|    33.17%|   0:00:00.0| 2629.0M|   WC_VIEW|  reg2reg| sfp_instance/R_8048/D                              |
|  -2.684|   -2.684|-1487.992|-1487.992|    33.17%|   0:00:01.0| 2629.0M|   WC_VIEW|  reg2reg| sfp_instance/R_7110/D                              |
|  -2.684|   -2.684|-1485.798|-1485.798|    33.17%|   0:00:00.0| 2629.0M|   WC_VIEW|  reg2reg| sfp_instance/R_7110/D                              |
|  -2.684|   -2.684|-1485.662|-1485.662|    33.17%|   0:00:00.0| 2629.0M|   WC_VIEW|  reg2reg| sfp_instance/R_7110/D                              |
|  -2.684|   -2.684|-1483.758|-1483.758|    33.17%|   0:00:00.0| 2629.0M|   WC_VIEW|  reg2reg| sfp_instance/R_7110/D                              |
|  -2.684|   -2.684|-1482.374|-1482.374|    33.17%|   0:00:01.0| 2629.0M|   WC_VIEW|  reg2reg| sfp_instance/R_7110/D                              |
|  -2.684|   -2.684|-1482.100|-1482.100|    33.18%|   0:00:00.0| 2629.0M|   WC_VIEW|  reg2reg| sfp_instance/R_7110/D                              |
|  -2.684|   -2.684|-1479.152|-1479.152|    33.18%|   0:00:00.0| 2629.0M|   WC_VIEW|  reg2reg| sfp_instance/R_6458/D                              |
|  -2.684|   -2.684|-1475.909|-1475.909|    33.18%|   0:00:00.0| 2629.0M|   WC_VIEW|  reg2reg| sfp_instance/R_6458/D                              |
|  -2.684|   -2.684|-1475.852|-1475.852|    33.18%|   0:00:00.0| 2629.0M|   WC_VIEW|  reg2reg| sfp_instance/R_6458/D                              |
|  -2.684|   -2.684|-1475.681|-1475.681|    33.18%|   0:00:00.0| 2629.0M|   WC_VIEW|  reg2reg| sfp_instance/R_6458/D                              |
|  -2.681|   -2.681|-1474.411|-1474.411|    33.18%|   0:00:01.0| 2629.0M|   WC_VIEW|  reg2reg| sfp_instance/R_7735/D                              |
|  -2.681|   -2.681|-1472.885|-1472.885|    33.18%|   0:00:00.0| 2629.0M|   WC_VIEW|  reg2reg| sfp_instance/R_7389/D                              |
|  -2.681|   -2.681|-1472.094|-1472.094|    33.19%|   0:00:01.0| 2629.0M|   WC_VIEW|  reg2reg| sfp_instance/R_7389/D                              |
|  -2.681|   -2.681|-1471.160|-1471.160|    33.19%|   0:00:00.0| 2629.0M|   WC_VIEW|  reg2reg| sfp_instance/R_7389/D                              |
|  -2.681|   -2.681|-1470.537|-1470.537|    33.19%|   0:00:00.0| 2629.0M|   WC_VIEW|  reg2reg| sfp_instance/R_7389/D                              |
|  -2.681|   -2.681|-1469.256|-1469.256|    33.19%|   0:00:01.0| 2629.0M|   WC_VIEW|  reg2reg| sfp_instance/R_7389/D                              |
|  -2.681|   -2.681|-1467.185|-1467.185|    33.20%|   0:00:00.0| 2629.0M|   WC_VIEW|  reg2reg| sfp_instance/R_6165/D                              |
|  -2.681|   -2.681|-1466.246|-1466.246|    33.20%|   0:00:00.0| 2629.0M|   WC_VIEW|  reg2reg| sfp_instance/R_6165/D                              |
|  -2.681|   -2.681|-1465.669|-1465.669|    33.20%|   0:00:00.0| 2629.0M|   WC_VIEW|  reg2reg| sfp_instance/R_6165/D                              |
|  -2.681|   -2.681|-1464.958|-1464.958|    33.20%|   0:00:01.0| 2629.0M|   WC_VIEW|  reg2reg| sfp_instance/R_6165/D                              |
|  -2.681|   -2.681|-1464.715|-1464.715|    33.20%|   0:00:00.0| 2629.0M|   WC_VIEW|  reg2reg| sfp_instance/R_6165/D                              |
|  -2.681|   -2.681|-1464.559|-1464.559|    33.20%|   0:00:00.0| 2629.0M|   WC_VIEW|  reg2reg| sfp_instance/R_6165/D                              |
|  -2.681|   -2.681|-1461.937|-1461.937|    33.20%|   0:00:00.0| 2629.0M|   WC_VIEW|  reg2reg| sfp_instance/R_7076/D                              |
|  -2.681|   -2.681|-1460.815|-1460.815|    33.20%|   0:00:01.0| 2629.0M|   WC_VIEW|  reg2reg| sfp_instance/R_7076/D                              |
|  -2.681|   -2.681|-1460.579|-1460.579|    33.20%|   0:00:00.0| 2629.0M|   WC_VIEW|  reg2reg| sfp_instance/R_7076/D                              |
|  -2.680|   -2.680|-1460.060|-1460.060|    33.21%|   0:00:00.0| 2629.0M|   WC_VIEW|  reg2reg| sfp_instance/R_7076/D                              |
|  -2.680|   -2.680|-1458.926|-1458.926|    33.21%|   0:00:00.0| 2629.0M|   WC_VIEW|  reg2reg| sfp_instance/R_7076/D                              |
|  -2.680|   -2.680|-1458.145|-1458.145|    33.21%|   0:00:00.0| 2629.0M|   WC_VIEW|  reg2reg| sfp_instance/R_7076/D                              |
|  -2.680|   -2.680|-1455.064|-1455.064|    33.21%|   0:00:01.0| 2629.0M|   WC_VIEW|  reg2reg| sfp_instance/R_8079/D                              |
|  -2.680|   -2.680|-1452.837|-1452.837|    33.22%|   0:00:00.0| 2629.0M|   WC_VIEW|  reg2reg| sfp_instance/R_8079/D                              |
|  -2.680|   -2.680|-1452.720|-1452.720|    33.22%|   0:00:00.0| 2629.0M|   WC_VIEW|  reg2reg| sfp_instance/R_8079/D                              |
|  -2.680|   -2.680|-1451.533|-1451.533|    33.22%|   0:00:01.0| 2629.0M|   WC_VIEW|  reg2reg| sfp_instance/div_18_u_div_u_add_PartRem_0_2_R_7374 |
|        |         |         |         |          |            |        |          |         | /D                                                 |
|  -2.680|   -2.680|-1448.845|-1448.845|    33.22%|   0:00:00.0| 2629.0M|   WC_VIEW|  reg2reg| sfp_instance/R_6965/D                              |
|  -2.680|   -2.680|-1447.526|-1447.526|    33.22%|   0:00:00.0| 2629.0M|   WC_VIEW|  reg2reg| sfp_instance/R_6965/D                              |
|  -2.680|   -2.680|-1447.517|-1447.517|    33.22%|   0:00:00.0| 2629.0M|   WC_VIEW|  reg2reg| sfp_instance/R_6965/D                              |
|  -2.680|   -2.680|-1445.515|-1445.515|    33.23%|   0:00:00.0| 2629.0M|   WC_VIEW|  reg2reg| sfp_instance/R_6965/D                              |
|  -2.680|   -2.680|-1445.339|-1445.339|    33.23%|   0:00:00.0| 2629.0M|   WC_VIEW|  reg2reg| sfp_instance/R_6965/D                              |
|  -2.680|   -2.680|-1444.895|-1444.895|    33.23%|   0:00:01.0| 2629.0M|   WC_VIEW|  reg2reg| sfp_instance/R_6965/D                              |
|  -2.680|   -2.680|-1444.519|-1444.519|    33.23%|   0:00:00.0| 2629.0M|   WC_VIEW|  reg2reg| sfp_instance/R_6965/D                              |
|  -2.680|   -2.680|-1442.384|-1442.384|    33.23%|   0:00:00.0| 2629.0M|   WC_VIEW|  reg2reg| sfp_instance/R_7389/D                              |
|  -2.680|   -2.680|-1440.114|-1440.114|    33.24%|   0:00:00.0| 2629.0M|   WC_VIEW|  reg2reg| sfp_instance/R_6167/D                              |
|  -2.680|   -2.680|-1437.318|-1437.318|    33.24%|   0:00:01.0| 2629.0M|   WC_VIEW|  reg2reg| sfp_instance/R_6167/D                              |
|  -2.680|   -2.680|-1435.204|-1435.204|    33.24%|   0:00:00.0| 2629.0M|   WC_VIEW|  reg2reg| sfp_instance/R_6167/D                              |
|  -2.680|   -2.680|-1435.062|-1435.062|    33.24%|   0:00:00.0| 2629.0M|   WC_VIEW|  reg2reg| sfp_instance/R_6167/D                              |
|  -2.680|   -2.680|-1434.549|-1434.549|    33.25%|   0:00:00.0| 2629.0M|   WC_VIEW|  reg2reg| sfp_instance/R_6167/D                              |
|  -2.681|   -2.681|-1433.151|-1433.151|    33.25%|   0:00:01.0| 2629.0M|   WC_VIEW|  reg2reg| sfp_instance/R_6919/D                              |
|  -2.681|   -2.681|-1431.329|-1431.329|    33.25%|   0:00:00.0| 2629.0M|   WC_VIEW|  reg2reg| sfp_instance/R_7389/D                              |
|  -2.681|   -2.681|-1430.306|-1430.306|    33.26%|   0:00:00.0| 2629.0M|   WC_VIEW|  reg2reg| sfp_instance/R_8079/D                              |
|  -2.681|   -2.681|-1428.865|-1428.865|    33.26%|   0:00:00.0| 2629.0M|   WC_VIEW|  reg2reg| sfp_instance/R_7389/D                              |
|  -2.681|   -2.681|-1428.223|-1428.223|    33.26%|   0:00:01.0| 2629.0M|   WC_VIEW|  reg2reg| sfp_instance/R_8048/D                              |
|  -2.681|   -2.681|-1427.402|-1427.402|    33.26%|   0:00:00.0| 2629.0M|   WC_VIEW|  reg2reg| sfp_instance/R_7389/D                              |
|  -2.681|   -2.681|-1427.394|-1427.394|    33.26%|   0:00:01.0| 2629.0M|   WC_VIEW|  reg2reg| sfp_instance/R_7389/D                              |
|  -2.681|   -2.681|-1426.820|-1426.820|    33.26%|   0:00:00.0| 2629.0M|   WC_VIEW|  reg2reg| sfp_instance/R_7389/D                              |
|  -2.681|   -2.681|-1422.574|-1422.574|    33.27%|   0:00:00.0| 2629.0M|   WC_VIEW|  reg2reg| sfp_instance/R_8283/D                              |
|  -2.681|   -2.681|-1422.426|-1422.426|    33.27%|   0:00:00.0| 2629.0M|   WC_VIEW|  reg2reg| sfp_instance/R_6919/D                              |
|  -2.681|   -2.681|-1422.174|-1422.174|    33.27%|   0:00:00.0| 2629.0M|   WC_VIEW|  reg2reg| sfp_instance/R_6896/D                              |
|  -2.681|   -2.681|-1419.098|-1419.098|    33.28%|   0:00:01.0| 2629.0M|   WC_VIEW|  reg2reg| sfp_instance/R_8079/D                              |
|  -2.681|   -2.681|-1418.348|-1418.348|    33.28%|   0:00:00.0| 2629.0M|   WC_VIEW|  reg2reg| sfp_instance/R_7570/D                              |
|  -2.681|   -2.681|-1416.396|-1416.396|    33.28%|   0:00:00.0| 2629.0M|   WC_VIEW|  reg2reg| sfp_instance/R_8079/D                              |
|  -2.681|   -2.681|-1412.826|-1412.826|    33.29%|   0:00:01.0| 2629.0M|   WC_VIEW|  reg2reg| sfp_instance/R_7570/D                              |
|  -2.681|   -2.681|-1412.721|-1412.721|    33.29%|   0:00:00.0| 2629.0M|   WC_VIEW|  reg2reg| sfp_instance/R_7570/D                              |
|  -2.681|   -2.681|-1411.550|-1411.550|    33.29%|   0:00:00.0| 2629.0M|   WC_VIEW|  reg2reg| sfp_instance/R_6595/D                              |
|  -2.681|   -2.681|-1407.578|-1407.578|    33.29%|   0:00:01.0| 2629.0M|   WC_VIEW|  reg2reg| sfp_instance/R_6595/D                              |
|  -2.681|   -2.681|-1407.288|-1407.288|    33.29%|   0:00:00.0| 2629.0M|   WC_VIEW|  reg2reg| sfp_instance/R_6595/D                              |
|  -2.681|   -2.681|-1405.516|-1405.516|    33.30%|   0:00:00.0| 2629.0M|   WC_VIEW|  reg2reg| sfp_instance/R_6595/D                              |
|  -2.681|   -2.681|-1405.466|-1405.466|    33.30%|   0:00:00.0| 2629.0M|   WC_VIEW|  reg2reg| sfp_instance/R_6595/D                              |
|  -2.681|   -2.681|-1405.063|-1405.063|    33.30%|   0:00:00.0| 2629.0M|   WC_VIEW|  reg2reg| sfp_instance/R_6595/D                              |
|  -2.681|   -2.681|-1404.509|-1404.509|    33.30%|   0:00:00.0| 2629.0M|   WC_VIEW|  reg2reg| sfp_instance/R_6595/D                              |
|  -2.681|   -2.681|-1404.427|-1404.427|    33.30%|   0:00:00.0| 2629.0M|   WC_VIEW|  reg2reg| sfp_instance/R_6595/D                              |
|  -2.681|   -2.681|-1401.369|-1401.369|    33.31%|   0:00:01.0| 2629.0M|   WC_VIEW|  reg2reg| sfp_instance/R_6896/D                              |
|  -2.681|   -2.681|-1398.629|-1398.629|    33.31%|   0:00:00.0| 2629.0M|   WC_VIEW|  reg2reg| sfp_instance/R_6896/D                              |
|  -2.681|   -2.681|-1398.425|-1398.425|    33.31%|   0:00:01.0| 2629.0M|   WC_VIEW|  reg2reg| sfp_instance/R_6896/D                              |
|  -2.681|   -2.681|-1397.826|-1397.826|    33.31%|   0:00:00.0| 2629.0M|   WC_VIEW|  reg2reg| sfp_instance/R_6896/D                              |
|  -2.681|   -2.681|-1394.672|-1394.672|    33.32%|   0:00:00.0| 2629.0M|   WC_VIEW|  reg2reg| sfp_instance/R_8048/D                              |
|  -2.681|   -2.681|-1393.287|-1393.287|    33.32%|   0:00:01.0| 2629.0M|   WC_VIEW|  reg2reg| sfp_instance/R_8048/D                              |
|  -2.681|   -2.681|-1391.735|-1391.735|    33.32%|   0:00:00.0| 2629.0M|   WC_VIEW|  reg2reg| sfp_instance/R_8048/D                              |
|  -2.681|   -2.681|-1390.658|-1390.658|    33.32%|   0:00:00.0| 2629.0M|   WC_VIEW|  reg2reg| sfp_instance/R_8283/D                              |
|  -2.681|   -2.681|-1389.391|-1389.391|    33.32%|   0:00:00.0| 2629.0M|   WC_VIEW|  reg2reg| sfp_instance/R_8283/D                              |
|  -2.681|   -2.681|-1389.198|-1389.198|    33.32%|   0:00:01.0| 2629.0M|   WC_VIEW|  reg2reg| sfp_instance/R_8283/D                              |
|  -2.681|   -2.681|-1387.777|-1387.777|    33.33%|   0:00:00.0| 2629.0M|   WC_VIEW|  reg2reg| sfp_instance/R_8079/D                              |
|  -2.681|   -2.681|-1384.919|-1384.919|    33.33%|   0:00:00.0| 2629.0M|   WC_VIEW|  reg2reg| sfp_instance/R_8460/D                              |
|  -2.681|   -2.681|-1383.618|-1383.618|    33.33%|   0:00:00.0| 2629.0M|   WC_VIEW|  reg2reg| sfp_instance/R_8460/D                              |
|  -2.681|   -2.681|-1381.701|-1381.701|    33.33%|   0:00:01.0| 2629.0M|   WC_VIEW|  reg2reg| sfp_instance/R_8283/D                              |
|  -2.681|   -2.681|-1380.414|-1380.414|    33.34%|   0:00:00.0| 2629.0M|   WC_VIEW|  reg2reg| sfp_instance/R_8283/D                              |
|  -2.681|   -2.681|-1378.557|-1378.557|    33.34%|   0:00:00.0| 2629.0M|   WC_VIEW|  reg2reg| sfp_instance/R_8283/D                              |
|  -2.681|   -2.681|-1378.387|-1378.387|    33.34%|   0:00:01.0| 2629.0M|   WC_VIEW|  reg2reg| sfp_instance/R_6435/D                              |
|  -2.681|   -2.681|-1376.132|-1376.132|    33.34%|   0:00:00.0| 2629.0M|   WC_VIEW|  reg2reg| sfp_instance/R_6435/D                              |
|  -2.681|   -2.681|-1374.764|-1374.764|    33.35%|   0:00:00.0| 2629.0M|   WC_VIEW|  reg2reg| sfp_instance/R_6435/D                              |
|  -2.681|   -2.681|-1374.508|-1374.508|    33.35%|   0:00:00.0| 2629.0M|   WC_VIEW|  reg2reg| sfp_instance/R_6435/D                              |
|  -2.681|   -2.681|-1373.189|-1373.189|    33.35%|   0:00:00.0| 2629.0M|   WC_VIEW|  reg2reg| sfp_instance/R_6435/D                              |
|  -2.681|   -2.681|-1373.137|-1373.137|    33.35%|   0:00:01.0| 2629.0M|   WC_VIEW|  reg2reg| sfp_instance/R_6435/D                              |
|  -2.681|   -2.681|-1372.270|-1372.270|    33.36%|   0:00:00.0| 2629.0M|   WC_VIEW|  reg2reg| sfp_instance/R_6435/D                              |
|  -2.681|   -2.681|-1370.155|-1370.155|    33.36%|   0:00:00.0| 2629.0M|   WC_VIEW|  reg2reg| sfp_instance/R_8460/D                              |
|  -2.681|   -2.681|-1368.728|-1368.728|    33.36%|   0:00:00.0| 2629.0M|   WC_VIEW|  reg2reg| sfp_instance/R_8079/D                              |
|  -2.681|   -2.681|-1367.958|-1367.958|    33.37%|   0:00:01.0| 2629.0M|   WC_VIEW|  reg2reg| sfp_instance/R_7389/D                              |
|  -2.681|   -2.681|-1366.667|-1366.667|    33.37%|   0:00:00.0| 2629.0M|   WC_VIEW|  reg2reg| sfp_instance/R_6919/D                              |
|  -2.681|   -2.681|-1364.954|-1364.954|    33.37%|   0:00:01.0| 2629.0M|   WC_VIEW|  reg2reg| sfp_instance/R_8079/D                              |
|  -2.681|   -2.681|-1360.339|-1360.339|    33.38%|   0:00:00.0| 2629.0M|   WC_VIEW|  reg2reg| sfp_instance/R_6581/D                              |
|  -2.681|   -2.681|-1358.995|-1358.995|    33.38%|   0:00:00.0| 2629.0M|   WC_VIEW|  reg2reg| sfp_instance/R_6581/D                              |
|  -2.681|   -2.681|-1358.003|-1358.003|    33.38%|   0:00:01.0| 2629.0M|   WC_VIEW|  reg2reg| sfp_instance/R_6290/D                              |
|  -2.681|   -2.681|-1355.806|-1355.806|    33.38%|   0:00:00.0| 2629.0M|   WC_VIEW|  reg2reg| sfp_instance/R_6290/D                              |
|  -2.681|   -2.681|-1355.777|-1355.777|    33.38%|   0:00:00.0| 2629.0M|   WC_VIEW|  reg2reg| sfp_instance/R_6290/D                              |
|  -2.681|   -2.681|-1353.557|-1353.557|    33.39%|   0:00:00.0| 2629.0M|   WC_VIEW|  reg2reg| sfp_instance/R_6290/D                              |
|  -2.681|   -2.681|-1353.546|-1353.546|    33.39%|   0:00:00.0| 2629.0M|   WC_VIEW|  reg2reg| sfp_instance/R_6290/D                              |
|  -2.681|   -2.681|-1353.118|-1353.118|    33.39%|   0:00:01.0| 2629.0M|   WC_VIEW|  reg2reg| sfp_instance/R_6290/D                              |
|  -2.681|   -2.681|-1352.748|-1352.748|    33.39%|   0:00:00.0| 2629.0M|   WC_VIEW|  reg2reg| sfp_instance/R_6290/D                              |
|  -2.681|   -2.681|-1350.383|-1350.383|    33.40%|   0:00:00.0| 2629.0M|   WC_VIEW|  reg2reg| sfp_instance/R_6581/D                              |
|  -2.681|   -2.681|-1350.126|-1350.126|    33.40%|   0:00:00.0| 2629.0M|   WC_VIEW|  reg2reg| sfp_instance/R_6581/D                              |
|  -2.681|   -2.681|-1347.608|-1347.608|    33.41%|   0:00:01.0| 2629.0M|   WC_VIEW|  reg2reg| sfp_instance/R_6581/D                              |
|  -2.681|   -2.681|-1346.331|-1346.331|    33.41%|   0:00:00.0| 2629.0M|   WC_VIEW|  reg2reg| sfp_instance/R_6581/D                              |
|  -2.681|   -2.681|-1346.228|-1346.228|    33.41%|   0:00:00.0| 2629.0M|   WC_VIEW|  reg2reg| sfp_instance/R_6404/D                              |
|  -2.681|   -2.681|-1345.985|-1345.985|    33.41%|   0:00:00.0| 2629.0M|   WC_VIEW|  reg2reg| sfp_instance/R_6404/D                              |
|  -2.681|   -2.681|-1344.760|-1344.760|    33.42%|   0:00:01.0| 2629.0M|   WC_VIEW|  reg2reg| sfp_instance/R_6257/D                              |
|  -2.681|   -2.681|-1343.169|-1343.169|    33.42%|   0:00:00.0| 2629.0M|   WC_VIEW|  reg2reg| sfp_instance/R_6257/D                              |
|  -2.681|   -2.681|-1343.141|-1343.141|    33.42%|   0:00:00.0| 2629.0M|   WC_VIEW|  reg2reg| sfp_instance/R_6257/D                              |
|  -2.681|   -2.681|-1341.914|-1341.914|    33.42%|   0:00:00.0| 2629.0M|   WC_VIEW|  reg2reg| sfp_instance/R_6257/D                              |
|  -2.681|   -2.681|-1341.889|-1341.889|    33.42%|   0:00:00.0| 2629.0M|   WC_VIEW|  reg2reg| sfp_instance/R_6257/D                              |
|  -2.681|   -2.681|-1341.438|-1341.438|    33.43%|   0:00:01.0| 2629.0M|   WC_VIEW|  reg2reg| sfp_instance/R_6257/D                              |
|  -2.681|   -2.681|-1341.435|-1341.435|    33.43%|   0:00:00.0| 2629.0M|   WC_VIEW|  reg2reg| sfp_instance/R_6257/D                              |
|  -2.681|   -2.681|-1340.406|-1340.406|    33.43%|   0:00:00.0| 2629.0M|   WC_VIEW|  reg2reg| sfp_instance/R_6919/D                              |
|  -2.681|   -2.681|-1339.549|-1339.549|    33.43%|   0:00:00.0| 2629.0M|   WC_VIEW|  reg2reg| sfp_instance/R_6919/D                              |
|  -2.681|   -2.681|-1338.859|-1338.859|    33.43%|   0:00:01.0| 2629.0M|   WC_VIEW|  reg2reg| sfp_instance/R_7371/D                              |
|  -2.681|   -2.681|-1337.543|-1337.543|    33.43%|   0:00:00.0| 2629.0M|   WC_VIEW|  reg2reg| sfp_instance/R_8417/D                              |
|  -2.681|   -2.681|-1336.524|-1336.524|    33.44%|   0:00:00.0| 2629.0M|   WC_VIEW|  reg2reg| sfp_instance/R_7682/D                              |
|  -2.681|   -2.681|-1335.729|-1335.729|    33.44%|   0:00:01.0| 2629.0M|   WC_VIEW|  reg2reg| sfp_instance/R_7682/D                              |
|  -2.681|   -2.681|-1335.290|-1335.290|    33.44%|   0:00:00.0| 2629.0M|   WC_VIEW|  reg2reg| sfp_instance/R_7682/D                              |
|  -2.681|   -2.681|-1335.100|-1335.100|    33.44%|   0:00:00.0| 2629.0M|   WC_VIEW|  reg2reg| sfp_instance/R_7682/D                              |
|  -2.681|   -2.681|-1334.057|-1334.057|    33.45%|   0:00:00.0| 2629.0M|   WC_VIEW|  reg2reg| sfp_instance/R_8048/D                              |
|  -2.681|   -2.681|-1332.916|-1332.916|    33.45%|   0:00:00.0| 2629.0M|   WC_VIEW|  reg2reg| sfp_instance/R_7371/D                              |
|  -2.680|   -2.680|-1334.378|-1334.378|    33.46%|   0:00:01.0| 2629.0M|   WC_VIEW|  reg2reg| sfp_instance/R_6919/D                              |
|  -2.680|   -2.680|-1332.028|-1332.028|    33.46%|   0:00:00.0| 2629.0M|   WC_VIEW|  reg2reg| sfp_instance/R_6457/D                              |
|  -2.680|   -2.680|-1331.147|-1331.147|    33.46%|   0:00:00.0| 2629.0M|   WC_VIEW|  reg2reg| sfp_instance/R_6457/D                              |
|  -2.680|   -2.680|-1331.103|-1331.103|    33.46%|   0:00:00.0| 2629.0M|   WC_VIEW|  reg2reg| sfp_instance/R_6457/D                              |
|  -2.680|   -2.680|-1330.988|-1330.988|    33.46%|   0:00:00.0| 2629.0M|   WC_VIEW|  reg2reg| sfp_instance/R_6457/D                              |
|  -2.680|   -2.680|-1330.925|-1330.925|    33.46%|   0:00:01.0| 2629.0M|   WC_VIEW|  reg2reg| sfp_instance/R_6457/D                              |
|  -2.680|   -2.680|-1330.131|-1330.131|    33.47%|   0:00:02.0| 2629.0M|   WC_VIEW|  reg2reg| sfp_instance/R_7570/D                              |
|  -2.680|   -2.680|-1329.683|-1329.683|    33.48%|   0:00:00.0| 2629.0M|   WC_VIEW|  reg2reg| sfp_instance/R_7570/D                              |
|  -2.680|   -2.680|-1329.348|-1329.348|    33.48%|   0:00:00.0| 2629.0M|   WC_VIEW|  reg2reg| sfp_instance/R_7570/D                              |
|  -2.680|   -2.680|-1324.521|-1324.521|    33.48%|   0:00:01.0| 2629.0M|   WC_VIEW|  reg2reg| sfp_instance/R_8224/D                              |
|  -2.680|   -2.680|-1322.730|-1322.730|    33.49%|   0:00:00.0| 2629.0M|   WC_VIEW|  reg2reg| sfp_instance/R_8224/D                              |
|  -2.680|   -2.680|-1321.989|-1321.989|    33.49%|   0:00:00.0| 2629.0M|   WC_VIEW|  reg2reg| sfp_instance/R_8224/D                              |
|  -2.680|   -2.680|-1320.972|-1320.972|    33.49%|   0:00:01.0| 2629.0M|   WC_VIEW|  reg2reg| sfp_instance/R_8224/D                              |
|  -2.680|   -2.680|-1319.804|-1319.804|    33.49%|   0:00:00.0| 2629.0M|   WC_VIEW|  reg2reg| sfp_instance/R_8224/D                              |
|  -2.680|   -2.680|-1317.835|-1317.835|    33.50%|   0:00:01.0| 2629.0M|   WC_VIEW|  reg2reg| sfp_instance/R_8224/D                              |
|  -2.683|   -2.683|-1315.714|-1315.714|    33.50%|   0:00:00.0| 2629.0M|   WC_VIEW|  reg2reg| sfp_instance/R_8224/D                              |
|  -2.683|   -2.683|-1314.400|-1314.400|    33.50%|   0:00:00.0| 2629.0M|   WC_VIEW|  reg2reg| sfp_instance/R_8224/D                              |
|  -2.683|   -2.683|-1313.119|-1313.119|    33.51%|   0:00:01.0| 2629.0M|   WC_VIEW|  reg2reg| sfp_instance/R_8224/D                              |
|  -2.683|   -2.683|-1311.842|-1311.842|    33.51%|   0:00:00.0| 2629.0M|   WC_VIEW|  reg2reg| sfp_instance/R_8224/D                              |
|  -2.683|   -2.683|-1310.261|-1310.261|    33.51%|   0:00:00.0| 2629.0M|   WC_VIEW|  reg2reg| sfp_instance/R_8224/D                              |
|  -2.683|   -2.683|-1307.593|-1307.593|    33.52%|   0:00:00.0| 2629.0M|   WC_VIEW|  reg2reg| sfp_instance/R_8224/D                              |
|  -2.683|   -2.683|-1307.294|-1307.294|    33.52%|   0:00:01.0| 2629.0M|   WC_VIEW|  reg2reg| sfp_instance/R_6526/D                              |
|  -2.683|   -2.683|-1306.047|-1306.047|    33.52%|   0:00:00.0| 2629.0M|   WC_VIEW|  reg2reg| sfp_instance/R_6526/D                              |
|  -2.683|   -2.683|-1305.552|-1305.552|    33.53%|   0:00:00.0| 2629.0M|   WC_VIEW|  reg2reg| sfp_instance/R_6526/D                              |
|  -2.683|   -2.683|-1304.561|-1304.561|    33.53%|   0:00:00.0| 2629.0M|   WC_VIEW|  reg2reg| sfp_instance/R_6526/D                              |
|  -2.683|   -2.683|-1304.513|-1304.513|    33.53%|   0:00:01.0| 2629.0M|   WC_VIEW|  reg2reg| sfp_instance/R_6526/D                              |
|  -2.683|   -2.683|-1304.052|-1304.052|    33.53%|   0:00:00.0| 2629.0M|   WC_VIEW|  reg2reg| sfp_instance/R_6526/D                              |
|  -2.683|   -2.683|-1301.709|-1301.709|    33.54%|   0:00:00.0| 2629.0M|   WC_VIEW|  reg2reg| sfp_instance/R_8079/D                              |
|  -2.683|   -2.683|-1300.301|-1300.301|    33.54%|   0:00:01.0| 2629.0M|   WC_VIEW|  reg2reg| sfp_instance/R_8079/D                              |
|  -2.683|   -2.683|-1298.516|-1298.516|    33.55%|   0:00:00.0| 2629.0M|   WC_VIEW|  reg2reg| sfp_instance/R_6905/D                              |
|  -2.683|   -2.683|-1297.294|-1297.294|    33.55%|   0:00:00.0| 2629.0M|   WC_VIEW|  reg2reg| sfp_instance/R_6905/D                              |
|  -2.683|   -2.683|-1295.497|-1295.497|    33.55%|   0:00:01.0| 2629.0M|   WC_VIEW|  reg2reg| sfp_instance/div_18_u_div_u_add_PartRem_0_1_R_3475 |
|        |         |         |         |          |            |        |          |         | /D                                                 |
|  -2.683|   -2.683|-1294.866|-1294.866|    33.55%|   0:00:00.0| 2629.0M|   WC_VIEW|  reg2reg| sfp_instance/R_8224/D                              |
|  -2.683|   -2.683|-1293.725|-1293.725|    33.55%|   0:00:01.0| 2629.0M|   WC_VIEW|  reg2reg| sfp_instance/R_8224/D                              |
|  -2.683|   -2.683|-1293.456|-1293.456|    33.56%|   0:00:00.0| 2629.0M|   WC_VIEW|  reg2reg| sfp_instance/div_18_u_div_u_add_PartRem_0_1_R_3475 |
|        |         |         |         |          |            |        |          |         | /D                                                 |
|  -2.683|   -2.683|-1291.042|-1291.042|    33.56%|   0:00:00.0| 2629.0M|   WC_VIEW|  reg2reg| sfp_instance/R_8464/D                              |
|  -2.683|   -2.683|-1289.936|-1289.936|    33.56%|   0:00:01.0| 2629.0M|   WC_VIEW|  reg2reg| sfp_instance/R_8224/D                              |
|  -2.683|   -2.683|-1289.379|-1289.379|    33.56%|   0:00:00.0| 2629.0M|   WC_VIEW|  reg2reg| sfp_instance/R_8224/D                              |
|  -2.683|   -2.683|-1288.148|-1288.148|    33.56%|   0:00:00.0| 2629.0M|   WC_VIEW|  reg2reg| sfp_instance/R_8464/D                              |
|  -2.683|   -2.683|-1287.284|-1287.284|    33.56%|   0:00:01.0| 2629.0M|   WC_VIEW|  reg2reg| sfp_instance/R_8224/D                              |
|  -2.683|   -2.683|-1287.176|-1287.176|    33.57%|   0:00:00.0| 2629.0M|   WC_VIEW|  reg2reg| sfp_instance/R_8224/D                              |
|  -2.683|   -2.683|-1286.533|-1286.533|    33.57%|   0:00:00.0| 2629.0M|   WC_VIEW|  reg2reg| sfp_instance/R_8224/D                              |
|  -2.683|   -2.683|-1283.839|-1283.839|    33.58%|   0:00:00.0| 2629.0M|   WC_VIEW|  reg2reg| sfp_instance/R_8224/D                              |
|  -2.683|   -2.683|-1282.365|-1282.365|    33.58%|   0:00:01.0| 2629.0M|   WC_VIEW|  reg2reg| sfp_instance/div_18_u_div_u_add_PartRem_0_1_R_3475 |
|        |         |         |         |          |            |        |          |         | /D                                                 |
|  -2.683|   -2.683|-1281.359|-1281.359|    33.58%|   0:00:00.0| 2629.0M|   WC_VIEW|  reg2reg| sfp_instance/R_8224/D                              |
|  -2.683|   -2.683|-1280.777|-1280.777|    33.59%|   0:00:01.0| 2629.0M|   WC_VIEW|  reg2reg| sfp_instance/R_8224/D                              |
|  -2.683|   -2.683|-1280.687|-1280.687|    33.59%|   0:00:00.0| 2629.0M|   WC_VIEW|  reg2reg| sfp_instance/R_8224/D                              |
|  -2.683|   -2.683|-1278.755|-1278.755|    33.59%|   0:00:00.0| 2629.0M|   WC_VIEW|  reg2reg| sfp_instance/R_8464/D                              |
|  -2.683|   -2.683|-1277.633|-1277.633|    33.60%|   0:00:01.0| 2629.0M|   WC_VIEW|  reg2reg| sfp_instance/R_8224/D                              |
|  -2.683|   -2.683|-1277.590|-1277.590|    33.60%|   0:00:00.0| 2629.0M|   WC_VIEW|  reg2reg| sfp_instance/R_8224/D                              |
|  -2.683|   -2.683|-1275.498|-1275.498|    33.61%|   0:00:01.0| 2629.0M|   WC_VIEW|  reg2reg| sfp_instance/div_18_u_div_u_add_PartRem_0_1_R_3475 |
|        |         |         |         |          |            |        |          |         | /D                                                 |
|  -2.683|   -2.683|-1274.865|-1274.865|    33.61%|   0:00:00.0| 2629.0M|   WC_VIEW|  reg2reg| sfp_instance/div_18_u_div_u_add_PartRem_0_1_R_3475 |
|        |         |         |         |          |            |        |          |         | /D                                                 |
|  -2.683|   -2.683|-1274.807|-1274.807|    33.61%|   0:00:00.0| 2629.0M|   WC_VIEW|  reg2reg| sfp_instance/div_18_u_div_u_add_PartRem_0_1_R_3475 |
|        |         |         |         |          |            |        |          |         | /D                                                 |
|  -2.683|   -2.683|-1272.599|-1272.599|    33.62%|   0:00:00.0| 2629.0M|   WC_VIEW|  reg2reg| sfp_instance/div_18_u_div_u_add_PartRem_0_1_R_3475 |
|        |         |         |         |          |            |        |          |         | /D                                                 |
|  -2.683|   -2.683|-1271.552|-1271.552|    33.62%|   0:00:01.0| 2629.0M|   WC_VIEW|  reg2reg| sfp_instance/R_8224/D                              |
|  -2.683|   -2.683|-1270.850|-1270.850|    33.62%|   0:00:00.0| 2629.0M|   WC_VIEW|  reg2reg| sfp_instance/R_8224/D                              |
|  -2.683|   -2.683|-1270.399|-1270.399|    33.62%|   0:00:00.0| 2629.0M|   WC_VIEW|  reg2reg| sfp_instance/div_18_u_div_u_add_PartRem_0_1_R_3475 |
|        |         |         |         |          |            |        |          |         | /D                                                 |
|  -2.683|   -2.683|-1270.352|-1270.352|    33.62%|   0:00:00.0| 2629.0M|   WC_VIEW|  reg2reg| sfp_instance/div_18_u_div_u_add_PartRem_0_1_R_3475 |
|        |         |         |         |          |            |        |          |         | /D                                                 |
|  -2.683|   -2.683|-1269.297|-1269.297|    33.63%|   0:00:01.0| 2629.0M|   WC_VIEW|  reg2reg| sfp_instance/div_18_u_div_u_add_PartRem_0_1_R_3475 |
|        |         |         |         |          |            |        |          |         | /D                                                 |
|  -2.683|   -2.683|-1268.845|-1268.845|    33.63%|   0:00:00.0| 2629.0M|   WC_VIEW|  reg2reg| sfp_instance/R_6981/D                              |
|  -2.683|   -2.683|-1268.431|-1268.431|    33.63%|   0:00:00.0| 2629.0M|   WC_VIEW|  reg2reg| sfp_instance/div_18_u_div_u_add_PartRem_0_1_R_3475 |
|        |         |         |         |          |            |        |          |         | /D                                                 |
|  -2.683|   -2.683|-1268.347|-1268.347|    33.63%|   0:00:00.0| 2629.0M|   WC_VIEW|  reg2reg| sfp_instance/div_18_u_div_u_add_PartRem_0_1_R_3475 |
|        |         |         |         |          |            |        |          |         | /D                                                 |
|  -2.683|   -2.683|-1266.895|-1266.895|    33.64%|   0:00:01.0| 2629.0M|   WC_VIEW|  reg2reg| sfp_instance/div_18_u_div_u_add_PartRem_0_1_R_3475 |
|        |         |         |         |          |            |        |          |         | /D                                                 |
|  -2.683|   -2.683|-1266.851|-1266.851|    33.64%|   0:00:00.0| 2629.0M|   WC_VIEW|  reg2reg| sfp_instance/div_18_u_div_u_add_PartRem_0_1_R_3475 |
|        |         |         |         |          |            |        |          |         | /D                                                 |
|  -2.683|   -2.683|-1266.417|-1266.417|    33.64%|   0:00:00.0| 2629.0M|   WC_VIEW|  reg2reg| sfp_instance/div_18_u_div_u_add_PartRem_0_1_R_3475 |
|        |         |         |         |          |            |        |          |         | /D                                                 |
|  -2.683|   -2.683|-1265.645|-1265.645|    33.64%|   0:00:00.0| 2629.0M|   WC_VIEW|  reg2reg| sfp_instance/R_8802/D                              |
|  -2.683|   -2.683|-1265.585|-1265.585|    33.64%|   0:00:01.0| 2629.0M|   WC_VIEW|  reg2reg| sfp_instance/R_8802/D                              |
|  -2.683|   -2.683|-1265.560|-1265.560|    33.65%|   0:00:00.0| 2629.0M|   WC_VIEW|  reg2reg| sfp_instance/R_8802/D                              |
|  -2.683|   -2.683|-1265.316|-1265.316|    33.65%|   0:00:00.0| 2629.0M|   WC_VIEW|  reg2reg| sfp_instance/R_8802/D                              |
|  -2.683|   -2.683|-1265.047|-1265.047|    33.65%|   0:00:00.0| 2629.0M|   WC_VIEW|  reg2reg| sfp_instance/R_8802/D                              |
|  -2.683|   -2.683|-1265.021|-1265.021|    33.65%|   0:00:00.0| 2629.0M|   WC_VIEW|  reg2reg| sfp_instance/R_8802/D                              |
|  -2.683|   -2.683|-1265.011|-1265.011|    33.65%|   0:00:00.0| 2629.0M|   WC_VIEW|  reg2reg| sfp_instance/R_8802/D                              |
|  -2.683|   -2.683|-1263.715|-1263.715|    33.66%|   0:00:01.0| 2629.0M|   WC_VIEW|  reg2reg| sfp_instance/R_6935/D                              |
|  -2.683|   -2.683|-1263.251|-1263.251|    33.66%|   0:00:00.0| 2629.0M|   WC_VIEW|  reg2reg| sfp_instance/R_7387/D                              |
|  -2.683|   -2.683|-1261.754|-1261.754|    33.67%|   0:00:00.0| 2629.0M|   WC_VIEW|  reg2reg| sfp_instance/R_7387/D                              |
|  -2.683|   -2.683|-1261.413|-1261.413|    33.67%|   0:00:00.0| 2629.0M|   WC_VIEW|  reg2reg| sfp_instance/R_7387/D                              |
|  -2.683|   -2.683|-1260.920|-1260.920|    33.67%|   0:00:01.0| 2629.0M|   WC_VIEW|  reg2reg| sfp_instance/R_7387/D                              |
|  -2.683|   -2.683|-1260.768|-1260.768|    33.67%|   0:00:00.0| 2629.0M|   WC_VIEW|  reg2reg| sfp_instance/R_7387/D                              |
|  -2.683|   -2.683|-1260.228|-1260.228|    33.68%|   0:00:00.0| 2629.0M|   WC_VIEW|  reg2reg| sfp_instance/R_7387/D                              |
|  -2.683|   -2.683|-1260.032|-1260.032|    33.68%|   0:00:00.0| 2629.0M|   WC_VIEW|  reg2reg| sfp_instance/R_7387/D                              |
|  -2.683|   -2.683|-1259.938|-1259.938|    33.68%|   0:00:00.0| 2629.0M|   WC_VIEW|  reg2reg| sfp_instance/R_7387/D                              |
|  -2.683|   -2.683|-1258.514|-1258.514|    33.69%|   0:00:01.0| 2629.0M|   WC_VIEW|  reg2reg| sfp_instance/R_8246/D                              |
|  -2.683|   -2.683|-1257.242|-1257.242|    33.69%|   0:00:00.0| 2629.0M|   WC_VIEW|  reg2reg| sfp_instance/R_8246/D                              |
|  -2.683|   -2.683|-1257.035|-1257.035|    33.69%|   0:00:00.0| 2629.0M|   WC_VIEW|  reg2reg| sfp_instance/R_8246/D                              |
|  -2.683|   -2.683|-1253.015|-1253.015|    33.69%|   0:00:00.0| 2629.0M|   WC_VIEW|  reg2reg| sfp_instance/R_8246/D                              |
|  -2.683|   -2.683|-1252.891|-1252.891|    33.70%|   0:00:01.0| 2629.0M|   WC_VIEW|  reg2reg| sfp_instance/R_8246/D                              |
|  -2.683|   -2.683|-1252.232|-1252.232|    33.70%|   0:00:00.0| 2629.0M|   WC_VIEW|  reg2reg| sfp_instance/R_8204/D                              |
|  -2.683|   -2.683|-1252.067|-1252.067|    33.70%|   0:00:00.0| 2629.0M|   WC_VIEW|  reg2reg| sfp_instance/R_8204/D                              |
|  -2.683|   -2.683|-1251.974|-1251.974|    33.71%|   0:00:00.0| 2629.0M|   WC_VIEW|  reg2reg| sfp_instance/R_6913/D                              |
|  -2.683|   -2.683|-1251.839|-1251.839|    33.71%|   0:00:00.0| 2629.0M|   WC_VIEW|  reg2reg| sfp_instance/R_6913/D                              |
|  -2.683|   -2.683|-1251.491|-1251.491|    33.71%|   0:00:01.0| 2629.0M|   WC_VIEW|  reg2reg| sfp_instance/R_6913/D                              |
|  -2.683|   -2.683|-1251.300|-1251.300|    33.71%|   0:00:00.0| 2629.0M|   WC_VIEW|  reg2reg| sfp_instance/R_6913/D                              |
|  -2.683|   -2.683|-1251.274|-1251.274|    33.71%|   0:00:00.0| 2629.0M|   WC_VIEW|  reg2reg| sfp_instance/R_6913/D                              |
|  -2.683|   -2.683|-1251.123|-1251.123|    33.72%|   0:00:00.0| 2629.0M|   WC_VIEW|  reg2reg| sfp_instance/R_6913/D                              |
|  -2.683|   -2.683|-1250.547|-1250.547|    33.72%|   0:00:00.0| 2629.0M|   WC_VIEW|  reg2reg| sfp_instance/R_8204/D                              |
|  -2.683|   -2.683|-1250.407|-1250.407|    33.72%|   0:00:01.0| 2629.0M|   WC_VIEW|  reg2reg| sfp_instance/R_8204/D                              |
|  -2.683|   -2.683|-1250.272|-1250.272|    33.72%|   0:00:00.0| 2629.0M|   WC_VIEW|  reg2reg| sfp_instance/R_8204/D                              |
|  -2.683|   -2.683|-1249.809|-1249.809|    33.72%|   0:00:00.0| 2629.0M|   WC_VIEW|  reg2reg| sfp_instance/R_8204/D                              |
|  -2.683|   -2.683|-1249.151|-1249.151|    33.73%|   0:00:00.0| 2629.0M|   WC_VIEW|  reg2reg| sfp_instance/R_8254/D                              |
|  -2.683|   -2.683|-1249.107|-1249.107|    33.73%|   0:00:00.0| 2629.0M|   WC_VIEW|  reg2reg| sfp_instance/R_8254/D                              |
|  -2.683|   -2.683|-1246.860|-1246.860|    33.73%|   0:00:00.0| 2629.0M|   WC_VIEW|  reg2reg| sfp_instance/R_8254/D                              |
|  -2.683|   -2.683|-1246.409|-1246.409|    33.73%|   0:00:01.0| 2629.0M|   WC_VIEW|  reg2reg| sfp_instance/R_8254/D                              |
|  -2.683|   -2.683|-1246.405|-1246.405|    33.73%|   0:00:00.0| 2629.0M|   WC_VIEW|  reg2reg| sfp_instance/R_8254/D                              |
|  -2.683|   -2.683|-1245.123|-1245.123|    33.74%|   0:00:00.0| 2629.0M|   WC_VIEW|  reg2reg| sfp_instance/R_7586/D                              |
|  -2.683|   -2.683|-1244.598|-1244.598|    33.74%|   0:00:01.0| 2629.0M|   WC_VIEW|  reg2reg| sfp_instance/R_7586/D                              |
|  -2.683|   -2.683|-1242.486|-1242.486|    33.74%|   0:00:00.0| 2629.0M|   WC_VIEW|  reg2reg| sfp_instance/sfp_out_sign2_reg_4_/D                |
|  -2.683|   -2.683|-1241.801|-1241.801|    33.75%|   0:00:00.0| 2629.0M|   WC_VIEW|  reg2reg| sfp_instance/sfp_out_sign2_reg_4_/D                |
|  -2.683|   -2.683|-1241.078|-1241.078|    33.75%|   0:00:01.0| 2629.0M|   WC_VIEW|  reg2reg| sfp_instance/sfp_out_sign2_reg_4_/D                |
|  -2.683|   -2.683|-1240.976|-1240.976|    33.75%|   0:00:00.0| 2629.0M|   WC_VIEW|  reg2reg| sfp_instance/sfp_out_sign2_reg_4_/D                |
|  -2.683|   -2.683|-1239.618|-1239.618|    33.76%|   0:00:00.0| 2629.0M|   WC_VIEW|  reg2reg| sfp_instance/R_6979/D                              |
|  -2.683|   -2.683|-1239.043|-1239.043|    33.76%|   0:00:01.0| 2629.0M|   WC_VIEW|  reg2reg| sfp_instance/R_8285/D                              |
|  -2.683|   -2.683|-1238.597|-1238.597|    33.76%|   0:00:00.0| 2629.0M|   WC_VIEW|  reg2reg| sfp_instance/R_8285/D                              |
|  -2.683|   -2.683|-1237.999|-1237.999|    33.77%|   0:00:00.0| 2629.0M|   WC_VIEW|  reg2reg| sfp_instance/R_8285/D                              |
|  -2.683|   -2.683|-1237.769|-1237.769|    33.77%|   0:00:01.0| 2629.0M|   WC_VIEW|  reg2reg| sfp_instance/R_8285/D                              |
|  -2.683|   -2.683|-1237.565|-1237.565|    33.77%|   0:00:00.0| 2629.0M|   WC_VIEW|  reg2reg| sfp_instance/R_7245/D                              |
|  -2.683|   -2.683|-1237.241|-1237.241|    33.78%|   0:00:00.0| 2629.0M|   WC_VIEW|  reg2reg| sfp_instance/R_6983/D                              |
|  -2.683|   -2.683|-1237.134|-1237.134|    33.78%|   0:00:00.0| 2629.0M|   WC_VIEW|  reg2reg| sfp_instance/R_7245/D                              |
|  -2.683|   -2.683|-1236.683|-1236.683|    33.78%|   0:00:01.0| 2629.0M|   WC_VIEW|  reg2reg| sfp_instance/R_7245/D                              |
|  -2.683|   -2.683|-1236.663|-1236.663|    33.78%|   0:00:00.0| 2629.0M|   WC_VIEW|  reg2reg| sfp_instance/R_7245/D                              |
|  -2.683|   -2.683|-1236.400|-1236.400|    33.78%|   0:00:00.0| 2629.0M|   WC_VIEW|  reg2reg| sfp_instance/R_7245/D                              |
|  -2.683|   -2.683|-1250.607|-1250.607|    33.79%|   0:00:02.0| 2629.0M|   WC_VIEW|  reg2reg| sfp_instance/R_7709/D                              |
|  -2.683|   -2.683|-1246.247|-1246.247|    33.80%|   0:00:01.0| 2629.0M|   WC_VIEW|  reg2reg| sfp_instance/div_18_u_div_u_add_PartRem_0_3_R_4801 |
|        |         |         |         |          |            |        |          |         | /D                                                 |
|  -2.683|   -2.683|-1245.440|-1245.440|    33.80%|   0:00:00.0| 2629.0M|   WC_VIEW|  reg2reg| sfp_instance/div_18_u_div_u_add_PartRem_0_3_R_4801 |
|        |         |         |         |          |            |        |          |         | /D                                                 |
|  -2.683|   -2.683|-1245.215|-1245.215|    33.80%|   0:00:00.0| 2629.0M|   WC_VIEW|  reg2reg| sfp_instance/div_18_u_div_u_add_PartRem_0_3_R_4801 |
|        |         |         |         |          |            |        |          |         | /D                                                 |
|  -2.683|   -2.683|-1244.253|-1244.253|    33.80%|   0:00:00.0| 2629.0M|   WC_VIEW|  reg2reg| sfp_instance/R_4805/D                              |
|  -2.683|   -2.683|-1243.999|-1243.999|    33.80%|   0:00:00.0| 2629.0M|   WC_VIEW|  reg2reg| sfp_instance/R_4805/D                              |
|  -2.683|   -2.683|-1243.678|-1243.678|    33.80%|   0:00:00.0| 2629.0M|   WC_VIEW|  reg2reg| sfp_instance/R_4805/D                              |
|  -2.683|   -2.683|-1243.657|-1243.657|    33.80%|   0:00:01.0| 2629.0M|   WC_VIEW|  reg2reg| sfp_instance/R_4805/D                              |
|  -2.683|   -2.683|-1243.368|-1243.368|    33.81%|   0:00:00.0| 2629.0M|   WC_VIEW|  reg2reg| sfp_instance/R_4805/D                              |
|  -2.683|   -2.683|-1242.115|-1242.115|    33.81%|   0:00:00.0| 2629.0M|   WC_VIEW|  reg2reg| sfp_instance/div_18_u_div_u_add_PartRem_0_1_R_8482 |
|        |         |         |         |          |            |        |          |         | /D                                                 |
|  -2.683|   -2.683|-1241.837|-1241.837|    33.82%|   0:00:00.0| 2629.0M|   WC_VIEW|  reg2reg| sfp_instance/div_18_u_div_u_add_PartRem_0_1_R_8482 |
|        |         |         |         |          |            |        |          |         | /D                                                 |
|  -2.683|   -2.683|-1241.832|-1241.832|    33.82%|   0:00:00.0| 2629.0M|   WC_VIEW|  reg2reg| sfp_instance/div_18_u_div_u_add_PartRem_0_1_R_8482 |
|        |         |         |         |          |            |        |          |         | /D                                                 |
|  -2.683|   -2.683|-1239.295|-1239.295|    33.82%|   0:00:01.0| 2629.0M|   WC_VIEW|  reg2reg| sfp_instance/R_7013/D                              |
|  -2.683|   -2.683|-1239.279|-1239.279|    33.82%|   0:00:00.0| 2629.0M|   WC_VIEW|  reg2reg| sfp_instance/R_7013/D                              |
|  -2.683|   -2.683|-1238.095|-1238.095|    33.83%|   0:00:00.0| 2629.0M|   WC_VIEW|  reg2reg| sfp_instance/R_7013/D                              |
|  -2.683|   -2.683|-1238.030|-1238.030|    33.83%|   0:00:00.0| 2629.0M|   WC_VIEW|  reg2reg| sfp_instance/R_7013/D                              |
|  -2.683|   -2.683|-1238.003|-1238.003|    33.84%|   0:00:01.0| 2629.0M|   WC_VIEW|  reg2reg| sfp_instance/R_7013/D                              |
|  -2.683|   -2.683|-1237.446|-1237.446|    33.84%|   0:00:00.0| 2629.0M|   WC_VIEW|  reg2reg| sfp_instance/R_7013/D                              |
|  -2.683|   -2.683|-1237.028|-1237.028|    33.84%|   0:00:00.0| 2629.0M|   WC_VIEW|  reg2reg| sfp_instance/R_8662/D                              |
|  -2.683|   -2.683|-1236.907|-1236.907|    33.84%|   0:00:00.0| 2629.0M|   WC_VIEW|  reg2reg| sfp_instance/R_8662/D                              |
|  -2.683|   -2.683|-1236.346|-1236.346|    33.85%|   0:00:00.0| 2629.0M|   WC_VIEW|  reg2reg| sfp_instance/sfp_out_sign2_reg_5_/D                |
|  -2.683|   -2.683|-1235.881|-1235.881|    33.85%|   0:00:01.0| 2629.0M|   WC_VIEW|  reg2reg| sfp_instance/sfp_out_sign2_reg_5_/D                |
|  -2.683|   -2.683|-1235.851|-1235.851|    33.85%|   0:00:00.0| 2629.0M|   WC_VIEW|  reg2reg| sfp_instance/sfp_out_sign2_reg_5_/D                |
|  -2.683|   -2.683|-1235.623|-1235.623|    33.85%|   0:00:00.0| 2629.0M|   WC_VIEW|  reg2reg| sfp_instance/sfp_out_sign2_reg_5_/D                |
|  -2.683|   -2.683|-1235.287|-1235.287|    33.86%|   0:00:00.0| 2629.0M|   WC_VIEW|  reg2reg| sfp_instance/sfp_out_sign2_reg_5_/D                |
|  -2.683|   -2.683|-1235.143|-1235.143|    33.86%|   0:00:00.0| 2629.0M|   WC_VIEW|  reg2reg| sfp_instance/sfp_out_sign2_reg_5_/D                |
|  -2.683|   -2.683|-1235.079|-1235.079|    33.86%|   0:00:00.0| 2629.0M|   WC_VIEW|  reg2reg| sfp_instance/R_7496/D                              |
|  -2.683|   -2.683|-1234.937|-1234.937|    33.86%|   0:00:01.0| 2629.0M|   WC_VIEW|  reg2reg| sfp_instance/R_7496/D                              |
|  -2.683|   -2.683|-1234.932|-1234.932|    33.86%|   0:00:00.0| 2629.0M|   WC_VIEW|  reg2reg| sfp_instance/R_7496/D                              |
|  -2.683|   -2.683|-1234.328|-1234.328|    33.86%|   0:00:00.0| 2629.0M|   WC_VIEW|  reg2reg| sfp_instance/R_8441/D                              |
|  -2.683|   -2.683|-1234.306|-1234.306|    33.86%|   0:00:00.0| 2629.0M|   WC_VIEW|  reg2reg| sfp_instance/R_8441/D                              |
|  -2.683|   -2.683|-1234.098|-1234.098|    33.86%|   0:00:00.0| 2629.0M|   WC_VIEW|  reg2reg| sfp_instance/R_8441/D                              |
|  -2.683|   -2.683|-1233.816|-1233.816|    33.86%|   0:00:00.0| 2629.0M|   WC_VIEW|  reg2reg| sfp_instance/R_8441/D                              |
|  -2.683|   -2.683|-1233.699|-1233.699|    33.87%|   0:00:00.0| 2629.0M|   WC_VIEW|  reg2reg| sfp_instance/R_8441/D                              |
|  -2.683|   -2.683|-1233.688|-1233.688|    33.87%|   0:00:01.0| 2629.0M|   WC_VIEW|  reg2reg| sfp_instance/R_8441/D                              |
|  -2.683|   -2.683|-1233.293|-1233.293|    33.87%|   0:00:00.0| 2629.0M|   WC_VIEW|  reg2reg| sfp_instance/R_7284/D                              |
|  -2.683|   -2.683|-1233.018|-1233.018|    33.87%|   0:00:00.0| 2629.0M|   WC_VIEW|  reg2reg| sfp_instance/R_7284/D                              |
|  -2.683|   -2.683|-1232.710|-1232.710|    33.87%|   0:00:00.0| 2629.0M|   WC_VIEW|  reg2reg| sfp_instance/R_7284/D                              |
|  -2.683|   -2.683|-1232.616|-1232.616|    33.88%|   0:00:00.0| 2629.0M|   WC_VIEW|  reg2reg| sfp_instance/R_7284/D                              |
|  -2.683|   -2.683|-1232.253|-1232.253|    33.88%|   0:00:01.0| 2629.0M|   WC_VIEW|  reg2reg| sfp_instance/R_7494/D                              |
|  -2.683|   -2.683|-1232.152|-1232.152|    33.88%|   0:00:00.0| 2629.0M|   WC_VIEW|  reg2reg| sfp_instance/R_7494/D                              |
|  -2.683|   -2.683|-1231.848|-1231.848|    33.88%|   0:00:00.0| 2629.0M|   WC_VIEW|  reg2reg| sfp_instance/R_7494/D                              |
|  -2.683|   -2.683|-1231.758|-1231.758|    33.88%|   0:00:00.0| 2629.0M|   WC_VIEW|  reg2reg| sfp_instance/R_8568/D                              |
|  -2.683|   -2.683|-1231.748|-1231.748|    33.88%|   0:00:00.0| 2629.0M|   WC_VIEW|  reg2reg| sfp_instance/R_7638/D                              |
|  -2.683|   -2.683|-1231.498|-1231.498|    33.88%|   0:00:00.0| 2629.0M|   WC_VIEW|  reg2reg| sfp_instance/R_7638/D                              |
|  -2.683|   -2.683|-1231.470|-1231.470|    33.88%|   0:00:00.0| 2629.0M|   WC_VIEW|  reg2reg| sfp_instance/R_7638/D                              |
|  -2.683|   -2.683|-1231.468|-1231.468|    33.88%|   0:00:01.0| 2629.0M|   WC_VIEW|  reg2reg| sfp_instance/R_7638/D                              |
|  -2.683|   -2.683|-1231.398|-1231.398|    33.89%|   0:00:00.0| 2629.0M|   WC_VIEW|  reg2reg| sfp_instance/R_7421/D                              |
|  -2.683|   -2.683|-1231.390|-1231.390|    33.89%|   0:00:00.0| 2629.0M|   WC_VIEW|  reg2reg| sfp_instance/R_7421/D                              |
|  -2.683|   -2.683|-1231.331|-1231.331|    33.89%|   0:00:00.0| 2629.0M|   WC_VIEW|  reg2reg| sfp_instance/R_7421/D                              |
|  -2.683|   -2.683|-1231.172|-1231.172|    33.89%|   0:00:01.0| 2629.0M|   WC_VIEW|  reg2reg| sfp_instance/R_7235/D                              |
|  -2.683|   -2.683|-1231.150|-1231.150|    33.89%|   0:00:00.0| 2629.0M|   WC_VIEW|  reg2reg| sfp_instance/R_7235/D                              |
|  -2.683|   -2.683|-1231.076|-1231.076|    33.89%|   0:00:00.0| 2629.0M|   WC_VIEW|  reg2reg| sfp_instance/R_7235/D                              |
|  -2.683|   -2.683|-1231.025|-1231.025|    33.89%|   0:00:00.0| 2629.0M|   WC_VIEW|  reg2reg| sfp_instance/R_7235/D                              |
|  -2.683|   -2.683|-1230.882|-1230.882|    33.89%|   0:00:00.0| 2629.0M|   WC_VIEW|  reg2reg| sfp_instance/R_7261/D                              |
|  -2.683|   -2.683|-1230.508|-1230.508|    33.89%|   0:00:00.0| 2629.0M|   WC_VIEW|  reg2reg| sfp_instance/R_7261/D                              |
|  -2.683|   -2.683|-1230.506|-1230.506|    33.89%|   0:00:00.0| 2629.0M|   WC_VIEW|  reg2reg| sfp_instance/R_7261/D                              |
|  -2.683|   -2.683|-1230.486|-1230.486|    33.90%|   0:00:01.0| 2629.0M|   WC_VIEW|  reg2reg| sfp_instance/R_8237/D                              |
|  -2.683|   -2.683|-1230.250|-1230.250|    33.90%|   0:00:00.0| 2629.0M|   WC_VIEW|  reg2reg| sfp_instance/R_7776/D                              |
|  -2.683|   -2.683|-1230.137|-1230.137|    33.90%|   0:00:00.0| 2629.0M|   WC_VIEW|  reg2reg| sfp_instance/R_7776/D                              |
|  -2.683|   -2.683|-1229.948|-1229.948|    33.90%|   0:00:00.0| 2629.0M|   WC_VIEW|  reg2reg| sfp_instance/R_8557/D                              |
|  -2.683|   -2.683|-1229.749|-1229.749|    33.90%|   0:00:01.0| 2629.0M|   WC_VIEW|  reg2reg| sfp_instance/R_8557/D                              |
|  -2.683|   -2.683|-1229.729|-1229.729|    33.90%|   0:00:00.0| 2629.0M|   WC_VIEW|  reg2reg| sfp_instance/R_8557/D                              |
|  -2.683|   -2.683|-1229.389|-1229.389|    33.91%|   0:00:00.0| 2629.0M|   WC_VIEW|  reg2reg| sfp_instance/R_8557/D                              |
|  -2.683|   -2.683|-1229.181|-1229.181|    33.91%|   0:00:00.0| 2629.0M|   WC_VIEW|  reg2reg| sfp_instance/R_8553/D                              |
|  -2.683|   -2.683|-1229.126|-1229.126|    33.91%|   0:00:00.0| 2629.0M|   WC_VIEW|  reg2reg| sfp_instance/R_8553/D                              |
|  -2.683|   -2.683|-1228.919|-1228.919|    33.91%|   0:00:00.0| 2629.0M|   WC_VIEW|  reg2reg| sfp_instance/R_8553/D                              |
|  -2.683|   -2.683|-1228.866|-1228.866|    33.91%|   0:00:00.0| 2629.0M|   WC_VIEW|  reg2reg| sfp_instance/sfp_out_sign5_reg_3_/D                |
|  -2.683|   -2.683|-1228.842|-1228.842|    33.91%|   0:00:00.0| 2629.0M|   WC_VIEW|  reg2reg| sfp_instance/sfp_out_sign5_reg_3_/D                |
|  -2.683|   -2.683|-1228.798|-1228.798|    33.91%|   0:00:00.0| 2629.0M|   WC_VIEW|  reg2reg| sfp_instance/sfp_out_sign5_reg_3_/D                |
|  -2.683|   -2.683|-1228.720|-1228.720|    33.91%|   0:00:00.0| 2629.0M|   WC_VIEW|  reg2reg| sfp_instance/R_8491/D                              |
|  -2.683|   -2.683|-1228.696|-1228.696|    33.92%|   0:00:00.0| 2629.0M|   WC_VIEW|  reg2reg| sfp_instance/sfp_out_sign4_reg_3_/D                |
|  -2.683|   -2.683|-1228.540|-1228.540|    33.92%|   0:00:00.0| 2629.0M|   WC_VIEW|  reg2reg| sfp_instance/sfp_out_sign4_reg_4_/D                |
|  -2.683|   -2.683|-1228.516|-1228.516|    33.92%|   0:00:01.0| 2629.0M|   WC_VIEW|  reg2reg| sfp_instance/sfp_out_sign4_reg_4_/D                |
|  -2.683|   -2.683|-1228.375|-1228.375|    33.92%|   0:00:00.0| 2629.0M|   WC_VIEW|  reg2reg| sfp_instance/sfp_out_sign4_reg_4_/D                |
|  -2.683|   -2.683|-1228.350|-1228.350|    33.92%|   0:00:00.0| 2629.0M|   WC_VIEW|  reg2reg| sfp_instance/sfp_out_sign4_reg_4_/D                |
|  -2.683|   -2.683|-1228.344|-1228.344|    33.92%|   0:00:00.0| 2629.0M|   WC_VIEW|  reg2reg| sfp_instance/sfp_out_sign4_reg_4_/D                |
|  -2.683|   -2.683|-1228.367|-1228.367|    33.93%|   0:00:00.0| 2629.0M|   WC_VIEW|  reg2reg| sfp_instance/R_7984/D                              |
|  -2.683|   -2.683|-1228.337|-1228.337|    33.93%|   0:00:00.0| 2629.0M|   WC_VIEW|  reg2reg| sfp_instance/R_7984/D                              |
|  -2.683|   -2.683|-1228.330|-1228.330|    33.93%|   0:00:00.0| 2629.0M|   WC_VIEW|  reg2reg| sfp_instance/R_7984/D                              |
|  -2.683|   -2.683|-1228.240|-1228.240|    33.93%|   0:00:00.0| 2629.0M|   WC_VIEW|  reg2reg| sfp_instance/R_8256/D                              |
|  -2.683|   -2.683|-1228.237|-1228.237|    33.93%|   0:00:01.0| 2629.0M|   WC_VIEW|  reg2reg| sfp_instance/R_8347/D                              |
|  -2.683|   -2.683|-1228.230|-1228.230|    33.93%|   0:00:00.0| 2629.0M|   WC_VIEW|  reg2reg| sfp_instance/R_8347/D                              |
|  -2.683|   -2.683|-1228.225|-1228.225|    33.93%|   0:00:00.0| 2629.0M|   WC_VIEW|  reg2reg| sfp_instance/R_8347/D                              |
|  -2.683|   -2.683|-1228.217|-1228.217|    33.93%|   0:00:00.0| 2629.0M|   WC_VIEW|  reg2reg| sfp_instance/R_7733/D                              |
|  -2.683|   -2.683|-1228.203|-1228.203|    33.93%|   0:00:00.0| 2629.0M|   WC_VIEW|  reg2reg| sfp_instance/sfp_out_sign7_reg_4_/D                |
|  -2.683|   -2.683|-1228.006|-1228.006|    33.93%|   0:00:01.0| 2629.0M|   WC_VIEW|  reg2reg| sfp_instance/sfp_out_sign7_reg_5_/D                |
|  -2.683|   -2.683|-1227.966|-1227.966|    33.93%|   0:00:00.0| 2629.0M|   WC_VIEW|  reg2reg| sfp_instance/sfp_out_sign6_reg_3_/D                |
|  -2.683|   -2.683|-1227.960|-1227.960|    33.93%|   0:00:00.0| 2629.0M|   WC_VIEW|  reg2reg| sfp_instance/sfp_out_sign6_reg_3_/D                |
|  -2.683|   -2.683|-1227.943|-1227.943|    33.93%|   0:00:00.0| 2629.0M|   WC_VIEW|  reg2reg| sfp_instance/sfp_out_sign0_reg_5_/D                |
|  -2.683|   -2.683|-1227.942|-1227.942|    33.93%|   0:00:00.0| 2629.0M|   WC_VIEW|  reg2reg| sfp_instance/sfp_out_sign0_reg_5_/D                |
|  -2.683|   -2.683|-1227.940|-1227.940|    33.93%|   0:00:00.0| 2629.0M|   WC_VIEW|  reg2reg| sfp_instance/sfp_out_sign0_reg_5_/D                |
|  -2.683|   -2.683|-1227.936|-1227.936|    33.93%|   0:00:00.0| 2629.0M|   WC_VIEW|  reg2reg| sfp_instance/R_8250/D                              |
|  -2.683|   -2.683|-1227.912|-1227.912|    33.93%|   0:00:00.0| 2629.0M|   WC_VIEW|  reg2reg| sfp_instance/R_8250/D                              |
|  -2.683|   -2.683|-1227.891|-1227.891|    33.94%|   0:00:00.0| 2629.0M|   WC_VIEW|  reg2reg| sfp_instance/sfp_out_sign2_reg_6_/D                |
|  -2.683|   -2.683|-1227.872|-1227.872|    33.94%|   0:00:00.0| 2629.0M|   WC_VIEW|  reg2reg| sfp_instance/sfp_out_sign2_reg_6_/D                |
|  -2.683|   -2.683|-1227.861|-1227.861|    33.94%|   0:00:01.0| 2629.0M|   WC_VIEW|  reg2reg| sfp_instance/R_8559/D                              |
|  -2.683|   -2.683|-1227.847|-1227.847|    33.94%|   0:00:00.0| 2629.0M|   WC_VIEW|  reg2reg| sfp_instance/R_8559/D                              |
|  -2.683|   -2.683|-1227.847|-1227.847|    33.94%|   0:00:00.0| 2629.0M|   WC_VIEW|  reg2reg| sfp_instance/R_8559/D                              |
|  -2.684|   -2.684|-1227.835|-1227.835|    33.94%|   0:00:00.0| 2629.0M|   WC_VIEW|  reg2reg| sfp_instance/sfp_out_sign5_reg_7_/D                |
|  -2.684|   -2.684|-1227.756|-1227.756|    33.94%|   0:00:00.0| 2629.0M|   WC_VIEW|  reg2reg| sfp_instance/sfp_out_sign5_reg_7_/D                |
|  -2.684|   -2.684|-1227.740|-1227.740|    33.94%|   0:00:00.0| 2629.0M|   WC_VIEW|  reg2reg| sfp_instance/sfp_out_sign3_reg_6_/D                |
|  -2.684|   -2.684|-1227.732|-1227.732|    33.94%|   0:00:00.0| 2629.0M|   WC_VIEW|  reg2reg| sfp_instance/sfp_out_sign3_reg_6_/D                |
|  -2.684|   -2.684|-1227.586|-1227.586|    33.94%|   0:00:01.0| 2629.0M|   WC_VIEW|  reg2reg| sfp_instance/sfp_out_sign1_reg_6_/D                |
|  -2.684|   -2.684|-1227.580|-1227.580|    33.95%|   0:00:00.0| 2629.0M|   WC_VIEW|  reg2reg| sfp_instance/sfp_out_sign1_reg_7_/D                |
|  -2.684|   -2.684|-1227.572|-1227.572|    33.95%|   0:00:00.0| 2629.0M|   WC_VIEW|  reg2reg| sfp_instance/sfp_out_sign1_reg_7_/D                |
|  -2.684|   -2.684|-1227.562|-1227.562|    33.95%|   0:00:00.0| 2629.0M|   WC_VIEW|  reg2reg| sfp_instance/sfp_out_sign4_reg_6_/D                |
|  -2.684|   -2.684|-1227.334|-1227.334|    33.95%|   0:00:00.0| 2629.0M|   WC_VIEW|  reg2reg| sfp_instance/sfp_out_sign4_reg_7_/D                |
|  -2.684|   -2.684|-1227.332|-1227.332|    33.95%|   0:00:00.0| 2629.0M|   WC_VIEW|  reg2reg| sfp_instance/sfp_out_sign4_reg_7_/D                |
|  -2.684|   -2.684|-1227.366|-1227.366|    33.95%|   0:00:01.0| 2629.0M|   WC_VIEW|  reg2reg| sfp_instance/R_8197/D                              |
+--------+---------+---------+---------+----------+------------+--------+----------+---------+----------------------------------------------------+

*** Finish Core Optimize Step (cpu=0:06:52 real=0:02:23 mem=2629.0M) ***

*** Finished Optimize Step Cumulative (cpu=0:06:52 real=0:02:23 mem=2629.0M) ***
** GigaOpt Optimizer WNS Slack -2.684 TNS Slack -1227.366 Density 33.95
Begin: Area Reclaim Optimization
Reclaim Optimization WNS Slack -2.684  TNS Slack -1227.366 Density 33.95
+----------+---------+--------+---------+------------+--------+
| Density  | Commits |  WNS   |   TNS   |    Real    |  Mem   |
+----------+---------+--------+---------+------------+--------+
|    33.95%|        -|  -2.684|-1227.366|   0:00:00.0| 2629.0M|
|    33.92%|       88|  -2.684|-1227.727|   0:00:01.0| 2629.0M|
|    33.84%|      491|  -2.667|-1232.601|   0:00:09.0| 2629.0M|
|    33.84%|        1|  -2.667|-1232.601|   0:00:00.0| 2629.0M|
|    33.84%|        0|  -2.667|-1232.601|   0:00:00.0| 2629.0M|
+----------+---------+--------+---------+------------+--------+
Reclaim Optimization End WNS Slack -2.667  TNS Slack -1232.601 Density 33.84
** Finished Core Area Reclaim Optimization (cpu = 0:00:24.8) (real = 0:00:10.0) **
*** Finished Area Reclaim Optimization (cpu=0:00:25, real=0:00:10, mem=2628.96M, totSessionCpu=0:28:48).
** GigaOpt Optimizer WNS Slack -2.667 TNS Slack -1232.601 Density 33.84

*** Finish pre-CTS Setup Fixing (cpu=0:07:18 real=0:02:33 mem=2629.0M) ***

End: GigaOpt Optimization in TNS mode
setup target slack: 0.1
extra slack: 0.1
std delay: 0.0142
real setup target slack: 0.0142
[NR-eagl] Detected a user setting of 'getNanoRouteMode -routeTopRoutingLayer 6' which was translated to 'setRouteMode -earlyGlobalMaxRouteLayer 6'.
[NR-eagl] Detected a user setting of 'getTrialRouteMode -handlePreroute true' which was ignored.
[NR-eagl] Started earlyGlobalRoute kernel
[NR-eagl] Initial Peak syMemory usage = 1934.3 MB
[NR-eagl] honorMsvRouteConstraint: false
[NR-eagl] honorClockSpecNDR      : 0
[NR-eagl] minRouteLayer          : 2
[NR-eagl] maxRouteLayer          : 6
[NR-eagl] numTracksPerClockWire  : 0
[NR-eagl] Layer1 has no routable track
[NR-eagl] Layer2 has single uniform track structure
[NR-eagl] Layer3 has single uniform track structure
[NR-eagl] Layer4 has single uniform track structure
[NR-eagl] Layer5 has single uniform track structure
[NR-eagl] Layer6 has single uniform track structure
[NR-eagl] numRoutingBlks=0 numInstBlks=612 numPGBlocks=1842 numBumpBlks=0 numBoundaryFakeBlks=0
[NR-eagl] numPreroutedNet = 0  numPreroutedWires = 0
[NR-eagl] Read numTotalNets=52848  numIgnoredNets=39
[NR-eagl] There are 2 clock nets ( 0 with NDR ).
[NR-eagl] ============ Routing rule table ============
[NR-eagl] Rule id 0. Nets 52809 
[NR-eagl] id=0  routeTrackId=0  extraSpace=0  numShields=0  maxHorDemand=1  maxVerDemand=1
[NR-eagl] Pitch:  L1=360  L2=400  L3=400  L4=400  L5=400  L6=400
[NR-eagl] ========================================
[NR-eagl] 
[NR-eagl] Layer group 1: route 52809 net(s) in layer range [2, 6]
[NR-eagl] earlyGlobalRoute overflow of layer group 1: 0.02% H + 0.00% V. EstWL: 1.111010e+06um
[NR-eagl] 
[NR-eagl] Overflow after earlyGlobalRoute (GR compatible) 0.01% H + 0.00% V
[NR-eagl] Overflow after earlyGlobalRoute 0.01% H + 0.00% V
[NR-eagl] End Peak syMemory usage = 1994.1 MB
[NR-eagl] Early Global Router Kernel+IO runtime : 1.29 seconds
Local HotSpot Analysis: normalized max congestion hotspot area = 0.00, normalized total congestion hotspot area = 0.00 (area is in unit of 4 std-cell row bins)
*** Starting refinePlace (0:28:51 mem=1994.1M) ***
incr SKP is on..., with optDC mode
tdgpInitIgnoreNetLoadFix on 
Move report: Timing Driven Placement moves 48519 insts, mean move: 3.49 um, max move: 167.40 um
	Max move on inst (sfp_instance/FE_OCPC3392_FE_OFN2672_n1406): (638.60, 406.40) --> (491.00, 386.60)
	Runtime: CPU: 0:02:56 REAL: 0:01:18 MEM: 1943.6MB
Move report: Detail placement moves 12829 insts, mean move: 1.24 um, max move: 19.00 um
	Max move on inst (mac_array_instance/col_idx_2__mac_col_inst/mac_16in_instance/U319): (470.00, 681.80) --> (487.20, 683.60)
	Runtime: CPU: 0:00:07.8 REAL: 0:00:04.0 MEM: 1951.6MB
Summary Report:
Instances move: 48564 (out of 49536 movable)
Mean displacement: 3.54 um
Max displacement: 167.40 um (Instance: sfp_instance/FE_OCPC3392_FE_OFN2672_n1406) (638.6, 406.4) -> (491, 386.6)
	Length: 7 sites, height: 1 rows, site name: core, cell type: CKBD3
Runtime: CPU: 0:03:04 REAL: 0:01:22 MEM: 1951.6MB
*** Finished refinePlace (0:31:55 mem=1951.6M) ***
Trial Route Overflow 0(H) 0(V)
Starting congestion repair ...
[NR-eagl] Detected a user setting of 'getTrialRouteMode -handlePreroute true' which was ignored.
[NR-eagl] honorMsvRouteConstraint: false
[NR-eagl] honorClockSpecNDR      : 0
[NR-eagl] minRouteLayer          : 2
[NR-eagl] maxRouteLayer          : 6
[NR-eagl] numTracksPerClockWire  : 0
[NR-eagl] Layer1 has no routable track
[NR-eagl] Layer2 has single uniform track structure
[NR-eagl] Layer3 has single uniform track structure
[NR-eagl] Layer4 has single uniform track structure
[NR-eagl] Layer5 has single uniform track structure
[NR-eagl] Layer6 has single uniform track structure
[NR-eagl] numRoutingBlks=0 numInstBlks=612 numPGBlocks=1842 numBumpBlks=0 numBoundaryFakeBlks=0
[NR-eagl] numPreroutedNet = 0  numPreroutedWires = 0
[NR-eagl] Read numTotalNets=52848  numIgnoredNets=0
[NR-eagl] There are 2 clock nets ( 0 with NDR ).
[NR-eagl] ============ Routing rule table ============
[NR-eagl] Rule id 0. Nets 52848 
[NR-eagl] id=0  routeTrackId=0  extraSpace=0  numShields=0  maxHorDemand=1  maxVerDemand=1
[NR-eagl] Pitch:  L1=360  L2=400  L3=400  L4=400  L5=400  L6=400
[NR-eagl] ========================================
[NR-eagl] 
[NR-eagl] Layer group 1: route 52848 net(s) in layer range [2, 6]
[NR-eagl] earlyGlobalRoute overflow of layer group 1: 0.01% H + 0.00% V. EstWL: 1.104709e+06um
[NR-eagl] 
[NR-eagl] Overflow after earlyGlobalRoute (GR compatible) 0.01% H + 0.00% V
[NR-eagl] Overflow after earlyGlobalRoute 0.01% H + 0.00% V
Local HotSpot Analysis: normalized max congestion hotspot area = 0.00, normalized total congestion hotspot area = 0.00 (area is in unit of 4 std-cell row bins)
describeCongestion: hCong = 0.00 vCong = 0.00
Skipped repairing congestion.
[NR-eagl] Layer1(M1)(F) length: 0.000000e+00um, number of vias: 179436
[NR-eagl] Layer2(M2)(V) length: 3.498494e+05um, number of vias: 249036
[NR-eagl] Layer3(M3)(H) length: 4.311383e+05um, number of vias: 13351
[NR-eagl] Layer4(M4)(V) length: 1.981788e+05um, number of vias: 3468
[NR-eagl] Layer5(M5)(H) length: 1.061338e+05um, number of vias: 822
[NR-eagl] Layer6(M6)(V) length: 4.703422e+04um, number of vias: 0
[NR-eagl] Total length: 1.132335e+06um, number of vias: 446113
End of congRepair (cpu=0:00:02.6, real=0:00:03.0)
Start to check current routing status for nets...
All nets are already routed correctly.
End to check current routing status for nets (mem=1867.6M)
Extraction called for design 'core' of instances=49539 and nets=53013 using extraction engine 'preRoute' .
PreRoute RC Extraction called for design core.
RC Extraction called in multi-corner(2) mode.
**WARN: (IMPEXT-3442):	The version of the capacitance table file being used is obsolete and is no longer recommended. For improved accuracy, generate the capacitance table file using the generateCapTbl command.
RCMode: PreRoute
      RC Corner Indexes            0       1   
Capacitance Scaling Factor   : 1.00000 1.00000 
Resistance Scaling Factor    : 1.00000 1.00000 
Clock Cap. Scaling Factor    : 1.00000 1.00000 
Clock Res. Scaling Factor    : 1.00000 1.00000 
Shrink Factor                : 1.00000
PreRoute extraction is honoring NDR/Shielding/ExtraSpace for clock nets.
Using capacitance table file ...
Updating RC grid for preRoute extraction ...
Initializing multi-corner capacitance tables ... 
Initializing multi-corner resistance tables ...
PreRoute RC Extraction DONE (CPU Time: 0:00:00.6  Real Time: 0:00:00.0  MEM: 1867.586M)
Compute RC Scale Done ...
**optDesign ... cpu = 0:21:22, real = 0:08:38, mem = 1856.4M, totSessionCpu=0:32:00 **
Include MVT Delays for Hold Opt
#################################################################################
# Design Stage: PreRoute
# Design Name: core
# Design Mode: 65nm
# Analysis Mode: MMMC Non-OCV 
# Parasitics Mode: No SPEF/RCDB
# Signoff Settings: SI Off 
#################################################################################
Calculate delays in BcWc mode...
End delay calculation. (MEM=2384.67 CPU=0:00:07.9 REAL=0:00:02.0)
*** CDM Built up (cpu=0:00:10.7  real=0:00:03.0  mem= 2384.7M) ***
Leakage Power Opt: re-selecting buf/inv list 
**INFO: Num dontuse cells 99, Num usable cells 779
optDesignOneStep: Leakage Power Flow
**INFO: Num dontuse cells 99, Num usable cells 779
Begin: GigaOpt DRV Optimization
GigaOpt DRV : Use maxLocalDensity 3.0 (from dbgIPOMaxLocalDensity=0.98, optModeMaxLocDen=0.98)
Info: 2 clock nets excluded from IPO operation.
+--------------------------------------------------------------------------------------------------------------------------------------------------------------+
|      max-tran     |      max-cap      |     max-fanout    |     max-length    |       |           |           |           |         |            |           |
+--------------------------------------------------------------------------------------------------------------------------------------------------------------+
|  nets   |  terms  |  nets   |  terms  |  nets   |  terms  |  nets   |  terms  |  WNS  |  #Buffer  | #Inverter |  #Resize  | Density |    Real    |    Mem    |
+--------------------------------------------------------------------------------------------------------------------------------------------------------------+
|    89   |  1084   |    42   |     42  |     0   |     0   |     0   |     0   | -2.80 |          0|          0|          0|  33.84  |            |           |
|     2   |    15   |     1   |      1  |     0   |     0   |     0   |     0   | -2.80 |         19|          0|         70|  33.85  |   0:00:01.0|    2689.5M|
|     0   |     0   |     0   |      0  |     0   |     0   |     0   |     0   | -2.80 |          2|          0|          0|  33.86  |   0:00:00.0|    2689.5M|
|     0   |     0   |     0   |      0  |     0   |     0   |     0   |     0   | -2.80 |          0|          0|          0|  33.86  |   0:00:00.0|    2689.5M|
+--------------------------------------------------------------------------------------------------------------------------------------------------------------+

*** Finish DRV Fixing (cpu=0:00:04.3 real=0:00:01.0 mem=2689.5M) ***

*** Starting refinePlace (0:32:24 mem=2689.5M) ***
Total net bbox length = 9.919e+05 (4.747e+05 5.172e+05) (ext = 6.104e+04)
Move report: Detail placement moves 46 insts, mean move: 1.07 um, max move: 5.40 um
	Max move on inst (FE_OFC3519_sfp_out_105_): (169.40, 338.00) --> (169.40, 332.60)
	Runtime: CPU: 0:00:00.5 REAL: 0:00:01.0 MEM: 2689.5MB
Summary Report:
Instances move: 46 (out of 49557 movable)
Mean displacement: 1.07 um
Max displacement: 5.40 um (Instance: FE_OFC3519_sfp_out_105_) (169.4, 338) -> (169.4, 332.6)
	Length: 22 sites, height: 1 rows, site name: core, cell type: CKBD12
Total net bbox length = 9.920e+05 (4.747e+05 5.172e+05) (ext = 6.104e+04)
Runtime: CPU: 0:00:00.6 REAL: 0:00:01.0 MEM: 2689.5MB
*** Finished refinePlace (0:32:25 mem=2689.5M) ***
Finished re-routing un-routed nets (0:00:00.0 2689.5M)


Density : 0.3386
Max route overflow : 0.0001


*** Finish Physical Update (cpu=0:00:01.4 real=0:00:01.0 mem=2689.5M) ***
End: GigaOpt DRV Optimization
GigaOpt DRV: restore maxLocalDensity to 0.98
Leakage Power Opt: resetting the buf/inv selection
** Profile ** Start :  cpu=0:00:00.0, mem=1939.2M
** Profile ** Other data :  cpu=0:00:00.1, mem=1939.2M
** Profile ** Overall slacks :  cpu=0:00:00.3, mem=2049.1M
** Profile ** DRVs :  cpu=0:00:00.8, mem=2049.1M

------------------------------------------------------------
     Summary (cpu=0.20min real=0.15min mem=1939.2M)                             
------------------------------------------------------------

Setup views included:
 WC_VIEW 

+--------------------+---------+---------+---------+
|     Setup mode     |   all   | reg2reg | default |
+--------------------+---------+---------+---------+
|           WNS (ns):| -2.801  | -2.801  | -2.291  |
|           TNS (ns):| -1299.2 | -1299.2 | -1002.1 |
|    Violating Paths:|  1202   |  1202   |   620   |
|          All Paths:|  8401   |  6831   |  3064   |
+--------------------+---------+---------+---------+

+----------------+-------------------------------+------------------+
|                |              Real             |       Total      |
|    DRVs        +------------------+------------+------------------|
|                |  Nr nets(terms)  | Worst Vio  |  Nr nets(terms)  |
+----------------+------------------+------------+------------------+
|   max_cap      |      0 (0)       |   0.000    |      0 (0)       |
|   max_tran     |      0 (0)       |   0.000    |      0 (0)       |
|   max_fanout   |      0 (0)       |     0      |      0 (0)       |
|   max_length   |      0 (0)       |     0      |      0 (0)       |
+----------------+------------------+------------+------------------+

Density: 33.856%
Routing Overflow: 0.01% H and 0.00% V
------------------------------------------------------------
** Profile ** Report data :  cpu=0:00:00.0, mem=2049.1M
**optDesign ... cpu = 0:21:49, real = 0:08:52, mem = 1939.2M, totSessionCpu=0:32:27 **
*** Timing NOT met, worst failing slack is -2.801
*** Check timing (0:00:00.0)
**INFO: Num dontuse cells 99, Num usable cells 779
optDesignOneStep: Leakage Power Flow
**INFO: Num dontuse cells 99, Num usable cells 779
Begin: GigaOpt Optimization in WNS mode
Info: 2 clock nets excluded from IPO operation.
*info: 2 clock nets excluded
*info: 2 special nets excluded.
*info: 159 no-driver nets excluded.
** GigaOpt Optimizer WNS Slack -2.801 TNS Slack -1299.199 Density 33.86
Optimizer WNS Pass 0
Active Path Group: reg2reg  
+--------+---------+---------+---------+----------+------------+--------+----------+---------+----------------------------------------------------+
|  WNS   | All WNS |   TNS   | All TNS | Density  |    Real    |  Mem   |Worst View|Pathgroup|                     End Point                      |
+--------+---------+---------+---------+----------+------------+--------+----------+---------+----------------------------------------------------+
|  -2.801|   -2.801|-1299.199|-1299.199|    33.86%|   0:00:00.0| 2631.7M|   WC_VIEW|  reg2reg| sfp_instance/R_6815/D                              |
|  -2.784|   -2.784|-1298.010|-1298.010|    33.86%|   0:00:00.0| 2638.7M|   WC_VIEW|  reg2reg| sfp_instance/R_6815/D                              |
|  -2.776|   -2.776|-1297.806|-1297.806|    33.86%|   0:00:00.0| 2641.6M|   WC_VIEW|  reg2reg| sfp_instance/R_8197/D                              |
|  -2.759|   -2.759|-1297.436|-1297.436|    33.86%|   0:00:00.0| 2641.6M|   WC_VIEW|  reg2reg| sfp_instance/R_6815/D                              |
|  -2.747|   -2.747|-1296.750|-1296.750|    33.86%|   0:00:00.0| 2644.5M|   WC_VIEW|  reg2reg| sfp_instance/R_6815/D                              |
|  -2.724|   -2.724|-1294.949|-1294.949|    33.86%|   0:00:01.0| 2644.5M|   WC_VIEW|  reg2reg| sfp_instance/R_6815/D                              |
|  -2.717|   -2.717|-1294.647|-1294.647|    33.86%|   0:00:00.0| 2644.5M|   WC_VIEW|  reg2reg| sfp_instance/R_6815/D                              |
|  -2.707|   -2.707|-1293.963|-1293.963|    33.86%|   0:00:00.0| 2644.5M|   WC_VIEW|  reg2reg| sfp_instance/R_6815/D                              |
|  -2.688|   -2.688|-1292.715|-1292.715|    33.86%|   0:00:00.0| 2644.5M|   WC_VIEW|  reg2reg| sfp_instance/R_6815/D                              |
|  -2.671|   -2.671|-1291.542|-1291.542|    33.86%|   0:00:00.0| 2644.5M|   WC_VIEW|  reg2reg| sfp_instance/R_8197/D                              |
|  -2.652|   -2.652|-1290.344|-1290.344|    33.86%|   0:00:00.0| 2644.5M|   WC_VIEW|  reg2reg| sfp_instance/R_8197/D                              |
|  -2.643|   -2.643|-1289.204|-1289.204|    33.86%|   0:00:00.0| 2644.5M|   WC_VIEW|  reg2reg| sfp_instance/R_8197/D                              |
|  -2.629|   -2.629|-1288.163|-1288.163|    33.86%|   0:00:00.0| 2644.5M|   WC_VIEW|  reg2reg| sfp_instance/R_6476/D                              |
|  -2.621|   -2.621|-1287.616|-1287.616|    33.86%|   0:00:00.0| 2644.5M|   WC_VIEW|  reg2reg| sfp_instance/R_6476/D                              |
|  -2.610|   -2.610|-1286.692|-1286.692|    33.87%|   0:00:00.0| 2644.5M|   WC_VIEW|  reg2reg| sfp_instance/R_6476/D                              |
|  -2.594|   -2.594|-1285.439|-1285.439|    33.87%|   0:00:01.0| 2644.5M|   WC_VIEW|  reg2reg| sfp_instance/R_6476/D                              |
|  -2.582|   -2.582|-1284.552|-1284.552|    33.87%|   0:00:00.0| 2644.5M|   WC_VIEW|  reg2reg| sfp_instance/R_6476/D                              |
|  -2.568|   -2.568|-1283.684|-1283.684|    33.87%|   0:00:00.0| 2644.5M|   WC_VIEW|  reg2reg| sfp_instance/R_6476/D                              |
|  -2.561|   -2.561|-1283.010|-1283.010|    33.87%|   0:00:00.0| 2644.5M|   WC_VIEW|  reg2reg| sfp_instance/R_6476/D                              |
|  -2.549|   -2.549|-1282.274|-1282.274|    33.87%|   0:00:00.0| 2644.5M|   WC_VIEW|  reg2reg| sfp_instance/R_6476/D                              |
|  -2.542|   -2.542|-1281.649|-1281.649|    33.87%|   0:00:00.0| 2644.5M|   WC_VIEW|  reg2reg| sfp_instance/R_6476/D                              |
|  -2.537|   -2.537|-1281.288|-1281.288|    33.88%|   0:00:00.0| 2644.5M|   WC_VIEW|  reg2reg| sfp_instance/R_6476/D                              |
|  -2.524|   -2.524|-1280.209|-1280.209|    33.88%|   0:00:00.0| 2644.5M|   WC_VIEW|  reg2reg| sfp_instance/R_6476/D                              |
|  -2.510|   -2.510|-1279.391|-1279.391|    33.88%|   0:00:00.0| 2644.5M|   WC_VIEW|  reg2reg| sfp_instance/R_6476/D                              |
|  -2.496|   -2.496|-1278.527|-1278.527|    33.88%|   0:00:00.0| 2644.5M|   WC_VIEW|  reg2reg| sfp_instance/R_8514/D                              |
|  -2.482|   -2.482|-1277.625|-1277.625|    33.88%|   0:00:01.0| 2644.5M|   WC_VIEW|  reg2reg| sfp_instance/R_8514/D                              |
|  -2.469|   -2.469|-1277.039|-1277.039|    33.88%|   0:00:00.0| 2644.5M|   WC_VIEW|  reg2reg| sfp_instance/R_8515/D                              |
|  -2.458|   -2.458|-1276.202|-1276.202|    33.88%|   0:00:00.0| 2644.5M|   WC_VIEW|  reg2reg| sfp_instance/R_7086/D                              |
|  -2.447|   -2.447|-1275.374|-1275.374|    33.89%|   0:00:00.0| 2644.5M|   WC_VIEW|  reg2reg| sfp_instance/R_7957/D                              |
|  -2.436|   -2.436|-1274.777|-1274.777|    33.89%|   0:00:00.0| 2644.5M|   WC_VIEW|  reg2reg| sfp_instance/R_7086/D                              |
|  -2.424|   -2.424|-1274.068|-1274.068|    33.89%|   0:00:00.0| 2644.5M|   WC_VIEW|  reg2reg| sfp_instance/R_6815/D                              |
|  -2.418|   -2.418|-1273.510|-1273.510|    33.89%|   0:00:00.0| 2644.5M|   WC_VIEW|  reg2reg| sfp_instance/R_6815/D                              |
|  -2.406|   -2.406|-1272.351|-1272.351|    33.90%|   0:00:01.0| 2644.5M|   WC_VIEW|  reg2reg| sfp_instance/R_8197/D                              |
|  -2.399|   -2.399|-1271.858|-1271.858|    33.90%|   0:00:00.0| 2644.5M|   WC_VIEW|  reg2reg| sfp_instance/R_8197/D                              |
|  -2.398|   -2.398|-1271.832|-1271.832|    33.90%|   0:00:00.0| 2644.5M|   WC_VIEW|  reg2reg| sfp_instance/R_8197/D                              |
|  -2.386|   -2.386|-1270.849|-1270.849|    33.90%|   0:00:00.0| 2644.5M|   WC_VIEW|  reg2reg| sfp_instance/R_8197/D                              |
|  -2.375|   -2.375|-1270.210|-1270.210|    33.90%|   0:00:00.0| 2644.5M|   WC_VIEW|  reg2reg| sfp_instance/R_8197/D                              |
|  -2.367|   -2.367|-1269.684|-1269.684|    33.90%|   0:00:00.0| 2644.5M|   WC_VIEW|  reg2reg| sfp_instance/R_8197/D                              |
|  -2.367|   -2.367|-1269.556|-1269.556|    33.91%|   0:00:00.0| 2644.5M|   WC_VIEW|  reg2reg| sfp_instance/R_8197/D                              |
|  -2.366|   -2.366|-1269.527|-1269.527|    33.91%|   0:00:00.0| 2644.5M|   WC_VIEW|  reg2reg| sfp_instance/R_8197/D                              |
|  -2.358|   -2.358|-1268.814|-1268.814|    33.91%|   0:00:00.0| 2644.5M|   WC_VIEW|  reg2reg| sfp_instance/R_8197/D                              |
|  -2.350|   -2.350|-1268.403|-1268.403|    33.91%|   0:00:01.0| 2644.5M|   WC_VIEW|  reg2reg| sfp_instance/R_8197/D                              |
|  -2.346|   -2.346|-1268.079|-1268.079|    33.91%|   0:00:00.0| 2644.5M|   WC_VIEW|  reg2reg| sfp_instance/R_8197/D                              |
|  -2.346|   -2.346|-1267.925|-1267.925|    33.91%|   0:00:00.0| 2644.5M|   WC_VIEW|  reg2reg| sfp_instance/R_6815/D                              |
|  -2.346|   -2.346|-1267.921|-1267.921|    33.92%|   0:00:00.0| 2644.5M|   WC_VIEW|  reg2reg| sfp_instance/R_6815/D                              |
|  -2.334|   -2.334|-1267.064|-1267.064|    33.92%|   0:00:00.0| 2644.5M|   WC_VIEW|  reg2reg| sfp_instance/R_8197/D                              |
|  -2.331|   -2.331|-1266.983|-1266.983|    33.92%|   0:00:00.0| 2644.5M|   WC_VIEW|  reg2reg| sfp_instance/R_8197/D                              |
|  -2.331|   -2.331|-1266.979|-1266.979|    33.92%|   0:00:00.0| 2644.5M|   WC_VIEW|  reg2reg| sfp_instance/R_8197/D                              |
|  -2.331|   -2.331|-1266.963|-1266.963|    33.92%|   0:00:00.0| 2644.5M|   WC_VIEW|  reg2reg| sfp_instance/R_8197/D                              |
|  -2.324|   -2.324|-1266.527|-1266.527|    33.92%|   0:00:00.0| 2644.5M|   WC_VIEW|  reg2reg| sfp_instance/R_8197/D                              |
|  -2.320|   -2.320|-1266.187|-1266.187|    33.93%|   0:00:01.0| 2644.5M|   WC_VIEW|  reg2reg| sfp_instance/R_8197/D                              |
|  -2.317|   -2.317|-1265.974|-1265.974|    33.93%|   0:00:00.0| 2644.5M|   WC_VIEW|  reg2reg| sfp_instance/R_8197/D                              |
|  -2.308|   -2.308|-1265.268|-1265.268|    33.93%|   0:00:00.0| 2644.5M|   WC_VIEW|  reg2reg| sfp_instance/R_8197/D                              |
|  -2.302|   -2.302|-1264.797|-1264.797|    33.93%|   0:00:00.0| 2644.5M|   WC_VIEW|  reg2reg| sfp_instance/R_8197/D                              |
|  -2.302|   -2.302|-1264.780|-1264.780|    33.93%|   0:00:00.0| 2644.5M|   WC_VIEW|  reg2reg| sfp_instance/R_8197/D                              |
|  -2.296|   -2.296|-1264.252|-1264.252|    33.93%|   0:00:00.0| 2644.5M|   WC_VIEW|  reg2reg| sfp_instance/R_8197/D                              |
|  -2.295|   -2.295|-1264.230|-1264.230|    33.93%|   0:00:00.0| 2644.5M|   WC_VIEW|  reg2reg| sfp_instance/R_8197/D                              |
|  -2.286|   -2.286|-1263.546|-1263.546|    33.94%|   0:00:00.0| 2644.5M|   WC_VIEW|  reg2reg| sfp_instance/R_8197/D                              |
|  -2.275|   -2.275|-1262.683|-1262.683|    33.94%|   0:00:01.0| 2663.6M|   WC_VIEW|  reg2reg| sfp_instance/R_6815/D                              |
|  -2.268|   -2.268|-1262.359|-1262.359|    33.94%|   0:00:00.0| 2663.6M|   WC_VIEW|  reg2reg| sfp_instance/R_6815/D                              |
|  -2.266|   -2.266|-1262.174|-1262.174|    33.94%|   0:00:01.0| 2663.6M|   WC_VIEW|  reg2reg| sfp_instance/R_6815/D                              |
|  -2.257|   -2.257|-1261.413|-1261.413|    33.94%|   0:00:00.0| 2663.6M|   WC_VIEW|  reg2reg| sfp_instance/R_8197/D                              |
|  -2.257|   -2.257|-1261.098|-1261.098|    33.94%|   0:00:00.0| 2663.6M|   WC_VIEW|  reg2reg| sfp_instance/R_6815/D                              |
|  -2.257|   -2.257|-1261.084|-1261.084|    33.94%|   0:00:00.0| 2663.6M|   WC_VIEW|  reg2reg| sfp_instance/R_6815/D                              |
|  -2.255|   -2.255|-1260.975|-1260.975|    33.95%|   0:00:00.0| 2663.6M|   WC_VIEW|  reg2reg| sfp_instance/R_6815/D                              |
|  -2.243|   -2.243|-1260.172|-1260.172|    33.95%|   0:00:01.0| 2663.6M|   WC_VIEW|  reg2reg| sfp_instance/R_8197/D                              |
|  -2.231|   -2.231|-1259.250|-1259.250|    33.95%|   0:00:00.0| 2663.6M|   WC_VIEW|  reg2reg| sfp_instance/R_8197/D                              |
|  -2.219|   -2.219|-1258.566|-1258.566|    33.95%|   0:00:00.0| 2663.6M|   WC_VIEW|  reg2reg| sfp_instance/R_8197/D                              |
|  -2.206|   -2.206|-1257.726|-1257.726|    33.95%|   0:00:00.0| 2663.6M|   WC_VIEW|  reg2reg| sfp_instance/R_6815/D                              |
|  -2.197|   -2.197|-1256.954|-1256.954|    33.95%|   0:00:00.0| 2663.6M|   WC_VIEW|  reg2reg| sfp_instance/R_8514/D                              |
|  -2.191|   -2.191|-1256.797|-1256.797|    33.96%|   0:00:01.0| 2663.6M|   WC_VIEW|  reg2reg| sfp_instance/R_8514/D                              |
|  -2.185|   -2.185|-1256.311|-1256.311|    33.96%|   0:00:00.0| 2663.6M|   WC_VIEW|  reg2reg| sfp_instance/R_8514/D                              |
|  -2.172|   -2.172|-1253.612|-1253.612|    33.96%|   0:00:00.0| 2663.6M|   WC_VIEW|  reg2reg| sfp_instance/div_18_u_div_u_add_PartRem_0_1_R_9333 |
|        |         |         |         |          |            |        |          |         | /D                                                 |
|  -2.150|   -2.150|-1245.313|-1245.313|    33.96%|   0:00:01.0| 2663.6M|   WC_VIEW|  reg2reg| sfp_instance/div_18_u_div_u_add_PartRem_0_1_R_9333 |
|        |         |         |         |          |            |        |          |         | /D                                                 |
|  -2.141|   -2.141|-1240.481|-1240.481|    33.96%|   0:00:00.0| 2663.6M|   WC_VIEW|  reg2reg| sfp_instance/R_8514/D                              |
|  -2.134|   -2.134|-1238.637|-1238.637|    33.96%|   0:00:00.0| 2663.6M|   WC_VIEW|  reg2reg| sfp_instance/div_18_u_div_u_add_PartRem_0_1_R_9333 |
|        |         |         |         |          |            |        |          |         | /D                                                 |
|  -2.124|   -2.124|-1235.827|-1235.827|    33.96%|   0:00:00.0| 2663.6M|   WC_VIEW|  reg2reg| sfp_instance/R_6973/D                              |
|  -2.115|   -2.115|-1234.131|-1234.131|    33.96%|   0:00:00.0| 2663.6M|   WC_VIEW|  reg2reg| sfp_instance/R_8514/D                              |
|  -2.109|   -2.109|-1233.058|-1233.058|    33.97%|   0:00:00.0| 2663.6M|   WC_VIEW|  reg2reg| sfp_instance/R_8514/D                              |
|  -2.101|   -2.101|-1229.536|-1229.536|    33.97%|   0:00:01.0| 2663.6M|   WC_VIEW|  reg2reg| sfp_instance/R_6973/D                              |
|  -2.094|   -2.094|-1226.997|-1226.997|    33.97%|   0:00:00.0| 2663.6M|   WC_VIEW|  reg2reg| sfp_instance/R_8514/D                              |
|  -2.086|   -2.086|-1224.748|-1224.748|    33.97%|   0:00:00.0| 2663.6M|   WC_VIEW|  reg2reg| sfp_instance/R_5132/D                              |
|  -2.085|   -2.085|-1221.293|-1221.293|    33.98%|   0:00:00.0| 2663.6M|   WC_VIEW|  reg2reg| sfp_instance/R_8514/D                              |
|  -2.081|   -2.081|-1221.317|-1221.317|    33.98%|   0:00:01.0| 2663.6M|   WC_VIEW|  reg2reg| sfp_instance/R_8197/D                              |
|  -2.080|   -2.080|-1221.275|-1221.275|    33.98%|   0:00:00.0| 2663.6M|   WC_VIEW|  reg2reg| sfp_instance/R_6815/D                              |
|  -2.080|   -2.080|-1221.235|-1221.235|    33.98%|   0:00:00.0| 2663.6M|   WC_VIEW|  reg2reg| sfp_instance/R_6815/D                              |
|  -2.080|   -2.080|-1221.223|-1221.223|    33.98%|   0:00:00.0| 2663.6M|   WC_VIEW|  reg2reg| sfp_instance/R_6815/D                              |
|  -2.073|   -2.073|-1220.902|-1220.902|    33.98%|   0:00:00.0| 2663.6M|   WC_VIEW|  reg2reg| sfp_instance/R_6815/D                              |
|  -2.073|   -2.073|-1219.218|-1219.218|    33.98%|   0:00:00.0| 2663.6M|   WC_VIEW|  reg2reg| sfp_instance/R_6815/D                              |
|  -2.069|   -2.069|-1218.875|-1218.875|    33.99%|   0:00:00.0| 2663.6M|   WC_VIEW|  reg2reg| sfp_instance/R_6815/D                              |
|  -2.068|   -2.068|-1218.643|-1218.643|    33.99%|   0:00:01.0| 2663.6M|   WC_VIEW|  reg2reg| sfp_instance/R_6815/D                              |
|  -2.062|   -2.062|-1216.277|-1216.277|    33.99%|   0:00:00.0| 2663.6M|   WC_VIEW|  reg2reg| sfp_instance/R_8514/D                              |
|  -2.061|   -2.061|-1214.205|-1214.205|    33.99%|   0:00:00.0| 2663.6M|   WC_VIEW|  reg2reg| sfp_instance/R_8197/D                              |
|  -2.061|   -2.061|-1213.772|-1213.772|    34.00%|   0:00:00.0| 2663.6M|   WC_VIEW|  reg2reg| sfp_instance/R_8514/D                              |
|  -2.056|   -2.056|-1213.465|-1213.465|    34.00%|   0:00:00.0| 2663.6M|   WC_VIEW|  reg2reg| sfp_instance/R_8514/D                              |
|  -2.054|   -2.054|-1213.307|-1213.307|    34.00%|   0:00:01.0| 2663.6M|   WC_VIEW|  reg2reg| sfp_instance/R_8197/D                              |
|  -2.054|   -2.054|-1212.567|-1212.567|    34.00%|   0:00:00.0| 2663.6M|   WC_VIEW|  reg2reg| sfp_instance/R_8197/D                              |
|  -2.045|   -2.045|-1211.680|-1211.680|    34.00%|   0:00:00.0| 2663.6M|   WC_VIEW|  reg2reg| sfp_instance/R_5132/D                              |
|  -2.043|   -2.043|-1208.012|-1208.012|    34.01%|   0:00:00.0| 2663.6M|   WC_VIEW|  reg2reg| sfp_instance/R_8197/D                              |
|  -2.043|   -2.043|-1206.653|-1206.653|    34.01%|   0:00:00.0| 2663.6M|   WC_VIEW|  reg2reg| sfp_instance/R_8197/D                              |
|  -2.033|   -2.033|-1205.641|-1205.641|    34.01%|   0:00:01.0| 2663.6M|   WC_VIEW|  reg2reg| sfp_instance/R_6973/D                              |
|  -2.027|   -2.027|-1203.077|-1203.077|    34.01%|   0:00:00.0| 2663.6M|   WC_VIEW|  reg2reg| sfp_instance/R_8197/D                              |
|  -2.027|   -2.027|-1201.401|-1201.401|    34.02%|   0:00:00.0| 2663.6M|   WC_VIEW|  reg2reg| sfp_instance/R_8197/D                              |
|  -2.027|   -2.027|-1200.981|-1200.981|    34.02%|   0:00:00.0| 2663.6M|   WC_VIEW|  reg2reg| sfp_instance/R_8197/D                              |
|  -2.017|   -2.017|-1199.853|-1199.853|    34.02%|   0:00:01.0| 2663.6M|   WC_VIEW|  reg2reg| sfp_instance/R_7258/D                              |
|  -2.014|   -2.014|-1195.089|-1195.089|    34.02%|   0:00:00.0| 2663.6M|   WC_VIEW|  reg2reg| sfp_instance/R_6973/D                              |
|  -2.009|   -2.009|-1193.908|-1193.908|    34.02%|   0:00:00.0| 2663.6M|   WC_VIEW|  reg2reg| sfp_instance/R_8197/D                              |
|  -2.003|   -2.003|-1190.803|-1190.803|    34.03%|   0:00:00.0| 2663.6M|   WC_VIEW|  reg2reg| sfp_instance/R_8197/D                              |
|  -2.002|   -2.002|-1189.295|-1189.295|    34.03%|   0:00:01.0| 2663.6M|   WC_VIEW|  reg2reg| sfp_instance/R_5830/D                              |
|  -2.001|   -2.001|-1186.822|-1186.822|    34.03%|   0:00:00.0| 2663.6M|   WC_VIEW|  reg2reg| sfp_instance/R_8197/D                              |
|  -2.001|   -2.001|-1186.376|-1186.376|    34.03%|   0:00:00.0| 2663.6M|   WC_VIEW|  reg2reg| sfp_instance/R_8197/D                              |
|  -1.993|   -1.993|-1185.938|-1185.938|    34.03%|   0:00:00.0| 2663.6M|   WC_VIEW|  reg2reg| sfp_instance/R_8197/D                              |
|  -1.985|   -1.985|-1181.478|-1181.478|    34.03%|   0:00:01.0| 2663.6M|   WC_VIEW|  reg2reg| sfp_instance/R_7258/D                              |
|  -1.982|   -1.982|-1179.743|-1179.743|    34.03%|   0:00:00.0| 2663.6M|   WC_VIEW|  reg2reg| sfp_instance/R_8197/D                              |
|  -1.982|   -1.982|-1178.942|-1178.942|    34.03%|   0:00:00.0| 2663.6M|   WC_VIEW|  reg2reg| sfp_instance/R_8197/D                              |
|  -1.974|   -1.974|-1178.375|-1178.375|    34.04%|   0:00:01.0| 2663.6M|   WC_VIEW|  reg2reg| sfp_instance/R_8573/D                              |
|  -1.981|   -1.981|-1175.289|-1175.289|    34.05%|   0:00:00.0| 2663.6M|   WC_VIEW|  reg2reg| sfp_instance/R_7568/D                              |
|  -1.969|   -1.969|-1174.237|-1174.237|    34.05%|   0:00:00.0| 2663.6M|   WC_VIEW|  reg2reg| sfp_instance/R_8197/D                              |
|  -1.966|   -1.966|-1171.327|-1171.327|    34.05%|   0:00:00.0| 2663.6M|   WC_VIEW|  reg2reg| sfp_instance/R_8514/D                              |
|  -1.964|   -1.964|-1170.939|-1170.939|    34.05%|   0:00:00.0| 2663.6M|   WC_VIEW|  reg2reg| sfp_instance/R_8197/D                              |
|  -1.964|   -1.964|-1169.875|-1169.875|    34.06%|   0:00:01.0| 2663.6M|   WC_VIEW|  reg2reg| sfp_instance/R_8197/D                              |
|  -1.964|   -1.964|-1169.869|-1169.869|    34.06%|   0:00:00.0| 2663.6M|   WC_VIEW|  reg2reg| sfp_instance/R_8197/D                              |
|  -1.956|   -1.956|-1169.392|-1169.392|    34.06%|   0:00:00.0| 2663.6M|   WC_VIEW|  reg2reg| sfp_instance/R_6901/D                              |
|  -1.952|   -1.952|-1165.040|-1165.040|    34.07%|   0:00:00.0| 2663.6M|   WC_VIEW|  reg2reg| sfp_instance/div_18_u_div_u_add_PartRem_0_2_R_7838 |
|        |         |         |         |          |            |        |          |         | /D                                                 |
|  -1.945|   -1.945|-1163.617|-1163.617|    34.07%|   0:00:01.0| 2663.6M|   WC_VIEW|  reg2reg| sfp_instance/R_8197/D                              |
|  -1.942|   -1.942|-1158.050|-1158.050|    34.08%|   0:00:00.0| 2663.6M|   WC_VIEW|  reg2reg| sfp_instance/R_8197/D                              |
|  -1.942|   -1.942|-1156.598|-1156.598|    34.08%|   0:00:00.0| 2663.6M|   WC_VIEW|  reg2reg| sfp_instance/R_8197/D                              |
|  -1.939|   -1.939|-1156.373|-1156.373|    34.08%|   0:00:01.0| 2663.6M|   WC_VIEW|  reg2reg| sfp_instance/R_8197/D                              |
|  -1.939|   -1.939|-1155.286|-1155.286|    34.08%|   0:00:00.0| 2663.6M|   WC_VIEW|  reg2reg| sfp_instance/R_8197/D                              |
|  -1.933|   -1.933|-1154.781|-1154.781|    34.08%|   0:00:00.0| 2682.6M|   WC_VIEW|  reg2reg| sfp_instance/R_8197/D                              |
|  -1.928|   -1.928|-1151.772|-1151.772|    34.09%|   0:00:01.0| 2682.6M|   WC_VIEW|  reg2reg| sfp_instance/R_8197/D                              |
|  -1.929|   -1.929|-1150.359|-1150.359|    34.09%|   0:00:00.0| 2682.6M|   WC_VIEW|  reg2reg| sfp_instance/R_8197/D                              |
|  -1.925|   -1.925|-1150.073|-1150.073|    34.09%|   0:00:00.0| 2682.6M|   WC_VIEW|  reg2reg| sfp_instance/R_8197/D                              |
|  -1.925|   -1.925|-1149.130|-1149.130|    34.09%|   0:00:00.0| 2682.6M|   WC_VIEW|  reg2reg| sfp_instance/R_8197/D                              |
|  -1.919|   -1.919|-1149.007|-1149.007|    34.09%|   0:00:00.0| 2682.6M|   WC_VIEW|  reg2reg| sfp_instance/R_6815/D                              |
|  -1.915|   -1.915|-1144.188|-1144.188|    34.10%|   0:00:01.0| 2682.6M|   WC_VIEW|  reg2reg| sfp_instance/R_6815/D                              |
|  -1.915|   -1.915|-1143.788|-1143.788|    34.10%|   0:00:00.0| 2682.6M|   WC_VIEW|  reg2reg| sfp_instance/R_6815/D                              |
|  -1.915|   -1.915|-1143.783|-1143.783|    34.10%|   0:00:00.0| 2682.6M|   WC_VIEW|  reg2reg| sfp_instance/R_6815/D                              |
|  -1.912|   -1.912|-1143.538|-1143.538|    34.11%|   0:00:01.0| 2682.6M|   WC_VIEW|  reg2reg| sfp_instance/R_8197/D                              |
|  -1.908|   -1.908|-1140.984|-1140.984|    34.11%|   0:00:00.0| 2682.6M|   WC_VIEW|  reg2reg| sfp_instance/R_8197/D                              |
|  -1.906|   -1.906|-1138.741|-1138.741|    34.11%|   0:00:00.0| 2682.6M|   WC_VIEW|  reg2reg| sfp_instance/R_8197/D                              |
|  -1.906|   -1.906|-1138.169|-1138.169|    34.11%|   0:00:00.0| 2682.6M|   WC_VIEW|  reg2reg| sfp_instance/R_8197/D                              |
|  -1.904|   -1.904|-1137.777|-1137.777|    34.12%|   0:00:01.0| 2701.7M|   WC_VIEW|  reg2reg| sfp_instance/R_8197/D                              |
|  -1.906|   -1.906|-1136.766|-1136.766|    34.12%|   0:00:00.0| 2701.7M|   WC_VIEW|  reg2reg| sfp_instance/R_8197/D                              |
|  -1.897|   -1.897|-1136.221|-1136.221|    34.12%|   0:00:00.0| 2701.7M|   WC_VIEW|  reg2reg| sfp_instance/R_8514/D                              |
|  -1.897|   -1.897|-1133.783|-1133.783|    34.12%|   0:00:00.0| 2701.7M|   WC_VIEW|  reg2reg| sfp_instance/R_8514/D                              |
|  -1.897|   -1.897|-1133.541|-1133.541|    34.12%|   0:00:00.0| 2701.7M|   WC_VIEW|  reg2reg| sfp_instance/R_8514/D                              |
|  -1.888|   -1.888|-1132.810|-1132.810|    34.13%|   0:00:01.0| 2701.7M|   WC_VIEW|  reg2reg| sfp_instance/R_8317/D                              |
|  -1.884|   -1.884|-1126.827|-1126.827|    34.14%|   0:00:00.0| 2701.7M|   WC_VIEW|  reg2reg| sfp_instance/R_8514/D                              |
|  -1.885|   -1.885|-1124.711|-1124.711|    34.14%|   0:00:01.0| 2701.7M|   WC_VIEW|  reg2reg| sfp_instance/R_8514/D                              |
|  -1.876|   -1.876|-1123.845|-1123.845|    34.14%|   0:00:00.0| 2701.7M|   WC_VIEW|  reg2reg| sfp_instance/R_7361/D                              |
|  -1.873|   -1.873|-1121.266|-1121.266|    34.14%|   0:00:00.0| 2701.7M|   WC_VIEW|  reg2reg| sfp_instance/R_8514/D                              |
|  -1.873|   -1.873|-1120.399|-1120.399|    34.15%|   0:00:00.0| 2701.7M|   WC_VIEW|  reg2reg| sfp_instance/R_8514/D                              |
|  -1.866|   -1.866|-1119.479|-1119.479|    34.15%|   0:00:01.0| 2701.7M|   WC_VIEW|  reg2reg| sfp_instance/div_18_u_div_u_add_PartRem_0_7_R_5432 |
|        |         |         |         |          |            |        |          |         | /D                                                 |
|  -1.859|   -1.859|-1115.387|-1115.387|    34.15%|   0:00:00.0| 2701.7M|   WC_VIEW|  reg2reg| sfp_instance/R_8514/D                              |
|  -1.857|   -1.857|-1112.812|-1112.812|    34.16%|   0:00:00.0| 2701.7M|   WC_VIEW|  reg2reg| sfp_instance/R_8514/D                              |
|  -1.857|   -1.857|-1112.324|-1112.324|    34.16%|   0:00:01.0| 2701.7M|   WC_VIEW|  reg2reg| sfp_instance/R_8514/D                              |
|  -1.850|   -1.850|-1111.835|-1111.835|    34.16%|   0:00:00.0| 2701.7M|   WC_VIEW|  reg2reg| sfp_instance/R_8514/D                              |
|  -1.850|   -1.850|-1108.770|-1108.770|    34.17%|   0:00:00.0| 2701.7M|   WC_VIEW|  reg2reg| sfp_instance/R_8514/D                              |
|  -1.850|   -1.850|-1108.686|-1108.686|    34.17%|   0:00:00.0| 2701.7M|   WC_VIEW|  reg2reg| sfp_instance/R_8514/D                              |
|  -1.842|   -1.842|-1107.665|-1107.665|    34.17%|   0:00:01.0| 2701.7M|   WC_VIEW|  reg2reg| sfp_instance/R_8048/D                              |
|  -1.841|   -1.841|-1104.073|-1104.073|    34.18%|   0:00:00.0| 2701.7M|   WC_VIEW|  reg2reg| sfp_instance/R_6815/D                              |
|  -1.841|   -1.841|-1103.715|-1103.715|    34.19%|   0:00:00.0| 2701.7M|   WC_VIEW|  reg2reg| sfp_instance/R_6815/D                              |
|  -1.834|   -1.834|-1102.329|-1102.329|    34.19%|   0:00:01.0| 2701.7M|   WC_VIEW|  reg2reg| sfp_instance/R_6815/D                              |
|  -1.834|   -1.834|-1100.241|-1100.241|    34.20%|   0:00:00.0| 2701.7M|   WC_VIEW|  reg2reg| sfp_instance/R_6815/D                              |
|  -1.833|   -1.833|-1099.888|-1099.888|    34.20%|   0:00:00.0| 2701.7M|   WC_VIEW|  reg2reg| sfp_instance/R_6815/D                              |
|  -1.833|   -1.833|-1099.613|-1099.613|    34.20%|   0:00:00.0| 2701.7M|   WC_VIEW|  reg2reg| sfp_instance/R_6815/D                              |
|  -1.827|   -1.827|-1096.376|-1096.376|    34.21%|   0:00:01.0| 2701.7M|   WC_VIEW|  reg2reg| sfp_instance/R_6815/D                              |
|  -1.824|   -1.824|-1094.711|-1094.711|    34.21%|   0:00:01.0| 2701.7M|   WC_VIEW|  reg2reg| sfp_instance/R_8514/D                              |
|  -1.822|   -1.822|-1092.837|-1092.837|    34.22%|   0:00:00.0| 2701.7M|   WC_VIEW|  reg2reg| sfp_instance/R_8514/D                              |
|  -1.815|   -1.815|-1091.560|-1091.560|    34.22%|   0:00:00.0| 2701.7M|   WC_VIEW|  reg2reg| sfp_instance/R_8570/D                              |
|  -1.815|   -1.815|-1088.400|-1088.400|    34.23%|   0:00:01.0| 2701.7M|   WC_VIEW|  reg2reg| sfp_instance/R_8514/D                              |
|  -1.808|   -1.808|-1087.354|-1087.354|    34.23%|   0:00:00.0| 2720.8M|   WC_VIEW|  reg2reg| sfp_instance/R_7359/D                              |
|  -1.806|   -1.806|-1084.955|-1084.955|    34.23%|   0:00:01.0| 2739.9M|   WC_VIEW|  reg2reg| sfp_instance/R_8514/D                              |
|  -1.802|   -1.802|-1083.742|-1083.742|    34.24%|   0:00:01.0| 2739.9M|   WC_VIEW|  reg2reg| sfp_instance/R_8514/D                              |
|  -1.799|   -1.799|-1080.281|-1080.281|    34.24%|   0:00:01.0| 2739.9M|   WC_VIEW|  reg2reg| sfp_instance/R_6815/D                              |
|  -1.794|   -1.794|-1079.313|-1079.313|    34.25%|   0:00:00.0| 2739.9M|   WC_VIEW|  reg2reg| sfp_instance/R_6815/D                              |
|  -1.791|   -1.791|-1076.764|-1076.764|    34.26%|   0:00:01.0| 2739.9M|   WC_VIEW|  reg2reg| sfp_instance/R_8486/D                              |
|  -1.789|   -1.789|-1075.402|-1075.402|    34.27%|   0:00:01.0| 2739.9M|   WC_VIEW|  reg2reg| sfp_instance/R_5131/D                              |
|  -1.788|   -1.788|-1073.907|-1073.907|    34.27%|   0:00:00.0| 2739.9M|   WC_VIEW|  reg2reg| sfp_instance/R_8570/D                              |
|  -1.785|   -1.785|-1072.054|-1072.054|    34.28%|   0:00:01.0| 2739.9M|   WC_VIEW|  reg2reg| sfp_instance/R_6815/D                              |
|  -1.780|   -1.780|-1070.646|-1070.646|    34.29%|   0:00:00.0| 2739.9M|   WC_VIEW|  reg2reg| sfp_instance/R_7701/D                              |
|  -1.778|   -1.778|-1067.615|-1067.615|    34.30%|   0:00:01.0| 2739.9M|   WC_VIEW|  reg2reg| sfp_instance/R_8486/D                              |
|  -1.779|   -1.779|-1066.852|-1066.852|    34.30%|   0:00:01.0| 2739.9M|   WC_VIEW|  reg2reg| sfp_instance/R_8486/D                              |
|  -1.772|   -1.772|-1066.620|-1066.620|    34.30%|   0:00:00.0| 2739.9M|   WC_VIEW|  reg2reg| sfp_instance/R_8079/D                              |
|  -1.770|   -1.770|-1062.231|-1062.231|    34.31%|   0:00:01.0| 2739.9M|   WC_VIEW|  reg2reg| sfp_instance/R_5131/D                              |
|  -1.765|   -1.765|-1061.850|-1061.850|    34.32%|   0:00:00.0| 2739.9M|   WC_VIEW|  reg2reg| sfp_instance/R_6815/D                              |
|  -1.766|   -1.766|-1058.531|-1058.531|    34.32%|   0:00:01.0| 2739.9M|   WC_VIEW|  reg2reg| sfp_instance/R_7496/D                              |
|  -1.762|   -1.762|-1057.728|-1057.728|    34.32%|   0:00:00.0| 2739.9M|   WC_VIEW|  reg2reg| sfp_instance/R_8074/D                              |
|  -1.758|   -1.758|-1055.657|-1055.657|    34.33%|   0:00:01.0| 2739.9M|   WC_VIEW|  reg2reg| sfp_instance/R_5131/D                              |
|  -1.756|   -1.756|-1054.570|-1054.570|    34.33%|   0:00:00.0| 2739.9M|   WC_VIEW|  reg2reg| sfp_instance/R_8486/D                              |
|  -1.754|   -1.754|-1052.737|-1052.737|    34.33%|   0:00:00.0| 2739.9M|   WC_VIEW|  reg2reg| sfp_instance/R_8570/D                              |
|  -1.751|   -1.751|-1052.199|-1052.199|    34.34%|   0:00:01.0| 2739.9M|   WC_VIEW|  reg2reg| sfp_instance/R_5131/D                              |
|  -1.749|   -1.749|-1051.399|-1051.399|    34.34%|   0:00:00.0| 2739.9M|   WC_VIEW|  reg2reg| sfp_instance/R_7359/D                              |
|  -1.747|   -1.747|-1049.746|-1049.746|    34.34%|   0:00:01.0| 2739.9M|   WC_VIEW|  reg2reg| sfp_instance/R_8514/D                              |
|  -1.746|   -1.746|-1049.167|-1049.167|    34.34%|   0:00:00.0| 2739.9M|   WC_VIEW|  reg2reg| sfp_instance/R_8781/D                              |
|  -1.742|   -1.742|-1047.283|-1047.283|    34.35%|   0:00:00.0| 2739.9M|   WC_VIEW|  reg2reg| sfp_instance/R_5131/D                              |
|  -1.739|   -1.739|-1045.192|-1045.192|    34.35%|   0:00:01.0| 2739.9M|   WC_VIEW|  reg2reg| sfp_instance/R_8514/D                              |
|  -1.734|   -1.734|-1042.453|-1042.453|    34.35%|   0:00:00.0| 2739.9M|   WC_VIEW|  reg2reg| sfp_instance/R_5131/D                              |
|  -1.732|   -1.732|-1040.452|-1040.452|    34.36%|   0:00:01.0| 2739.9M|   WC_VIEW|  reg2reg| sfp_instance/R_8514/D                              |
|  -1.733|   -1.733|-1039.171|-1039.171|    34.37%|   0:00:00.0| 2739.9M|   WC_VIEW|  reg2reg| sfp_instance/R_6291/D                              |
|  -1.728|   -1.728|-1038.806|-1038.806|    34.37%|   0:00:01.0| 2739.9M|   WC_VIEW|  reg2reg| sfp_instance/R_8570/D                              |
|  -1.723|   -1.723|-1037.150|-1037.150|    34.37%|   0:00:00.0| 2739.9M|   WC_VIEW|  reg2reg| sfp_instance/R_7690/D                              |
|  -1.722|   -1.722|-1034.210|-1034.210|    34.38%|   0:00:01.0| 2739.9M|   WC_VIEW|  reg2reg| sfp_instance/R_8514/D                              |
|  -1.716|   -1.716|-1032.907|-1032.907|    34.38%|   0:00:00.0| 2739.9M|   WC_VIEW|  reg2reg| sfp_instance/div_18_u_div_u_add_PartRem_0_1_R_3913 |
|        |         |         |         |          |            |        |          |         | /D                                                 |
|  -1.713|   -1.713|-1031.010|-1031.010|    34.39%|   0:00:01.0| 2739.9M|   WC_VIEW|  reg2reg| sfp_instance/R_6291/D                              |
|  -1.709|   -1.709|-1028.167|-1028.167|    34.39%|   0:00:00.0| 2739.9M|   WC_VIEW|  reg2reg| sfp_instance/R_8769/D                              |
|  -1.704|   -1.704|-1023.810|-1023.810|    34.40%|   0:00:01.0| 2739.9M|   WC_VIEW|  reg2reg| sfp_instance/R_7690/D                              |
|  -1.698|   -1.698|-1021.601|-1021.601|    34.41%|   0:00:00.0| 2739.9M|   WC_VIEW|  reg2reg| sfp_instance/R_7359/D                              |
|  -1.696|   -1.696|-1019.310|-1019.310|    34.41%|   0:00:01.0| 2739.9M|   WC_VIEW|  reg2reg| sfp_instance/R_7359/D                              |
|  -1.695|   -1.695|-1017.611|-1017.611|    34.42%|   0:00:00.0| 2739.9M|   WC_VIEW|  reg2reg| sfp_instance/R_6291/D                              |
|  -1.691|   -1.691|-1016.912|-1016.912|    34.42%|   0:00:01.0| 2739.9M|   WC_VIEW|  reg2reg| sfp_instance/R_8486/D                              |
|  -1.692|   -1.692|-1016.383|-1016.383|    34.42%|   0:00:00.0| 2739.9M|   WC_VIEW|  reg2reg| sfp_instance/R_8486/D                              |
|  -1.688|   -1.688|-1015.055|-1015.055|    34.43%|   0:00:01.0| 2739.9M|   WC_VIEW|  reg2reg| sfp_instance/R_6291/D                              |
|  -1.684|   -1.684|-1014.058|-1014.058|    34.43%|   0:00:00.0| 2739.9M|   WC_VIEW|  reg2reg| sfp_instance/R_7690/D                              |
|  -1.681|   -1.681|-1011.218|-1011.218|    34.43%|   0:00:01.0| 2739.9M|   WC_VIEW|  reg2reg| sfp_instance/R_6291/D                              |
|  -1.679|   -1.679|-1009.213|-1009.213|    34.44%|   0:00:00.0| 2724.3M|   WC_VIEW|  reg2reg| sfp_instance/R_8486/D                              |
|  -1.673|   -1.673|-1008.122|-1008.122|    34.44%|   0:00:01.0| 2724.3M|   WC_VIEW|  reg2reg| sfp_instance/R_7690/D                              |
|  -1.673|   -1.673|-1007.600|-1007.600|    34.44%|   0:00:01.0| 2724.3M|   WC_VIEW|  reg2reg| sfp_instance/R_8769/D                              |
|  -1.671|   -1.671|-1006.447|-1006.447|    34.44%|   0:00:00.0| 2724.3M|   WC_VIEW|  reg2reg| sfp_instance/R_8769/D                              |
|  -1.667|   -1.667|-1005.172|-1005.172|    34.45%|   0:00:01.0| 2724.3M|   WC_VIEW|  reg2reg| sfp_instance/R_8486/D                              |
|  -1.667|   -1.667|-1004.150|-1004.150|    34.45%|   0:00:01.0| 2724.3M|   WC_VIEW|  reg2reg| sfp_instance/R_6291/D                              |
|  -1.662|   -1.662|-1003.354|-1003.354|    34.46%|   0:00:00.0| 2724.3M|   WC_VIEW|  reg2reg| sfp_instance/R_6291/D                              |
|  -1.663|   -1.663|-1001.244|-1001.244|    34.46%|   0:00:01.0| 2724.3M|   WC_VIEW|  reg2reg| sfp_instance/div_18_u_div_u_add_PartRem_0_1_R_9335 |
|        |         |         |         |          |            |        |          |         | /D                                                 |
|  -1.660|   -1.660|-1000.670|-1000.670|    34.46%|   0:00:00.0| 2724.3M|   WC_VIEW|  reg2reg| sfp_instance/R_7690/D                              |
|  -1.659|   -1.659| -998.727| -998.727|    34.47%|   0:00:00.0| 2724.3M|   WC_VIEW|  reg2reg| sfp_instance/R_8486/D                              |
|  -1.655|   -1.655| -998.200| -998.200|    34.47%|   0:00:01.0| 2724.3M|   WC_VIEW|  reg2reg| sfp_instance/R_7200/D                              |
|  -1.653|   -1.653| -997.241| -997.241|    34.47%|   0:00:01.0| 2724.3M|   WC_VIEW|  reg2reg| sfp_instance/R_6291/D                              |
|  -1.649|   -1.649| -995.946| -995.946|    34.48%|   0:00:00.0| 2724.3M|   WC_VIEW|  reg2reg| sfp_instance/R_6985/D                              |
|  -1.648|   -1.648| -993.719| -993.719|    34.49%|   0:00:02.0| 2724.3M|   WC_VIEW|  reg2reg| sfp_instance/R_8769/D                              |
|  -1.642|   -1.642| -991.866| -991.866|    34.49%|   0:00:00.0| 2724.3M|   WC_VIEW|  reg2reg| sfp_instance/div_18_u_div_u_add_PartRem_0_2_R_5441 |
|        |         |         |         |          |            |        |          |         | /D                                                 |
|  -1.641|   -1.641| -989.459| -989.459|    34.50%|   0:00:02.0| 2724.3M|   WC_VIEW|  reg2reg| sfp_instance/R_7973/D                              |
|  -1.639|   -1.639| -988.509| -988.509|    34.51%|   0:00:00.0| 2724.3M|   WC_VIEW|  reg2reg| sfp_instance/R_7973/D                              |
|  -1.637|   -1.637| -987.106| -987.106|    34.51%|   0:00:01.0| 2724.3M|   WC_VIEW|  reg2reg| sfp_instance/R_7690/D                              |
|  -1.635|   -1.635| -986.246| -986.246|    34.52%|   0:00:00.0| 2724.3M|   WC_VIEW|  reg2reg| sfp_instance/R_6291/D                              |
|  -1.632|   -1.632| -983.936| -983.936|    34.52%|   0:00:01.0| 2724.3M|   WC_VIEW|  reg2reg| sfp_instance/R_7200/D                              |
|  -1.629|   -1.629| -981.394| -981.394|    34.52%|   0:00:00.0| 2724.3M|   WC_VIEW|  reg2reg| sfp_instance/R_8266/D                              |
|  -1.626|   -1.626| -980.237| -980.237|    34.53%|   0:00:03.0| 2724.3M|   WC_VIEW|  reg2reg| sfp_instance/R_6815/D                              |
|  -1.622|   -1.622| -978.458| -978.458|    34.53%|   0:00:00.0| 2724.3M|   WC_VIEW|  reg2reg| sfp_instance/R_7200/D                              |
|  -1.620|   -1.620| -976.767| -976.767|    34.53%|   0:00:01.0| 2724.3M|   WC_VIEW|  reg2reg| sfp_instance/R_6291/D                              |
|  -1.626|   -1.626| -976.710| -976.710|    34.54%|   0:00:00.0| 2724.3M|   WC_VIEW|  reg2reg| sfp_instance/R_6291/D                              |
|  -1.618|   -1.618| -976.148| -976.148|    34.54%|   0:00:00.0| 2724.3M|   WC_VIEW|  reg2reg| sfp_instance/R_6291/D                              |
|  -1.614|   -1.614| -975.000| -975.000|    34.54%|   0:00:01.0| 2724.3M|   WC_VIEW|  reg2reg| sfp_instance/R_7690/D                              |
|  -1.613|   -1.613| -972.884| -972.884|    34.54%|   0:00:00.0| 2724.3M|   WC_VIEW|  reg2reg| sfp_instance/R_6291/D                              |
|  -1.609|   -1.609| -970.459| -970.459|    34.55%|   0:00:02.0| 2724.3M|   WC_VIEW|  reg2reg| sfp_instance/R_6815/D                              |
|  -1.607|   -1.607| -966.743| -966.743|    34.55%|   0:00:01.0| 2724.3M|   WC_VIEW|  reg2reg| sfp_instance/R_8197/D                              |
|  -1.604|   -1.604| -966.788| -966.788|    34.55%|   0:00:01.0| 2724.3M|   WC_VIEW|  reg2reg| sfp_instance/R_7200/D                              |
|  -1.602|   -1.602| -966.091| -966.091|    34.55%|   0:00:00.0| 2724.3M|   WC_VIEW|  reg2reg| sfp_instance/R_6815/D                              |
|  -1.604|   -1.604| -965.723| -965.723|    34.55%|   0:00:01.0| 2724.3M|   WC_VIEW|  reg2reg| sfp_instance/R_7200/D                              |
|  -1.600|   -1.600| -965.302| -965.302|    34.55%|   0:00:00.0| 2724.3M|   WC_VIEW|  reg2reg| sfp_instance/R_6815/D                              |
|  -1.604|   -1.604| -963.587| -963.587|    34.56%|   0:00:01.0| 2724.3M|   WC_VIEW|  reg2reg| sfp_instance/R_7200/D                              |
|  -1.600|   -1.600| -963.166| -963.166|    34.56%|   0:00:00.0| 2724.3M|   WC_VIEW|  reg2reg| sfp_instance/R_7200/D                              |
|  -1.597|   -1.597| -962.675| -962.675|    34.56%|   0:00:00.0| 2724.3M|   WC_VIEW|  reg2reg| sfp_instance/R_6815/D                              |
|  -1.596|   -1.596| -961.785| -961.785|    34.56%|   0:00:01.0| 2724.3M|   WC_VIEW|  reg2reg| sfp_instance/R_6815/D                              |
|  -1.594|   -1.594| -961.537| -961.537|    34.56%|   0:00:00.0| 2724.3M|   WC_VIEW|  reg2reg| sfp_instance/R_6815/D                              |
|  -1.593|   -1.593| -960.064| -960.064|    34.56%|   0:00:01.0| 2724.3M|   WC_VIEW|  reg2reg| sfp_instance/R_6815/D                              |
|  -1.593|   -1.593| -959.679| -959.679|    34.57%|   0:00:01.0| 2724.3M|   WC_VIEW|  reg2reg| sfp_instance/R_6815/D                              |
|  -1.586|   -1.586| -959.037| -959.037|    34.59%|   0:00:00.0| 2724.3M|   WC_VIEW|  reg2reg| sfp_instance/R_6915/D                              |
|  -1.579|   -1.579| -953.504| -953.504|    34.60%|   0:00:01.0| 2724.3M|   WC_VIEW|  reg2reg| sfp_instance/R_8197/D                              |
|  -1.580|   -1.580| -952.273| -952.273|    34.60%|   0:00:01.0| 2724.3M|   WC_VIEW|  reg2reg| sfp_instance/R_8197/D                              |
|  -1.577|   -1.577| -952.240| -952.240|    34.61%|   0:00:01.0| 2724.3M|   WC_VIEW|  reg2reg| sfp_instance/R_8197/D                              |
|  -1.574|   -1.574| -950.771| -950.771|    34.61%|   0:00:01.0| 2724.3M|   WC_VIEW|  reg2reg| sfp_instance/R_8197/D                              |
|  -1.574|   -1.574| -948.598| -948.598|    34.62%|   0:00:00.0| 2724.3M|   WC_VIEW|  reg2reg| sfp_instance/R_8197/D                              |
|  -1.568|   -1.568| -948.077| -948.077|    34.62%|   0:00:01.0| 2724.3M|   WC_VIEW|  reg2reg| sfp_instance/R_6815/D                              |
|  -1.567|   -1.567| -945.281| -945.281|    34.63%|   0:00:00.0| 2724.3M|   WC_VIEW|  reg2reg| sfp_instance/R_8197/D                              |
|  -1.566|   -1.566| -945.114| -945.114|    34.63%|   0:00:01.0| 2724.3M|   WC_VIEW|  reg2reg| sfp_instance/R_8197/D                              |
|  -1.566|   -1.566| -944.876| -944.876|    34.63%|   0:00:01.0| 2724.3M|   WC_VIEW|  reg2reg| sfp_instance/R_6815/D                              |
|  -1.559|   -1.559| -944.400| -944.400|    34.64%|   0:00:00.0| 2724.3M|   WC_VIEW|  reg2reg| sfp_instance/R_8197/D                              |
|  -1.557|   -1.557| -940.735| -940.735|    34.66%|   0:00:01.0| 2724.3M|   WC_VIEW|  reg2reg| sfp_instance/R_8197/D                              |
|  -1.556|   -1.556| -939.438| -939.438|    34.66%|   0:00:01.0| 2724.3M|   WC_VIEW|  reg2reg| sfp_instance/R_8197/D                              |
|  -1.556|   -1.556| -939.269| -939.269|    34.66%|   0:00:01.0| 2724.3M|   WC_VIEW|  reg2reg| sfp_instance/R_8197/D                              |
|  -1.549|   -1.549| -938.869| -938.869|    34.67%|   0:00:00.0| 2724.3M|   WC_VIEW|  reg2reg| sfp_instance/R_8197/D                              |
|  -1.549|   -1.549| -935.843| -935.843|    34.68%|   0:00:01.0| 2724.3M|   WC_VIEW|  reg2reg| sfp_instance/R_8197/D                              |
|  -1.549|   -1.549| -935.839| -935.839|    34.68%|   0:00:00.0| 2724.3M|   WC_VIEW|  reg2reg| sfp_instance/R_8197/D                              |
|  -1.549|   -1.549| -935.784| -935.784|    34.68%|   0:00:00.0| 2724.3M|   WC_VIEW|  reg2reg| sfp_instance/R_8197/D                              |
|  -1.542|   -1.542| -934.744| -934.744|    34.69%|   0:00:00.0| 2724.3M|   WC_VIEW|  reg2reg| sfp_instance/R_7200/D                              |
|  -1.545|   -1.545| -932.930| -932.930|    34.70%|   0:00:01.0| 2648.0M|   WC_VIEW|  reg2reg| sfp_instance/R_8769/D                              |
|  -1.541|   -1.541| -932.054| -932.054|    34.70%|   0:00:01.0| 2648.0M|   WC_VIEW|  reg2reg| sfp_instance/R_8197/D                              |
|  -1.538|   -1.538| -930.476| -930.476|    34.70%|   0:00:00.0| 2648.0M|   WC_VIEW|  reg2reg| sfp_instance/R_8197/D                              |
|  -1.538|   -1.538| -928.770| -928.770|    34.70%|   0:00:00.0| 2648.0M|   WC_VIEW|  reg2reg| sfp_instance/R_8197/D                              |
|  -1.534|   -1.534| -928.535| -928.535|    34.70%|   0:00:00.0| 2648.0M|   WC_VIEW|  reg2reg| sfp_instance/R_8197/D                              |
|  -1.533|   -1.533| -927.303| -927.303|    34.71%|   0:00:01.0| 2648.0M|   WC_VIEW|  reg2reg| sfp_instance/R_8769/D                              |
|  -1.526|   -1.526| -924.989| -924.989|    34.71%|   0:00:01.0| 2743.4M|   WC_VIEW|  reg2reg| sfp_instance/R_8769/D                              |
|  -1.525|   -1.525| -922.820| -922.820|    34.72%|   0:00:01.0| 2743.4M|   WC_VIEW|  reg2reg| sfp_instance/R_8197/D                              |
|  -1.525|   -1.525| -921.439| -921.439|    34.72%|   0:00:00.0| 2743.4M|   WC_VIEW|  reg2reg| sfp_instance/R_8197/D                              |
|  -1.525|   -1.525| -921.328| -921.328|    34.72%|   0:00:00.0| 2743.4M|   WC_VIEW|  reg2reg| sfp_instance/R_8197/D                              |
|  -1.520|   -1.520| -920.812| -920.812|    34.73%|   0:00:01.0| 2743.4M|   WC_VIEW|  reg2reg| sfp_instance/R_8197/D                              |
|  -1.521|   -1.521| -919.041| -919.041|    34.74%|   0:00:01.0| 2743.4M|   WC_VIEW|  reg2reg| sfp_instance/R_6815/D                              |
|  -1.516|   -1.516| -918.599| -918.599|    34.74%|   0:00:00.0| 2743.4M|   WC_VIEW|  reg2reg| sfp_instance/R_8197/D                              |
|  -1.515|   -1.515| -917.070| -917.070|    34.74%|   0:00:01.0| 2743.4M|   WC_VIEW|  reg2reg| sfp_instance/R_6976/D                              |
|  -1.515|   -1.515| -916.558| -916.558|    34.75%|   0:00:00.0| 2743.4M|   WC_VIEW|  reg2reg| sfp_instance/R_6973/D                              |
|  -1.513|   -1.513| -915.724| -915.724|    34.75%|   0:00:01.0| 2743.4M|   WC_VIEW|  reg2reg| sfp_instance/R_8197/D                              |
|  -1.511|   -1.511| -914.189| -914.189|    34.76%|   0:00:00.0| 2743.4M|   WC_VIEW|  reg2reg| sfp_instance/R_8197/D                              |
|  -1.510|   -1.510| -912.456| -912.456|    34.76%|   0:00:01.0| 2743.4M|   WC_VIEW|  reg2reg| sfp_instance/R_8197/D                              |
|  -1.510|   -1.510| -912.371| -912.371|    34.76%|   0:00:00.0| 2743.4M|   WC_VIEW|  reg2reg| sfp_instance/R_8197/D                              |
|  -1.508|   -1.508| -912.275| -912.275|    34.76%|   0:00:00.0| 2743.4M|   WC_VIEW|  reg2reg| sfp_instance/R_8197/D                              |
|  -1.508|   -1.508| -908.016| -908.016|    34.77%|   0:00:01.0| 2743.4M|   WC_VIEW|  reg2reg| sfp_instance/R_8197/D                              |
|  -1.502|   -1.502| -906.151| -906.151|    34.78%|   0:00:00.0| 2743.4M|   WC_VIEW|  reg2reg| sfp_instance/R_6815/D                              |
|  -1.499|   -1.499| -904.654| -904.654|    34.78%|   0:00:01.0| 2743.4M|   WC_VIEW|  reg2reg| sfp_instance/R_8425/D                              |
|  -1.497|   -1.497| -903.893| -903.893|    34.79%|   0:00:01.0| 2743.4M|   WC_VIEW|  reg2reg| sfp_instance/R_8197/D                              |
|  -1.497|   -1.497| -902.950| -902.950|    34.79%|   0:00:01.0| 2743.4M|   WC_VIEW|  reg2reg| sfp_instance/R_8197/D                              |
|  -1.495|   -1.495| -901.662| -901.662|    34.80%|   0:00:00.0| 2743.4M|   WC_VIEW|  reg2reg| sfp_instance/R_6815/D                              |
|  -1.495|   -1.495| -901.353| -901.353|    34.80%|   0:00:01.0| 2743.4M|   WC_VIEW|  reg2reg| sfp_instance/R_6815/D                              |
|  -1.494|   -1.494| -901.272| -901.272|    34.81%|   0:00:00.0| 2743.4M|   WC_VIEW|  reg2reg| sfp_instance/R_6815/D                              |
|  -1.494|   -1.494| -901.130| -901.130|    34.81%|   0:00:00.0| 2743.4M|   WC_VIEW|  reg2reg| sfp_instance/R_6815/D                              |
|  -1.493|   -1.493| -900.622| -900.622|    34.82%|   0:00:00.0| 2743.4M|   WC_VIEW|  reg2reg| sfp_instance/R_8197/D                              |
|  -1.493|   -1.493| -900.419| -900.419|    34.82%|   0:00:01.0| 2743.4M|   WC_VIEW|  reg2reg| sfp_instance/R_8197/D                              |
|  -1.499|   -1.499| -895.989| -895.989|    34.90%|   0:00:01.0| 2743.4M|   WC_VIEW|  reg2reg| sfp_instance/R_8197/D                              |
|  -1.499|   -1.499| -897.262| -897.262|    34.92%|   0:00:01.0| 2743.4M|   WC_VIEW|  reg2reg| sfp_instance/R_8197/D                              |
|  -1.498|   -1.498| -897.179| -897.179|    34.92%|   0:00:01.0| 2743.4M|   WC_VIEW|  reg2reg| sfp_instance/R_8197/D                              |
|  -1.496|   -1.496| -897.312| -897.312|    34.93%|   0:00:00.0| 2743.4M|   WC_VIEW|  reg2reg| sfp_instance/R_8197/D                              |
|  -1.496|   -1.496| -896.825| -896.825|    34.93%|   0:00:01.0| 2743.4M|   WC_VIEW|  reg2reg| sfp_instance/R_8197/D                              |
|  -1.493|   -1.493| -896.052| -896.052|    34.93%|   0:00:01.0| 2743.4M|   WC_VIEW|  reg2reg| sfp_instance/R_8197/D                              |
|  -1.492|   -1.492| -896.196| -896.196|    34.93%|   0:00:01.0| 2743.4M|   WC_VIEW|  reg2reg| sfp_instance/R_8197/D                              |
|  -1.490|   -1.490| -895.777| -895.777|    34.93%|   0:00:00.0| 2743.4M|   WC_VIEW|  reg2reg| sfp_instance/R_8197/D                              |
|  -1.490|   -1.490| -895.058| -895.058|    34.93%|   0:00:01.0| 2743.4M|   WC_VIEW|  reg2reg| sfp_instance/R_8197/D                              |
|  -1.487|   -1.487| -894.732| -894.732|    34.94%|   0:00:00.0| 2743.4M|   WC_VIEW|  reg2reg| sfp_instance/R_8197/D                              |
|  -1.487|   -1.487| -894.406| -894.406|    34.94%|   0:00:01.0| 2743.4M|   WC_VIEW|  reg2reg| sfp_instance/R_8197/D                              |
|  -1.487|   -1.487| -894.316| -894.316|    34.94%|   0:00:00.0| 2743.4M|   WC_VIEW|  reg2reg| sfp_instance/R_8197/D                              |
|  -1.487|   -1.487| -891.284| -891.284|    34.98%|   0:00:01.0| 2743.4M|   WC_VIEW|  reg2reg| sfp_instance/R_8197/D                              |
|  -1.487|   -1.487| -890.481| -890.481|    34.99%|   0:00:00.0| 2743.4M|   WC_VIEW|  reg2reg| sfp_instance/R_8197/D                              |
|  -1.487|   -1.487| -890.473| -890.473|    34.99%|   0:00:00.0| 2743.4M|   WC_VIEW|  reg2reg| sfp_instance/R_8197/D                              |
|  -1.487|   -1.487| -890.473| -890.473|    35.00%|   0:00:01.0| 2743.4M|   WC_VIEW|  reg2reg| sfp_instance/R_8197/D                              |
+--------+---------+---------+---------+----------+------------+--------+----------+---------+----------------------------------------------------+

*** Finish Core Optimize Step (cpu=0:07:16 real=0:02:03 mem=2743.4M) ***
Active Path Group: default 
+--------+---------+--------+---------+----------+------------+--------+----------+---------+----------------------------------------------------+
|  WNS   | All WNS |  TNS   | All TNS | Density  |    Real    |  Mem   |Worst View|Pathgroup|                     End Point                      |
+--------+---------+--------+---------+----------+------------+--------+----------+---------+----------------------------------------------------+
|  -1.278|   -1.487|-714.528| -890.473|    35.00%|   0:00:00.0| 2743.4M|   WC_VIEW|  default| sfp_instance/R_8197/D                              |
|  -1.262|   -1.480|-706.250| -888.818|    35.00%|   0:00:01.0| 2743.4M|   WC_VIEW|  default| sfp_instance/R_8197/D                              |
|  -1.258|   -1.476|-706.260| -888.392|    35.00%|   0:00:00.0| 2743.4M|   WC_VIEW|  default| sfp_instance/R_6815/D                              |
|  -1.256|   -1.478|-703.685| -888.591|    35.00%|   0:00:01.0| 2743.4M|   WC_VIEW|  default| sfp_instance/R_8197/D                              |
|  -1.250|   -1.471|-702.675| -887.950|    35.01%|   0:00:00.0| 2743.4M|   WC_VIEW|  default| sfp_instance/R_6815/D                              |
|  -1.243|   -1.471|-702.018| -887.292|    35.01%|   0:00:01.0| 2743.4M|   WC_VIEW|  default| sfp_instance/R_8197/D                              |
|  -1.235|   -1.471|-701.440| -886.714|    35.01%|   0:00:00.0| 2743.4M|   WC_VIEW|  default| sfp_instance/R_8197/D                              |
|  -1.229|   -1.471|-697.539| -884.093|    35.02%|   0:00:01.0| 2743.4M|   WC_VIEW|  default| sfp_instance/R_6973/D                              |
|  -1.225|   -1.464|-694.972| -882.319|    35.02%|   0:00:00.0| 2743.4M|   WC_VIEW|  default| sfp_instance/R_6973/D                              |
|  -1.221|   -1.461|-690.933| -880.803|    35.03%|   0:00:01.0| 2743.4M|   WC_VIEW|  default| sfp_instance/R_6973/D                              |
|  -1.214|   -1.461|-687.982| -878.619|    35.03%|   0:00:01.0| 2743.4M|   WC_VIEW|  default| sfp_instance/R_6973/D                              |
|  -1.213|   -1.461|-685.946| -876.949|    35.04%|   0:00:00.0| 2743.4M|   WC_VIEW|  default| sfp_instance/R_8197/D                              |
|  -1.213|   -1.461|-685.550| -876.674|    35.04%|   0:00:00.0| 2743.4M|   WC_VIEW|  default| sfp_instance/R_8197/D                              |
|  -1.205|   -1.461|-684.743| -875.867|    35.05%|   0:00:00.0| 2743.4M|   WC_VIEW|  default| sfp_instance/R_7200/D                              |
|  -1.202|   -1.461|-682.353| -874.065|    35.05%|   0:00:01.0| 2743.4M|   WC_VIEW|  default| sfp_instance/R_8197/D                              |
|  -1.202|   -1.461|-679.682| -873.719|    35.06%|   0:00:00.0| 2743.4M|   WC_VIEW|  default| sfp_instance/R_8197/D                              |
|  -1.199|   -1.461|-678.871| -873.641|    35.07%|   0:00:01.0| 2743.4M|   WC_VIEW|  default| sfp_instance/R_8197/D                              |
|  -1.199|   -1.461|-677.623| -873.631|    35.07%|   0:00:00.0| 2743.4M|   WC_VIEW|  default| sfp_instance/R_8197/D                              |
|  -1.191|   -1.461|-676.763| -872.816|    35.07%|   0:00:00.0| 2743.4M|   WC_VIEW|  default| sfp_instance/div_18_u_div_u_add_PartRem_0_2_R_5441 |
|        |         |        |         |          |            |        |          |         | /D                                                 |
|  -1.190|   -1.461|-671.035| -870.135|    35.08%|   0:00:01.0| 2743.4M|   WC_VIEW|  default| sfp_instance/R_6973/D                              |
|  -1.188|   -1.461|-669.983| -869.235|    35.09%|   0:00:00.0| 2743.4M|   WC_VIEW|  default| sfp_instance/R_6906/D                              |
|  -1.188|   -1.461|-669.932| -869.179|    35.09%|   0:00:00.0| 2743.4M|   WC_VIEW|  default| sfp_instance/R_6906/D                              |
|  -1.182|   -1.461|-668.383| -868.613|    35.10%|   0:00:01.0| 2743.4M|   WC_VIEW|  default| sfp_instance/R_6291/D                              |
|  -1.182|   -1.461|-667.553| -868.192|    35.10%|   0:00:00.0| 2743.4M|   WC_VIEW|  default| sfp_instance/R_6291/D                              |
|  -1.182|   -1.461|-667.415| -868.053|    35.10%|   0:00:00.0| 2743.4M|   WC_VIEW|  default| sfp_instance/R_6291/D                              |
|  -1.175|   -1.461|-666.145| -867.332|    35.12%|   0:00:01.0| 2743.4M|   WC_VIEW|  default| sfp_instance/R_5132/D                              |
|  -1.175|   -1.457|-662.821| -864.709|    35.13%|   0:00:00.0| 2743.4M|   WC_VIEW|  default| sfp_instance/R_6291/D                              |
|  -1.175|   -1.457|-662.783| -864.709|    35.13%|   0:00:01.0| 2743.4M|   WC_VIEW|  default| sfp_instance/R_6291/D                              |
|  -1.169|   -1.457|-661.877| -863.736|    35.14%|   0:00:00.0| 2743.4M|   WC_VIEW|  default| sfp_instance/R_6291/D                              |
|  -1.167|   -1.457|-660.852| -862.828|    35.15%|   0:00:01.0| 2743.4M|   WC_VIEW|  default| sfp_instance/R_6291/D                              |
|  -1.167|   -1.457|-660.318| -862.591|    35.15%|   0:00:00.0| 2743.4M|   WC_VIEW|  default| sfp_instance/R_6291/D                              |
|  -1.161|   -1.457|-657.265| -860.649|    35.17%|   0:00:01.0| 2743.4M|   WC_VIEW|  default| sfp_instance/R_6291/D                              |
|  -1.162|   -1.457|-657.124| -860.635|    35.17%|   0:00:00.0| 2743.4M|   WC_VIEW|  default| sfp_instance/R_5132/D                              |
|  -1.161|   -1.457|-656.620| -860.131|    35.17%|   0:00:00.0| 2743.4M|   WC_VIEW|  default| sfp_instance/R_6291/D                              |
|  -1.160|   -1.457|-655.334| -859.369|    35.18%|   0:00:01.0| 2743.4M|   WC_VIEW|  default| sfp_instance/R_6291/D                              |
|  -1.160|   -1.455|-654.870| -858.905|    35.18%|   0:00:00.0| 2743.4M|   WC_VIEW|  default| sfp_instance/R_6291/D                              |
|  -1.156|   -1.455|-654.077| -858.389|    35.19%|   0:00:00.0| 2743.4M|   WC_VIEW|  default| sfp_instance/R_8769/D                              |
|  -1.156|   -1.451|-653.368| -857.679|    35.19%|   0:00:00.0| 2743.4M|   WC_VIEW|  default| sfp_instance/R_8769/D                              |
|  -1.152|   -1.451|-652.177| -857.009|    35.20%|   0:00:01.0| 2743.4M|   WC_VIEW|  default| sfp_instance/div_18_u_div_u_add_PartRem_0_2_R_7838 |
|        |         |        |         |          |            |        |          |         | /D                                                 |
|  -1.153|   -1.450|-651.481| -856.443|    35.20%|   0:00:00.0| 2743.4M|   WC_VIEW|  default| sfp_instance/div_18_u_div_u_add_PartRem_0_2_R_7838 |
|        |         |        |         |          |            |        |          |         | /D                                                 |
|  -1.149|   -1.450|-648.755| -855.346|    35.21%|   0:00:01.0| 2743.4M|   WC_VIEW|  default| sfp_instance/R_6815/D                              |
|  -1.149|   -1.450|-647.134| -853.783|    35.21%|   0:00:00.0| 2743.4M|   WC_VIEW|  default| sfp_instance/R_6815/D                              |
|  -1.148|   -1.450|-646.642| -853.479|    35.22%|   0:00:01.0| 2743.4M|   WC_VIEW|  default| sfp_instance/R_6291/D                              |
|  -1.145|   -1.450|-645.989| -852.914|    35.22%|   0:00:00.0| 2743.4M|   WC_VIEW|  default| sfp_instance/R_6291/D                              |
|  -1.145|   -1.448|-645.829| -852.513|    35.22%|   0:00:01.0| 2743.4M|   WC_VIEW|  default| sfp_instance/R_6291/D                              |
|  -1.145|   -1.448|-645.633| -852.540|    35.22%|   0:00:00.0| 2743.4M|   WC_VIEW|  default| sfp_instance/R_6291/D                              |
|  -1.139|   -1.448|-644.615| -852.163|    35.23%|   0:00:02.0| 2743.4M|   WC_VIEW|  default| sfp_instance/R_6291/D                              |
|  -1.139|   -1.448|-643.324| -850.406|    35.23%|   0:00:00.0| 2743.4M|   WC_VIEW|  default| sfp_instance/R_6815/D                              |
|  -1.139|   -1.448|-643.147| -850.231|    35.23%|   0:00:01.0| 2743.4M|   WC_VIEW|  default| sfp_instance/R_6815/D                              |
|  -1.138|   -1.448|-642.205| -849.401|    35.25%|   0:00:02.0| 2743.4M|   WC_VIEW|  default| sfp_instance/div_18_u_div_u_add_PartRem_0_2_R_7838 |
|        |         |        |         |          |            |        |          |         | /D                                                 |
|  -1.138|   -1.445|-641.957| -849.240|    35.25%|   0:00:00.0| 2743.4M|   WC_VIEW|  default| sfp_instance/div_18_u_div_u_add_PartRem_0_2_R_7838 |
|        |         |        |         |          |            |        |          |         | /D                                                 |
|  -1.137|   -1.445|-640.630| -847.726|    35.26%|   0:00:00.0| 2743.4M|   WC_VIEW|  default| sfp_instance/R_6815/D                              |
|  -1.137|   -1.445|-640.530| -847.588|    35.26%|   0:00:00.0| 2743.4M|   WC_VIEW|  default| sfp_instance/R_6815/D                              |
|  -1.137|   -1.445|-640.447| -847.505|    35.26%|   0:00:01.0| 2743.4M|   WC_VIEW|  default| sfp_instance/R_6815/D                              |
|  -1.135|   -1.445|-640.278| -847.336|    35.26%|   0:00:01.0| 2743.4M|   WC_VIEW|  default| sfp_instance/R_6815/D                              |
|  -1.135|   -1.444|-640.140| -847.202|    35.26%|   0:00:00.0| 2743.4M|   WC_VIEW|  default| sfp_instance/R_6815/D                              |
|  -1.135|   -1.444|-640.117| -847.179|    35.26%|   0:00:00.0| 2743.4M|   WC_VIEW|  default| sfp_instance/R_6815/D                              |
|  -1.135|   -1.444|-639.711| -847.064|    35.26%|   0:00:01.0| 2743.4M|   WC_VIEW|  default| sfp_instance/R_6815/D                              |
|  -1.139|   -1.440|-638.366| -845.436|    35.38%|   0:00:02.0| 2743.4M|   WC_VIEW|  default| sfp_instance/R_6815/D                              |
|  -1.139|   -1.432|-636.252| -843.417|    35.45%|   0:00:01.0| 2743.4M|   WC_VIEW|  default| sfp_instance/R_6815/D                              |
|  -1.139|   -1.432|-636.111| -843.276|    35.45%|   0:00:01.0| 2743.4M|   WC_VIEW|  default| sfp_instance/R_6815/D                              |
|  -1.139|   -1.432|-636.095| -843.260|    35.45%|   0:00:00.0| 2743.4M|   WC_VIEW|  default| sfp_instance/R_6815/D                              |
|  -1.140|   -1.429|-636.012| -843.238|    35.48%|   0:00:00.0| 2743.4M|   WC_VIEW|  default| sfp_instance/R_6815/D                              |
|  -1.140|   -1.429|-635.439| -842.835|    35.49%|   0:00:01.0| 2743.4M|   WC_VIEW|  default| sfp_instance/R_6815/D                              |
|  -1.140|   -1.429|-635.439| -842.835|    35.49%|   0:00:00.0| 2743.4M|   WC_VIEW|  default| sfp_instance/R_6815/D                              |
+--------+---------+--------+---------+----------+------------+--------+----------+---------+----------------------------------------------------+

*** Finish Core Optimize Step (cpu=0:02:16 real=0:00:32.0 mem=2743.4M) ***

*** Finished Optimize Step Cumulative (cpu=0:09:32 real=0:02:35 mem=2743.4M) ***
** GigaOpt Optimizer WNS Slack -1.429 TNS Slack -842.835 Density 35.49
Begin: Area Reclaim Optimization
Reclaim Optimization WNS Slack -1.429  TNS Slack -842.835 Density 35.49
+----------+---------+--------+--------+------------+--------+
| Density  | Commits |  WNS   |  TNS   |    Real    |  Mem   |
+----------+---------+--------+--------+------------+--------+
|    35.49%|        -|  -1.429|-842.835|   0:00:00.0| 2743.4M|
|    35.44%|      105|  -1.424|-842.580|   0:00:01.0| 2743.4M|
|    35.29%|      901|  -1.418|-838.979|   0:00:11.0| 2743.4M|
|    35.29%|        7|  -1.418|-838.977|   0:00:00.0| 2743.4M|
|    35.29%|        0|  -1.418|-838.977|   0:00:00.0| 2743.4M|
+----------+---------+--------+--------+------------+--------+
Reclaim Optimization End WNS Slack -1.418  TNS Slack -838.977 Density 35.29
** Finished Core Area Reclaim Optimization (cpu = 0:00:30.8) (real = 0:00:13.0) **
*** Finished Area Reclaim Optimization (cpu=0:00:31, real=0:00:13, mem=2655.59M, totSessionCpu=0:42:35).
*** Starting refinePlace (0:42:35 mem=2687.6M) ***
Total net bbox length = 1.001e+06 (4.809e+05 5.196e+05) (ext = 6.102e+04)
Move report: Timing Driven Placement moves 2304 insts, mean move: 4.56 um, max move: 41.00 um
	Max move on inst (sfp_instance/FE_RC_1605_0): (444.20, 390.20) --> (412.20, 381.20)
	Runtime: CPU: 0:00:03.5 REAL: 0:00:03.0 MEM: 2722.6MB
Move report: Detail placement moves 6704 insts, mean move: 0.65 um, max move: 4.80 um
	Max move on inst (sfp_instance/FE_RC_1180_0): (446.80, 330.80) --> (443.80, 329.00)
	Runtime: CPU: 0:00:01.5 REAL: 0:00:01.0 MEM: 2765.6MB
Summary Report:
Instances move: 8044 (out of 50388 movable)
Mean displacement: 1.80 um
Max displacement: 41.00 um (Instance: sfp_instance/FE_RC_1605_0) (444.2, 390.2) -> (412.2, 381.2)
	Length: 12 sites, height: 1 rows, site name: core, cell type: AN2D4
Total net bbox length = 1.004e+06 (4.834e+05 5.206e+05) (ext = 6.101e+04)
Runtime: CPU: 0:00:05.1 REAL: 0:00:04.0 MEM: 2765.6MB
*** Finished refinePlace (0:42:41 mem=2765.6M) ***
Finished re-routing un-routed nets (0:00:00.0 2765.6M)


Density : 0.3529
Max route overflow : 0.0001


*** Finish Physical Update (cpu=0:00:06.2 real=0:00:04.0 mem=2765.6M) ***
** GigaOpt Optimizer WNS Slack -1.418 TNS Slack -842.266 Density 35.29
Optimizer WNS Pass 1
Active Path Group: reg2reg  
+--------+---------+--------+---------+----------+------------+--------+----------+---------+----------------------------------------------------+
|  WNS   | All WNS |  TNS   | All TNS | Density  |    Real    |  Mem   |Worst View|Pathgroup|                     End Point                      |
+--------+---------+--------+---------+----------+------------+--------+----------+---------+----------------------------------------------------+
|  -1.418|   -1.418|-842.266| -842.266|    35.29%|   0:00:00.0| 2765.6M|   WC_VIEW|  reg2reg| sfp_instance/R_8079/D                              |
|  -1.406|   -1.406|-841.265| -841.265|    35.29%|   0:00:01.0| 2765.6M|   WC_VIEW|  reg2reg| sfp_instance/R_8079/D                              |
|  -1.405|   -1.405|-841.117| -841.117|    35.29%|   0:00:00.0| 2765.6M|   WC_VIEW|  reg2reg| sfp_instance/R_8266/D                              |
|  -1.395|   -1.395|-839.490| -839.490|    35.29%|   0:00:00.0| 2765.6M|   WC_VIEW|  reg2reg| sfp_instance/div_18_u_div_u_add_PartRem_0_2_R_5441 |
|        |         |        |         |          |            |        |          |         | /D                                                 |
|  -1.390|   -1.390|-837.685| -837.685|    35.30%|   0:00:01.0| 2765.6M|   WC_VIEW|  reg2reg| sfp_instance/div_18_u_div_u_add_PartRem_0_2_R_7838 |
|        |         |        |         |          |            |        |          |         | /D                                                 |
|  -1.384|   -1.384|-836.714| -836.714|    35.30%|   0:00:00.0| 2765.6M|   WC_VIEW|  reg2reg| sfp_instance/div_18_u_div_u_add_PartRem_0_2_R_7838 |
|        |         |        |         |          |            |        |          |         | /D                                                 |
|  -1.386|   -1.386|-834.353| -834.353|    35.30%|   0:00:01.0| 2765.6M|   WC_VIEW|  reg2reg| sfp_instance/div_18_u_div_u_add_PartRem_0_3_R_3478 |
|        |         |        |         |          |            |        |          |         | /D                                                 |
|  -1.380|   -1.380|-833.508| -833.508|    35.30%|   0:00:00.0| 2765.6M|   WC_VIEW|  reg2reg| sfp_instance/div_18_u_div_u_add_PartRem_0_3_R_3478 |
|        |         |        |         |          |            |        |          |         | /D                                                 |
|  -1.375|   -1.375|-832.771| -832.771|    35.31%|   0:00:02.0| 2765.6M|   WC_VIEW|  reg2reg| sfp_instance/R_6815/D                              |
|  -1.372|   -1.372|-829.923| -829.923|    35.32%|   0:00:01.0| 2794.2M|   WC_VIEW|  reg2reg| sfp_instance/R_6815/D                              |
|  -1.372|   -1.372|-828.452| -828.452|    35.33%|   0:00:01.0| 2794.2M|   WC_VIEW|  reg2reg| sfp_instance/R_6815/D                              |
|  -1.367|   -1.367|-827.549| -827.549|    35.33%|   0:00:00.0| 2794.2M|   WC_VIEW|  reg2reg| sfp_instance/div_18_u_div_u_add_PartRem_0_2_R_5441 |
|        |         |        |         |          |            |        |          |         | /D                                                 |
|  -1.363|   -1.363|-824.832| -824.832|    35.33%|   0:00:01.0| 2794.2M|   WC_VIEW|  reg2reg| sfp_instance/R_6815/D                              |
|  -1.360|   -1.360|-823.074| -823.074|    35.34%|   0:00:03.0| 2870.6M|   WC_VIEW|  reg2reg| sfp_instance/R_6815/D                              |
|  -1.360|   -1.360|-822.118| -822.118|    35.34%|   0:00:00.0| 2870.6M|   WC_VIEW|  reg2reg| sfp_instance/R_6815/D                              |
|  -1.360|   -1.360|-821.519| -821.519|    35.34%|   0:00:00.0| 2870.6M|   WC_VIEW|  reg2reg| sfp_instance/R_6815/D                              |
|  -1.354|   -1.354|-821.142| -821.142|    35.36%|   0:00:00.0| 2870.6M|   WC_VIEW|  reg2reg| sfp_instance/R_6815/D                              |
|  -1.354|   -1.354|-817.944| -817.944|    35.36%|   0:00:01.0| 2870.6M|   WC_VIEW|  reg2reg| sfp_instance/R_6815/D                              |
|  -1.353|   -1.353|-817.776| -817.776|    35.36%|   0:00:00.0| 2870.6M|   WC_VIEW|  reg2reg| sfp_instance/R_6815/D                              |
|  -1.349|   -1.349|-817.518| -817.518|    35.38%|   0:00:00.0| 2870.6M|   WC_VIEW|  reg2reg| sfp_instance/R_6815/D                              |
|  -1.350|   -1.350|-816.120| -816.120|    35.38%|   0:00:01.0| 2870.6M|   WC_VIEW|  reg2reg| sfp_instance/R_6291/D                              |
|  -1.346|   -1.346|-815.795| -815.795|    35.38%|   0:00:00.0| 2870.6M|   WC_VIEW|  reg2reg| sfp_instance/R_6815/D                              |
|  -1.346|   -1.346|-815.013| -815.013|    35.39%|   0:00:00.0| 2870.6M|   WC_VIEW|  reg2reg| sfp_instance/R_6815/D                              |
|  -1.347|   -1.347|-814.372| -814.372|    35.39%|   0:00:01.0| 2870.6M|   WC_VIEW|  reg2reg| sfp_instance/R_6815/D                              |
|  -1.346|   -1.346|-813.601| -813.601|    35.40%|   0:00:00.0| 2870.6M|   WC_VIEW|  reg2reg| sfp_instance/R_6815/D                              |
|  -1.342|   -1.342|-813.052| -813.052|    35.40%|   0:00:01.0| 2870.6M|   WC_VIEW|  reg2reg| sfp_instance/R_6815/D                              |
|  -1.342|   -1.342|-811.335| -811.335|    35.41%|   0:00:00.0| 2870.6M|   WC_VIEW|  reg2reg| sfp_instance/R_6815/D                              |
|  -1.340|   -1.340|-811.309| -811.309|    35.41%|   0:00:00.0| 2870.6M|   WC_VIEW|  reg2reg| sfp_instance/R_6815/D                              |
|  -1.340|   -1.340|-810.413| -810.413|    35.42%|   0:00:01.0| 2870.6M|   WC_VIEW|  reg2reg| sfp_instance/R_6815/D                              |
|  -1.334|   -1.334|-809.848| -809.848|    35.42%|   0:00:01.0| 2870.6M|   WC_VIEW|  reg2reg| sfp_instance/R_6815/D                              |
|  -1.334|   -1.334|-807.493| -807.493|    35.44%|   0:00:00.0| 2870.6M|   WC_VIEW|  reg2reg| sfp_instance/R_6815/D                              |
|  -1.334|   -1.334|-807.308| -807.308|    35.44%|   0:00:01.0| 2870.6M|   WC_VIEW|  reg2reg| sfp_instance/R_6815/D                              |
|  -1.326|   -1.326|-806.029| -806.029|    35.45%|   0:00:00.0| 2870.6M|   WC_VIEW|  reg2reg| sfp_instance/R_8769/D                              |
|  -1.323|   -1.323|-803.538| -803.538|    35.47%|   0:00:01.0| 2870.6M|   WC_VIEW|  reg2reg| sfp_instance/R_7568/D                              |
|  -1.322|   -1.322|-802.105| -802.105|    35.47%|   0:00:01.0| 2870.6M|   WC_VIEW|  reg2reg| sfp_instance/R_6815/D                              |
|  -1.322|   -1.322|-801.698| -801.698|    35.48%|   0:00:00.0| 2870.6M|   WC_VIEW|  reg2reg| sfp_instance/R_6815/D                              |
|  -1.318|   -1.318|-800.545| -800.545|    35.49%|   0:00:02.0| 2870.6M|   WC_VIEW|  reg2reg| sfp_instance/R_6815/D                              |
|  -1.317|   -1.317|-799.806| -799.806|    35.50%|   0:00:01.0| 2870.6M|   WC_VIEW|  reg2reg| sfp_instance/R_6815/D                              |
|  -1.314|   -1.314|-798.257| -798.257|    35.52%|   0:00:03.0| 2870.6M|   WC_VIEW|  reg2reg| sfp_instance/R_6815/D                              |
|  -1.314|   -1.314|-796.618| -796.618|    35.53%|   0:00:00.0| 2870.6M|   WC_VIEW|  reg2reg| sfp_instance/R_6815/D                              |
|  -1.315|   -1.315|-796.056| -796.056|    35.54%|   0:00:01.0| 2870.6M|   WC_VIEW|  reg2reg| sfp_instance/R_6815/D                              |
|  -1.319|   -1.319|-794.532| -794.532|    35.65%|   0:00:03.0| 2870.6M|   WC_VIEW|  reg2reg| sfp_instance/R_6815/D                              |
|  -1.322|   -1.322|-793.418| -793.418|    35.69%|   0:00:01.0| 2870.6M|   WC_VIEW|  reg2reg| sfp_instance/R_6815/D                              |
|  -1.322|   -1.322|-793.249| -793.249|    35.70%|   0:00:00.0| 2870.6M|   WC_VIEW|  reg2reg| sfp_instance/R_6815/D                              |
|  -1.322|   -1.322|-792.755| -792.755|    35.71%|   0:00:01.0| 2870.6M|   WC_VIEW|  reg2reg| sfp_instance/R_6815/D                              |
|  -1.322|   -1.322|-792.755| -792.755|    35.71%|   0:00:00.0| 2870.6M|   WC_VIEW|  reg2reg| sfp_instance/R_6815/D                              |
+--------+---------+--------+---------+----------+------------+--------+----------+---------+----------------------------------------------------+

*** Finish Core Optimize Step (cpu=0:02:19 real=0:00:32.0 mem=2870.6M) ***
Active Path Group: default 
+--------+---------+--------+---------+----------+------------+--------+----------+---------+----------------------------------------------------+
|  WNS   | All WNS |  TNS   | All TNS | Density  |    Real    |  Mem   |Worst View|Pathgroup|                     End Point                      |
+--------+---------+--------+---------+----------+------------+--------+----------+---------+----------------------------------------------------+
|  -1.105|   -1.322|-603.137| -792.755|    35.71%|   0:00:00.0| 2870.6M|   WC_VIEW|  default| sfp_instance/R_6815/D                              |
|  -1.099|   -1.320|-601.995| -792.671|    35.71%|   0:00:01.0| 2870.6M|   WC_VIEW|  default| sfp_instance/R_8514/D                              |
|  -1.096|   -1.318|-601.668| -792.503|    35.71%|   0:00:02.0| 2870.6M|   WC_VIEW|  default| sfp_instance/R_6815/D                              |
|  -1.092|   -1.318|-601.223| -792.430|    35.71%|   0:00:02.0| 2889.6M|   WC_VIEW|  default| sfp_instance/R_8514/D                              |
|  -1.088|   -1.315|-600.924| -792.251|    35.72%|   0:00:00.0| 2889.6M|   WC_VIEW|  default| sfp_instance/R_8514/D                              |
|  -1.088|   -1.315|-600.256| -792.200|    35.72%|   0:00:01.0| 2889.6M|   WC_VIEW|  default| sfp_instance/R_8514/D                              |
|  -1.081|   -1.310|-599.761| -791.776|    35.73%|   0:00:00.0| 2889.6M|   WC_VIEW|  default| sfp_instance/R_6815/D                              |
|  -1.080|   -1.310|-599.759| -791.774|    35.73%|   0:00:01.0| 2889.6M|   WC_VIEW|  default| sfp_instance/R_6815/D                              |
|  -1.073|   -1.307|-599.324| -791.359|    35.74%|   0:00:01.0| 2889.6M|   WC_VIEW|  default| sfp_instance/R_6815/D                              |
|  -1.072|   -1.307|-596.625| -790.898|    35.74%|   0:00:01.0| 2889.6M|   WC_VIEW|  default| sfp_instance/R_6815/D                              |
|  -1.072|   -1.307|-596.566| -790.833|    35.75%|   0:00:00.0| 2889.6M|   WC_VIEW|  default| sfp_instance/R_6815/D                              |
|  -1.065|   -1.307|-596.323| -790.591|    35.75%|   0:00:01.0| 2889.6M|   WC_VIEW|  default| sfp_instance/R_6258/D                              |
|  -1.064|   -1.306|-595.039| -789.454|    35.76%|   0:00:02.0| 2889.6M|   WC_VIEW|  default| sfp_instance/R_6815/D                              |
|  -1.063|   -1.306|-594.617| -789.415|    35.76%|   0:00:00.0| 2889.6M|   WC_VIEW|  default| sfp_instance/R_6258/D                              |
|  -1.063|   -1.306|-594.149| -788.948|    35.76%|   0:00:01.0| 2889.6M|   WC_VIEW|  default| sfp_instance/R_6258/D                              |
|  -1.060|   -1.306|-593.861| -788.631|    35.77%|   0:00:03.0| 2889.6M|   WC_VIEW|  default| sfp_instance/R_6258/D                              |
|  -1.059|   -1.306|-593.378| -788.576|    35.77%|   0:00:00.0| 2889.6M|   WC_VIEW|  default| sfp_instance/R_6815/D                              |
|  -1.059|   -1.306|-592.882| -788.783|    35.77%|   0:00:00.0| 2889.6M|   WC_VIEW|  default| sfp_instance/R_6815/D                              |
|  -1.059|   -1.306|-592.311| -788.786|    35.77%|   0:00:00.0| 2889.6M|   WC_VIEW|  default| sfp_instance/R_6815/D                              |
|  -1.059|   -1.306|-592.100| -788.575|    35.78%|   0:00:00.0| 2889.6M|   WC_VIEW|  default| sfp_instance/R_6815/D                              |
|  -1.059|   -1.306|-591.380| -788.002|    35.78%|   0:00:01.0| 2889.6M|   WC_VIEW|  default| sfp_instance/R_6815/D                              |
|  -1.059|   -1.306|-591.364| -787.986|    35.79%|   0:00:00.0| 2889.6M|   WC_VIEW|  default| sfp_instance/R_6815/D                              |
|  -1.063|   -1.306|-588.596| -785.375|    35.83%|   0:00:01.0| 2889.6M|   WC_VIEW|  default| sfp_instance/R_6815/D                              |
|  -1.063|   -1.306|-587.757| -785.064|    35.85%|   0:00:00.0| 2889.6M|   WC_VIEW|  default| sfp_instance/R_6815/D                              |
|  -1.063|   -1.306|-587.328| -784.983|    35.86%|   0:00:01.0| 2889.6M|   WC_VIEW|  default| sfp_instance/R_6815/D                              |
|  -1.063|   -1.306|-587.301| -784.956|    35.86%|   0:00:00.0| 2889.6M|   WC_VIEW|  default| sfp_instance/R_6815/D                              |
|  -1.063|   -1.306|-587.301| -784.956|    35.86%|   0:00:00.0| 2889.6M|   WC_VIEW|  default| sfp_instance/R_6815/D                              |
+--------+---------+--------+---------+----------+------------+--------+----------+---------+----------------------------------------------------+

*** Finish Core Optimize Step (cpu=0:01:44 real=0:00:19.0 mem=2889.6M) ***

*** Finished Optimize Step Cumulative (cpu=0:04:03 real=0:00:51.0 mem=2889.6M) ***
** GigaOpt Optimizer WNS Slack -1.306 TNS Slack -784.956 Density 35.86
Begin: Area Reclaim Optimization
Reclaim Optimization WNS Slack -1.306  TNS Slack -784.956 Density 35.86
+----------+---------+--------+--------+------------+--------+
| Density  | Commits |  WNS   |  TNS   |    Real    |  Mem   |
+----------+---------+--------+--------+------------+--------+
|    35.86%|        -|  -1.306|-784.956|   0:00:00.0| 2889.6M|
|    35.84%|       46|  -1.307|-785.928|   0:00:02.0| 2889.6M|
|    35.71%|      718|  -1.304|-782.908|   0:00:09.0| 2889.6M|
|    35.71%|        4|  -1.304|-782.899|   0:00:00.0| 2889.6M|
|    35.71%|        0|  -1.304|-782.899|   0:00:00.0| 2889.6M|
+----------+---------+--------+--------+------------+--------+
Reclaim Optimization End WNS Slack -1.304  TNS Slack -782.899 Density 35.71
** Finished Core Area Reclaim Optimization (cpu = 0:00:27.4) (real = 0:00:11.0) **
*** Finished Area Reclaim Optimization (cpu=0:00:27, real=0:00:11, mem=2764.80M, totSessionCpu=0:47:12).
*** Starting refinePlace (0:47:12 mem=2764.8M) ***
Total net bbox length = 1.009e+06 (4.870e+05 5.217e+05) (ext = 6.101e+04)
Move report: Timing Driven Placement moves 1271 insts, mean move: 4.73 um, max move: 29.20 um
	Max move on inst (sfp_instance/FE_OCPC4254_n2778): (449.60, 370.40) --> (466.20, 383.00)
	Runtime: CPU: 0:00:03.2 REAL: 0:00:03.0 MEM: 2799.8MB
Move report: Detail placement moves 4490 insts, mean move: 0.62 um, max move: 7.60 um
	Max move on inst (sfp_instance/U4352): (455.80, 390.20) --> (453.60, 384.80)
	Runtime: CPU: 0:00:01.5 REAL: 0:00:01.0 MEM: 2793.0MB
Summary Report:
Instances move: 5308 (out of 50536 movable)
Mean displacement: 1.62 um
Max displacement: 31.20 um (Instance: sfp_instance/FE_OCPC4254_n2778) (449.6, 370.4) -> (466.4, 384.8)
	Length: 6 sites, height: 1 rows, site name: core, cell type: BUFFD2
Total net bbox length = 1.010e+06 (4.879e+05 5.224e+05) (ext = 6.101e+04)
Runtime: CPU: 0:00:04.8 REAL: 0:00:04.0 MEM: 2793.0MB
*** Finished refinePlace (0:47:17 mem=2793.0M) ***
Finished re-routing un-routed nets (0:00:00.0 2793.0M)


Density : 0.3571
Max route overflow : 0.0001


*** Finish Physical Update (cpu=0:00:05.9 real=0:00:04.0 mem=2793.0M) ***
** GigaOpt Optimizer WNS Slack -1.304 TNS Slack -784.649 Density 35.71
Optimizer WNS Pass 2
Active Path Group: reg2reg  
+--------+---------+--------+---------+----------+------------+--------+----------+---------+----------------------------------------------------+
|  WNS   | All WNS |  TNS   | All TNS | Density  |    Real    |  Mem   |Worst View|Pathgroup|                     End Point                      |
+--------+---------+--------+---------+----------+------------+--------+----------+---------+----------------------------------------------------+
|  -1.304|   -1.304|-784.649| -784.649|    35.71%|   0:00:00.0| 2793.0M|   WC_VIEW|  reg2reg| sfp_instance/R_7884/D                              |
|  -1.300|   -1.300|-783.198| -783.198|    35.72%|   0:00:01.0| 2793.0M|   WC_VIEW|  reg2reg| sfp_instance/R_8079/D                              |
|  -1.291|   -1.291|-782.049| -782.049|    35.72%|   0:00:01.0| 2793.0M|   WC_VIEW|  reg2reg| sfp_instance/R_6815/D                              |
|  -1.289|   -1.289|-780.434| -780.434|    35.73%|   0:00:01.0| 2793.0M|   WC_VIEW|  reg2reg| sfp_instance/R_6815/D                              |
|  -1.284|   -1.284|-778.801| -778.801|    35.74%|   0:00:01.0| 2793.0M|   WC_VIEW|  reg2reg| sfp_instance/R_6815/D                              |
|  -1.282|   -1.282|-777.331| -777.331|    35.75%|   0:00:02.0| 2812.1M|   WC_VIEW|  reg2reg| sfp_instance/R_6815/D                              |
|  -1.281|   -1.281|-776.447| -776.447|    35.75%|   0:00:00.0| 2812.1M|   WC_VIEW|  reg2reg| sfp_instance/R_6815/D                              |
|  -1.276|   -1.276|-776.182| -776.182|    35.75%|   0:00:01.0| 2812.1M|   WC_VIEW|  reg2reg| sfp_instance/R_6815/D                              |
|  -1.274|   -1.274|-774.172| -774.172|    35.76%|   0:00:01.0| 2831.1M|   WC_VIEW|  reg2reg| sfp_instance/R_6815/D                              |
|  -1.270|   -1.270|-772.084| -772.084|    35.77%|   0:00:01.0| 2831.1M|   WC_VIEW|  reg2reg| sfp_instance/R_6815/D                              |
|  -1.269|   -1.269|-770.649| -770.649|    35.78%|   0:00:02.0| 2850.2M|   WC_VIEW|  reg2reg| sfp_instance/R_6815/D                              |
|  -1.262|   -1.262|-770.156| -770.156|    35.78%|   0:00:01.0| 2850.2M|   WC_VIEW|  reg2reg| sfp_instance/R_6815/D                              |
|  -1.266|   -1.266|-766.796| -766.796|    35.79%|   0:00:03.0| 2850.2M|   WC_VIEW|  reg2reg| sfp_instance/R_8781/D                              |
|  -1.262|   -1.262|-765.634| -765.634|    35.79%|   0:00:00.0| 2850.2M|   WC_VIEW|  reg2reg| sfp_instance/R_8781/D                              |
|  -1.257|   -1.257|-763.370| -763.370|    35.79%|   0:00:00.0| 2850.2M|   WC_VIEW|  reg2reg| sfp_instance/R_6815/D                              |
|  -1.257|   -1.257|-761.964| -761.964|    35.80%|   0:00:01.0| 2850.2M|   WC_VIEW|  reg2reg| sfp_instance/R_6815/D                              |
|  -1.257|   -1.257|-761.340| -761.340|    35.80%|   0:00:00.0| 2850.2M|   WC_VIEW|  reg2reg| sfp_instance/R_6815/D                              |
|  -1.255|   -1.255|-760.835| -760.835|    35.81%|   0:00:00.0| 2850.2M|   WC_VIEW|  reg2reg| sfp_instance/R_6815/D                              |
|  -1.254|   -1.254|-759.768| -759.768|    35.82%|   0:00:01.0| 2850.2M|   WC_VIEW|  reg2reg| sfp_instance/R_6815/D                              |
|  -1.254|   -1.254|-759.763| -759.763|    35.82%|   0:00:00.0| 2850.2M|   WC_VIEW|  reg2reg| sfp_instance/R_6815/D                              |
|  -1.248|   -1.248|-759.383| -759.383|    35.82%|   0:00:00.0| 2850.2M|   WC_VIEW|  reg2reg| sfp_instance/R_6815/D                              |
|  -1.246|   -1.246|-756.798| -756.798|    35.83%|   0:00:01.0| 2850.2M|   WC_VIEW|  reg2reg| sfp_instance/R_6815/D                              |
|  -1.246|   -1.246|-756.513| -756.513|    35.83%|   0:00:00.0| 2850.2M|   WC_VIEW|  reg2reg| sfp_instance/R_6815/D                              |
|  -1.243|   -1.243|-755.217| -755.217|    35.85%|   0:00:03.0| 2850.2M|   WC_VIEW|  reg2reg| sfp_instance/R_7589/D                              |
|  -1.241|   -1.241|-754.626| -754.626|    35.85%|   0:00:00.0| 2850.2M|   WC_VIEW|  reg2reg| sfp_instance/R_8197/D                              |
|  -1.243|   -1.243|-754.241| -754.241|    35.85%|   0:00:01.0| 2850.2M|   WC_VIEW|  reg2reg| sfp_instance/R_7589/D                              |
|  -1.241|   -1.241|-753.992| -753.992|    35.85%|   0:00:00.0| 2850.2M|   WC_VIEW|  reg2reg| sfp_instance/R_8197/D                              |
|  -1.241|   -1.241|-753.761| -753.761|    35.85%|   0:00:00.0| 2850.2M|   WC_VIEW|  reg2reg| sfp_instance/R_8197/D                              |
|  -1.240|   -1.240|-753.916| -753.916|    35.87%|   0:00:02.0| 2850.2M|   WC_VIEW|  reg2reg| sfp_instance/R_5637/D                              |
|  -1.238|   -1.238|-753.558| -753.558|    35.87%|   0:00:00.0| 2850.2M|   WC_VIEW|  reg2reg| sfp_instance/R_8197/D                              |
|  -1.240|   -1.240|-753.353| -753.353|    35.87%|   0:00:00.0| 2850.2M|   WC_VIEW|  reg2reg| sfp_instance/R_5637/D                              |
|  -1.238|   -1.238|-753.105| -753.105|    35.87%|   0:00:01.0| 2850.2M|   WC_VIEW|  reg2reg| sfp_instance/R_8197/D                              |
|  -1.238|   -1.238|-752.751| -752.751|    35.87%|   0:00:00.0| 2850.2M|   WC_VIEW|  reg2reg| sfp_instance/R_8197/D                              |
|  -1.236|   -1.236|-752.619| -752.619|    35.89%|   0:00:01.0| 2850.2M|   WC_VIEW|  reg2reg| sfp_instance/R_7589/D                              |
|  -1.236|   -1.236|-751.369| -751.369|    35.89%|   0:00:00.0| 2850.2M|   WC_VIEW|  reg2reg| sfp_instance/R_8197/D                              |
|  -1.236|   -1.236|-751.008| -751.008|    35.89%|   0:00:01.0| 2850.2M|   WC_VIEW|  reg2reg| sfp_instance/R_8197/D                              |
|  -1.236|   -1.236|-749.853| -749.853|    35.90%|   0:00:01.0| 2850.2M|   WC_VIEW|  reg2reg| sfp_instance/R_8197/D                              |
|  -1.237|   -1.237|-748.737| -748.737|    36.01%|   0:00:02.0| 2850.2M|   WC_VIEW|  reg2reg| sfp_instance/R_8197/D                              |
|  -1.238|   -1.238|-748.212| -748.212|    36.07%|   0:00:01.0| 2850.2M|   WC_VIEW|  reg2reg| sfp_instance/R_8197/D                              |
|  -1.237|   -1.237|-746.891| -746.891|    36.07%|   0:00:00.0| 2850.2M|   WC_VIEW|  reg2reg| sfp_instance/R_8197/D                              |
|  -1.235|   -1.235|-746.747| -746.747|    36.07%|   0:00:00.0| 2850.2M|   WC_VIEW|  reg2reg| sfp_instance/R_8197/D                              |
|  -1.235|   -1.235|-746.732| -746.732|    36.07%|   0:00:02.0| 2850.2M|   WC_VIEW|  reg2reg| sfp_instance/R_8197/D                              |
|  -1.235|   -1.235|-746.471| -746.471|    36.07%|   0:00:00.0| 2850.2M|   WC_VIEW|  reg2reg| sfp_instance/R_8197/D                              |
|  -1.235|   -1.235|-746.117| -746.117|    36.10%|   0:00:01.0| 2850.2M|   WC_VIEW|  reg2reg| sfp_instance/R_8197/D                              |
|  -1.235|   -1.235|-746.142| -746.142|    36.11%|   0:00:01.0| 2850.2M|   WC_VIEW|  reg2reg| sfp_instance/R_8197/D                              |
|  -1.235|   -1.235|-746.134| -746.134|    36.12%|   0:00:01.0| 2850.2M|   WC_VIEW|  reg2reg| sfp_instance/R_8197/D                              |
|  -1.235|   -1.235|-745.477| -745.477|    36.12%|   0:00:00.0| 2850.2M|   WC_VIEW|  reg2reg| sfp_instance/R_8197/D                              |
|  -1.232|   -1.232|-745.331| -745.331|    36.12%|   0:00:00.0| 2850.2M|   WC_VIEW|  reg2reg| sfp_instance/R_8197/D                              |
|  -1.231|   -1.231|-745.325| -745.325|    36.12%|   0:00:01.0| 2850.2M|   WC_VIEW|  reg2reg| sfp_instance/R_8197/D                              |
|  -1.231|   -1.231|-745.313| -745.313|    36.12%|   0:00:01.0| 2850.2M|   WC_VIEW|  reg2reg| sfp_instance/R_8197/D                              |
|  -1.231|   -1.231|-745.185| -745.185|    36.13%|   0:00:00.0| 2850.2M|   WC_VIEW|  reg2reg| sfp_instance/R_8197/D                              |
|  -1.231|   -1.231|-744.169| -744.169|    36.16%|   0:00:01.0| 2850.2M|   WC_VIEW|  reg2reg| sfp_instance/R_8197/D                              |
|  -1.231|   -1.231|-744.156| -744.156|    36.18%|   0:00:00.0| 2850.2M|   WC_VIEW|  reg2reg| sfp_instance/R_8197/D                              |
|  -1.231|   -1.231|-744.149| -744.149|    36.18%|   0:00:00.0| 2850.2M|   WC_VIEW|  reg2reg| sfp_instance/R_8197/D                              |
|  -1.231|   -1.231|-744.142| -744.142|    36.18%|   0:00:00.0| 2850.2M|   WC_VIEW|  reg2reg| sfp_instance/R_8197/D                              |
|  -1.231|   -1.231|-743.956| -743.956|    36.18%|   0:00:01.0| 2850.2M|   WC_VIEW|  reg2reg| sfp_instance/R_8197/D                              |
|  -1.231|   -1.231|-743.933| -743.933|    36.19%|   0:00:00.0| 2850.2M|   WC_VIEW|  reg2reg| sfp_instance/R_8197/D                              |
|  -1.231|   -1.231|-743.933| -743.933|    36.19%|   0:00:00.0| 2850.2M|   WC_VIEW|  reg2reg| sfp_instance/R_8197/D                              |
+--------+---------+--------+---------+----------+------------+--------+----------+---------+----------------------------------------------------+

*** Finish Core Optimize Step (cpu=0:02:58 real=0:00:40.0 mem=2850.2M) ***
Active Path Group: default 
+--------+---------+--------+---------+----------+------------+--------+----------+---------+----------------------------------------------------+
|  WNS   | All WNS |  TNS   | All TNS | Density  |    Real    |  Mem   |Worst View|Pathgroup|                     End Point                      |
+--------+---------+--------+---------+----------+------------+--------+----------+---------+----------------------------------------------------+
|  -1.019|   -1.231|-562.201| -743.933|    36.19%|   0:00:00.0| 2850.2M|   WC_VIEW|  default| sfp_instance/R_8197/D                              |
|  -1.012|   -1.227|-561.057| -743.402|    36.19%|   0:00:02.0| 2850.2M|   WC_VIEW|  default| sfp_instance/R_7213/D                              |
|  -1.009|   -1.224|-560.680| -743.029|    36.19%|   0:00:04.0| 2850.2M|   WC_VIEW|  default| sfp_instance/R_6815/D                              |
|  -1.008|   -1.224|-560.591| -742.935|    36.19%|   0:00:02.0| 2850.2M|   WC_VIEW|  default| sfp_instance/R_6815/D                              |
|  -1.008|   -1.224|-560.401| -742.772|    36.19%|   0:00:00.0| 2850.2M|   WC_VIEW|  default| sfp_instance/R_6815/D                              |
|  -1.007|   -1.224|-560.456| -742.683|    36.20%|   0:00:00.0| 2850.2M|   WC_VIEW|  default| sfp_instance/R_6815/D                              |
|  -1.003|   -1.224|-560.400| -742.628|    36.20%|   0:00:01.0| 2850.2M|   WC_VIEW|  default| sfp_instance/R_6815/D                              |
|  -1.003|   -1.224|-559.968| -742.197|    36.20%|   0:00:01.0| 2850.2M|   WC_VIEW|  default| sfp_instance/R_6815/D                              |
|  -0.999|   -1.224|-559.635| -741.662|    36.21%|   0:00:00.0| 2850.2M|   WC_VIEW|  default| sfp_instance/R_6815/D                              |
|  -0.998|   -1.224|-558.828| -741.534|    36.21%|   0:00:01.0| 2850.2M|   WC_VIEW|  default| sfp_instance/R_6815/D                              |
|  -0.998|   -1.224|-558.762| -741.467|    36.21%|   0:00:01.0| 2850.2M|   WC_VIEW|  default| sfp_instance/R_6815/D                              |
|  -0.998|   -1.224|-558.460| -741.186|    36.22%|   0:00:01.0| 2850.2M|   WC_VIEW|  default| sfp_instance/R_6815/D                              |
|  -0.996|   -1.224|-558.275| -741.006|    36.23%|   0:00:01.0| 2850.2M|   WC_VIEW|  default| sfp_instance/R_6815/D                              |
|  -0.996|   -1.224|-557.712| -740.529|    36.23%|   0:00:01.0| 2850.2M|   WC_VIEW|  default| sfp_instance/R_6815/D                              |
|  -0.995|   -1.224|-557.604| -740.415|    36.23%|   0:00:01.0| 2850.2M|   WC_VIEW|  default| sfp_instance/R_6815/D                              |
|  -0.993|   -1.224|-557.063| -739.902|    36.24%|   0:00:00.0| 2850.2M|   WC_VIEW|  default| sfp_instance/R_6815/D                              |
|  -0.993|   -1.224|-556.322| -740.302|    36.24%|   0:00:01.0| 2850.2M|   WC_VIEW|  default| sfp_instance/R_6815/D                              |
|  -0.989|   -1.224|-555.900| -739.951|    36.25%|   0:00:01.0| 2850.2M|   WC_VIEW|  default| sfp_instance/R_6815/D                              |
|  -0.989|   -1.224|-553.925| -739.007|    36.25%|   0:00:02.0| 2850.2M|   WC_VIEW|  default| sfp_instance/R_6815/D                              |
|  -0.990|   -1.224|-553.924| -739.006|    36.26%|   0:00:00.0| 2850.2M|   WC_VIEW|  default| sfp_instance/R_6815/D                              |
|  -0.989|   -1.224|-554.019| -739.107|    36.26%|   0:00:00.0| 2850.2M|   WC_VIEW|  default| sfp_instance/R_6815/D                              |
|  -0.989|   -1.224|-554.017| -739.105|    36.26%|   0:00:01.0| 2850.2M|   WC_VIEW|  default| sfp_instance/R_6815/D                              |
|  -0.989|   -1.224|-554.000| -739.083|    36.26%|   0:00:00.0| 2850.2M|   WC_VIEW|  default| sfp_instance/R_6815/D                              |
|  -0.991|   -1.224|-551.609| -738.035|    36.33%|   0:00:02.0| 2850.2M|   WC_VIEW|  default| sfp_instance/R_6815/D                              |
|  -0.992|   -1.215|-548.216| -736.185|    36.37%|   0:00:01.0| 2850.2M|   WC_VIEW|  default| sfp_instance/R_6815/D                              |
|  -0.992|   -1.215|-547.786| -735.755|    36.37%|   0:00:00.0| 2850.2M|   WC_VIEW|  default| sfp_instance/R_6815/D                              |
|  -0.992|   -1.215|-546.854| -735.353|    36.39%|   0:00:00.0| 2850.2M|   WC_VIEW|  default| sfp_instance/R_6815/D                              |
|  -0.992|   -1.215|-546.970| -735.470|    36.40%|   0:00:00.0| 2850.2M|   WC_VIEW|  default| sfp_instance/R_6815/D                              |
+--------+---------+--------+---------+----------+------------+--------+----------+---------+----------------------------------------------------+

*** Finish Core Optimize Step (cpu=0:02:07 real=0:00:24.0 mem=2850.2M) ***

*** Finished Optimize Step Cumulative (cpu=0:05:05 real=0:01:04 mem=2850.2M) ***
** GigaOpt Optimizer WNS Slack -1.215 TNS Slack -735.470 Density 36.40
Begin: Area Reclaim Optimization
Reclaim Optimization WNS Slack -1.215  TNS Slack -735.470 Density 36.40
+----------+---------+--------+--------+------------+--------+
| Density  | Commits |  WNS   |  TNS   |    Real    |  Mem   |
+----------+---------+--------+--------+------------+--------+
|    36.40%|        -|  -1.215|-735.470|   0:00:00.0| 2850.2M|
|    36.38%|       38|  -1.215|-735.056|   0:00:01.0| 2850.2M|
|    36.22%|      798|  -1.207|-731.139|   0:00:11.0| 2850.2M|
|    36.22%|        4|  -1.207|-731.137|   0:00:00.0| 2850.2M|
|    36.22%|        1|  -1.207|-731.140|   0:00:00.0| 2850.2M|
|    36.22%|        0|  -1.207|-731.140|   0:00:00.0| 2850.2M|
+----------+---------+--------+--------+------------+--------+
Reclaim Optimization End WNS Slack -1.207  TNS Slack -731.140 Density 36.22
** Finished Core Area Reclaim Optimization (cpu = 0:00:29.5) (real = 0:00:12.0) **
*** Finished Area Reclaim Optimization (cpu=0:00:30, real=0:00:12, mem=2784.85M, totSessionCpu=0:52:53).
*** Starting refinePlace (0:52:53 mem=2784.8M) ***
Total net bbox length = 1.013e+06 (4.899e+05 5.235e+05) (ext = 6.132e+04)
Move report: Timing Driven Placement moves 3165 insts, mean move: 5.47 um, max move: 38.40 um
	Max move on inst (sfp_instance/FE_RC_2443_0): (448.80, 383.00) --> (430.20, 363.20)
	Runtime: CPU: 0:00:03.7 REAL: 0:00:03.0 MEM: 2819.9MB
Move report: Detail placement moves 5667 insts, mean move: 0.55 um, max move: 6.20 um
	Max move on inst (sfp_instance/U12120): (644.60, 393.80) --> (647.20, 390.20)
	Runtime: CPU: 0:00:01.6 REAL: 0:00:01.0 MEM: 2819.9MB
Summary Report:
Instances move: 7705 (out of 50694 movable)
Mean displacement: 2.59 um
Max displacement: 38.40 um (Instance: sfp_instance/FE_RC_2443_0) (448.8, 383) -> (430.2, 363.2)
	Length: 4 sites, height: 1 rows, site name: core, cell type: INVD2
Total net bbox length = 1.015e+06 (4.915e+05 5.238e+05) (ext = 6.133e+04)
Runtime: CPU: 0:00:05.4 REAL: 0:00:04.0 MEM: 2819.9MB
*** Finished refinePlace (0:52:59 mem=2819.9M) ***
Finished re-routing un-routed nets (0:00:00.0 2819.9M)


Density : 0.3622
Max route overflow : 0.0001


*** Finish Physical Update (cpu=0:00:06.6 real=0:00:05.0 mem=2819.9M) ***
** GigaOpt Optimizer WNS Slack -1.245 TNS Slack -734.670 Density 36.22
Skipped Place ECO bump recovery (WNS opt)
Optimizer WNS Pass 3
Active Path Group: reg2reg  
+--------+---------+--------+---------+----------+------------+--------+----------+---------+----------------------------------------------------+
|  WNS   | All WNS |  TNS   | All TNS | Density  |    Real    |  Mem   |Worst View|Pathgroup|                     End Point                      |
+--------+---------+--------+---------+----------+------------+--------+----------+---------+----------------------------------------------------+
|  -1.245|   -1.245|-734.670| -734.670|    36.22%|   0:00:01.0| 2819.9M|   WC_VIEW|  reg2reg| sfp_instance/R_7892/D                              |
|  -1.231|   -1.231|-733.568| -733.568|    36.23%|   0:00:01.0| 2819.9M|   WC_VIEW|  reg2reg| sfp_instance/R_7892/D                              |
|  -1.224|   -1.224|-733.060| -733.060|    36.23%|   0:00:00.0| 2819.9M|   WC_VIEW|  reg2reg| sfp_instance/R_8514/D                              |
|  -1.223|   -1.223|-732.983| -732.983|    36.24%|   0:00:04.0| 2896.2M|   WC_VIEW|  reg2reg| sfp_instance/R_6258/D                              |
|  -1.226|   -1.226|-732.971| -732.971|    36.24%|   0:00:02.0| 2896.2M|   WC_VIEW|  reg2reg| sfp_instance/R_8514/D                              |
|  -1.222|   -1.222|-732.863| -732.863|    36.24%|   0:00:00.0| 2896.2M|   WC_VIEW|  reg2reg| sfp_instance/R_8515/D                              |
|  -1.219|   -1.219|-732.869| -732.869|    36.24%|   0:00:01.0| 2896.2M|   WC_VIEW|  reg2reg| sfp_instance/R_6815/D                              |
|  -1.219|   -1.219|-732.846| -732.846|    36.24%|   0:00:01.0| 2896.2M|   WC_VIEW|  reg2reg| sfp_instance/R_6815/D                              |
|  -1.217|   -1.217|-732.641| -732.641|    36.27%|   0:00:01.0| 2896.2M|   WC_VIEW|  reg2reg| sfp_instance/R_6815/D                              |
|  -1.216|   -1.216|-732.624| -732.624|    36.27%|   0:00:00.0| 2896.2M|   WC_VIEW|  reg2reg| sfp_instance/R_6815/D                              |
|  -1.211|   -1.211|-734.374| -734.374|    36.27%|   0:00:02.0| 2896.2M|   WC_VIEW|  reg2reg| sfp_instance/R_6815/D                              |
|  -1.211|   -1.211|-733.678| -733.678|    36.27%|   0:00:01.0| 2896.2M|   WC_VIEW|  reg2reg| sfp_instance/R_6815/D                              |
|  -1.209|   -1.209|-733.533| -733.533|    36.28%|   0:00:02.0| 2896.2M|   WC_VIEW|  reg2reg| sfp_instance/R_6815/D                              |
|  -1.206|   -1.206|-732.472| -732.472|    36.29%|   0:00:01.0| 2896.2M|   WC_VIEW|  reg2reg| sfp_instance/R_6815/D                              |
|  -1.206|   -1.206|-730.784| -730.784|    36.29%|   0:00:00.0| 2896.2M|   WC_VIEW|  reg2reg| sfp_instance/R_6815/D                              |
|  -1.205|   -1.205|-730.760| -730.760|    36.30%|   0:00:01.0| 2896.2M|   WC_VIEW|  reg2reg| sfp_instance/R_6815/D                              |
|  -1.205|   -1.205|-730.625| -730.625|    36.30%|   0:00:00.0| 2896.2M|   WC_VIEW|  reg2reg| sfp_instance/R_6815/D                              |
|  -1.204|   -1.204|-730.615| -730.615|    36.30%|   0:00:00.0| 2896.2M|   WC_VIEW|  reg2reg| sfp_instance/R_6815/D                              |
|  -1.205|   -1.205|-730.139| -730.139|    36.30%|   0:00:00.0| 2896.2M|   WC_VIEW|  reg2reg| sfp_instance/R_6815/D                              |
|  -1.208|   -1.208|-728.764| -728.764|    36.35%|   0:00:02.0| 2896.2M|   WC_VIEW|  reg2reg| sfp_instance/R_6815/D                              |
|  -1.210|   -1.210|-727.532| -727.532|    36.37%|   0:00:01.0| 2896.2M|   WC_VIEW|  reg2reg| sfp_instance/R_6815/D                              |
|  -1.210|   -1.210|-727.498| -727.498|    36.38%|   0:00:00.0| 2896.2M|   WC_VIEW|  reg2reg| sfp_instance/R_6815/D                              |
|  -1.211|   -1.211|-727.565| -727.565|    36.38%|   0:00:01.0| 2896.2M|   WC_VIEW|  reg2reg| sfp_instance/R_6815/D                              |
+--------+---------+--------+---------+----------+------------+--------+----------+---------+----------------------------------------------------+

*** Finish Core Optimize Step (cpu=0:01:52 real=0:00:22.0 mem=2896.2M) ***
Active Path Group: default 
+--------+---------+--------+---------+----------+------------+--------+----------+---------+----------------------------------------------------+
|  WNS   | All WNS |  TNS   | All TNS | Density  |    Real    |  Mem   |Worst View|Pathgroup|                     End Point                      |
+--------+---------+--------+---------+----------+------------+--------+----------+---------+----------------------------------------------------+
|  -0.997|   -1.211|-543.883| -727.565|    36.38%|   0:00:00.0| 2896.2M|   WC_VIEW|  default| sfp_instance/R_6815/D                              |
|  -0.987|   -1.201|-544.109| -727.914|    36.41%|   0:00:12.0| 2896.2M|   WC_VIEW|  default| sfp_instance/R_6815/D                              |
|  -0.990|   -1.203|-543.875| -727.630|    36.45%|   0:00:05.0| 2896.2M|   WC_VIEW|  default| sfp_instance/R_6815/D                              |
|  -0.990|   -1.203|-543.474| -727.484|    36.47%|   0:00:02.0| 2896.2M|   WC_VIEW|  default| sfp_instance/R_6815/D                              |
|  -0.989|   -1.201|-543.976| -727.899|    36.48%|   0:00:01.0| 2896.2M|   WC_VIEW|  default| sfp_instance/R_6815/D                              |
|  -0.990|   -1.201|-542.538| -726.665|    36.50%|   0:00:01.0| 2896.2M|   WC_VIEW|  default| sfp_instance/R_6815/D                              |
|  -0.990|   -1.201|-542.574| -726.663|    36.50%|   0:00:00.0| 2896.2M|   WC_VIEW|  default| sfp_instance/R_6815/D                              |
+--------+---------+--------+---------+----------+------------+--------+----------+---------+----------------------------------------------------+

*** Finish Core Optimize Step (cpu=0:02:14 real=0:00:21.0 mem=2896.2M) ***

*** Finished Optimize Step Cumulative (cpu=0:04:07 real=0:00:44.0 mem=2896.2M) ***
** GigaOpt Optimizer WNS Slack -1.201 TNS Slack -726.663 Density 36.50
*** Starting refinePlace (0:57:07 mem=2896.2M) ***
Total net bbox length = 1.019e+06 (4.943e+05 5.249e+05) (ext = 6.133e+04)
Move report: Timing Driven Placement moves 599 insts, mean move: 3.30 um, max move: 19.40 um
	Max move on inst (sfp_instance/FE_OFC2491_n26067): (609.40, 390.20) --> (593.60, 386.60)
	Runtime: CPU: 0:00:02.8 REAL: 0:00:02.0 MEM: 2896.2MB
Move report: Detail placement moves 3754 insts, mean move: 0.62 um, max move: 4.80 um
	Max move on inst (sfp_instance/U18244): (385.20, 307.40) --> (386.40, 303.80)
	Runtime: CPU: 0:00:01.5 REAL: 0:00:01.0 MEM: 2896.3MB
Summary Report:
Instances move: 4135 (out of 50847 movable)
Mean displacement: 1.02 um
Max displacement: 19.40 um (Instance: sfp_instance/FE_OFC2491_n26067) (609.4, 390.2) -> (593.6, 386.6)
	Length: 22 sites, height: 1 rows, site name: core, cell type: INVD16
Total net bbox length = 1.021e+06 (4.952e+05 5.254e+05) (ext = 6.133e+04)
Runtime: CPU: 0:00:04.3 REAL: 0:00:03.0 MEM: 2896.3MB
*** Finished refinePlace (0:57:12 mem=2896.3M) ***
Finished re-routing un-routed nets (0:00:00.0 2896.3M)


Density : 0.3650
Max route overflow : 0.0001


*** Finish Physical Update (cpu=0:00:05.5 real=0:00:03.0 mem=2896.3M) ***
** GigaOpt Optimizer WNS Slack -1.214 TNS Slack -727.560 Density 36.50
Skipped Place ECO bump recovery (WNS opt)
Optimizer WNS Pass 4
Active Path Group: reg2reg  
+--------+---------+--------+---------+----------+------------+--------+----------+---------+----------------------------------------------------+
|  WNS   | All WNS |  TNS   | All TNS | Density  |    Real    |  Mem   |Worst View|Pathgroup|                     End Point                      |
+--------+---------+--------+---------+----------+------------+--------+----------+---------+----------------------------------------------------+
|  -1.214|   -1.214|-727.560| -727.560|    36.50%|   0:00:00.0| 2896.3M|   WC_VIEW|  reg2reg| sfp_instance/R_6815/D                              |
|  -1.208|   -1.208|-726.196| -726.196|    36.51%|   0:00:04.0| 2896.3M|   WC_VIEW|  reg2reg| sfp_instance/R_8197/D                              |
|  -1.206|   -1.206|-725.992| -725.992|    36.51%|   0:00:01.0| 2896.4M|   WC_VIEW|  reg2reg| sfp_instance/R_6815/D                              |
|  -1.207|   -1.207|-725.815| -725.815|    36.52%|   0:00:01.0| 2896.4M|   WC_VIEW|  reg2reg| sfp_instance/R_6815/D                              |
|  -1.205|   -1.205|-725.803| -725.803|    36.52%|   0:00:00.0| 2896.4M|   WC_VIEW|  reg2reg| sfp_instance/R_6815/D                              |
|  -1.200|   -1.200|-725.606| -725.606|    36.52%|   0:00:02.0| 2896.4M|   WC_VIEW|  reg2reg| sfp_instance/R_6815/D                              |
|  -1.200|   -1.200|-725.588| -725.588|    36.52%|   0:00:02.0| 2896.4M|   WC_VIEW|  reg2reg| sfp_instance/R_6815/D                              |
|  -1.199|   -1.199|-725.240| -725.240|    36.52%|   0:00:00.0| 2896.4M|   WC_VIEW|  reg2reg| sfp_instance/R_6815/D                              |
|  -1.195|   -1.195|-724.650| -724.650|    36.54%|   0:00:01.0| 2896.4M|   WC_VIEW|  reg2reg| sfp_instance/R_6815/D                              |
|  -1.196|   -1.196|-723.931| -723.931|    36.54%|   0:00:02.0| 2896.4M|   WC_VIEW|  reg2reg| sfp_instance/R_6815/D                              |
|  -1.196|   -1.196|-723.443| -723.443|    36.54%|   0:00:00.0| 2896.4M|   WC_VIEW|  reg2reg| sfp_instance/R_6815/D                              |
|  -1.202|   -1.202|-723.764| -723.764|    36.61%|   0:00:11.0| 2896.4M|   WC_VIEW|  reg2reg| sfp_instance/R_6815/D                              |
|  -1.219|   -1.219|-725.192| -725.192|    36.63%|   0:00:02.0| 2896.4M|   WC_VIEW|  reg2reg| sfp_instance/R_6815/D                              |
+--------+---------+--------+---------+----------+------------+--------+----------+---------+----------------------------------------------------+

*** Finish Core Optimize Step (cpu=0:02:36 real=0:00:26.0 mem=2896.4M) ***
Active Path Group: default 
+--------+---------+--------+---------+----------+------------+--------+----------+---------+----------------------------------------------------+
|  WNS   | All WNS |  TNS   | All TNS | Density  |    Real    |  Mem   |Worst View|Pathgroup|                     End Point                      |
+--------+---------+--------+---------+----------+------------+--------+----------+---------+----------------------------------------------------+
|  -1.009|   -1.219|-544.113| -725.192|    36.63%|   0:00:00.0| 2896.4M|   WC_VIEW|  default| sfp_instance/R_6815/D                              |
|  -1.001|   -1.211|-543.123| -724.421|    36.63%|   0:00:03.0| 2896.4M|   WC_VIEW|  default| sfp_instance/R_6815/D                              |
|  -0.996|   -1.206|-542.964| -724.256|    36.63%|   0:00:02.0| 2896.4M|   WC_VIEW|  default| sfp_instance/R_6815/D                              |
|  -1.001|   -1.211|-542.031| -724.504|    36.63%|   0:00:01.0| 2896.4M|   WC_VIEW|  default| sfp_instance/R_6815/D                              |
|  -0.996|   -1.206|-541.634| -724.109|    36.63%|   0:00:00.0| 2896.4M|   WC_VIEW|  default| sfp_instance/R_6815/D                              |
|  -0.995|   -1.206|-541.675| -724.153|    36.64%|   0:00:04.0| 2896.4M|   WC_VIEW|  default| sfp_instance/R_6815/D                              |
|  -1.001|   -1.210|-543.912| -725.099|    36.69%|   0:00:05.0| 2896.4M|   WC_VIEW|  default| sfp_instance/R_6815/D                              |
+--------+---------+--------+---------+----------+------------+--------+----------+---------+----------------------------------------------------+

*** Finish Core Optimize Step (cpu=0:01:38 real=0:00:15.0 mem=2896.4M) ***

*** Finished Optimize Step Cumulative (cpu=0:04:14 real=0:00:42.0 mem=2896.4M) ***
** GigaOpt Optimizer WNS Slack -1.210 TNS Slack -725.099 Density 36.69
*** Starting refinePlace (1:01:27 mem=2896.4M) ***
Total net bbox length = 1.025e+06 (4.980e+05 5.271e+05) (ext = 6.133e+04)
Move report: Timing Driven Placement moves 4110 insts, mean move: 5.98 um, max move: 47.00 um
	Max move on inst (sfp_instance/FE_OCPC4371_n3517): (540.60, 417.20) --> (520.60, 444.20)
	Runtime: CPU: 0:00:04.1 REAL: 0:00:03.0 MEM: 2896.4MB
Move report: Detail placement moves 2648 insts, mean move: 0.57 um, max move: 5.00 um
	Max move on inst (sfp_instance/FE_RC_2754_0): (445.80, 93.20) --> (442.60, 91.40)
	Runtime: CPU: 0:00:01.5 REAL: 0:00:00.0 MEM: 2818.1MB
Summary Report:
Instances move: 5251 (out of 50995 movable)
Mean displacement: 4.83 um
Max displacement: 46.60 um (Instance: sfp_instance/FE_OCPC4371_n3517) (540.6, 417.2) -> (521, 444.2)
	Length: 4 sites, height: 1 rows, site name: core, cell type: CKBD1
Total net bbox length = 1.026e+06 (4.986e+05 5.272e+05) (ext = 6.135e+04)
Runtime: CPU: 0:00:05.6 REAL: 0:00:03.0 MEM: 2818.1MB
*** Finished refinePlace (1:01:33 mem=2818.1M) ***
Finished re-routing un-routed nets (0:00:00.1 2818.1M)


Density : 0.3669
Max route overflow : 0.0001


*** Finish Physical Update (cpu=0:00:07.2 real=0:00:04.0 mem=2818.1M) ***
** GigaOpt Optimizer WNS Slack -1.251 TNS Slack -728.110 Density 36.69
Skipped Place ECO bump recovery (WNS opt)
Optimizer WNS Pass 5
Active Path Group: reg2reg  
+--------+---------+--------+---------+----------+------------+--------+----------+---------+----------------------------------------------------+
|  WNS   | All WNS |  TNS   | All TNS | Density  |    Real    |  Mem   |Worst View|Pathgroup|                     End Point                      |
+--------+---------+--------+---------+----------+------------+--------+----------+---------+----------------------------------------------------+
|  -1.251|   -1.251|-728.110| -728.110|    36.69%|   0:00:00.0| 2818.1M|   WC_VIEW|  reg2reg| sfp_instance/R_6815/D                              |
|  -1.249|   -1.249|-727.601| -727.601|    36.70%|   0:00:04.0| 2818.1M|   WC_VIEW|  reg2reg| sfp_instance/R_6815/D                              |
|  -1.243|   -1.243|-727.192| -727.192|    36.70%|   0:00:00.0| 2818.1M|   WC_VIEW|  reg2reg| sfp_instance/R_6815/D                              |
|  -1.238|   -1.238|-726.931| -726.931|    36.70%|   0:00:01.0| 2818.1M|   WC_VIEW|  reg2reg| sfp_instance/R_6815/D                              |
|  -1.235|   -1.235|-726.560| -726.560|    36.70%|   0:00:01.0| 2875.4M|   WC_VIEW|  reg2reg| sfp_instance/R_6815/D                              |
|  -1.235|   -1.235|-726.976| -726.976|    36.71%|   0:00:02.0| 2875.4M|   WC_VIEW|  reg2reg| sfp_instance/R_6815/D                              |
|  -1.232|   -1.232|-726.823| -726.823|    36.71%|   0:00:01.0| 2875.4M|   WC_VIEW|  reg2reg| sfp_instance/R_6815/D                              |
|  -1.231|   -1.231|-726.703| -726.703|    36.71%|   0:00:01.0| 2875.4M|   WC_VIEW|  reg2reg| sfp_instance/R_6815/D                              |
|  -1.227|   -1.227|-726.407| -726.407|    36.71%|   0:00:00.0| 2875.4M|   WC_VIEW|  reg2reg| sfp_instance/R_6815/D                              |
|  -1.225|   -1.225|-725.822| -725.822|    36.72%|   0:00:02.0| 2875.4M|   WC_VIEW|  reg2reg| sfp_instance/R_6815/D                              |
|  -1.225|   -1.225|-725.822| -725.822|    36.72%|   0:00:01.0| 2875.4M|   WC_VIEW|  reg2reg| sfp_instance/R_6815/D                              |
|  -1.223|   -1.223|-725.565| -725.565|    36.72%|   0:00:00.0| 2875.4M|   WC_VIEW|  reg2reg| sfp_instance/R_6815/D                              |
|  -1.221|   -1.221|-725.502| -725.502|    36.73%|   0:00:02.0| 2875.4M|   WC_VIEW|  reg2reg| sfp_instance/R_6815/D                              |
|  -1.221|   -1.221|-725.487| -725.487|    36.73%|   0:00:00.0| 2875.4M|   WC_VIEW|  reg2reg| sfp_instance/R_6815/D                              |
|  -1.220|   -1.220|-734.227| -734.227|    36.78%|   0:00:08.0| 2875.4M|   WC_VIEW|  reg2reg| sfp_instance/R_7850/D                              |
|  -1.220|   -1.220|-734.221| -734.221|    36.78%|   0:00:01.0| 2875.4M|   WC_VIEW|  reg2reg| sfp_instance/R_6815/D                              |
|  -1.220|   -1.220|-734.196| -734.196|    36.79%|   0:00:00.0| 2875.4M|   WC_VIEW|  reg2reg| sfp_instance/R_6815/D                              |
|  -1.220|   -1.220|-730.380| -730.380|    36.80%|   0:00:01.0| 2875.4M|   WC_VIEW|  reg2reg| sfp_instance/R_6815/D                              |
|  -1.220|   -1.220|-729.920| -729.920|    36.81%|   0:00:00.0| 2875.4M|   WC_VIEW|  reg2reg| sfp_instance/R_6815/D                              |
Analyzing useful skew in preCTS mode ...
skewClock is  advancing: -300ps, psum_mem_instance/clk
skewClock is  advancing: -300ps, sfp_instance/fifo_inst_int/R_8649/CP
skewClock is  advancing: -300ps, sfp_instance/fifo_inst_int/R_9396/CP
skewClock is  advancing: -300ps, sfp_instance/fifo_inst_int/R_9348/CP
skewClock is  advancing: -300ps, sfp_instance/fifo_inst_int/R_9446/CP
skewClock is  advancing: -300ps, sfp_instance/fifo_inst_int/R_9445/CP
skewClock is  advancing: -300ps, sfp_instance/fifo_inst_int/R_9345/CP
skewClock is  advancing: -300ps, sfp_instance/fifo_inst_int/R_8622/CP
skewClock is  advancing: -300ps, sfp_instance/fifo_inst_int/R_9394/CP
skewClock is  advancing: -300ps, sfp_instance/fifo_inst_int/fifo_mem_reg_9__6_/CP
skewClock is  advancing: -300ps, sfp_instance/fifo_inst_int/R_9395/CP
skewClock is  advancing: -300ps, sfp_instance/fifo_inst_int/R_8590/CP
skewClock is  advancing: -300ps, sfp_instance/fifo_inst_int/R_8646/CP
skewClock is  advancing: -300ps, sfp_instance/fifo_inst_int/R_9443/CP
 ** Useful skew failure reasons **
The sequential element psum_mem_instance could not be skewed because either the element is unconstrained or slack exceeds minimum target slack.
 ** Useful skew failure reasons **
The sequential element sfp_instance/fifo_inst_int/R_8649 could not be skewed because the amount of possible skewing is less than 10ps. Use "setUsefulSkewMode -maxSkew true" to commit such moves.
The sequential element sfp_instance/fifo_inst_int/R_9396 could not be skewed because the amount of possible skewing is less than 10ps. Use "setUsefulSkewMode -maxSkew true" to commit such moves.
The sequential element sfp_instance/fifo_inst_int/R_9348 could not be skewed because the amount of possible skewing is less than 10ps. Use "setUsefulSkewMode -maxSkew true" to commit such moves.
The sequential element sfp_instance/fifo_inst_int/R_9446 could not be skewed because the amount of possible skewing is less than 10ps. Use "setUsefulSkewMode -maxSkew true" to commit such moves.
The sequential element sfp_instance/fifo_inst_int/R_9445 could not be skewed because the amount of possible skewing is less than 10ps. Use "setUsefulSkewMode -maxSkew true" to commit such moves.
The sequential element sfp_instance/fifo_inst_int/R_9345 could not be skewed because the amount of possible skewing is less than 10ps. Use "setUsefulSkewMode -maxSkew true" to commit such moves.
The sequential element sfp_instance/fifo_inst_int/R_8622 could not be skewed because the amount of possible skewing is less than 10ps. Use "setUsefulSkewMode -maxSkew true" to commit such moves.
The sequential element sfp_instance/fifo_inst_int/R_9394 could not be skewed because the amount of possible skewing is less than 10ps. Use "setUsefulSkewMode -maxSkew true" to commit such moves.
The sequential element sfp_instance/fifo_inst_int/fifo_mem_reg_9__6_ could not be skewed because the amount of possible skewing is less than 10ps. Use "setUsefulSkewMode -maxSkew true" to commit such moves.
The sequential element sfp_instance/fifo_inst_int/R_9395 could not be skewed because the amount of possible skewing is less than 10ps. Use "setUsefulSkewMode -maxSkew true" to commit such moves.
The sequential element sfp_instance/fifo_inst_int/R_8590 could not be skewed because the amount of possible skewing is less than 10ps. Use "setUsefulSkewMode -maxSkew true" to commit such moves.
The sequential element sfp_instance/fifo_inst_int/R_8646 could not be skewed because the amount of possible skewing is less than 10ps. Use "setUsefulSkewMode -maxSkew true" to commit such moves.
The sequential element sfp_instance/fifo_inst_int/R_9443 could not be skewed because the amount of possible skewing is less than 10ps. Use "setUsefulSkewMode -maxSkew true" to commit such moves.
The sequential element psum_mem_instance could not be skewed because either the element is unconstrained or slack exceeds minimum target slack.
|  -1.187|   -1.187|-709.482| -709.482|    36.81%|   0:00:01.0| 2875.4M|   WC_VIEW|  reg2reg| sfp_instance/R_6815/D                              |
|  -1.185|   -1.185|-707.885| -707.885|    36.81%|   0:00:01.0| 2875.4M|   WC_VIEW|  reg2reg| sfp_instance/R_6815/D                              |
|  -1.184|   -1.184|-707.566| -707.566|    36.81%|   0:00:01.0| 2875.4M|   WC_VIEW|  reg2reg| sfp_instance/R_6815/D                              |
|  -1.184|   -1.184|-707.161| -707.161|    36.81%|   0:00:00.0| 2875.4M|   WC_VIEW|  reg2reg| sfp_instance/R_6815/D                              |
|  -1.184|   -1.184|-706.751| -706.751|    36.82%|   0:00:00.0| 2875.4M|   WC_VIEW|  reg2reg| sfp_instance/R_6815/D                              |
|  -1.183|   -1.183|-706.399| -706.399|    36.82%|   0:00:01.0| 2875.4M|   WC_VIEW|  reg2reg| sfp_instance/R_6815/D                              |
|  -1.182|   -1.182|-706.335| -706.335|    36.82%|   0:00:00.0| 2875.4M|   WC_VIEW|  reg2reg| sfp_instance/R_6815/D                              |
|  -1.181|   -1.181|-706.153| -706.153|    36.82%|   0:00:00.0| 2875.4M|   WC_VIEW|  reg2reg| sfp_instance/R_6815/D                              |
|  -1.180|   -1.180|-705.174| -705.174|    36.82%|   0:00:01.0| 2875.4M|   WC_VIEW|  reg2reg| sfp_instance/R_6815/D                              |
|  -1.178|   -1.178|-704.096| -704.096|    36.82%|   0:00:00.0| 2875.4M|   WC_VIEW|  reg2reg| sfp_instance/R_6815/D                              |
|  -1.178|   -1.178|-704.091| -704.091|    36.82%|   0:00:01.0| 2875.4M|   WC_VIEW|  reg2reg| sfp_instance/R_6815/D                              |
|  -1.177|   -1.177|-703.784| -703.784|    36.82%|   0:00:00.0| 2875.4M|   WC_VIEW|  reg2reg| sfp_instance/R_6815/D                              |
Analyzing useful skew in preCTS mode ...
skewClock is  advancing: -300ps, sfp_instance/fifo_inst_int/R_8650/CP
skewClock is  advancing: -300ps, sfp_instance/fifo_inst_int/R_9397/CP
skewClock is  advancing: -300ps, sfp_instance/fifo_inst_int/R_9444/CP
skewClock is  advancing: -300ps, sfp_instance/fifo_inst_int/fifo_mem_reg_15__10_/CP
skewClock is  advancing: -300ps, sfp_instance/fifo_inst_int/R_9398/CP
skewClock is  advancing: -300ps, sfp_instance/fifo_inst_int/R_8648/CP
skewClock is  advancing: -300ps, sfp_instance/fifo_inst_int/R_9447/CP
skewClock is  advancing: -300ps, sfp_instance/fifo_inst_int/R_9346/CP
skewClock is  advancing: -300ps, sfp_instance/fifo_inst_int/fifo_mem_reg_3__12_/CP
skewClock is  advancing: -300ps, sfp_instance/fifo_inst_int/fifo_mem_reg_15__6_/CP
skewClock is  advancing: -300ps, sfp_instance/fifo_inst_int/fifo_mem_reg_13__6_/CP
skewClock is  advancing: -300ps, sfp_instance/fifo_inst_int/fifo_mem_reg_15__9_/CP
skewClock is  advancing: -300ps, sfp_instance/fifo_inst_int/fifo_mem_reg_12__8_/CP
skewClock is  advancing: -300ps, sfp_instance/fifo_inst_int/fifo_mem_reg_3__10_/CP
skewClock is  advancing: -300ps, sfp_instance/fifo_inst_int/fifo_mem_reg_11__10_/CP
skewClock is  advancing: -300ps, sfp_instance/fifo_inst_int/fifo_mem_reg_13__10_/CP
skewClock is  advancing: -300ps, sfp_instance/fifo_inst_int/fifo_mem_reg_11__11_/CP
skewClock is  advancing: -300ps, sfp_instance/fifo_inst_int/fifo_mem_reg_3__11_/CP
skewClock is  advancing: -300ps, sfp_instance/fifo_inst_int/fifo_mem_reg_3__8_/CP
skewClock is  advancing: -300ps, sfp_instance/fifo_inst_int/fifo_mem_reg_5__9_/CP
skewClock is  advancing: -300ps, sfp_instance/fifo_inst_int/fifo_mem_reg_9__8_/CP
skewClock is  advancing: -300ps, sfp_instance/fifo_inst_int/fifo_mem_reg_14__9_/CP
skewClock is  advancing: -300ps, sfp_instance/fifo_inst_int/fifo_mem_reg_14__12_/CP
skewClock is  advancing: -300ps, sfp_instance/fifo_inst_int/fifo_mem_reg_13__8_/CP
skewClock is  advancing: -300ps, sfp_instance/fifo_inst_int/fifo_mem_reg_12__10_/CP
skewClock is  advancing: -300ps, sfp_instance/fifo_inst_int/fifo_mem_reg_0__10_/CP
 ** Useful skew failure reasons **
The sequential element sfp_instance/fifo_inst_int/R_8649 could not be skewed because the amount of possible skewing is less than 10ps. Use "setUsefulSkewMode -maxSkew true" to commit such moves.
The sequential element sfp_instance/fifo_inst_int/R_9396 could not be skewed because the amount of possible skewing is less than 10ps. Use "setUsefulSkewMode -maxSkew true" to commit such moves.
The sequential element sfp_instance/fifo_inst_int/R_9394 could not be skewed because the amount of possible skewing is less than 10ps. Use "setUsefulSkewMode -maxSkew true" to commit such moves.
The sequential element sfp_instance/fifo_inst_int/R_9445 could not be skewed because the amount of possible skewing is less than 10ps. Use "setUsefulSkewMode -maxSkew true" to commit such moves.
The sequential element sfp_instance/fifo_inst_int/R_9348 could not be skewed because the amount of possible skewing is less than 10ps. Use "setUsefulSkewMode -maxSkew true" to commit such moves.
The sequential element sfp_instance/fifo_inst_int/R_8646 could not be skewed because the amount of possible skewing is less than 10ps. Use "setUsefulSkewMode -maxSkew true" to commit such moves.
The sequential element sfp_instance/fifo_inst_int/R_8622 could not be skewed because the amount of possible skewing is less than 10ps. Use "setUsefulSkewMode -maxSkew true" to commit such moves.
The sequential element sfp_instance/fifo_inst_int/R_8590 could not be skewed because the amount of possible skewing is less than 10ps. Use "setUsefulSkewMode -maxSkew true" to commit such moves.
The sequential element sfp_instance/fifo_inst_int/fifo_mem_reg_9__6_ could not be skewed because the amount of possible skewing is less than 10ps. Use "setUsefulSkewMode -maxSkew true" to commit such moves.
The sequential element psum_mem_instance could not be skewed because the amount of possible skewing is less than 10ps. Use "setUsefulSkewMode -maxSkew true" to commit such moves.
The sequential element sfp_instance/fifo_inst_int/R_9395 could not be skewed because the amount of possible skewing is less than 10ps. Use "setUsefulSkewMode -maxSkew true" to commit such moves.
The sequential element sfp_instance/fifo_inst_int/R_9446 could not be skewed because the amount of possible skewing is less than 10ps. Use "setUsefulSkewMode -maxSkew true" to commit such moves.
The sequential element sfp_instance/fifo_inst_int/R_9345 could not be skewed because the amount of possible skewing is less than 10ps. Use "setUsefulSkewMode -maxSkew true" to commit such moves.
The sequential element sfp_instance/fifo_inst_int/R_9443 could not be skewed because the amount of possible skewing is less than 10ps. Use "setUsefulSkewMode -maxSkew true" to commit such moves.
 ** Useful skew failure reasons **
The sequential element sfp_instance/fifo_inst_int/R_8649 could not be skewed because the amount of possible skewing is less than 10ps. Use "setUsefulSkewMode -maxSkew true" to commit such moves.
The sequential element sfp_instance/fifo_inst_int/R_9396 could not be skewed because the amount of possible skewing is less than 10ps. Use "setUsefulSkewMode -maxSkew true" to commit such moves.
The sequential element sfp_instance/fifo_inst_int/R_9394 could not be skewed because the amount of possible skewing is less than 10ps. Use "setUsefulSkewMode -maxSkew true" to commit such moves.
The sequential element sfp_instance/fifo_inst_int/R_9445 could not be skewed because the amount of possible skewing is less than 10ps. Use "setUsefulSkewMode -maxSkew true" to commit such moves.
The sequential element sfp_instance/fifo_inst_int/R_9348 could not be skewed because the amount of possible skewing is less than 10ps. Use "setUsefulSkewMode -maxSkew true" to commit such moves.
The sequential element sfp_instance/fifo_inst_int/R_8646 could not be skewed because the amount of possible skewing is less than 10ps. Use "setUsefulSkewMode -maxSkew true" to commit such moves.
The sequential element sfp_instance/fifo_inst_int/R_8622 could not be skewed because the amount of possible skewing is less than 10ps. Use "setUsefulSkewMode -maxSkew true" to commit such moves.
The sequential element sfp_instance/fifo_inst_int/R_8590 could not be skewed because the amount of possible skewing is less than 10ps. Use "setUsefulSkewMode -maxSkew true" to commit such moves.
The sequential element sfp_instance/fifo_inst_int/fifo_mem_reg_9__6_ could not be skewed because the amount of possible skewing is less than 10ps. Use "setUsefulSkewMode -maxSkew true" to commit such moves.
The sequential element psum_mem_instance could not be skewed because the amount of possible skewing is less than 10ps. Use "setUsefulSkewMode -maxSkew true" to commit such moves.
The sequential element sfp_instance/fifo_inst_int/R_9395 could not be skewed because the amount of possible skewing is less than 10ps. Use "setUsefulSkewMode -maxSkew true" to commit such moves.
The sequential element sfp_instance/fifo_inst_int/R_9446 could not be skewed because the amount of possible skewing is less than 10ps. Use "setUsefulSkewMode -maxSkew true" to commit such moves.
The sequential element sfp_instance/fifo_inst_int/R_9345 could not be skewed because the amount of possible skewing is less than 10ps. Use "setUsefulSkewMode -maxSkew true" to commit such moves.
The sequential element sfp_instance/fifo_inst_int/R_9443 could not be skewed because the amount of possible skewing is less than 10ps. Use "setUsefulSkewMode -maxSkew true" to commit such moves.
 ** Useful skew failure reasons **
The sequential element sfp_instance/fifo_inst_int/R_8649 could not be skewed because the amount of possible skewing is less than 10ps. Use "setUsefulSkewMode -maxSkew true" to commit such moves.
The sequential element sfp_instance/fifo_inst_int/R_9396 could not be skewed because the amount of possible skewing is less than 10ps. Use "setUsefulSkewMode -maxSkew true" to commit such moves.
The sequential element sfp_instance/fifo_inst_int/R_9394 could not be skewed because the amount of possible skewing is less than 10ps. Use "setUsefulSkewMode -maxSkew true" to commit such moves.
The sequential element sfp_instance/fifo_inst_int/R_9445 could not be skewed because the amount of possible skewing is less than 10ps. Use "setUsefulSkewMode -maxSkew true" to commit such moves.
The sequential element sfp_instance/fifo_inst_int/R_9348 could not be skewed because the amount of possible skewing is less than 10ps. Use "setUsefulSkewMode -maxSkew true" to commit such moves.
The sequential element sfp_instance/fifo_inst_int/R_8646 could not be skewed because the amount of possible skewing is less than 10ps. Use "setUsefulSkewMode -maxSkew true" to commit such moves.
The sequential element sfp_instance/fifo_inst_int/R_8622 could not be skewed because the amount of possible skewing is less than 10ps. Use "setUsefulSkewMode -maxSkew true" to commit such moves.
The sequential element sfp_instance/fifo_inst_int/R_8590 could not be skewed because the amount of possible skewing is less than 10ps. Use "setUsefulSkewMode -maxSkew true" to commit such moves.
The sequential element sfp_instance/fifo_inst_int/fifo_mem_reg_9__6_ could not be skewed because the amount of possible skewing is less than 10ps. Use "setUsefulSkewMode -maxSkew true" to commit such moves.
The sequential element psum_mem_instance could not be skewed because the amount of possible skewing is less than 10ps. Use "setUsefulSkewMode -maxSkew true" to commit such moves.
The sequential element sfp_instance/fifo_inst_int/R_9395 could not be skewed because the amount of possible skewing is less than 10ps. Use "setUsefulSkewMode -maxSkew true" to commit such moves.
The sequential element sfp_instance/fifo_inst_int/R_9446 could not be skewed because the amount of possible skewing is less than 10ps. Use "setUsefulSkewMode -maxSkew true" to commit such moves.
The sequential element sfp_instance/fifo_inst_int/R_9345 could not be skewed because the amount of possible skewing is less than 10ps. Use "setUsefulSkewMode -maxSkew true" to commit such moves.
The sequential element sfp_instance/fifo_inst_int/R_9443 could not be skewed because the amount of possible skewing is less than 10ps. Use "setUsefulSkewMode -maxSkew true" to commit such moves.
The sequential element sfp_instance/fifo_inst_int/R_8650 could not be skewed because the amount of possible skewing is less than 10ps. Use "setUsefulSkewMode -maxSkew true" to commit such moves.
The sequential element sfp_instance/fifo_inst_int/R_9397 could not be skewed because the amount of possible skewing is less than 10ps. Use "setUsefulSkewMode -maxSkew true" to commit such moves.
The sequential element sfp_instance/fifo_inst_int/R_9444 could not be skewed because the amount of possible skewing is less than 10ps. Use "setUsefulSkewMode -maxSkew true" to commit such moves.
The sequential element sfp_instance/fifo_inst_int/fifo_mem_reg_15__10_ could not be skewed because the amount of possible skewing is less than 10ps. Use "setUsefulSkewMode -maxSkew true" to commit such moves.
The sequential element sfp_instance/fifo_inst_int/R_9398 could not be skewed because the amount of possible skewing is less than 10ps. Use "setUsefulSkewMode -maxSkew true" to commit such moves.
The sequential element sfp_instance/fifo_inst_int/R_8648 could not be skewed because the amount of possible skewing is less than 10ps. Use "setUsefulSkewMode -maxSkew true" to commit such moves.
|  -1.149|   -1.149|-685.734| -685.734|    36.86%|   0:00:02.0| 2875.4M|   WC_VIEW|  reg2reg| sfp_instance/R_6815/D                              |
|  -1.148|   -1.148|-685.303| -685.303|    36.86%|   0:00:00.0| 2875.4M|   WC_VIEW|  reg2reg| sfp_instance/R_6815/D                              |
|  -1.146|   -1.146|-683.834| -683.834|    36.86%|   0:00:01.0| 2875.4M|   WC_VIEW|  reg2reg| sfp_instance/R_6815/D                              |
|  -1.146|   -1.146|-683.635| -683.635|    36.86%|   0:00:00.0| 2875.4M|   WC_VIEW|  reg2reg| sfp_instance/R_6815/D                              |
|  -1.146|   -1.146|-683.622| -683.622|    36.86%|   0:00:00.0| 2875.4M|   WC_VIEW|  reg2reg| sfp_instance/R_6815/D                              |
|  -1.146|   -1.146|-683.132| -683.132|    36.89%|   0:00:00.0| 2875.4M|   WC_VIEW|  reg2reg| sfp_instance/R_6815/D                              |
|  -1.146|   -1.146|-682.216| -682.216|    36.90%|   0:00:00.0| 2875.4M|   WC_VIEW|  reg2reg| sfp_instance/R_6815/D                              |
Analyzing useful skew in preCTS mode ...
skewClock is  advancing: -300ps, sfp_instance/fifo_inst_int/fifo_mem_reg_0__11_/CP
skewClock is  advancing: -300ps, sfp_instance/fifo_inst_int/fifo_mem_reg_0__7_/CP
skewClock is  advancing: -300ps, sfp_instance/fifo_inst_int/fifo_mem_reg_0__8_/CP
skewClock is  advancing: -300ps, sfp_instance/fifo_inst_int/fifo_mem_reg_2__11_/CP
skewClock is  advancing: -300ps, sfp_instance/fifo_inst_int/fifo_mem_reg_2__7_/CP
skewClock is  advancing: -300ps, sfp_instance/fifo_inst_int/fifo_mem_reg_1__6_/CP
skewClock is  advancing: -300ps, sfp_instance/fifo_inst_int/fifo_mem_reg_13__11_/CP
skewClock is  advancing: -300ps, sfp_instance/fifo_inst_int/fifo_mem_reg_13__7_/CP
skewClock is  advancing: -300ps, sfp_instance/fifo_inst_int/fifo_mem_reg_11__8_/CP
skewClock is  advancing: -300ps, sfp_instance/fifo_inst_int/fifo_mem_reg_14__16_/CP
skewClock is  advancing: -300ps, sfp_instance/fifo_inst_int/fifo_mem_reg_2__8_/CP
skewClock is  advancing: -300ps, sfp_instance/fifo_inst_int/fifo_mem_reg_3__16_/CP
skewClock is  advancing: -300ps, sfp_instance/fifo_inst_int/fifo_mem_reg_2__10_/CP
skewClock is  advancing: -300ps, sfp_instance/fifo_inst_int/fifo_mem_reg_12__11_/CP
skewClock is  advancing: -300ps, sfp_instance/fifo_inst_int/fifo_mem_reg_3__7_/CP
skewClock is  advancing: -300ps, sfp_instance/fifo_inst_int/fifo_mem_reg_13__16_/CP
skewClock is  advancing: -300ps, sfp_instance/fifo_inst_int/fifo_mem_reg_0__6_/CP
skewClock is  advancing: -300ps, sfp_instance/fifo_inst_int/fifo_mem_reg_12__7_/CP
skewClock is  advancing: -300ps, sfp_instance/fifo_inst_int/fifo_mem_reg_12__9_/CP
skewClock is  advancing: -300ps, sfp_instance/fifo_inst_int/fifo_mem_reg_8__6_/CP
skewClock is  advancing: -300ps, sfp_instance/fifo_inst_int/fifo_mem_reg_9__9_/CP
skewClock is  advancing: -300ps, sfp_instance/fifo_inst_int/fifo_mem_reg_15__17_/CP
skewClock is  advancing: -300ps, sfp_instance/fifo_inst_int/fifo_mem_reg_11__7_/CP
skewClock is  advancing: -300ps, sfp_instance/fifo_inst_int/fifo_mem_reg_15__7_/CP
skewClock is  advancing: -300ps, sfp_instance/fifo_inst_int/fifo_mem_reg_13__12_/CP
skewClock is  advancing: -300ps, sfp_instance/fifo_inst_int/fifo_mem_reg_13__17_/CP
skewClock is  advancing: -300ps, sfp_instance/fifo_inst_int/fifo_mem_reg_8__11_/CP
skewClock is  advancing: -300ps, sfp_instance/fifo_inst_int/fifo_mem_reg_11__16_/CP
skewClock is  advancing: -300ps, sfp_instance/fifo_inst_int/fifo_mem_reg_12__16_/CP
skewClock is  advancing: -300ps, sfp_instance/fifo_inst_int/fifo_mem_reg_0__12_/CP
skewClock is  advancing: -300ps, sfp_instance/fifo_inst_int/fifo_mem_reg_13__19_/CP
skewClock is  advancing: -300ps, sfp_instance/fifo_inst_int/fifo_mem_reg_0__16_/CP
skewClock is  advancing: -300ps, sfp_instance/fifo_inst_int/fifo_mem_reg_3__9_/CP
 ** Useful skew failure reasons **
The sequential element sfp_instance/fifo_inst_int/R_9396 could not be skewed because the amount of possible skewing is less than 10ps. Use "setUsefulSkewMode -maxSkew true" to commit such moves.
The sequential element sfp_instance/fifo_inst_int/R_9345 could not be skewed because the amount of possible skewing is less than 10ps. Use "setUsefulSkewMode -maxSkew true" to commit such moves.
The sequential element sfp_instance/fifo_inst_int/R_8649 could not be skewed because the amount of possible skewing is less than 10ps. Use "setUsefulSkewMode -maxSkew true" to commit such moves.
The sequential element sfp_instance/fifo_inst_int/R_9444 could not be skewed because the amount of possible skewing is less than 10ps. Use "setUsefulSkewMode -maxSkew true" to commit such moves.
The sequential element sfp_instance/fifo_inst_int/fifo_mem_reg_3__8_ could not be skewed because the amount of possible skewing is less than 10ps. Use "setUsefulSkewMode -maxSkew true" to commit such moves.
The sequential element sfp_instance/fifo_inst_int/R_9348 could not be skewed because the amount of possible skewing is less than 10ps. Use "setUsefulSkewMode -maxSkew true" to commit such moves.
The sequential element sfp_instance/fifo_inst_int/R_9394 could not be skewed because the amount of possible skewing is less than 10ps. Use "setUsefulSkewMode -maxSkew true" to commit such moves.
The sequential element sfp_instance/fifo_inst_int/R_8646 could not be skewed because the amount of possible skewing is less than 10ps. Use "setUsefulSkewMode -maxSkew true" to commit such moves.
The sequential element sfp_instance/fifo_inst_int/R_8590 could not be skewed because the amount of possible skewing is less than 10ps. Use "setUsefulSkewMode -maxSkew true" to commit such moves.
The sequential element sfp_instance/fifo_inst_int/R_9445 could not be skewed because the amount of possible skewing is less than 10ps. Use "setUsefulSkewMode -maxSkew true" to commit such moves.
The sequential element sfp_instance/fifo_inst_int/R_9395 could not be skewed because the amount of possible skewing is less than 10ps. Use "setUsefulSkewMode -maxSkew true" to commit such moves.
The sequential element sfp_instance/fifo_inst_int/R_8622 could not be skewed because the amount of possible skewing is less than 10ps. Use "setUsefulSkewMode -maxSkew true" to commit such moves.
The sequential element sfp_instance/fifo_inst_int/fifo_mem_reg_9__6_ could not be skewed because the amount of possible skewing is less than 10ps. Use "setUsefulSkewMode -maxSkew true" to commit such moves.
The sequential element psum_mem_instance could not be skewed because the amount of possible skewing is less than 10ps. Use "setUsefulSkewMode -maxSkew true" to commit such moves.
The sequential element sfp_instance/fifo_inst_int/R_9446 could not be skewed because the amount of possible skewing is less than 10ps. Use "setUsefulSkewMode -maxSkew true" to commit such moves.
The sequential element sfp_instance/fifo_inst_int/R_9443 could not be skewed because the amount of possible skewing is less than 10ps. Use "setUsefulSkewMode -maxSkew true" to commit such moves.
The sequential element sfp_instance/fifo_inst_int/R_9346 could not be skewed because the amount of possible skewing is less than 10ps. Use "setUsefulSkewMode -maxSkew true" to commit such moves.
The sequential element sfp_instance/fifo_inst_int/R_8650 could not be skewed because the amount of possible skewing is less than 10ps. Use "setUsefulSkewMode -maxSkew true" to commit such moves.
The sequential element sfp_instance/fifo_inst_int/R_9397 could not be skewed because the amount of possible skewing is less than 10ps. Use "setUsefulSkewMode -maxSkew true" to commit such moves.
The sequential element sfp_instance/fifo_inst_int/R_9398 could not be skewed because the amount of possible skewing is less than 10ps. Use "setUsefulSkewMode -maxSkew true" to commit such moves.
 ** Useful skew failure reasons **
The sequential element sfp_instance/fifo_inst_int/R_9396 could not be skewed because the amount of possible skewing is less than 10ps. Use "setUsefulSkewMode -maxSkew true" to commit such moves.
The sequential element sfp_instance/fifo_inst_int/R_9345 could not be skewed because the amount of possible skewing is less than 10ps. Use "setUsefulSkewMode -maxSkew true" to commit such moves.
The sequential element sfp_instance/fifo_inst_int/R_8649 could not be skewed because the amount of possible skewing is less than 10ps. Use "setUsefulSkewMode -maxSkew true" to commit such moves.
The sequential element sfp_instance/fifo_inst_int/R_9444 could not be skewed because the amount of possible skewing is less than 10ps. Use "setUsefulSkewMode -maxSkew true" to commit such moves.
The sequential element sfp_instance/fifo_inst_int/fifo_mem_reg_3__8_ could not be skewed because the amount of possible skewing is less than 10ps. Use "setUsefulSkewMode -maxSkew true" to commit such moves.
The sequential element sfp_instance/fifo_inst_int/R_9348 could not be skewed because the amount of possible skewing is less than 10ps. Use "setUsefulSkewMode -maxSkew true" to commit such moves.
The sequential element sfp_instance/fifo_inst_int/R_9394 could not be skewed because the amount of possible skewing is less than 10ps. Use "setUsefulSkewMode -maxSkew true" to commit such moves.
The sequential element sfp_instance/fifo_inst_int/R_8646 could not be skewed because the amount of possible skewing is less than 10ps. Use "setUsefulSkewMode -maxSkew true" to commit such moves.
The sequential element sfp_instance/fifo_inst_int/R_8590 could not be skewed because the amount of possible skewing is less than 10ps. Use "setUsefulSkewMode -maxSkew true" to commit such moves.
The sequential element sfp_instance/fifo_inst_int/R_9445 could not be skewed because the amount of possible skewing is less than 10ps. Use "setUsefulSkewMode -maxSkew true" to commit such moves.
The sequential element sfp_instance/fifo_inst_int/R_9395 could not be skewed because the amount of possible skewing is less than 10ps. Use "setUsefulSkewMode -maxSkew true" to commit such moves.
The sequential element sfp_instance/fifo_inst_int/R_8622 could not be skewed because the amount of possible skewing is less than 10ps. Use "setUsefulSkewMode -maxSkew true" to commit such moves.
The sequential element sfp_instance/fifo_inst_int/fifo_mem_reg_9__6_ could not be skewed because the amount of possible skewing is less than 10ps. Use "setUsefulSkewMode -maxSkew true" to commit such moves.
The sequential element psum_mem_instance could not be skewed because the amount of possible skewing is less than 10ps. Use "setUsefulSkewMode -maxSkew true" to commit such moves.
The sequential element sfp_instance/fifo_inst_int/R_9446 could not be skewed because the amount of possible skewing is less than 10ps. Use "setUsefulSkewMode -maxSkew true" to commit such moves.
The sequential element sfp_instance/fifo_inst_int/R_9443 could not be skewed because the amount of possible skewing is less than 10ps. Use "setUsefulSkewMode -maxSkew true" to commit such moves.
The sequential element sfp_instance/fifo_inst_int/R_9346 could not be skewed because the amount of possible skewing is less than 10ps. Use "setUsefulSkewMode -maxSkew true" to commit such moves.
The sequential element sfp_instance/fifo_inst_int/R_8650 could not be skewed because the amount of possible skewing is less than 10ps. Use "setUsefulSkewMode -maxSkew true" to commit such moves.
The sequential element sfp_instance/fifo_inst_int/R_9397 could not be skewed because the amount of possible skewing is less than 10ps. Use "setUsefulSkewMode -maxSkew true" to commit such moves.
The sequential element sfp_instance/fifo_inst_int/R_9398 could not be skewed because the amount of possible skewing is less than 10ps. Use "setUsefulSkewMode -maxSkew true" to commit such moves.
 ** Useful skew failure reasons **
The sequential element sfp_instance/fifo_inst_int/R_9396 could not be skewed because the amount of possible skewing is less than 10ps. Use "setUsefulSkewMode -maxSkew true" to commit such moves.
The sequential element sfp_instance/fifo_inst_int/R_9345 could not be skewed because the amount of possible skewing is less than 10ps. Use "setUsefulSkewMode -maxSkew true" to commit such moves.
The sequential element sfp_instance/fifo_inst_int/R_8649 could not be skewed because the amount of possible skewing is less than 10ps. Use "setUsefulSkewMode -maxSkew true" to commit such moves.
The sequential element sfp_instance/fifo_inst_int/R_9444 could not be skewed because the amount of possible skewing is less than 10ps. Use "setUsefulSkewMode -maxSkew true" to commit such moves.
The sequential element sfp_instance/fifo_inst_int/fifo_mem_reg_3__8_ could not be skewed because the amount of possible skewing is less than 10ps. Use "setUsefulSkewMode -maxSkew true" to commit such moves.
The sequential element sfp_instance/fifo_inst_int/R_9348 could not be skewed because the amount of possible skewing is less than 10ps. Use "setUsefulSkewMode -maxSkew true" to commit such moves.
The sequential element sfp_instance/fifo_inst_int/R_9394 could not be skewed because the amount of possible skewing is less than 10ps. Use "setUsefulSkewMode -maxSkew true" to commit such moves.
The sequential element sfp_instance/fifo_inst_int/R_8646 could not be skewed because the amount of possible skewing is less than 10ps. Use "setUsefulSkewMode -maxSkew true" to commit such moves.
The sequential element sfp_instance/fifo_inst_int/R_8590 could not be skewed because the amount of possible skewing is less than 10ps. Use "setUsefulSkewMode -maxSkew true" to commit such moves.
The sequential element sfp_instance/fifo_inst_int/R_9445 could not be skewed because the amount of possible skewing is less than 10ps. Use "setUsefulSkewMode -maxSkew true" to commit such moves.
The sequential element sfp_instance/fifo_inst_int/R_9395 could not be skewed because the amount of possible skewing is less than 10ps. Use "setUsefulSkewMode -maxSkew true" to commit such moves.
The sequential element sfp_instance/fifo_inst_int/R_8622 could not be skewed because the amount of possible skewing is less than 10ps. Use "setUsefulSkewMode -maxSkew true" to commit such moves.
The sequential element sfp_instance/fifo_inst_int/fifo_mem_reg_9__6_ could not be skewed because the amount of possible skewing is less than 10ps. Use "setUsefulSkewMode -maxSkew true" to commit such moves.
The sequential element psum_mem_instance could not be skewed because the amount of possible skewing is less than 10ps. Use "setUsefulSkewMode -maxSkew true" to commit such moves.
The sequential element sfp_instance/fifo_inst_int/R_9446 could not be skewed because the amount of possible skewing is less than 10ps. Use "setUsefulSkewMode -maxSkew true" to commit such moves.
The sequential element sfp_instance/fifo_inst_int/R_9443 could not be skewed because the amount of possible skewing is less than 10ps. Use "setUsefulSkewMode -maxSkew true" to commit such moves.
The sequential element sfp_instance/fifo_inst_int/R_9346 could not be skewed because the amount of possible skewing is less than 10ps. Use "setUsefulSkewMode -maxSkew true" to commit such moves.
The sequential element sfp_instance/fifo_inst_int/R_8650 could not be skewed because the amount of possible skewing is less than 10ps. Use "setUsefulSkewMode -maxSkew true" to commit such moves.
The sequential element sfp_instance/fifo_inst_int/R_9397 could not be skewed because the amount of possible skewing is less than 10ps. Use "setUsefulSkewMode -maxSkew true" to commit such moves.
The sequential element sfp_instance/fifo_inst_int/R_9398 could not be skewed because the amount of possible skewing is less than 10ps. Use "setUsefulSkewMode -maxSkew true" to commit such moves.
|  -1.125|   -1.125|-670.012| -670.012|    36.90%|   0:00:01.0| 2875.4M|   WC_VIEW|  reg2reg| sfp_instance/R_6815/D                              |
|  -1.124|   -1.124|-669.655| -669.655|    36.90%|   0:00:00.0| 2875.4M|   WC_VIEW|  reg2reg| sfp_instance/R_6815/D                              |
|  -1.123|   -1.123|-668.761| -668.761|    36.91%|   0:00:01.0| 2875.4M|   WC_VIEW|  reg2reg| sfp_instance/R_6815/D                              |
|  -1.120|   -1.120|-667.125| -667.125|    36.91%|   0:00:00.0| 2875.4M|   WC_VIEW|  reg2reg| sfp_instance/R_6815/D                              |
|  -1.120|   -1.120|-666.242| -666.242|    36.91%|   0:00:00.0| 2875.4M|   WC_VIEW|  reg2reg| sfp_instance/R_6815/D                              |
|  -1.119|   -1.119|-666.447| -666.447|    36.92%|   0:00:01.0| 2875.4M|   WC_VIEW|  reg2reg| sfp_instance/R_6815/D                              |
|  -1.119|   -1.119|-666.183| -666.183|    36.92%|   0:00:00.0| 2875.4M|   WC_VIEW|  reg2reg| sfp_instance/R_6815/D                              |
Analyzing useful skew in preCTS mode ...
skewClock is  advancing: -300ps, sfp_instance/fifo_inst_int/fifo_mem_reg_15__11_/CP
skewClock is  advancing: -300ps, sfp_instance/fifo_inst_int/fifo_mem_reg_7__11_/CP
skewClock is  advancing: -300ps, sfp_instance/fifo_inst_int/fifo_mem_reg_6__8_/CP
skewClock is  advancing: -300ps, sfp_instance/fifo_inst_int/fifo_mem_reg_5__6_/CP
skewClock is  advancing: -300ps, sfp_instance/fifo_inst_int/fifo_mem_reg_3__17_/CP
skewClock is  advancing: -300ps, sfp_instance/fifo_inst_int/fifo_mem_reg_13__15_/CP
skewClock is  advancing: -300ps, sfp_instance/fifo_inst_int/fifo_mem_reg_2__6_/CP
skewClock is  advancing: -300ps, sfp_instance/fifo_inst_int/fifo_mem_reg_12__6_/CP
skewClock is  advancing: -300ps, sfp_instance/fifo_inst_int/fifo_mem_reg_13__9_/CP
skewClock is  advancing: -300ps, sfp_instance/fifo_inst_int/fifo_mem_reg_2__16_/CP
skewClock is  advancing: -300ps, sfp_instance/fifo_inst_int/fifo_mem_reg_3__19_/CP
skewClock is  advancing: -300ps, sfp_instance/fifo_inst_int/fifo_mem_reg_12__19_/CP
skewClock is  advancing: -300ps, sfp_instance/fifo_inst_int/fifo_mem_reg_3__6_/CP
skewClock is  advancing: -300ps, sfp_instance/fifo_inst_int/fifo_mem_reg_14__7_/CP
skewClock is  advancing: -300ps, sfp_instance/fifo_inst_int/fifo_mem_reg_0__9_/CP
skewClock is  advancing: -300ps, sfp_instance/fifo_inst_int/fifo_mem_reg_9__10_/CP
skewClock is  advancing: -300ps, sfp_instance/fifo_inst_int/fifo_mem_reg_14__8_/CP
skewClock is  advancing: -300ps, sfp_instance/fifo_inst_int/fifo_mem_reg_8__9_/CP
skewClock is  advancing: -300ps, sfp_instance/fifo_inst_int/fifo_mem_reg_12__17_/CP
skewClock is  advancing: -300ps, sfp_instance/fifo_inst_int/fifo_mem_reg_2__9_/CP
skewClock is  advancing: -300ps, sfp_instance/fifo_inst_int/fifo_mem_reg_3__15_/CP
skewClock is  advancing: -300ps, sfp_instance/fifo_inst_int/R_9347/CP
skewClock is  advancing: -300ps, sfp_instance/fifo_inst_int/fifo_mem_reg_8__14_/CP
skewClock is  advancing: -300ps, sfp_instance/fifo_inst_int/fifo_mem_reg_15__15_/CP
skewClock is  advancing: -300ps, sfp_instance/fifo_inst_int/fifo_mem_reg_11__9_/CP
skewClock is  advancing: -300ps, sfp_instance/fifo_inst_int/fifo_mem_reg_11__17_/CP
skewClock is  advancing: -300ps, sfp_instance/fifo_inst_int/fifo_mem_reg_7__15_/CP
skewClock is  advancing: -300ps, sfp_instance/fifo_inst_int/fifo_mem_reg_12__15_/CP
skewClock is  advancing: -300ps, sfp_instance/fifo_inst_int/fifo_mem_reg_11__19_/CP
skewClock is  advancing: -300ps, sfp_instance/fifo_inst_int/fifo_mem_reg_8__15_/CP
skewClock is  advancing: -300ps, sfp_instance/fifo_inst_int/fifo_mem_reg_15__8_/CP
skewClock is  advancing: -300ps, sfp_instance/fifo_inst_int/fifo_mem_reg_6__6_/CP
skewClock is  advancing: -300ps, sfp_instance/fifo_inst_int/fifo_mem_reg_15__14_/CP
skewClock is  advancing: -300ps, sfp_instance/fifo_inst_int/fifo_mem_reg_9__7_/CP
skewClock is  advancing: -300ps, sfp_instance/fifo_inst_int/fifo_mem_reg_1__8_/CP
skewClock is  advancing: -300ps, sfp_instance/fifo_inst_int/fifo_mem_reg_0__15_/CP
skewClock is  advancing: -300ps, sfp_instance/fifo_inst_int/fifo_mem_reg_10__9_/CP
skewClock is  advancing: -300ps, sfp_instance/fifo_inst_int/fifo_mem_reg_3__21_/CP
skewClock is  advancing: -300ps, sfp_instance/fifo_inst_int/fifo_mem_reg_11__15_/CP
skewClock is  advancing: -300ps, sfp_instance/fifo_inst_int/fifo_mem_reg_14__6_/CP
skewClock is  advancing: -300ps, sfp_instance/fifo_inst_int/fifo_mem_reg_11__6_/CP
 ** Useful skew failure reasons **
The sequential element sfp_instance/fifo_inst_int/R_8649 could not be skewed because the amount of possible skewing is less than 10ps. Use "setUsefulSkewMode -maxSkew true" to commit such moves.
The sequential element sfp_instance/fifo_inst_int/R_9445 could not be skewed because the amount of possible skewing is less than 10ps. Use "setUsefulSkewMode -maxSkew true" to commit such moves.
The sequential element sfp_instance/fifo_inst_int/R_9396 could not be skewed because the amount of possible skewing is less than 10ps. Use "setUsefulSkewMode -maxSkew true" to commit such moves.
The sequential element sfp_instance/fifo_inst_int/R_9345 could not be skewed because the amount of possible skewing is less than 10ps. Use "setUsefulSkewMode -maxSkew true" to commit such moves.
The sequential element sfp_instance/fifo_inst_int/R_9394 could not be skewed because the amount of possible skewing is less than 10ps. Use "setUsefulSkewMode -maxSkew true" to commit such moves.
The sequential element sfp_instance/fifo_inst_int/R_9444 could not be skewed because the amount of possible skewing is less than 10ps. Use "setUsefulSkewMode -maxSkew true" to commit such moves.
The sequential element sfp_instance/fifo_inst_int/R_9348 could not be skewed because the amount of possible skewing is less than 10ps. Use "setUsefulSkewMode -maxSkew true" to commit such moves.
The sequential element sfp_instance/fifo_inst_int/R_8646 could not be skewed because the amount of possible skewing is less than 10ps. Use "setUsefulSkewMode -maxSkew true" to commit such moves.
The sequential element sfp_instance/fifo_inst_int/R_8590 could not be skewed because the amount of possible skewing is less than 10ps. Use "setUsefulSkewMode -maxSkew true" to commit such moves.
The sequential element sfp_instance/fifo_inst_int/R_9395 could not be skewed because the amount of possible skewing is less than 10ps. Use "setUsefulSkewMode -maxSkew true" to commit such moves.
The sequential element sfp_instance/fifo_inst_int/fifo_mem_reg_3__8_ could not be skewed because the amount of possible skewing is less than 10ps. Use "setUsefulSkewMode -maxSkew true" to commit such moves.
The sequential element sfp_instance/fifo_inst_int/fifo_mem_reg_13__6_ could not be skewed because the amount of possible skewing is less than 10ps. Use "setUsefulSkewMode -maxSkew true" to commit such moves.
The sequential element sfp_instance/fifo_inst_int/R_8622 could not be skewed because the amount of possible skewing is less than 10ps. Use "setUsefulSkewMode -maxSkew true" to commit such moves.
The sequential element sfp_instance/fifo_inst_int/fifo_mem_reg_9__6_ could not be skewed because the amount of possible skewing is less than 10ps. Use "setUsefulSkewMode -maxSkew true" to commit such moves.
The sequential element psum_mem_instance could not be skewed because the amount of possible skewing is less than 10ps. Use "setUsefulSkewMode -maxSkew true" to commit such moves.
The sequential element sfp_instance/fifo_inst_int/fifo_mem_reg_0__6_ could not be skewed because the amount of possible skewing is less than 10ps. Use "setUsefulSkewMode -maxSkew true" to commit such moves.
The sequential element sfp_instance/fifo_inst_int/R_9446 could not be skewed because the amount of possible skewing is less than 10ps. Use "setUsefulSkewMode -maxSkew true" to commit such moves.
The sequential element sfp_instance/fifo_inst_int/R_9346 could not be skewed because the amount of possible skewing is less than 10ps. Use "setUsefulSkewMode -maxSkew true" to commit such moves.
The sequential element sfp_instance/fifo_inst_int/R_9443 could not be skewed because the amount of possible skewing is less than 10ps. Use "setUsefulSkewMode -maxSkew true" to commit such moves.
The sequential element sfp_instance/fifo_inst_int/fifo_mem_reg_9__8_ could not be skewed because the amount of possible skewing is less than 10ps. Use "setUsefulSkewMode -maxSkew true" to commit such moves.
 ** Useful skew failure reasons **
The sequential element sfp_instance/fifo_inst_int/R_8649 could not be skewed because the amount of possible skewing is less than 10ps. Use "setUsefulSkewMode -maxSkew true" to commit such moves.
The sequential element sfp_instance/fifo_inst_int/R_9445 could not be skewed because the amount of possible skewing is less than 10ps. Use "setUsefulSkewMode -maxSkew true" to commit such moves.
The sequential element sfp_instance/fifo_inst_int/R_9396 could not be skewed because the amount of possible skewing is less than 10ps. Use "setUsefulSkewMode -maxSkew true" to commit such moves.
The sequential element sfp_instance/fifo_inst_int/R_9345 could not be skewed because the amount of possible skewing is less than 10ps. Use "setUsefulSkewMode -maxSkew true" to commit such moves.
The sequential element sfp_instance/fifo_inst_int/R_9394 could not be skewed because the amount of possible skewing is less than 10ps. Use "setUsefulSkewMode -maxSkew true" to commit such moves.
The sequential element sfp_instance/fifo_inst_int/R_9444 could not be skewed because the amount of possible skewing is less than 10ps. Use "setUsefulSkewMode -maxSkew true" to commit such moves.
The sequential element sfp_instance/fifo_inst_int/R_9348 could not be skewed because the amount of possible skewing is less than 10ps. Use "setUsefulSkewMode -maxSkew true" to commit such moves.
The sequential element sfp_instance/fifo_inst_int/R_8646 could not be skewed because the amount of possible skewing is less than 10ps. Use "setUsefulSkewMode -maxSkew true" to commit such moves.
The sequential element sfp_instance/fifo_inst_int/R_8590 could not be skewed because the amount of possible skewing is less than 10ps. Use "setUsefulSkewMode -maxSkew true" to commit such moves.
The sequential element sfp_instance/fifo_inst_int/R_9395 could not be skewed because the amount of possible skewing is less than 10ps. Use "setUsefulSkewMode -maxSkew true" to commit such moves.
The sequential element sfp_instance/fifo_inst_int/fifo_mem_reg_3__8_ could not be skewed because the amount of possible skewing is less than 10ps. Use "setUsefulSkewMode -maxSkew true" to commit such moves.
The sequential element sfp_instance/fifo_inst_int/fifo_mem_reg_13__6_ could not be skewed because the amount of possible skewing is less than 10ps. Use "setUsefulSkewMode -maxSkew true" to commit such moves.
The sequential element sfp_instance/fifo_inst_int/R_8622 could not be skewed because the amount of possible skewing is less than 10ps. Use "setUsefulSkewMode -maxSkew true" to commit such moves.
The sequential element sfp_instance/fifo_inst_int/fifo_mem_reg_9__6_ could not be skewed because the amount of possible skewing is less than 10ps. Use "setUsefulSkewMode -maxSkew true" to commit such moves.
The sequential element psum_mem_instance could not be skewed because the amount of possible skewing is less than 10ps. Use "setUsefulSkewMode -maxSkew true" to commit such moves.
The sequential element sfp_instance/fifo_inst_int/fifo_mem_reg_0__6_ could not be skewed because the amount of possible skewing is less than 10ps. Use "setUsefulSkewMode -maxSkew true" to commit such moves.
The sequential element sfp_instance/fifo_inst_int/R_9446 could not be skewed because the amount of possible skewing is less than 10ps. Use "setUsefulSkewMode -maxSkew true" to commit such moves.
The sequential element sfp_instance/fifo_inst_int/R_9346 could not be skewed because the amount of possible skewing is less than 10ps. Use "setUsefulSkewMode -maxSkew true" to commit such moves.
The sequential element sfp_instance/fifo_inst_int/R_9443 could not be skewed because the amount of possible skewing is less than 10ps. Use "setUsefulSkewMode -maxSkew true" to commit such moves.
The sequential element sfp_instance/fifo_inst_int/fifo_mem_reg_9__8_ could not be skewed because the amount of possible skewing is less than 10ps. Use "setUsefulSkewMode -maxSkew true" to commit such moves.
 ** Useful skew failure reasons **
The sequential element sfp_instance/fifo_inst_int/R_8649 could not be skewed because the amount of possible skewing is less than 10ps. Use "setUsefulSkewMode -maxSkew true" to commit such moves.
The sequential element sfp_instance/fifo_inst_int/R_9445 could not be skewed because the amount of possible skewing is less than 10ps. Use "setUsefulSkewMode -maxSkew true" to commit such moves.
The sequential element sfp_instance/fifo_inst_int/R_9396 could not be skewed because the amount of possible skewing is less than 10ps. Use "setUsefulSkewMode -maxSkew true" to commit such moves.
The sequential element sfp_instance/fifo_inst_int/R_9345 could not be skewed because the amount of possible skewing is less than 10ps. Use "setUsefulSkewMode -maxSkew true" to commit such moves.
The sequential element sfp_instance/fifo_inst_int/R_9394 could not be skewed because the amount of possible skewing is less than 10ps. Use "setUsefulSkewMode -maxSkew true" to commit such moves.
The sequential element sfp_instance/fifo_inst_int/R_9444 could not be skewed because the amount of possible skewing is less than 10ps. Use "setUsefulSkewMode -maxSkew true" to commit such moves.
The sequential element sfp_instance/fifo_inst_int/R_9348 could not be skewed because the amount of possible skewing is less than 10ps. Use "setUsefulSkewMode -maxSkew true" to commit such moves.
The sequential element sfp_instance/fifo_inst_int/R_8646 could not be skewed because the amount of possible skewing is less than 10ps. Use "setUsefulSkewMode -maxSkew true" to commit such moves.
The sequential element sfp_instance/fifo_inst_int/R_8590 could not be skewed because the amount of possible skewing is less than 10ps. Use "setUsefulSkewMode -maxSkew true" to commit such moves.
The sequential element sfp_instance/fifo_inst_int/R_9395 could not be skewed because the amount of possible skewing is less than 10ps. Use "setUsefulSkewMode -maxSkew true" to commit such moves.
The sequential element sfp_instance/fifo_inst_int/fifo_mem_reg_3__8_ could not be skewed because the amount of possible skewing is less than 10ps. Use "setUsefulSkewMode -maxSkew true" to commit such moves.
The sequential element sfp_instance/fifo_inst_int/fifo_mem_reg_13__6_ could not be skewed because the amount of possible skewing is less than 10ps. Use "setUsefulSkewMode -maxSkew true" to commit such moves.
The sequential element sfp_instance/fifo_inst_int/R_8622 could not be skewed because the amount of possible skewing is less than 10ps. Use "setUsefulSkewMode -maxSkew true" to commit such moves.
The sequential element sfp_instance/fifo_inst_int/fifo_mem_reg_9__6_ could not be skewed because the amount of possible skewing is less than 10ps. Use "setUsefulSkewMode -maxSkew true" to commit such moves.
The sequential element psum_mem_instance could not be skewed because the amount of possible skewing is less than 10ps. Use "setUsefulSkewMode -maxSkew true" to commit such moves.
The sequential element sfp_instance/fifo_inst_int/fifo_mem_reg_0__6_ could not be skewed because the amount of possible skewing is less than 10ps. Use "setUsefulSkewMode -maxSkew true" to commit such moves.
The sequential element sfp_instance/fifo_inst_int/R_9446 could not be skewed because the amount of possible skewing is less than 10ps. Use "setUsefulSkewMode -maxSkew true" to commit such moves.
The sequential element sfp_instance/fifo_inst_int/R_9346 could not be skewed because the amount of possible skewing is less than 10ps. Use "setUsefulSkewMode -maxSkew true" to commit such moves.
The sequential element sfp_instance/fifo_inst_int/R_9443 could not be skewed because the amount of possible skewing is less than 10ps. Use "setUsefulSkewMode -maxSkew true" to commit such moves.
The sequential element sfp_instance/fifo_inst_int/fifo_mem_reg_9__8_ could not be skewed because the amount of possible skewing is less than 10ps. Use "setUsefulSkewMode -maxSkew true" to commit such moves.
|  -1.102|   -1.102|-655.966| -655.966|    36.95%|   0:00:01.0| 2875.4M|   WC_VIEW|  reg2reg| sfp_instance/R_6815/D                              |
|  -1.101|   -1.101|-655.736| -655.736|    36.96%|   0:00:01.0| 2875.4M|   WC_VIEW|  reg2reg| sfp_instance/R_6815/D                              |
|  -1.099|   -1.099|-654.950| -654.950|    36.96%|   0:00:00.0| 2875.4M|   WC_VIEW|  reg2reg| sfp_instance/R_6815/D                              |
|  -1.098|   -1.098|-654.717| -654.717|    36.96%|   0:00:01.0| 2875.4M|   WC_VIEW|  reg2reg| sfp_instance/R_6815/D                              |
|  -1.096|   -1.096|-654.240| -654.240|    36.97%|   0:00:00.0| 2875.4M|   WC_VIEW|  reg2reg| sfp_instance/R_6815/D                              |
|  -1.096|   -1.096|-653.514| -653.514|    36.97%|   0:00:00.0| 2875.4M|   WC_VIEW|  reg2reg| sfp_instance/R_6815/D                              |
|  -1.095|   -1.095|-653.336| -653.336|    36.97%|   0:00:01.0| 2875.4M|   WC_VIEW|  reg2reg| sfp_instance/R_6815/D                              |
|  -1.095|   -1.095|-653.155| -653.155|    36.99%|   0:00:00.0| 2875.4M|   WC_VIEW|  reg2reg| sfp_instance/R_6815/D                              |
|  -1.095|   -1.095|-652.263| -652.263|    37.00%|   0:00:00.0| 2875.4M|   WC_VIEW|  reg2reg| sfp_instance/R_6815/D                              |
Analyzing useful skew in preCTS mode ...
skewClock is  advancing: -300ps, sfp_instance/fifo_inst_int/fifo_mem_reg_7__7_/CP
skewClock is  advancing: -300ps, sfp_instance/fifo_inst_int/fifo_mem_reg_15__12_/CP
skewClock is  advancing: -300ps, sfp_instance/fifo_inst_int/fifo_mem_reg_3__13_/CP
skewClock is  advancing: -300ps, sfp_instance/fifo_inst_int/fifo_mem_reg_7__9_/CP
skewClock is  advancing: -300ps, sfp_instance/fifo_inst_int/fifo_mem_reg_10__6_/CP
skewClock is  advancing: -300ps, sfp_instance/fifo_inst_int/fifo_mem_reg_13__13_/CP
skewClock is  advancing: -300ps, sfp_instance/fifo_inst_int/fifo_mem_reg_7__12_/CP
skewClock is  advancing: -300ps, sfp_instance/fifo_inst_int/fifo_mem_reg_3__14_/CP
skewClock is  advancing: -300ps, sfp_instance/fifo_inst_int/fifo_mem_reg_9__11_/CP
skewClock is  advancing: -300ps, sfp_instance/fifo_inst_int/fifo_mem_reg_10__10_/CP
skewClock is  advancing: -300ps, sfp_instance/fifo_inst_int/fifo_mem_reg_8__8_/CP
skewClock is  advancing: -300ps, sfp_instance/fifo_inst_int/fifo_mem_reg_15__13_/CP
skewClock is  advancing: -300ps, sfp_instance/fifo_inst_int/fifo_mem_reg_6__11_/CP
skewClock is  advancing: -300ps, sfp_instance/fifo_inst_int/fifo_mem_reg_2__13_/CP
skewClock is  advancing: -300ps, sfp_instance/fifo_inst_int/fifo_mem_reg_7__10_/CP
skewClock is  advancing: -300ps, sfp_instance/fifo_inst_int/fifo_mem_reg_2__12_/CP
skewClock is  advancing: -300ps, sfp_instance/fifo_inst_int/fifo_mem_reg_10__11_/CP
skewClock is  advancing: -300ps, sfp_instance/fifo_inst_int/fifo_mem_reg_0__17_/CP
skewClock is  advancing: -300ps, sfp_instance/fifo_inst_int/fifo_mem_reg_7__13_/CP
skewClock is  advancing: -300ps, sfp_instance/fifo_inst_int/fifo_mem_reg_14__15_/CP
skewClock is  advancing: -300ps, sfp_instance/fifo_inst_int/fifo_mem_reg_8__13_/CP
skewClock is  advancing: -300ps, sfp_instance/fifo_inst_int/fifo_mem_reg_11__13_/CP
skewClock is  advancing: -300ps, sfp_instance/fifo_inst_int/fifo_mem_reg_2__19_/CP
skewClock is  advancing: -300ps, sfp_instance/fifo_inst_int/fifo_mem_reg_0__18_/CP
skewClock is  advancing: -300ps, sfp_instance/fifo_inst_int/fifo_mem_reg_12__13_/CP
skewClock is  advancing: -300ps, sfp_instance/fifo_inst_int/fifo_mem_reg_8__19_/CP
skewClock is  advancing: -300ps, sfp_instance/fifo_inst_int/fifo_mem_reg_9__19_/CP
skewClock is  advancing: -300ps, sfp_instance/fifo_inst_int/fifo_mem_reg_6__17_/CP
skewClock is  advancing: -300ps, sfp_instance/fifo_inst_int/fifo_mem_reg_2__21_/CP
skewClock is  advancing: -300ps, sfp_instance/fifo_inst_int/fifo_mem_reg_5__10_/CP
skewClock is  advancing: -300ps, sfp_instance/fifo_inst_int/fifo_mem_reg_7__8_/CP
skewClock is  advancing: -300ps, sfp_instance/fifo_inst_int/fifo_mem_reg_8__10_/CP
skewClock is  advancing: -300ps, sfp_instance/fifo_inst_int/fifo_mem_reg_6__9_/CP
skewClock is  advancing: -300ps, sfp_instance/fifo_inst_int/fifo_mem_reg_10__16_/CP
skewClock is  advancing: -300ps, sfp_instance/fifo_inst_int/fifo_mem_reg_5__13_/CP
skewClock is  advancing: -300ps, sfp_instance/fifo_inst_int/fifo_mem_reg_0__20_/CP
skewClock is  advancing: -300ps, sfp_instance/fifo_inst_int/fifo_mem_reg_14__11_/CP
skewClock is  advancing: -300ps, sfp_instance/fifo_inst_int/fifo_mem_reg_10__15_/CP
skewClock is  advancing: -300ps, sfp_instance/fifo_inst_int/fifo_mem_reg_4__9_/CP
skewClock is  advancing: -300ps, sfp_instance/fifo_inst_int/fifo_mem_reg_8__7_/CP
skewClock is  advancing: -300ps, sfp_instance/fifo_inst_int/fifo_mem_reg_10__8_/CP
skewClock is  advancing: -300ps, sfp_instance/fifo_inst_int/fifo_mem_reg_14__10_/CP
skewClock is  advancing: -300ps, sfp_instance/fifo_inst_int/fifo_mem_reg_15__16_/CP
skewClock is  advancing: -300ps, sfp_instance/fifo_inst_int/fifo_mem_reg_3__18_/CP
skewClock is  advancing: -300ps, sfp_instance/fifo_inst_int/fifo_mem_reg_15__19_/CP
skewClock is  advancing: -300ps, sfp_instance/fifo_inst_int/fifo_mem_reg_7__14_/CP
skewClock is  advancing: -300ps, sfp_instance/fifo_inst_int/fifo_mem_reg_9__16_/CP
skewClock is  advancing: -300ps, sfp_instance/fifo_inst_int/fifo_mem_reg_0__13_/CP
skewClock is  advancing: -300ps, sfp_instance/fifo_inst_int/fifo_mem_reg_5__8_/CP
skewClock is  advancing: -300ps, sfp_instance/fifo_inst_int/fifo_mem_reg_2__15_/CP
skewClock is  advancing: -300ps, sfp_instance/fifo_inst_int/fifo_mem_reg_2__17_/CP
skewClock is  advancing: -300ps, sfp_instance/fifo_inst_int/fifo_mem_reg_12__12_/CP
skewClock is  advancing: -300ps, sfp_instance/fifo_inst_int/fifo_mem_reg_7__19_/CP
skewClock is  advancing: -300ps, sfp_instance/fifo_inst_int/fifo_mem_reg_4__8_/CP
 ** Useful skew failure reasons **
The sequential element sfp_instance/fifo_inst_int/R_8649 could not be skewed because the amount of possible skewing is less than 10ps. Use "setUsefulSkewMode -maxSkew true" to commit such moves.
The sequential element sfp_instance/fifo_inst_int/R_9445 could not be skewed because the amount of possible skewing is less than 10ps. Use "setUsefulSkewMode -maxSkew true" to commit such moves.
The sequential element sfp_instance/fifo_inst_int/R_9396 could not be skewed because the amount of possible skewing is less than 10ps. Use "setUsefulSkewMode -maxSkew true" to commit such moves.
The sequential element sfp_instance/fifo_inst_int/R_9394 could not be skewed because the amount of possible skewing is less than 10ps. Use "setUsefulSkewMode -maxSkew true" to commit such moves.
The sequential element sfp_instance/fifo_inst_int/R_9345 could not be skewed because the amount of possible skewing is less than 10ps. Use "setUsefulSkewMode -maxSkew true" to commit such moves.
The sequential element sfp_instance/fifo_inst_int/R_8622 could not be skewed because the amount of possible skewing is less than 10ps. Use "setUsefulSkewMode -maxSkew true" to commit such moves.
The sequential element sfp_instance/fifo_inst_int/R_9348 could not be skewed because the amount of possible skewing is less than 10ps. Use "setUsefulSkewMode -maxSkew true" to commit such moves.
The sequential element sfp_instance/fifo_inst_int/R_9444 could not be skewed because the amount of possible skewing is less than 10ps. Use "setUsefulSkewMode -maxSkew true" to commit such moves.
The sequential element sfp_instance/fifo_inst_int/R_8646 could not be skewed because the amount of possible skewing is less than 10ps. Use "setUsefulSkewMode -maxSkew true" to commit such moves.
The sequential element sfp_instance/fifo_inst_int/R_9443 could not be skewed because the amount of possible skewing is less than 10ps. Use "setUsefulSkewMode -maxSkew true" to commit such moves.
The sequential element sfp_instance/fifo_inst_int/R_8590 could not be skewed because the amount of possible skewing is less than 10ps. Use "setUsefulSkewMode -maxSkew true" to commit such moves.
The sequential element sfp_instance/fifo_inst_int/fifo_mem_reg_3__8_ could not be skewed because the amount of possible skewing is less than 10ps. Use "setUsefulSkewMode -maxSkew true" to commit such moves.
The sequential element sfp_instance/fifo_inst_int/R_9395 could not be skewed because the amount of possible skewing is less than 10ps. Use "setUsefulSkewMode -maxSkew true" to commit such moves.
The sequential element sfp_instance/fifo_inst_int/fifo_mem_reg_13__6_ could not be skewed because the amount of possible skewing is less than 10ps. Use "setUsefulSkewMode -maxSkew true" to commit such moves.
The sequential element sfp_instance/fifo_inst_int/fifo_mem_reg_9__6_ could not be skewed because the amount of possible skewing is less than 10ps. Use "setUsefulSkewMode -maxSkew true" to commit such moves.
The sequential element psum_mem_instance could not be skewed because the amount of possible skewing is less than 10ps. Use "setUsefulSkewMode -maxSkew true" to commit such moves.
The sequential element sfp_instance/fifo_inst_int/R_9397 could not be skewed because the amount of possible skewing is less than 10ps. Use "setUsefulSkewMode -maxSkew true" to commit such moves.
The sequential element sfp_instance/fifo_inst_int/R_9346 could not be skewed because the amount of possible skewing is less than 10ps. Use "setUsefulSkewMode -maxSkew true" to commit such moves.
The sequential element sfp_instance/fifo_inst_int/fifo_mem_reg_0__6_ could not be skewed because the amount of possible skewing is less than 10ps. Use "setUsefulSkewMode -maxSkew true" to commit such moves.
The sequential element sfp_instance/fifo_inst_int/R_9447 could not be skewed because the amount of possible skewing is less than 10ps. Use "setUsefulSkewMode -maxSkew true" to commit such moves.
 ** Useful skew failure reasons **
The sequential element sfp_instance/fifo_inst_int/R_8649 could not be skewed because the amount of possible skewing is less than 10ps. Use "setUsefulSkewMode -maxSkew true" to commit such moves.
The sequential element sfp_instance/fifo_inst_int/R_9445 could not be skewed because the amount of possible skewing is less than 10ps. Use "setUsefulSkewMode -maxSkew true" to commit such moves.
The sequential element sfp_instance/fifo_inst_int/R_9396 could not be skewed because the amount of possible skewing is less than 10ps. Use "setUsefulSkewMode -maxSkew true" to commit such moves.
The sequential element sfp_instance/fifo_inst_int/R_9394 could not be skewed because the amount of possible skewing is less than 10ps. Use "setUsefulSkewMode -maxSkew true" to commit such moves.
The sequential element sfp_instance/fifo_inst_int/R_9345 could not be skewed because the amount of possible skewing is less than 10ps. Use "setUsefulSkewMode -maxSkew true" to commit such moves.
The sequential element sfp_instance/fifo_inst_int/R_8622 could not be skewed because the amount of possible skewing is less than 10ps. Use "setUsefulSkewMode -maxSkew true" to commit such moves.
The sequential element sfp_instance/fifo_inst_int/R_9348 could not be skewed because the amount of possible skewing is less than 10ps. Use "setUsefulSkewMode -maxSkew true" to commit such moves.
The sequential element sfp_instance/fifo_inst_int/R_9444 could not be skewed because the amount of possible skewing is less than 10ps. Use "setUsefulSkewMode -maxSkew true" to commit such moves.
The sequential element sfp_instance/fifo_inst_int/R_8646 could not be skewed because the amount of possible skewing is less than 10ps. Use "setUsefulSkewMode -maxSkew true" to commit such moves.
The sequential element sfp_instance/fifo_inst_int/R_9443 could not be skewed because the amount of possible skewing is less than 10ps. Use "setUsefulSkewMode -maxSkew true" to commit such moves.
The sequential element sfp_instance/fifo_inst_int/R_8590 could not be skewed because the amount of possible skewing is less than 10ps. Use "setUsefulSkewMode -maxSkew true" to commit such moves.
The sequential element sfp_instance/fifo_inst_int/fifo_mem_reg_3__8_ could not be skewed because the amount of possible skewing is less than 10ps. Use "setUsefulSkewMode -maxSkew true" to commit such moves.
The sequential element sfp_instance/fifo_inst_int/R_9395 could not be skewed because the amount of possible skewing is less than 10ps. Use "setUsefulSkewMode -maxSkew true" to commit such moves.
The sequential element sfp_instance/fifo_inst_int/fifo_mem_reg_13__6_ could not be skewed because the amount of possible skewing is less than 10ps. Use "setUsefulSkewMode -maxSkew true" to commit such moves.
The sequential element sfp_instance/fifo_inst_int/fifo_mem_reg_9__6_ could not be skewed because the amount of possible skewing is less than 10ps. Use "setUsefulSkewMode -maxSkew true" to commit such moves.
The sequential element psum_mem_instance could not be skewed because the amount of possible skewing is less than 10ps. Use "setUsefulSkewMode -maxSkew true" to commit such moves.
The sequential element sfp_instance/fifo_inst_int/R_9397 could not be skewed because the amount of possible skewing is less than 10ps. Use "setUsefulSkewMode -maxSkew true" to commit such moves.
The sequential element sfp_instance/fifo_inst_int/R_9346 could not be skewed because the amount of possible skewing is less than 10ps. Use "setUsefulSkewMode -maxSkew true" to commit such moves.
The sequential element sfp_instance/fifo_inst_int/fifo_mem_reg_0__6_ could not be skewed because the amount of possible skewing is less than 10ps. Use "setUsefulSkewMode -maxSkew true" to commit such moves.
The sequential element sfp_instance/fifo_inst_int/R_9447 could not be skewed because the amount of possible skewing is less than 10ps. Use "setUsefulSkewMode -maxSkew true" to commit such moves.
 ** Useful skew failure reasons **
The sequential element sfp_instance/fifo_inst_int/R_8649 could not be skewed because the amount of possible skewing is less than 10ps. Use "setUsefulSkewMode -maxSkew true" to commit such moves.
The sequential element sfp_instance/fifo_inst_int/R_9445 could not be skewed because the amount of possible skewing is less than 10ps. Use "setUsefulSkewMode -maxSkew true" to commit such moves.
The sequential element sfp_instance/fifo_inst_int/R_9396 could not be skewed because the amount of possible skewing is less than 10ps. Use "setUsefulSkewMode -maxSkew true" to commit such moves.
The sequential element sfp_instance/fifo_inst_int/R_9394 could not be skewed because the amount of possible skewing is less than 10ps. Use "setUsefulSkewMode -maxSkew true" to commit such moves.
The sequential element sfp_instance/fifo_inst_int/R_9345 could not be skewed because the amount of possible skewing is less than 10ps. Use "setUsefulSkewMode -maxSkew true" to commit such moves.
The sequential element sfp_instance/fifo_inst_int/R_8622 could not be skewed because the amount of possible skewing is less than 10ps. Use "setUsefulSkewMode -maxSkew true" to commit such moves.
The sequential element sfp_instance/fifo_inst_int/R_9348 could not be skewed because the amount of possible skewing is less than 10ps. Use "setUsefulSkewMode -maxSkew true" to commit such moves.
The sequential element sfp_instance/fifo_inst_int/R_9444 could not be skewed because the amount of possible skewing is less than 10ps. Use "setUsefulSkewMode -maxSkew true" to commit such moves.
The sequential element sfp_instance/fifo_inst_int/R_8646 could not be skewed because the amount of possible skewing is less than 10ps. Use "setUsefulSkewMode -maxSkew true" to commit such moves.
The sequential element sfp_instance/fifo_inst_int/R_9443 could not be skewed because the amount of possible skewing is less than 10ps. Use "setUsefulSkewMode -maxSkew true" to commit such moves.
The sequential element sfp_instance/fifo_inst_int/R_8590 could not be skewed because the amount of possible skewing is less than 10ps. Use "setUsefulSkewMode -maxSkew true" to commit such moves.
The sequential element sfp_instance/fifo_inst_int/fifo_mem_reg_3__8_ could not be skewed because the amount of possible skewing is less than 10ps. Use "setUsefulSkewMode -maxSkew true" to commit such moves.
The sequential element sfp_instance/fifo_inst_int/R_9395 could not be skewed because the amount of possible skewing is less than 10ps. Use "setUsefulSkewMode -maxSkew true" to commit such moves.
The sequential element sfp_instance/fifo_inst_int/fifo_mem_reg_13__6_ could not be skewed because the amount of possible skewing is less than 10ps. Use "setUsefulSkewMode -maxSkew true" to commit such moves.
The sequential element sfp_instance/fifo_inst_int/fifo_mem_reg_9__6_ could not be skewed because the amount of possible skewing is less than 10ps. Use "setUsefulSkewMode -maxSkew true" to commit such moves.
The sequential element psum_mem_instance could not be skewed because the amount of possible skewing is less than 10ps. Use "setUsefulSkewMode -maxSkew true" to commit such moves.
The sequential element sfp_instance/fifo_inst_int/R_9397 could not be skewed because the amount of possible skewing is less than 10ps. Use "setUsefulSkewMode -maxSkew true" to commit such moves.
The sequential element sfp_instance/fifo_inst_int/R_9346 could not be skewed because the amount of possible skewing is less than 10ps. Use "setUsefulSkewMode -maxSkew true" to commit such moves.
The sequential element sfp_instance/fifo_inst_int/fifo_mem_reg_0__6_ could not be skewed because the amount of possible skewing is less than 10ps. Use "setUsefulSkewMode -maxSkew true" to commit such moves.
The sequential element sfp_instance/fifo_inst_int/R_9447 could not be skewed because the amount of possible skewing is less than 10ps. Use "setUsefulSkewMode -maxSkew true" to commit such moves.
|  -1.083|   -1.083|-645.404| -645.404|    37.00%|   0:00:02.0| 2875.4M|   WC_VIEW|  reg2reg| sfp_instance/R_6815/D                              |
|  -1.082|   -1.082|-645.184| -645.184|    37.00%|   0:00:00.0| 2875.4M|   WC_VIEW|  reg2reg| sfp_instance/R_6815/D                              |
|  -1.081|   -1.081|-643.569| -643.569|    37.00%|   0:00:01.0| 2875.4M|   WC_VIEW|  reg2reg| sfp_instance/R_6815/D                              |
|  -1.079|   -1.079|-642.981| -642.981|    37.00%|   0:00:00.0| 2875.4M|   WC_VIEW|  reg2reg| sfp_instance/R_6815/D                              |
|  -1.079|   -1.079|-642.508| -642.508|    37.00%|   0:00:00.0| 2875.4M|   WC_VIEW|  reg2reg| sfp_instance/R_6815/D                              |
|  -1.077|   -1.077|-642.262| -642.262|    37.01%|   0:00:00.0| 2875.4M|   WC_VIEW|  reg2reg| sfp_instance/R_6815/D                              |
|  -1.076|   -1.076|-641.870| -641.870|    37.01%|   0:00:01.0| 2875.4M|   WC_VIEW|  reg2reg| sfp_instance/R_6815/D                              |
|  -1.075|   -1.075|-641.775| -641.775|    37.01%|   0:00:01.0| 2875.4M|   WC_VIEW|  reg2reg| sfp_instance/R_6815/D                              |
|  -1.075|   -1.075|-641.551| -641.551|    37.01%|   0:00:00.0| 2875.4M|   WC_VIEW|  reg2reg| sfp_instance/R_6815/D                              |
|  -1.076|   -1.076|-640.703| -640.703|    37.03%|   0:00:01.0| 2875.4M|   WC_VIEW|  reg2reg| sfp_instance/R_6815/D                              |
|  -1.076|   -1.076|-639.952| -639.952|    37.03%|   0:00:00.0| 2875.4M|   WC_VIEW|  reg2reg| sfp_instance/R_6815/D                              |
Analyzing useful skew in preCTS mode ...
skewClock is  advancing: -300ps, sfp_instance/fifo_inst_int/fifo_mem_reg_10__7_/CP
skewClock is  advancing: -300ps, sfp_instance/fifo_inst_int/fifo_mem_reg_11__12_/CP
skewClock is  advancing: -300ps, sfp_instance/fifo_inst_int/fifo_mem_reg_4__7_/CP
skewClock is  advancing: -300ps, sfp_instance/fifo_inst_int/fifo_mem_reg_0__14_/CP
skewClock is  advancing: -300ps, sfp_instance/fifo_inst_int/fifo_mem_reg_9__14_/CP
skewClock is  advancing: -300ps, sfp_instance/fifo_inst_int/fifo_mem_reg_12__18_/CP
skewClock is  advancing: -300ps, sfp_instance/fifo_inst_int/fifo_mem_reg_9__15_/CP
skewClock is  advancing: -300ps, sfp_instance/fifo_inst_int/fifo_mem_reg_8__16_/CP
skewClock is  advancing: -300ps, sfp_instance/fifo_inst_int/fifo_mem_reg_10__14_/CP
skewClock is  advancing: -300ps, sfp_instance/fifo_inst_int/fifo_mem_reg_0__19_/CP
skewClock is  advancing: -300ps, sfp_instance/fifo_inst_int/fifo_mem_reg_4__10_/CP
skewClock is  advancing: -300ps, sfp_instance/fifo_inst_int/fifo_mem_reg_1__10_/CP
skewClock is  advancing: -300ps, sfp_instance/fifo_inst_int/fifo_mem_reg_5__7_/CP
skewClock is  advancing: -300ps, sfp_instance/fifo_inst_int/fifo_mem_reg_10__12_/CP
skewClock is  advancing: -300ps, sfp_instance/fifo_inst_int/fifo_mem_reg_13__14_/CP
skewClock is  advancing: -300ps, sfp_instance/fifo_inst_int/fifo_mem_reg_7__17_/CP
skewClock is  advancing: -300ps, sfp_instance/fifo_inst_int/fifo_mem_reg_1__15_/CP
skewClock is  advancing: -300ps, sfp_instance/fifo_inst_int/fifo_mem_reg_1__19_/CP
skewClock is  advancing: -300ps, sfp_instance/fifo_inst_int/fifo_mem_reg_5__17_/CP
skewClock is  advancing: -300ps, sfp_instance/fifo_inst_int/fifo_mem_reg_15__20_/CP
skewClock is  advancing: -300ps, sfp_instance/fifo_inst_int/fifo_mem_reg_2__14_/CP
skewClock is  advancing: -300ps, sfp_instance/fifo_inst_int/fifo_mem_reg_13__18_/CP
skewClock is  advancing: -300ps, sfp_instance/fifo_inst_int/fifo_mem_reg_7__6_/CP
skewClock is  advancing: -300ps, sfp_instance/fifo_inst_int/fifo_mem_reg_5__11_/CP
skewClock is  advancing: -300ps, sfp_instance/fifo_inst_int/fifo_mem_reg_15__18_/CP
skewClock is  advancing: -300ps, sfp_instance/fifo_inst_int/fifo_mem_reg_4__12_/CP
skewClock is  advancing: -300ps, sfp_instance/fifo_inst_int/fifo_mem_reg_1__14_/CP
skewClock is  advancing: -300ps, sfp_instance/fifo_inst_int/fifo_mem_reg_11__14_/CP
skewClock is  advancing: -300ps, sfp_instance/fifo_inst_int/fifo_mem_reg_15__21_/CP
skewClock is  advancing: -300ps, sfp_instance/fifo_inst_int/fifo_mem_reg_10__17_/CP
skewClock is  advancing: -300ps, sfp_instance/fifo_inst_int/fifo_mem_reg_10__13_/CP
skewClock is  advancing: -300ps, sfp_instance/fifo_inst_int/fifo_mem_reg_7__20_/CP
skewClock is  advancing: -300ps, sfp_instance/fifo_inst_int/fifo_mem_reg_5__12_/CP
skewClock is  advancing: -300ps, sfp_instance/fifo_inst_int/fifo_mem_reg_5__15_/CP
skewClock is  advancing: -300ps, sfp_instance/fifo_inst_int/fifo_mem_reg_1__9_/CP
skewClock is  advancing: -300ps, sfp_instance/fifo_inst_int/fifo_mem_reg_11__21_/CP
skewClock is  advancing: -300ps, sfp_instance/fifo_inst_int/fifo_mem_reg_11__20_/CP
skewClock is  advancing: -300ps, sfp_instance/fifo_inst_int/fifo_mem_reg_6__14_/CP
skewClock is  advancing: -300ps, sfp_instance/fifo_inst_int/fifo_mem_reg_7__21_/CP
skewClock is  advancing: -300ps, sfp_instance/fifo_inst_int/fifo_mem_reg_6__15_/CP
skewClock is  advancing: -300ps, sfp_instance/fifo_inst_int/fifo_mem_reg_0__21_/CP
skewClock is  advancing: -300ps, sfp_instance/fifo_inst_int/fifo_mem_reg_14__14_/CP
skewClock is  advancing: -300ps, sfp_instance/fifo_inst_int/fifo_mem_reg_9__12_/CP
skewClock is  advancing: -300ps, sfp_instance/fifo_inst_int/fifo_mem_reg_2__20_/CP
skewClock is  advancing: -300ps, sfp_instance/fifo_inst_int/fifo_mem_reg_5__16_/CP
skewClock is  advancing: -300ps, sfp_instance/fifo_inst_int/fifo_mem_reg_6__12_/CP
 ** Useful skew failure reasons **
The sequential element sfp_instance/fifo_inst_int/R_8649 could not be skewed because the amount of possible skewing is less than 10ps. Use "setUsefulSkewMode -maxSkew true" to commit such moves.
The sequential element sfp_instance/fifo_inst_int/R_9447 could not be skewed because the amount of possible skewing is less than 10ps. Use "setUsefulSkewMode -maxSkew true" to commit such moves.
The sequential element sfp_instance/fifo_inst_int/R_8622 could not be skewed because the amount of possible skewing is less than 10ps. Use "setUsefulSkewMode -maxSkew true" to commit such moves.
The sequential element sfp_instance/fifo_inst_int/R_9445 could not be skewed because the amount of possible skewing is less than 10ps. Use "setUsefulSkewMode -maxSkew true" to commit such moves.
The sequential element sfp_instance/fifo_inst_int/R_9394 could not be skewed because the amount of possible skewing is less than 10ps. Use "setUsefulSkewMode -maxSkew true" to commit such moves.
The sequential element sfp_instance/fifo_inst_int/R_9396 could not be skewed because the amount of possible skewing is less than 10ps. Use "setUsefulSkewMode -maxSkew true" to commit such moves.
The sequential element sfp_instance/fifo_inst_int/R_9345 could not be skewed because the amount of possible skewing is less than 10ps. Use "setUsefulSkewMode -maxSkew true" to commit such moves.
The sequential element sfp_instance/fifo_inst_int/R_9348 could not be skewed because the amount of possible skewing is less than 10ps. Use "setUsefulSkewMode -maxSkew true" to commit such moves.
The sequential element sfp_instance/fifo_inst_int/fifo_mem_reg_8__11_ could not be skewed because the amount of possible skewing is less than 10ps. Use "setUsefulSkewMode -maxSkew true" to commit such moves.
The sequential element sfp_instance/fifo_inst_int/R_8590 could not be skewed because the amount of possible skewing is less than 10ps. Use "setUsefulSkewMode -maxSkew true" to commit such moves.
The sequential element sfp_instance/fifo_inst_int/R_9444 could not be skewed because the amount of possible skewing is less than 10ps. Use "setUsefulSkewMode -maxSkew true" to commit such moves.
The sequential element sfp_instance/fifo_inst_int/R_9395 could not be skewed because the amount of possible skewing is less than 10ps. Use "setUsefulSkewMode -maxSkew true" to commit such moves.
The sequential element sfp_instance/fifo_inst_int/R_8646 could not be skewed because the amount of possible skewing is less than 10ps. Use "setUsefulSkewMode -maxSkew true" to commit such moves.
The sequential element sfp_instance/fifo_inst_int/R_9443 could not be skewed because the amount of possible skewing is less than 10ps. Use "setUsefulSkewMode -maxSkew true" to commit such moves.
The sequential element sfp_instance/fifo_inst_int/fifo_mem_reg_3__8_ could not be skewed because the amount of possible skewing is less than 10ps. Use "setUsefulSkewMode -maxSkew true" to commit such moves.
The sequential element sfp_instance/fifo_inst_int/R_9397 could not be skewed because the amount of possible skewing is less than 10ps. Use "setUsefulSkewMode -maxSkew true" to commit such moves.
The sequential element sfp_instance/fifo_inst_int/fifo_mem_reg_13__6_ could not be skewed because the amount of possible skewing is less than 10ps. Use "setUsefulSkewMode -maxSkew true" to commit such moves.
The sequential element sfp_instance/fifo_inst_int/R_9346 could not be skewed because the amount of possible skewing is less than 10ps. Use "setUsefulSkewMode -maxSkew true" to commit such moves.
The sequential element sfp_instance/fifo_inst_int/fifo_mem_reg_9__6_ could not be skewed because the amount of possible skewing is less than 10ps. Use "setUsefulSkewMode -maxSkew true" to commit such moves.
The sequential element psum_mem_instance could not be skewed because the amount of possible skewing is less than 10ps. Use "setUsefulSkewMode -maxSkew true" to commit such moves.
 ** Useful skew failure reasons **
The sequential element sfp_instance/fifo_inst_int/R_8649 could not be skewed because the amount of possible skewing is less than 10ps. Use "setUsefulSkewMode -maxSkew true" to commit such moves.
The sequential element sfp_instance/fifo_inst_int/R_9447 could not be skewed because the amount of possible skewing is less than 10ps. Use "setUsefulSkewMode -maxSkew true" to commit such moves.
The sequential element sfp_instance/fifo_inst_int/R_8622 could not be skewed because the amount of possible skewing is less than 10ps. Use "setUsefulSkewMode -maxSkew true" to commit such moves.
The sequential element sfp_instance/fifo_inst_int/R_9445 could not be skewed because the amount of possible skewing is less than 10ps. Use "setUsefulSkewMode -maxSkew true" to commit such moves.
The sequential element sfp_instance/fifo_inst_int/R_9394 could not be skewed because the amount of possible skewing is less than 10ps. Use "setUsefulSkewMode -maxSkew true" to commit such moves.
The sequential element sfp_instance/fifo_inst_int/R_9396 could not be skewed because the amount of possible skewing is less than 10ps. Use "setUsefulSkewMode -maxSkew true" to commit such moves.
The sequential element sfp_instance/fifo_inst_int/R_9345 could not be skewed because the amount of possible skewing is less than 10ps. Use "setUsefulSkewMode -maxSkew true" to commit such moves.
The sequential element sfp_instance/fifo_inst_int/R_9348 could not be skewed because the amount of possible skewing is less than 10ps. Use "setUsefulSkewMode -maxSkew true" to commit such moves.
The sequential element sfp_instance/fifo_inst_int/fifo_mem_reg_8__11_ could not be skewed because the amount of possible skewing is less than 10ps. Use "setUsefulSkewMode -maxSkew true" to commit such moves.
The sequential element sfp_instance/fifo_inst_int/R_8590 could not be skewed because the amount of possible skewing is less than 10ps. Use "setUsefulSkewMode -maxSkew true" to commit such moves.
The sequential element sfp_instance/fifo_inst_int/R_9444 could not be skewed because the amount of possible skewing is less than 10ps. Use "setUsefulSkewMode -maxSkew true" to commit such moves.
The sequential element sfp_instance/fifo_inst_int/R_9395 could not be skewed because the amount of possible skewing is less than 10ps. Use "setUsefulSkewMode -maxSkew true" to commit such moves.
The sequential element sfp_instance/fifo_inst_int/R_8646 could not be skewed because the amount of possible skewing is less than 10ps. Use "setUsefulSkewMode -maxSkew true" to commit such moves.
The sequential element sfp_instance/fifo_inst_int/R_9443 could not be skewed because the amount of possible skewing is less than 10ps. Use "setUsefulSkewMode -maxSkew true" to commit such moves.
The sequential element sfp_instance/fifo_inst_int/fifo_mem_reg_3__8_ could not be skewed because the amount of possible skewing is less than 10ps. Use "setUsefulSkewMode -maxSkew true" to commit such moves.
The sequential element sfp_instance/fifo_inst_int/R_9397 could not be skewed because the amount of possible skewing is less than 10ps. Use "setUsefulSkewMode -maxSkew true" to commit such moves.
The sequential element sfp_instance/fifo_inst_int/fifo_mem_reg_13__6_ could not be skewed because the amount of possible skewing is less than 10ps. Use "setUsefulSkewMode -maxSkew true" to commit such moves.
The sequential element sfp_instance/fifo_inst_int/R_9346 could not be skewed because the amount of possible skewing is less than 10ps. Use "setUsefulSkewMode -maxSkew true" to commit such moves.
The sequential element sfp_instance/fifo_inst_int/fifo_mem_reg_9__6_ could not be skewed because the amount of possible skewing is less than 10ps. Use "setUsefulSkewMode -maxSkew true" to commit such moves.
The sequential element psum_mem_instance could not be skewed because the amount of possible skewing is less than 10ps. Use "setUsefulSkewMode -maxSkew true" to commit such moves.
 ** Useful skew failure reasons **
The sequential element sfp_instance/fifo_inst_int/R_8649 could not be skewed because the amount of possible skewing is less than 10ps. Use "setUsefulSkewMode -maxSkew true" to commit such moves.
The sequential element sfp_instance/fifo_inst_int/R_9447 could not be skewed because the amount of possible skewing is less than 10ps. Use "setUsefulSkewMode -maxSkew true" to commit such moves.
The sequential element sfp_instance/fifo_inst_int/R_8622 could not be skewed because the amount of possible skewing is less than 10ps. Use "setUsefulSkewMode -maxSkew true" to commit such moves.
The sequential element sfp_instance/fifo_inst_int/R_9445 could not be skewed because the amount of possible skewing is less than 10ps. Use "setUsefulSkewMode -maxSkew true" to commit such moves.
The sequential element sfp_instance/fifo_inst_int/R_9394 could not be skewed because the amount of possible skewing is less than 10ps. Use "setUsefulSkewMode -maxSkew true" to commit such moves.
The sequential element sfp_instance/fifo_inst_int/R_9396 could not be skewed because the amount of possible skewing is less than 10ps. Use "setUsefulSkewMode -maxSkew true" to commit such moves.
The sequential element sfp_instance/fifo_inst_int/R_9345 could not be skewed because the amount of possible skewing is less than 10ps. Use "setUsefulSkewMode -maxSkew true" to commit such moves.
The sequential element sfp_instance/fifo_inst_int/R_9348 could not be skewed because the amount of possible skewing is less than 10ps. Use "setUsefulSkewMode -maxSkew true" to commit such moves.
The sequential element sfp_instance/fifo_inst_int/fifo_mem_reg_8__11_ could not be skewed because the amount of possible skewing is less than 10ps. Use "setUsefulSkewMode -maxSkew true" to commit such moves.
The sequential element sfp_instance/fifo_inst_int/R_8590 could not be skewed because the amount of possible skewing is less than 10ps. Use "setUsefulSkewMode -maxSkew true" to commit such moves.
The sequential element sfp_instance/fifo_inst_int/R_9444 could not be skewed because the amount of possible skewing is less than 10ps. Use "setUsefulSkewMode -maxSkew true" to commit such moves.
The sequential element sfp_instance/fifo_inst_int/R_9395 could not be skewed because the amount of possible skewing is less than 10ps. Use "setUsefulSkewMode -maxSkew true" to commit such moves.
The sequential element sfp_instance/fifo_inst_int/R_8646 could not be skewed because the amount of possible skewing is less than 10ps. Use "setUsefulSkewMode -maxSkew true" to commit such moves.
The sequential element sfp_instance/fifo_inst_int/R_9443 could not be skewed because the amount of possible skewing is less than 10ps. Use "setUsefulSkewMode -maxSkew true" to commit such moves.
The sequential element sfp_instance/fifo_inst_int/fifo_mem_reg_3__8_ could not be skewed because the amount of possible skewing is less than 10ps. Use "setUsefulSkewMode -maxSkew true" to commit such moves.
The sequential element sfp_instance/fifo_inst_int/R_9397 could not be skewed because the amount of possible skewing is less than 10ps. Use "setUsefulSkewMode -maxSkew true" to commit such moves.
The sequential element sfp_instance/fifo_inst_int/fifo_mem_reg_13__6_ could not be skewed because the amount of possible skewing is less than 10ps. Use "setUsefulSkewMode -maxSkew true" to commit such moves.
The sequential element sfp_instance/fifo_inst_int/R_9346 could not be skewed because the amount of possible skewing is less than 10ps. Use "setUsefulSkewMode -maxSkew true" to commit such moves.
The sequential element sfp_instance/fifo_inst_int/fifo_mem_reg_9__6_ could not be skewed because the amount of possible skewing is less than 10ps. Use "setUsefulSkewMode -maxSkew true" to commit such moves.
The sequential element psum_mem_instance could not be skewed because the amount of possible skewing is less than 10ps. Use "setUsefulSkewMode -maxSkew true" to commit such moves.
|  -1.060|   -1.060|-630.740| -630.740|    37.04%|   0:00:00.0| 2875.4M|   WC_VIEW|  reg2reg| sfp_instance/R_6815/D                              |
|  -1.060|   -1.060|-630.520| -630.520|    37.04%|   0:00:01.0| 2875.4M|   WC_VIEW|  reg2reg| sfp_instance/R_6815/D                              |
|  -1.060|   -1.060|-630.096| -630.096|    37.04%|   0:00:00.0| 2875.4M|   WC_VIEW|  reg2reg| sfp_instance/R_6815/D                              |
|  -1.055|   -1.055|-627.810| -627.810|    37.04%|   0:00:00.0| 2875.4M|   WC_VIEW|  reg2reg| sfp_instance/R_6815/D                              |
|  -1.053|   -1.053|-626.303| -626.303|    37.04%|   0:00:01.0| 2875.4M|   WC_VIEW|  reg2reg| sfp_instance/R_6815/D                              |
|  -1.051|   -1.051|-626.240| -626.240|    37.04%|   0:00:00.0| 2875.4M|   WC_VIEW|  reg2reg| sfp_instance/R_6815/D                              |
|  -1.049|   -1.049|-625.341| -625.341|    37.04%|   0:00:01.0| 2875.4M|   WC_VIEW|  reg2reg| sfp_instance/R_6815/D                              |
|  -1.048|   -1.048|-625.259| -625.259|    37.04%|   0:00:00.0| 2875.4M|   WC_VIEW|  reg2reg| sfp_instance/R_6815/D                              |
|  -1.050|   -1.050|-624.676| -624.676|    37.04%|   0:00:00.0| 2875.4M|   WC_VIEW|  reg2reg| sfp_instance/R_6815/D                              |
|  -1.047|   -1.047|-624.489| -624.489|    37.04%|   0:00:01.0| 2875.4M|   WC_VIEW|  reg2reg| sfp_instance/R_6815/D                              |
|  -1.047|   -1.047|-623.942| -623.942|    37.04%|   0:00:00.0| 2875.4M|   WC_VIEW|  reg2reg| sfp_instance/R_6815/D                              |
|  -1.047|   -1.047|-623.865| -623.865|    37.04%|   0:00:00.0| 2875.4M|   WC_VIEW|  reg2reg| sfp_instance/R_6815/D                              |
|  -1.047|   -1.047|-623.338| -623.338|    37.04%|   0:00:01.0| 2875.4M|   WC_VIEW|  reg2reg| sfp_instance/R_6815/D                              |
|  -1.047|   -1.047|-622.657| -622.657|    37.05%|   0:00:00.0| 2875.4M|   WC_VIEW|  reg2reg| sfp_instance/R_6815/D                              |
Analyzing useful skew in preCTS mode ...
skewClock is  advancing: -300ps, sfp_instance/fifo_inst_int/fifo_mem_reg_14__17_/CP
skewClock is  advancing: -300ps, sfp_instance/fifo_inst_int/fifo_mem_reg_8__17_/CP
skewClock is  advancing: -300ps, sfp_instance/fifo_inst_int/fifo_mem_reg_4__6_/CP
skewClock is  advancing: -300ps, sfp_instance/fifo_inst_int/fifo_mem_reg_9__17_/CP
skewClock is  advancing: -300ps, sfp_instance/fifo_inst_int/fifo_mem_reg_9__13_/CP
skewClock is  advancing: -300ps, sfp_instance/fifo_inst_int/fifo_mem_reg_6__7_/CP
skewClock is  advancing: -300ps, sfp_instance/fifo_inst_int/fifo_mem_reg_3__20_/CP
skewClock is  advancing: -300ps, sfp_instance/fifo_inst_int/fifo_mem_reg_4__11_/CP
skewClock is  advancing: -300ps, sfp_instance/fifo_inst_int/fifo_mem_reg_7__16_/CP
skewClock is  advancing: -300ps, sfp_instance/fifo_inst_int/fifo_mem_reg_1__17_/CP
skewClock is  advancing: -300ps, sfp_instance/fifo_inst_int/fifo_mem_reg_6__13_/CP
skewClock is  advancing: -300ps, sfp_instance/fifo_inst_int/fifo_mem_reg_13__20_/CP
skewClock is  advancing: -300ps, sfp_instance/fifo_inst_int/fifo_mem_reg_1__13_/CP
skewClock is  advancing: -300ps, sfp_instance/fifo_inst_int/fifo_mem_reg_8__18_/CP
skewClock is  advancing: -300ps, sfp_instance/fifo_inst_int/fifo_mem_reg_4__17_/CP
skewClock is  advancing: -300ps, sfp_instance/fifo_inst_int/fifo_mem_reg_14__13_/CP
skewClock is  advancing: -300ps, sfp_instance/fifo_inst_int/fifo_mem_reg_2__18_/CP
skewClock is  advancing: -300ps, sfp_instance/fifo_inst_int/fifo_mem_reg_12__20_/CP
skewClock is  advancing: -300ps, sfp_instance/fifo_inst_int/fifo_mem_reg_4__16_/CP
skewClock is  advancing: -300ps, sfp_instance/fifo_inst_int/fifo_mem_reg_6__19_/CP
skewClock is  advancing: -300ps, sfp_instance/fifo_inst_int/fifo_mem_reg_5__21_/CP
skewClock is  advancing: -300ps, sfp_instance/fifo_inst_int/fifo_mem_reg_5__19_/CP
skewClock is  advancing: -300ps, sfp_instance/fifo_inst_int/fifo_mem_reg_8__21_/CP
skewClock is  advancing: -300ps, sfp_instance/fifo_inst_int/fifo_mem_reg_4__15_/CP
skewClock is  advancing: -300ps, sfp_instance/fifo_inst_int/fifo_mem_reg_4__13_/CP
skewClock is  advancing: -300ps, sfp_instance/fifo_inst_int/fifo_mem_reg_10__21_/CP
skewClock is  advancing: -300ps, sfp_instance/fifo_inst_int/fifo_mem_reg_1__7_/CP
skewClock is  advancing: -300ps, sfp_instance/fifo_inst_int/fifo_mem_reg_1__18_/CP
skewClock is  advancing: -300ps, sfp_instance/fifo_inst_int/fifo_mem_reg_11__18_/CP
skewClock is  advancing: -300ps, sfp_instance/fifo_inst_int/fifo_mem_reg_6__10_/CP
skewClock is  advancing: -300ps, sfp_instance/fifo_inst_int/fifo_mem_reg_9__18_/CP
skewClock is  advancing: -300ps, sfp_instance/fifo_inst_int/fifo_mem_reg_9__20_/CP
skewClock is  advancing: -300ps, sfp_instance/fifo_inst_int/fifo_mem_reg_5__18_/CP
skewClock is  advancing: -300ps, sfp_instance/fifo_inst_int/fifo_mem_reg_5__14_/CP
skewClock is  advancing: -300ps, sfp_instance/fifo_inst_int/fifo_mem_reg_1__21_/CP
skewClock is  advancing: -300ps, sfp_instance/fifo_inst_int/fifo_mem_reg_8__20_/CP
skewClock is  advancing: -300ps, sfp_instance/fifo_inst_int/fifo_mem_reg_10__20_/CP
skewClock is  advancing: -300ps, sfp_instance/fifo_inst_int/fifo_mem_reg_9__21_/CP
skewClock is  advancing: -300ps, sfp_instance/fifo_inst_int/fifo_mem_reg_12__14_/CP
skewClock is  advancing: -300ps, sfp_instance/fifo_inst_int/fifo_mem_reg_10__18_/CP
skewClock is  advancing: -300ps, sfp_instance/fifo_inst_int/fifo_mem_reg_1__16_/CP
skewClock is  advancing: -300ps, sfp_instance/fifo_inst_int/fifo_mem_reg_5__20_/CP
skewClock is  advancing: -300ps, sfp_instance/fifo_inst_int/fifo_mem_reg_14__19_/CP
skewClock is  advancing: -300ps, sfp_instance/fifo_inst_int/fifo_mem_reg_7__18_/CP
skewClock is  advancing: -300ps, sfp_instance/fifo_inst_int/fifo_mem_reg_14__21_/CP
skewClock is  advancing: -300ps, sfp_instance/fifo_inst_int/fifo_mem_reg_1__12_/CP
skewClock is  advancing: -300ps, sfp_instance/fifo_inst_int/fifo_mem_reg_6__18_/CP
skewClock is  advancing: -300ps, sfp_instance/fifo_inst_int/fifo_mem_reg_6__16_/CP
skewClock is  advancing: -300ps, sfp_instance/fifo_inst_int/fifo_mem_reg_8__12_/CP
skewClock is  advancing: -300ps, sfp_instance/fifo_inst_int/fifo_mem_reg_9__22_/CP
skewClock is  advancing: -300ps, sfp_instance/fifo_inst_int/fifo_mem_reg_12__21_/CP
skewClock is  advancing: -300ps, sfp_instance/fifo_inst_int/fifo_mem_reg_8__22_/CP
skewClock is  advancing: -300ps, sfp_instance/fifo_inst_int/fifo_mem_reg_14__20_/CP
skewClock is  advancing: -300ps, sfp_instance/fifo_inst_int/fifo_mem_reg_4__21_/CP
skewClock is  advancing: -300ps, sfp_instance/fifo_inst_int/fifo_mem_reg_10__19_/CP
 ** Useful skew failure reasons **
The sequential element sfp_instance/fifo_inst_int/R_8649 could not be skewed because the amount of possible skewing is less than 10ps. Use "setUsefulSkewMode -maxSkew true" to commit such moves.
The sequential element sfp_instance/fifo_inst_int/R_8622 could not be skewed because the amount of possible skewing is less than 10ps. Use "setUsefulSkewMode -maxSkew true" to commit such moves.
The sequential element sfp_instance/fifo_inst_int/R_9348 could not be skewed because the amount of possible skewing is less than 10ps. Use "setUsefulSkewMode -maxSkew true" to commit such moves.
The sequential element sfp_instance/fifo_inst_int/R_9396 could not be skewed because the amount of possible skewing is less than 10ps. Use "setUsefulSkewMode -maxSkew true" to commit such moves.
The sequential element sfp_instance/fifo_inst_int/R_9447 could not be skewed because the amount of possible skewing is less than 10ps. Use "setUsefulSkewMode -maxSkew true" to commit such moves.
The sequential element sfp_instance/fifo_inst_int/R_9446 could not be skewed because the amount of possible skewing is less than 10ps. Use "setUsefulSkewMode -maxSkew true" to commit such moves.
The sequential element sfp_instance/fifo_inst_int/R_9394 could not be skewed because the amount of possible skewing is less than 10ps. Use "setUsefulSkewMode -maxSkew true" to commit such moves.
The sequential element sfp_instance/fifo_inst_int/R_8590 could not be skewed because the amount of possible skewing is less than 10ps. Use "setUsefulSkewMode -maxSkew true" to commit such moves.
The sequential element sfp_instance/fifo_inst_int/R_9445 could not be skewed because the amount of possible skewing is less than 10ps. Use "setUsefulSkewMode -maxSkew true" to commit such moves.
The sequential element sfp_instance/fifo_inst_int/R_9345 could not be skewed because the amount of possible skewing is less than 10ps. Use "setUsefulSkewMode -maxSkew true" to commit such moves.
The sequential element sfp_instance/fifo_inst_int/R_9395 could not be skewed because the amount of possible skewing is less than 10ps. Use "setUsefulSkewMode -maxSkew true" to commit such moves.
The sequential element sfp_instance/fifo_inst_int/R_8646 could not be skewed because the amount of possible skewing is less than 10ps. Use "setUsefulSkewMode -maxSkew true" to commit such moves.
The sequential element sfp_instance/fifo_inst_int/R_9443 could not be skewed because the amount of possible skewing is less than 10ps. Use "setUsefulSkewMode -maxSkew true" to commit such moves.
The sequential element sfp_instance/fifo_inst_int/fifo_mem_reg_3__12_ could not be skewed because the amount of possible skewing is less than 10ps. Use "setUsefulSkewMode -maxSkew true" to commit such moves.
The sequential element sfp_instance/fifo_inst_int/R_9397 could not be skewed because the amount of possible skewing is less than 10ps. Use "setUsefulSkewMode -maxSkew true" to commit such moves.
The sequential element sfp_instance/fifo_inst_int/R_9398 could not be skewed because the amount of possible skewing is less than 10ps. Use "setUsefulSkewMode -maxSkew true" to commit such moves.
The sequential element sfp_instance/fifo_inst_int/R_9346 could not be skewed because the amount of possible skewing is less than 10ps. Use "setUsefulSkewMode -maxSkew true" to commit such moves.
The sequential element sfp_instance/fifo_inst_int/fifo_mem_reg_14__12_ could not be skewed because the amount of possible skewing is less than 10ps. Use "setUsefulSkewMode -maxSkew true" to commit such moves.
The sequential element sfp_instance/fifo_inst_int/R_9444 could not be skewed because the amount of possible skewing is less than 10ps. Use "setUsefulSkewMode -maxSkew true" to commit such moves.
The sequential element sfp_instance/fifo_inst_int/fifo_mem_reg_10__11_ could not be skewed because the amount of possible skewing is less than 10ps. Use "setUsefulSkewMode -maxSkew true" to commit such moves.
 ** Useful skew failure reasons **
The sequential element sfp_instance/fifo_inst_int/R_8649 could not be skewed because the amount of possible skewing is less than 10ps. Use "setUsefulSkewMode -maxSkew true" to commit such moves.
The sequential element sfp_instance/fifo_inst_int/R_8622 could not be skewed because the amount of possible skewing is less than 10ps. Use "setUsefulSkewMode -maxSkew true" to commit such moves.
The sequential element sfp_instance/fifo_inst_int/R_9348 could not be skewed because the amount of possible skewing is less than 10ps. Use "setUsefulSkewMode -maxSkew true" to commit such moves.
The sequential element sfp_instance/fifo_inst_int/R_9396 could not be skewed because the amount of possible skewing is less than 10ps. Use "setUsefulSkewMode -maxSkew true" to commit such moves.
The sequential element sfp_instance/fifo_inst_int/R_9447 could not be skewed because the amount of possible skewing is less than 10ps. Use "setUsefulSkewMode -maxSkew true" to commit such moves.
The sequential element sfp_instance/fifo_inst_int/R_9446 could not be skewed because the amount of possible skewing is less than 10ps. Use "setUsefulSkewMode -maxSkew true" to commit such moves.
The sequential element sfp_instance/fifo_inst_int/R_9394 could not be skewed because the amount of possible skewing is less than 10ps. Use "setUsefulSkewMode -maxSkew true" to commit such moves.
The sequential element sfp_instance/fifo_inst_int/R_8590 could not be skewed because the amount of possible skewing is less than 10ps. Use "setUsefulSkewMode -maxSkew true" to commit such moves.
The sequential element sfp_instance/fifo_inst_int/R_9445 could not be skewed because the amount of possible skewing is less than 10ps. Use "setUsefulSkewMode -maxSkew true" to commit such moves.
The sequential element sfp_instance/fifo_inst_int/R_9345 could not be skewed because the amount of possible skewing is less than 10ps. Use "setUsefulSkewMode -maxSkew true" to commit such moves.
The sequential element sfp_instance/fifo_inst_int/R_9395 could not be skewed because the amount of possible skewing is less than 10ps. Use "setUsefulSkewMode -maxSkew true" to commit such moves.
The sequential element sfp_instance/fifo_inst_int/R_8646 could not be skewed because the amount of possible skewing is less than 10ps. Use "setUsefulSkewMode -maxSkew true" to commit such moves.
The sequential element sfp_instance/fifo_inst_int/R_9443 could not be skewed because the amount of possible skewing is less than 10ps. Use "setUsefulSkewMode -maxSkew true" to commit such moves.
The sequential element sfp_instance/fifo_inst_int/fifo_mem_reg_3__12_ could not be skewed because the amount of possible skewing is less than 10ps. Use "setUsefulSkewMode -maxSkew true" to commit such moves.
The sequential element sfp_instance/fifo_inst_int/R_9397 could not be skewed because the amount of possible skewing is less than 10ps. Use "setUsefulSkewMode -maxSkew true" to commit such moves.
The sequential element sfp_instance/fifo_inst_int/R_9398 could not be skewed because the amount of possible skewing is less than 10ps. Use "setUsefulSkewMode -maxSkew true" to commit such moves.
The sequential element sfp_instance/fifo_inst_int/R_9346 could not be skewed because the amount of possible skewing is less than 10ps. Use "setUsefulSkewMode -maxSkew true" to commit such moves.
The sequential element sfp_instance/fifo_inst_int/fifo_mem_reg_14__12_ could not be skewed because the amount of possible skewing is less than 10ps. Use "setUsefulSkewMode -maxSkew true" to commit such moves.
The sequential element sfp_instance/fifo_inst_int/R_9444 could not be skewed because the amount of possible skewing is less than 10ps. Use "setUsefulSkewMode -maxSkew true" to commit such moves.
The sequential element sfp_instance/fifo_inst_int/fifo_mem_reg_10__11_ could not be skewed because the amount of possible skewing is less than 10ps. Use "setUsefulSkewMode -maxSkew true" to commit such moves.
 ** Useful skew failure reasons **
The sequential element sfp_instance/fifo_inst_int/R_8649 could not be skewed because the amount of possible skewing is less than 10ps. Use "setUsefulSkewMode -maxSkew true" to commit such moves.
The sequential element sfp_instance/fifo_inst_int/R_8622 could not be skewed because the amount of possible skewing is less than 10ps. Use "setUsefulSkewMode -maxSkew true" to commit such moves.
The sequential element sfp_instance/fifo_inst_int/R_9348 could not be skewed because the amount of possible skewing is less than 10ps. Use "setUsefulSkewMode -maxSkew true" to commit such moves.
The sequential element sfp_instance/fifo_inst_int/R_9396 could not be skewed because the amount of possible skewing is less than 10ps. Use "setUsefulSkewMode -maxSkew true" to commit such moves.
The sequential element sfp_instance/fifo_inst_int/R_9447 could not be skewed because the amount of possible skewing is less than 10ps. Use "setUsefulSkewMode -maxSkew true" to commit such moves.
The sequential element sfp_instance/fifo_inst_int/R_9446 could not be skewed because the amount of possible skewing is less than 10ps. Use "setUsefulSkewMode -maxSkew true" to commit such moves.
The sequential element sfp_instance/fifo_inst_int/R_9394 could not be skewed because the amount of possible skewing is less than 10ps. Use "setUsefulSkewMode -maxSkew true" to commit such moves.
The sequential element sfp_instance/fifo_inst_int/R_8590 could not be skewed because the amount of possible skewing is less than 10ps. Use "setUsefulSkewMode -maxSkew true" to commit such moves.
The sequential element sfp_instance/fifo_inst_int/R_9445 could not be skewed because the amount of possible skewing is less than 10ps. Use "setUsefulSkewMode -maxSkew true" to commit such moves.
The sequential element sfp_instance/fifo_inst_int/R_9345 could not be skewed because the amount of possible skewing is less than 10ps. Use "setUsefulSkewMode -maxSkew true" to commit such moves.
The sequential element sfp_instance/fifo_inst_int/R_9395 could not be skewed because the amount of possible skewing is less than 10ps. Use "setUsefulSkewMode -maxSkew true" to commit such moves.
The sequential element sfp_instance/fifo_inst_int/R_8646 could not be skewed because the amount of possible skewing is less than 10ps. Use "setUsefulSkewMode -maxSkew true" to commit such moves.
The sequential element sfp_instance/fifo_inst_int/R_9443 could not be skewed because the amount of possible skewing is less than 10ps. Use "setUsefulSkewMode -maxSkew true" to commit such moves.
The sequential element sfp_instance/fifo_inst_int/fifo_mem_reg_3__12_ could not be skewed because the amount of possible skewing is less than 10ps. Use "setUsefulSkewMode -maxSkew true" to commit such moves.
The sequential element sfp_instance/fifo_inst_int/R_9397 could not be skewed because the amount of possible skewing is less than 10ps. Use "setUsefulSkewMode -maxSkew true" to commit such moves.
The sequential element sfp_instance/fifo_inst_int/R_9398 could not be skewed because the amount of possible skewing is less than 10ps. Use "setUsefulSkewMode -maxSkew true" to commit such moves.
The sequential element sfp_instance/fifo_inst_int/R_9346 could not be skewed because the amount of possible skewing is less than 10ps. Use "setUsefulSkewMode -maxSkew true" to commit such moves.
The sequential element sfp_instance/fifo_inst_int/fifo_mem_reg_14__12_ could not be skewed because the amount of possible skewing is less than 10ps. Use "setUsefulSkewMode -maxSkew true" to commit such moves.
The sequential element sfp_instance/fifo_inst_int/R_9444 could not be skewed because the amount of possible skewing is less than 10ps. Use "setUsefulSkewMode -maxSkew true" to commit such moves.
The sequential element sfp_instance/fifo_inst_int/fifo_mem_reg_10__11_ could not be skewed because the amount of possible skewing is less than 10ps. Use "setUsefulSkewMode -maxSkew true" to commit such moves.
|  -1.018|   -1.018|-604.189| -604.189|    37.06%|   0:00:01.0| 2875.4M|   WC_VIEW|  reg2reg| sfp_instance/R_6815/D                              |
|  -1.016|   -1.016|-603.498| -603.511|    37.06%|   0:00:01.0| 2875.4M|   WC_VIEW|  reg2reg| sfp_instance/R_6815/D                              |
|  -1.016|   -1.016|-602.087| -603.226|    37.06%|   0:00:00.0| 2875.4M|   WC_VIEW|  reg2reg| sfp_instance/R_6815/D                              |
|  -1.016|   -1.016|-601.859| -602.998|    37.06%|   0:00:00.0| 2875.4M|   WC_VIEW|  reg2reg| sfp_instance/R_6815/D                              |
|  -1.015|   -1.015|-601.457| -602.639|    37.06%|   0:00:00.0| 2875.4M|   WC_VIEW|  reg2reg| sfp_instance/R_6815/D                              |
|  -1.012|   -1.012|-599.157| -600.566|    37.06%|   0:00:00.0| 2875.4M|   WC_VIEW|  reg2reg| sfp_instance/R_6815/D                              |
|  -1.012|   -1.012|-598.570| -599.993|    37.06%|   0:00:02.0| 2875.4M|   WC_VIEW|  reg2reg| sfp_instance/R_6815/D                              |
|  -1.010|   -1.010|-598.062| -599.500|    37.06%|   0:00:00.0| 2875.4M|   WC_VIEW|  reg2reg| sfp_instance/R_6815/D                              |
|  -1.010|   -1.010|-597.690| -599.177|    37.06%|   0:00:00.0| 2875.4M|   WC_VIEW|  reg2reg| sfp_instance/R_6815/D                              |
|  -1.009|   -1.009|-597.592| -599.087|    37.06%|   0:00:00.0| 2875.4M|   WC_VIEW|  reg2reg| sfp_instance/R_6815/D                              |
|  -1.009|   -1.009|-597.022| -598.674|    37.06%|   0:00:01.0| 2875.4M|   WC_VIEW|  reg2reg| sfp_instance/R_6815/D                              |
|  -1.005|   -1.009|-597.228| -599.280|    37.06%|   0:00:00.0| 2875.4M|   WC_VIEW|  reg2reg| sfp_instance/R_6815/D                              |
|  -1.007|   -1.009|-596.629| -598.190|    37.08%|   0:00:02.0| 2875.4M|   WC_VIEW|  reg2reg| sfp_instance/R_6815/D                              |
|  -1.007|   -1.009|-596.245| -597.806|    37.08%|   0:00:00.0| 2875.4M|   WC_VIEW|  reg2reg| sfp_instance/R_6815/D                              |
Analyzing useful skew in preCTS mode ...
skewClock is  advancing: -300ps, sfp_instance/fifo_inst_int/fifo_mem_reg_6__20_/CP
skewClock is  advancing: -300ps, sfp_instance/fifo_inst_int/fifo_mem_reg_4__20_/CP
skewClock is  advancing: -300ps, sfp_instance/fifo_inst_int/fifo_mem_reg_13__21_/CP
skewClock is  advancing: -300ps, sfp_instance/fifo_inst_int/fifo_mem_reg_1__20_/CP
skewClock is  advancing: -300ps, sfp_instance/fifo_inst_int/fifo_mem_reg_1__11_/CP
skewClock is  advancing: -300ps, sfp_instance/fifo_inst_int/fifo_mem_reg_4__14_/CP
skewClock is  advancing: -300ps, sfp_instance/fifo_inst_int/fifo_mem_reg_14__18_/CP
skewClock is  advancing: -300ps, sfp_instance/fifo_inst_int/fifo_mem_reg_4__18_/CP
skewClock is  advancing: -300ps, sfp_instance/fifo_inst_int/fifo_mem_reg_4__19_/CP
 ** Useful skew failure reasons **
The sequential element sfp_instance/fifo_inst_int/R_8649 could not be skewed because the amount of possible skewing is less than 10ps. Use "setUsefulSkewMode -maxSkew true" to commit such moves.
The sequential element sfp_instance/fifo_inst_int/R_8622 could not be skewed because the amount of possible skewing is less than 10ps. Use "setUsefulSkewMode -maxSkew true" to commit such moves.
The sequential element sfp_instance/fifo_inst_int/R_9348 could not be skewed because the amount of possible skewing is less than 10ps. Use "setUsefulSkewMode -maxSkew true" to commit such moves.
The sequential element sfp_instance/fifo_inst_int/R_9445 could not be skewed because the amount of possible skewing is less than 10ps. Use "setUsefulSkewMode -maxSkew true" to commit such moves.
The sequential element sfp_instance/fifo_inst_int/R_9396 could not be skewed because the amount of possible skewing is less than 10ps. Use "setUsefulSkewMode -maxSkew true" to commit such moves.
The sequential element sfp_instance/fifo_inst_int/R_9447 could not be skewed because the amount of possible skewing is less than 10ps. Use "setUsefulSkewMode -maxSkew true" to commit such moves.
The sequential element sfp_instance/fifo_inst_int/R_8590 could not be skewed because the amount of possible skewing is less than 10ps. Use "setUsefulSkewMode -maxSkew true" to commit such moves.
The sequential element sfp_instance/fifo_inst_int/R_9345 could not be skewed because the amount of possible skewing is less than 10ps. Use "setUsefulSkewMode -maxSkew true" to commit such moves.
The sequential element sfp_instance/fifo_inst_int/R_9395 could not be skewed because the amount of possible skewing is less than 10ps. Use "setUsefulSkewMode -maxSkew true" to commit such moves.
The sequential element sfp_instance/fifo_inst_int/R_8646 could not be skewed because the amount of possible skewing is less than 10ps. Use "setUsefulSkewMode -maxSkew true" to commit such moves.
The sequential element sfp_instance/fifo_inst_int/R_9446 could not be skewed because the amount of possible skewing is less than 10ps. Use "setUsefulSkewMode -maxSkew true" to commit such moves.
The sequential element sfp_instance/fifo_inst_int/R_9444 could not be skewed because the amount of possible skewing is less than 10ps. Use "setUsefulSkewMode -maxSkew true" to commit such moves.
The sequential element sfp_instance/fifo_inst_int/R_9394 could not be skewed because the amount of possible skewing is less than 10ps. Use "setUsefulSkewMode -maxSkew true" to commit such moves.
The sequential element sfp_instance/fifo_inst_int/R_8650 could not be skewed because the amount of possible skewing is less than 10ps. Use "setUsefulSkewMode -maxSkew true" to commit such moves.
The sequential element sfp_instance/fifo_inst_int/R_9443 could not be skewed because the amount of possible skewing is less than 10ps. Use "setUsefulSkewMode -maxSkew true" to commit such moves.
The sequential element sfp_instance/fifo_inst_int/R_9346 could not be skewed because the amount of possible skewing is less than 10ps. Use "setUsefulSkewMode -maxSkew true" to commit such moves.
The sequential element sfp_instance/fifo_inst_int/fifo_mem_reg_3__12_ could not be skewed because the amount of possible skewing is less than 10ps. Use "setUsefulSkewMode -maxSkew true" to commit such moves.
The sequential element sfp_instance/fifo_inst_int/R_9397 could not be skewed because the amount of possible skewing is less than 10ps. Use "setUsefulSkewMode -maxSkew true" to commit such moves.
The sequential element sfp_instance/fifo_inst_int/fifo_mem_reg_3__8_ could not be skewed because the amount of possible skewing is less than 10ps. Use "setUsefulSkewMode -maxSkew true" to commit such moves.
The sequential element sfp_instance/fifo_inst_int/fifo_mem_reg_11__11_ could not be skewed because the amount of possible skewing is less than 10ps. Use "setUsefulSkewMode -maxSkew true" to commit such moves.
 ** Useful skew failure reasons **
The sequential element sfp_instance/fifo_inst_int/R_8649 could not be skewed because the amount of possible skewing is less than 10ps. Use "setUsefulSkewMode -maxSkew true" to commit such moves.
The sequential element sfp_instance/fifo_inst_int/R_8622 could not be skewed because the amount of possible skewing is less than 10ps. Use "setUsefulSkewMode -maxSkew true" to commit such moves.
The sequential element sfp_instance/fifo_inst_int/R_9348 could not be skewed because the amount of possible skewing is less than 10ps. Use "setUsefulSkewMode -maxSkew true" to commit such moves.
The sequential element sfp_instance/fifo_inst_int/R_9445 could not be skewed because the amount of possible skewing is less than 10ps. Use "setUsefulSkewMode -maxSkew true" to commit such moves.
The sequential element sfp_instance/fifo_inst_int/R_9396 could not be skewed because the amount of possible skewing is less than 10ps. Use "setUsefulSkewMode -maxSkew true" to commit such moves.
The sequential element sfp_instance/fifo_inst_int/R_9447 could not be skewed because the amount of possible skewing is less than 10ps. Use "setUsefulSkewMode -maxSkew true" to commit such moves.
The sequential element sfp_instance/fifo_inst_int/R_8590 could not be skewed because the amount of possible skewing is less than 10ps. Use "setUsefulSkewMode -maxSkew true" to commit such moves.
The sequential element sfp_instance/fifo_inst_int/R_9345 could not be skewed because the amount of possible skewing is less than 10ps. Use "setUsefulSkewMode -maxSkew true" to commit such moves.
The sequential element sfp_instance/fifo_inst_int/R_9395 could not be skewed because the amount of possible skewing is less than 10ps. Use "setUsefulSkewMode -maxSkew true" to commit such moves.
The sequential element sfp_instance/fifo_inst_int/R_8646 could not be skewed because the amount of possible skewing is less than 10ps. Use "setUsefulSkewMode -maxSkew true" to commit such moves.
The sequential element sfp_instance/fifo_inst_int/R_9446 could not be skewed because the amount of possible skewing is less than 10ps. Use "setUsefulSkewMode -maxSkew true" to commit such moves.
The sequential element sfp_instance/fifo_inst_int/R_9444 could not be skewed because the amount of possible skewing is less than 10ps. Use "setUsefulSkewMode -maxSkew true" to commit such moves.
The sequential element sfp_instance/fifo_inst_int/R_9394 could not be skewed because the amount of possible skewing is less than 10ps. Use "setUsefulSkewMode -maxSkew true" to commit such moves.
The sequential element sfp_instance/fifo_inst_int/R_8650 could not be skewed because the amount of possible skewing is less than 10ps. Use "setUsefulSkewMode -maxSkew true" to commit such moves.
The sequential element sfp_instance/fifo_inst_int/R_9443 could not be skewed because the amount of possible skewing is less than 10ps. Use "setUsefulSkewMode -maxSkew true" to commit such moves.
The sequential element sfp_instance/fifo_inst_int/R_9346 could not be skewed because the amount of possible skewing is less than 10ps. Use "setUsefulSkewMode -maxSkew true" to commit such moves.
The sequential element sfp_instance/fifo_inst_int/fifo_mem_reg_3__12_ could not be skewed because the amount of possible skewing is less than 10ps. Use "setUsefulSkewMode -maxSkew true" to commit such moves.
The sequential element sfp_instance/fifo_inst_int/R_9397 could not be skewed because the amount of possible skewing is less than 10ps. Use "setUsefulSkewMode -maxSkew true" to commit such moves.
The sequential element sfp_instance/fifo_inst_int/fifo_mem_reg_3__8_ could not be skewed because the amount of possible skewing is less than 10ps. Use "setUsefulSkewMode -maxSkew true" to commit such moves.
The sequential element sfp_instance/fifo_inst_int/fifo_mem_reg_11__11_ could not be skewed because the amount of possible skewing is less than 10ps. Use "setUsefulSkewMode -maxSkew true" to commit such moves.
 ** Useful skew failure reasons **
The sequential element sfp_instance/fifo_inst_int/R_8649 could not be skewed because the amount of possible skewing is less than 10ps. Use "setUsefulSkewMode -maxSkew true" to commit such moves.
The sequential element sfp_instance/fifo_inst_int/R_8622 could not be skewed because the amount of possible skewing is less than 10ps. Use "setUsefulSkewMode -maxSkew true" to commit such moves.
The sequential element sfp_instance/fifo_inst_int/R_9348 could not be skewed because the amount of possible skewing is less than 10ps. Use "setUsefulSkewMode -maxSkew true" to commit such moves.
The sequential element sfp_instance/fifo_inst_int/R_9445 could not be skewed because the amount of possible skewing is less than 10ps. Use "setUsefulSkewMode -maxSkew true" to commit such moves.
The sequential element sfp_instance/fifo_inst_int/R_9396 could not be skewed because the amount of possible skewing is less than 10ps. Use "setUsefulSkewMode -maxSkew true" to commit such moves.
The sequential element sfp_instance/fifo_inst_int/R_9447 could not be skewed because the amount of possible skewing is less than 10ps. Use "setUsefulSkewMode -maxSkew true" to commit such moves.
The sequential element sfp_instance/fifo_inst_int/R_8590 could not be skewed because the amount of possible skewing is less than 10ps. Use "setUsefulSkewMode -maxSkew true" to commit such moves.
The sequential element sfp_instance/fifo_inst_int/R_9345 could not be skewed because the amount of possible skewing is less than 10ps. Use "setUsefulSkewMode -maxSkew true" to commit such moves.
The sequential element sfp_instance/fifo_inst_int/R_9395 could not be skewed because the amount of possible skewing is less than 10ps. Use "setUsefulSkewMode -maxSkew true" to commit such moves.
The sequential element sfp_instance/fifo_inst_int/R_8646 could not be skewed because the amount of possible skewing is less than 10ps. Use "setUsefulSkewMode -maxSkew true" to commit such moves.
The sequential element sfp_instance/fifo_inst_int/R_9446 could not be skewed because the amount of possible skewing is less than 10ps. Use "setUsefulSkewMode -maxSkew true" to commit such moves.
The sequential element sfp_instance/fifo_inst_int/R_9444 could not be skewed because the amount of possible skewing is less than 10ps. Use "setUsefulSkewMode -maxSkew true" to commit such moves.
The sequential element sfp_instance/fifo_inst_int/R_9394 could not be skewed because the amount of possible skewing is less than 10ps. Use "setUsefulSkewMode -maxSkew true" to commit such moves.
The sequential element sfp_instance/fifo_inst_int/R_8650 could not be skewed because the amount of possible skewing is less than 10ps. Use "setUsefulSkewMode -maxSkew true" to commit such moves.
The sequential element sfp_instance/fifo_inst_int/R_9443 could not be skewed because the amount of possible skewing is less than 10ps. Use "setUsefulSkewMode -maxSkew true" to commit such moves.
The sequential element sfp_instance/fifo_inst_int/R_9346 could not be skewed because the amount of possible skewing is less than 10ps. Use "setUsefulSkewMode -maxSkew true" to commit such moves.
The sequential element sfp_instance/fifo_inst_int/fifo_mem_reg_3__12_ could not be skewed because the amount of possible skewing is less than 10ps. Use "setUsefulSkewMode -maxSkew true" to commit such moves.
The sequential element sfp_instance/fifo_inst_int/R_9397 could not be skewed because the amount of possible skewing is less than 10ps. Use "setUsefulSkewMode -maxSkew true" to commit such moves.
The sequential element sfp_instance/fifo_inst_int/fifo_mem_reg_3__8_ could not be skewed because the amount of possible skewing is less than 10ps. Use "setUsefulSkewMode -maxSkew true" to commit such moves.
The sequential element sfp_instance/fifo_inst_int/fifo_mem_reg_11__11_ could not be skewed because the amount of possible skewing is less than 10ps. Use "setUsefulSkewMode -maxSkew true" to commit such moves.
|  -0.997|   -1.009|-587.098| -593.872|    37.08%|   0:00:01.0| 2875.4M|   WC_VIEW|  reg2reg| sfp_instance/R_6815/D                              |
|  -0.995|   -1.009|-586.610| -593.872|    37.08%|   0:00:00.0| 2875.4M|   WC_VIEW|  reg2reg| sfp_instance/R_6815/D                              |
|  -0.991|   -1.009|-584.846| -593.872|    37.08%|   0:00:01.0| 2875.4M|   WC_VIEW|  reg2reg| sfp_instance/R_6815/D                              |
|  -0.983|   -1.009|-582.755| -593.872|    37.08%|   0:00:00.0| 2875.4M|   WC_VIEW|  reg2reg| sfp_instance/R_6815/D                              |
|  -0.980|   -1.009|-580.069| -593.864|    37.08%|   0:00:00.0| 2875.4M|   WC_VIEW|  reg2reg| sfp_instance/R_6815/D                              |
|  -0.980|   -1.009|-580.026| -593.864|    37.08%|   0:00:00.0| 2875.4M|   WC_VIEW|  reg2reg| sfp_instance/R_6815/D                              |
|  -0.976|   -1.009|-578.538| -593.724|    37.08%|   0:00:01.0| 2875.4M|   WC_VIEW|  reg2reg| sfp_instance/R_6815/D                              |
|  -0.976|   -1.009|-577.578| -593.724|    37.08%|   0:00:00.0| 2875.4M|   WC_VIEW|  reg2reg| sfp_instance/R_6815/D                              |
|  -0.976|   -1.009|-577.557| -593.724|    37.08%|   0:00:00.0| 2875.4M|   WC_VIEW|  reg2reg| sfp_instance/R_6815/D                              |
|  -0.975|   -1.009|-577.330| -593.724|    37.09%|   0:00:01.0| 2875.4M|   WC_VIEW|  reg2reg| sfp_instance/R_6815/D                              |
|  -0.975|   -1.009|-577.270| -593.724|    37.09%|   0:00:00.0| 2875.4M|   WC_VIEW|  reg2reg| sfp_instance/R_6815/D                              |
|  -0.975|   -1.009|-576.700| -593.724|    37.09%|   0:00:00.0| 2875.4M|   WC_VIEW|  reg2reg| sfp_instance/R_6815/D                              |
|  -0.975|   -1.009|-575.399| -593.370|    37.09%|   0:00:01.0| 2875.4M|   WC_VIEW|  reg2reg| sfp_instance/R_6815/D                              |
|  -0.974|   -1.009|-574.601| -593.810|    37.10%|   0:00:00.0| 2875.4M|   WC_VIEW|  reg2reg| sfp_instance/R_6815/D                              |
|  -0.974|   -1.009|-574.474| -593.725|    37.10%|   0:00:00.0| 2875.4M|   WC_VIEW|  reg2reg| sfp_instance/R_6815/D                              |
Analyzing useful skew in preCTS mode ...
skewClock is  advancing: -300ps, sfp_instance/fifo_inst_int/fifo_mem_reg_15__23_/CP
skewClock is  advancing: -300ps, sfp_instance/fifo_inst_int/fifo_mem_reg_12__22_/CP
skewClock is  advancing: -300ps, sfp_instance/fifo_inst_int/fifo_mem_reg_0__22_/CP
skewClock is  advancing: -300ps, sfp_instance/fifo_inst_int/fifo_mem_reg_6__21_/CP
skewClock is  advancing: -300ps, sfp_instance/fifo_inst_int/fifo_mem_reg_15__22_/CP
skewClock is  advancing: -300ps, sfp_instance/fifo_inst_int/fifo_mem_reg_11__23_/CP
skewClock is  advancing: -300ps, sfp_instance/fifo_inst_int/fifo_mem_reg_3__22_/CP
skewClock is  advancing: -300ps, sfp_instance/fifo_inst_int/fifo_mem_reg_12__23_/CP
skewClock is  advancing: -300ps, sfp_instance/fifo_inst_int/fifo_mem_reg_13__22_/CP
skewClock is  advancing: -300ps, sfp_instance/fifo_inst_int/fifo_mem_reg_2__23_/CP
skewClock is  advancing: -300ps, sfp_instance/fifo_inst_int/fifo_mem_reg_13__23_/CP
skewClock is  advancing: -300ps, sfp_instance/fifo_inst_int/fifo_mem_reg_2__22_/CP
skewClock is  advancing: -300ps, sfp_instance/fifo_inst_int/fifo_mem_reg_3__23_/CP
skewClock is  advancing: -300ps, sfp_instance/fifo_inst_int/fifo_mem_reg_11__22_/CP
skewClock is  advancing: -300ps, sfp_instance/fifo_inst_int/fifo_mem_reg_0__23_/CP
 ** Useful skew failure reasons **
The sequential element sfp_instance/fifo_inst_int/R_8649 could not be skewed because the amount of possible skewing is less than 10ps. Use "setUsefulSkewMode -maxSkew true" to commit such moves.
The sequential element sfp_instance/fifo_inst_int/R_9445 could not be skewed because the amount of possible skewing is less than 10ps. Use "setUsefulSkewMode -maxSkew true" to commit such moves.
The sequential element sfp_instance/fifo_inst_int/R_8622 could not be skewed because the amount of possible skewing is less than 10ps. Use "setUsefulSkewMode -maxSkew true" to commit such moves.
The sequential element sfp_instance/fifo_inst_int/R_9396 could not be skewed because the amount of possible skewing is less than 10ps. Use "setUsefulSkewMode -maxSkew true" to commit such moves.
The sequential element sfp_instance/fifo_inst_int/R_9348 could not be skewed because the amount of possible skewing is less than 10ps. Use "setUsefulSkewMode -maxSkew true" to commit such moves.
The sequential element sfp_instance/fifo_inst_int/R_9394 could not be skewed because the amount of possible skewing is less than 10ps. Use "setUsefulSkewMode -maxSkew true" to commit such moves.
The sequential element sfp_instance/fifo_inst_int/R_9345 could not be skewed because the amount of possible skewing is less than 10ps. Use "setUsefulSkewMode -maxSkew true" to commit such moves.
The sequential element sfp_instance/fifo_inst_int/R_9395 could not be skewed because the amount of possible skewing is less than 10ps. Use "setUsefulSkewMode -maxSkew true" to commit such moves.
The sequential element sfp_instance/fifo_inst_int/R_9446 could not be skewed because the amount of possible skewing is less than 10ps. Use "setUsefulSkewMode -maxSkew true" to commit such moves.
The sequential element sfp_instance/fifo_inst_int/R_8590 could not be skewed because the amount of possible skewing is less than 10ps. Use "setUsefulSkewMode -maxSkew true" to commit such moves.
The sequential element sfp_instance/fifo_inst_int/R_9444 could not be skewed because the amount of possible skewing is less than 10ps. Use "setUsefulSkewMode -maxSkew true" to commit such moves.
The sequential element sfp_instance/fifo_inst_int/fifo_mem_reg_12__12_ could not be skewed because the amount of possible skewing is less than 10ps. Use "setUsefulSkewMode -maxSkew true" to commit such moves.
The sequential element sfp_instance/fifo_inst_int/R_8646 could not be skewed because the amount of possible skewing is less than 10ps. Use "setUsefulSkewMode -maxSkew true" to commit such moves.
The sequential element sfp_instance/fifo_inst_int/R_8650 could not be skewed because the amount of possible skewing is less than 10ps. Use "setUsefulSkewMode -maxSkew true" to commit such moves.
The sequential element sfp_instance/fifo_inst_int/R_9443 could not be skewed because the amount of possible skewing is less than 10ps. Use "setUsefulSkewMode -maxSkew true" to commit such moves.
The sequential element sfp_instance/fifo_inst_int/R_9346 could not be skewed because the amount of possible skewing is less than 10ps. Use "setUsefulSkewMode -maxSkew true" to commit such moves.
The sequential element sfp_instance/fifo_inst_int/fifo_mem_reg_3__12_ could not be skewed because the amount of possible skewing is less than 10ps. Use "setUsefulSkewMode -maxSkew true" to commit such moves.
The sequential element sfp_instance/fifo_inst_int/R_9447 could not be skewed because the amount of possible skewing is less than 10ps. Use "setUsefulSkewMode -maxSkew true" to commit such moves.
The sequential element sfp_instance/fifo_inst_int/R_9397 could not be skewed because the amount of possible skewing is less than 10ps. Use "setUsefulSkewMode -maxSkew true" to commit such moves.
The sequential element sfp_instance/fifo_inst_int/fifo_mem_reg_13__6_ could not be skewed because the amount of possible skewing is less than 10ps. Use "setUsefulSkewMode -maxSkew true" to commit such moves.
 ** Useful skew failure reasons **
The sequential element sfp_instance/fifo_inst_int/R_8649 could not be skewed because the amount of possible skewing is less than 10ps. Use "setUsefulSkewMode -maxSkew true" to commit such moves.
The sequential element sfp_instance/fifo_inst_int/R_9445 could not be skewed because the amount of possible skewing is less than 10ps. Use "setUsefulSkewMode -maxSkew true" to commit such moves.
The sequential element sfp_instance/fifo_inst_int/R_8622 could not be skewed because the amount of possible skewing is less than 10ps. Use "setUsefulSkewMode -maxSkew true" to commit such moves.
The sequential element sfp_instance/fifo_inst_int/R_9396 could not be skewed because the amount of possible skewing is less than 10ps. Use "setUsefulSkewMode -maxSkew true" to commit such moves.
The sequential element sfp_instance/fifo_inst_int/R_9348 could not be skewed because the amount of possible skewing is less than 10ps. Use "setUsefulSkewMode -maxSkew true" to commit such moves.
The sequential element sfp_instance/fifo_inst_int/R_9394 could not be skewed because the amount of possible skewing is less than 10ps. Use "setUsefulSkewMode -maxSkew true" to commit such moves.
The sequential element sfp_instance/fifo_inst_int/R_9345 could not be skewed because the amount of possible skewing is less than 10ps. Use "setUsefulSkewMode -maxSkew true" to commit such moves.
The sequential element sfp_instance/fifo_inst_int/R_9395 could not be skewed because the amount of possible skewing is less than 10ps. Use "setUsefulSkewMode -maxSkew true" to commit such moves.
The sequential element sfp_instance/fifo_inst_int/R_9446 could not be skewed because the amount of possible skewing is less than 10ps. Use "setUsefulSkewMode -maxSkew true" to commit such moves.
The sequential element sfp_instance/fifo_inst_int/R_8590 could not be skewed because the amount of possible skewing is less than 10ps. Use "setUsefulSkewMode -maxSkew true" to commit such moves.
The sequential element sfp_instance/fifo_inst_int/R_9444 could not be skewed because the amount of possible skewing is less than 10ps. Use "setUsefulSkewMode -maxSkew true" to commit such moves.
The sequential element sfp_instance/fifo_inst_int/fifo_mem_reg_12__12_ could not be skewed because the amount of possible skewing is less than 10ps. Use "setUsefulSkewMode -maxSkew true" to commit such moves.
The sequential element sfp_instance/fifo_inst_int/R_8646 could not be skewed because the amount of possible skewing is less than 10ps. Use "setUsefulSkewMode -maxSkew true" to commit such moves.
The sequential element sfp_instance/fifo_inst_int/R_8650 could not be skewed because the amount of possible skewing is less than 10ps. Use "setUsefulSkewMode -maxSkew true" to commit such moves.
The sequential element sfp_instance/fifo_inst_int/R_9443 could not be skewed because the amount of possible skewing is less than 10ps. Use "setUsefulSkewMode -maxSkew true" to commit such moves.
The sequential element sfp_instance/fifo_inst_int/R_9346 could not be skewed because the amount of possible skewing is less than 10ps. Use "setUsefulSkewMode -maxSkew true" to commit such moves.
The sequential element sfp_instance/fifo_inst_int/fifo_mem_reg_3__12_ could not be skewed because the amount of possible skewing is less than 10ps. Use "setUsefulSkewMode -maxSkew true" to commit such moves.
The sequential element sfp_instance/fifo_inst_int/R_9447 could not be skewed because the amount of possible skewing is less than 10ps. Use "setUsefulSkewMode -maxSkew true" to commit such moves.
The sequential element sfp_instance/fifo_inst_int/R_9397 could not be skewed because the amount of possible skewing is less than 10ps. Use "setUsefulSkewMode -maxSkew true" to commit such moves.
The sequential element sfp_instance/fifo_inst_int/fifo_mem_reg_13__6_ could not be skewed because the amount of possible skewing is less than 10ps. Use "setUsefulSkewMode -maxSkew true" to commit such moves.
 ** Useful skew failure reasons **
The sequential element sfp_instance/fifo_inst_int/R_8649 could not be skewed because the amount of possible skewing is less than 10ps. Use "setUsefulSkewMode -maxSkew true" to commit such moves.
The sequential element sfp_instance/fifo_inst_int/R_9445 could not be skewed because the amount of possible skewing is less than 10ps. Use "setUsefulSkewMode -maxSkew true" to commit such moves.
The sequential element sfp_instance/fifo_inst_int/R_8622 could not be skewed because the amount of possible skewing is less than 10ps. Use "setUsefulSkewMode -maxSkew true" to commit such moves.
The sequential element sfp_instance/fifo_inst_int/R_9396 could not be skewed because the amount of possible skewing is less than 10ps. Use "setUsefulSkewMode -maxSkew true" to commit such moves.
The sequential element sfp_instance/fifo_inst_int/R_9348 could not be skewed because the amount of possible skewing is less than 10ps. Use "setUsefulSkewMode -maxSkew true" to commit such moves.
The sequential element sfp_instance/fifo_inst_int/R_9394 could not be skewed because the amount of possible skewing is less than 10ps. Use "setUsefulSkewMode -maxSkew true" to commit such moves.
The sequential element sfp_instance/fifo_inst_int/R_9345 could not be skewed because the amount of possible skewing is less than 10ps. Use "setUsefulSkewMode -maxSkew true" to commit such moves.
The sequential element sfp_instance/fifo_inst_int/R_9395 could not be skewed because the amount of possible skewing is less than 10ps. Use "setUsefulSkewMode -maxSkew true" to commit such moves.
The sequential element sfp_instance/fifo_inst_int/R_9446 could not be skewed because the amount of possible skewing is less than 10ps. Use "setUsefulSkewMode -maxSkew true" to commit such moves.
The sequential element sfp_instance/fifo_inst_int/R_8590 could not be skewed because the amount of possible skewing is less than 10ps. Use "setUsefulSkewMode -maxSkew true" to commit such moves.
The sequential element sfp_instance/fifo_inst_int/R_9444 could not be skewed because the amount of possible skewing is less than 10ps. Use "setUsefulSkewMode -maxSkew true" to commit such moves.
The sequential element sfp_instance/fifo_inst_int/fifo_mem_reg_12__12_ could not be skewed because the amount of possible skewing is less than 10ps. Use "setUsefulSkewMode -maxSkew true" to commit such moves.
The sequential element sfp_instance/fifo_inst_int/R_8646 could not be skewed because the amount of possible skewing is less than 10ps. Use "setUsefulSkewMode -maxSkew true" to commit such moves.
The sequential element sfp_instance/fifo_inst_int/R_8650 could not be skewed because the amount of possible skewing is less than 10ps. Use "setUsefulSkewMode -maxSkew true" to commit such moves.
The sequential element sfp_instance/fifo_inst_int/R_9443 could not be skewed because the amount of possible skewing is less than 10ps. Use "setUsefulSkewMode -maxSkew true" to commit such moves.
The sequential element sfp_instance/fifo_inst_int/R_9346 could not be skewed because the amount of possible skewing is less than 10ps. Use "setUsefulSkewMode -maxSkew true" to commit such moves.
The sequential element sfp_instance/fifo_inst_int/fifo_mem_reg_3__12_ could not be skewed because the amount of possible skewing is less than 10ps. Use "setUsefulSkewMode -maxSkew true" to commit such moves.
The sequential element sfp_instance/fifo_inst_int/R_9447 could not be skewed because the amount of possible skewing is less than 10ps. Use "setUsefulSkewMode -maxSkew true" to commit such moves.
The sequential element sfp_instance/fifo_inst_int/R_9397 could not be skewed because the amount of possible skewing is less than 10ps. Use "setUsefulSkewMode -maxSkew true" to commit such moves.
The sequential element sfp_instance/fifo_inst_int/fifo_mem_reg_13__6_ could not be skewed because the amount of possible skewing is less than 10ps. Use "setUsefulSkewMode -maxSkew true" to commit such moves.
|  -0.974|   -1.009|-572.734| -593.725|    37.10%|   0:00:01.0| 2875.4M|   WC_VIEW|  reg2reg| sfp_instance/R_6815/D                              |
|  -0.974|   -1.009|-572.717| -593.725|    37.10%|   0:00:00.0| 2875.4M|   WC_VIEW|  reg2reg| sfp_instance/R_6815/D                              |
|  -0.974|   -1.009|-572.734| -593.725|    37.10%|   0:00:00.0| 2875.4M|   WC_VIEW|  reg2reg| sfp_instance/R_6815/D                              |
+--------+---------+--------+---------+----------+------------+--------+----------+---------+----------------------------------------------------+

*** Finish Core Optimize Step (cpu=0:04:29 real=0:01:05 mem=2875.4M) ***
Active Path Group: default 
+--------+---------+--------+---------+----------+------------+--------+----------+---------+----------------------------------------------------+
|  WNS   | All WNS |  TNS   | All TNS | Density  |    Real    |  Mem   |Worst View|Pathgroup|                     End Point                      |
+--------+---------+--------+---------+----------+------------+--------+----------+---------+----------------------------------------------------+
|  -1.009|   -1.009|-550.432| -593.725|    37.10%|   0:00:00.0| 2875.4M|   WC_VIEW|  default| sfp_instance/R_6815/D                              |
|  -1.004|   -1.004|-548.610| -591.903|    37.10%|   0:00:02.0| 2875.4M|   WC_VIEW|  default| sfp_instance/R_6815/D                              |
|  -0.998|   -0.998|-547.022| -590.315|    37.10%|   0:00:01.0| 2875.4M|   WC_VIEW|  default| sfp_instance/R_6815/D                              |
|  -0.994|   -0.994|-546.714| -590.007|    37.10%|   0:00:01.0| 2875.4M|   WC_VIEW|  default| sfp_instance/R_6815/D                              |
|  -0.985|   -0.985|-545.933| -589.225|    37.10%|   0:00:01.0| 2875.4M|   WC_VIEW|  default| sfp_instance/R_6815/D                              |
|  -0.983|   -0.983|-543.836| -587.128|    37.10%|   0:00:02.0| 2875.4M|   WC_VIEW|  default| sfp_instance/R_6815/D                              |
|  -0.981|   -0.981|-543.738| -587.031|    37.10%|   0:00:00.0| 2875.4M|   WC_VIEW|  default| sfp_instance/R_6815/D                              |
|  -0.979|   -0.979|-543.712| -587.005|    37.11%|   0:00:00.0| 2875.4M|   WC_VIEW|  default| sfp_instance/R_6815/D                              |
|  -0.979|   -0.979|-543.658| -586.951|    37.10%|   0:00:02.0| 2875.4M|   WC_VIEW|  default| sfp_instance/R_6815/D                              |
|  -0.975|   -0.975|-543.329| -586.622|    37.11%|   0:00:00.0| 2875.4M|   WC_VIEW|  default| sfp_instance/R_6815/D                              |
|  -0.974|   -0.974|-542.356| -585.649|    37.11%|   0:00:01.0| 2875.4M|   WC_VIEW|  default| sfp_instance/R_6815/D                              |
|  -0.974|   -0.974|-542.249| -585.542|    37.11%|   0:00:01.0| 2875.4M|   WC_VIEW|  default| sfp_instance/R_6815/D                              |
|  -0.970|   -0.970|-541.863| -585.156|    37.11%|   0:00:00.0| 2875.4M|   WC_VIEW|  default| sfp_instance/R_6815/D                              |
|  -0.970|   -0.970|-541.337| -584.630|    37.11%|   0:00:00.0| 2875.4M|   WC_VIEW|  default| sfp_instance/R_6815/D                              |
|  -0.963|   -0.963|-540.856| -584.149|    37.12%|   0:00:02.0| 2875.4M|   WC_VIEW|  default| sfp_instance/R_8197/D                              |
|  -0.962|   -0.962|-537.059| -580.352|    37.12%|   0:00:01.0| 2875.4M|   WC_VIEW|  default| sfp_instance/R_6815/D                              |
|  -0.962|   -0.962|-535.278| -578.571|    37.12%|   0:00:00.0| 2875.4M|   WC_VIEW|  default| sfp_instance/R_6815/D                              |
|  -0.959|   -0.959|-535.085| -578.378|    37.12%|   0:00:01.0| 2875.4M|   WC_VIEW|  default| sfp_instance/R_6815/D                              |
|  -0.959|   -0.959|-535.025| -578.318|    37.12%|   0:00:00.0| 2875.4M|   WC_VIEW|  default| sfp_instance/R_6815/D                              |
|  -0.958|   -0.958|-534.989| -578.281|    37.12%|   0:00:00.0| 2875.4M|   WC_VIEW|  default| sfp_instance/R_6815/D                              |
|  -0.956|   -0.956|-534.867| -578.160|    37.12%|   0:00:01.0| 2875.4M|   WC_VIEW|  default| sfp_instance/R_6815/D                              |
|  -0.957|   -0.957|-534.548| -577.841|    37.12%|   0:00:00.0| 2875.4M|   WC_VIEW|  default| sfp_instance/R_6815/D                              |
|  -0.957|   -0.957|-534.512| -577.805|    37.12%|   0:00:01.0| 2875.4M|   WC_VIEW|  default| sfp_instance/R_6815/D                              |
|  -0.956|   -0.956|-534.472| -577.765|    37.12%|   0:00:00.0| 2875.4M|   WC_VIEW|  default| sfp_instance/R_6815/D                              |
|  -0.955|   -0.955|-534.427| -577.720|    37.12%|   0:00:00.0| 2875.4M|   WC_VIEW|  default| sfp_instance/R_6815/D                              |
|  -0.956|   -0.956|-534.319| -577.612|    37.12%|   0:00:01.0| 2894.4M|   WC_VIEW|  default| sfp_instance/R_6815/D                              |
|  -0.955|   -0.955|-534.278| -577.570|    37.12%|   0:00:00.0| 2894.4M|   WC_VIEW|  default| sfp_instance/R_6815/D                              |
|  -0.957|   -0.957|-531.414| -574.707|    37.17%|   0:00:02.0| 2894.4M|   WC_VIEW|  default| sfp_instance/R_6815/D                              |
|  -0.957|   -0.957|-530.345| -573.638|    37.20%|   0:00:01.0| 2894.4M|   WC_VIEW|  default| sfp_instance/R_6815/D                              |
Analyzing useful skew in preCTS mode ...
 ** Useful skew failure reasons **
The sequential element sfp_instance/fifo_inst_int/R_8649 could not be skewed because the amount of possible skewing is less than 10ps. Use "setUsefulSkewMode -maxSkew true" to commit such moves.
The sequential element sfp_instance/fifo_inst_int/R_9445 could not be skewed because the amount of possible skewing is less than 10ps. Use "setUsefulSkewMode -maxSkew true" to commit such moves.
The sequential element sfp_instance/fifo_inst_int/R_9348 could not be skewed because the amount of possible skewing is less than 10ps. Use "setUsefulSkewMode -maxSkew true" to commit such moves.
The sequential element sfp_instance/fifo_inst_int/R_8622 could not be skewed because the amount of possible skewing is less than 10ps. Use "setUsefulSkewMode -maxSkew true" to commit such moves.
The sequential element sfp_instance/fifo_inst_int/R_9396 could not be skewed because the amount of possible skewing is less than 10ps. Use "setUsefulSkewMode -maxSkew true" to commit such moves.
The sequential element sfp_instance/fifo_inst_int/R_9394 could not be skewed because the amount of possible skewing is less than 10ps. Use "setUsefulSkewMode -maxSkew true" to commit such moves.
The sequential element sfp_instance/fifo_inst_int/R_9345 could not be skewed because the amount of possible skewing is less than 10ps. Use "setUsefulSkewMode -maxSkew true" to commit such moves.
The sequential element sfp_instance/fifo_inst_int/R_9395 could not be skewed because the amount of possible skewing is less than 10ps. Use "setUsefulSkewMode -maxSkew true" to commit such moves.
The sequential element sfp_instance/fifo_inst_int/R_9444 could not be skewed because the amount of possible skewing is less than 10ps. Use "setUsefulSkewMode -maxSkew true" to commit such moves.
The sequential element sfp_instance/fifo_inst_int/R_9446 could not be skewed because the amount of possible skewing is less than 10ps. Use "setUsefulSkewMode -maxSkew true" to commit such moves.
The sequential element psum_mem_instance could not be skewed because the amount of possible skewing is less than 10ps. Use "setUsefulSkewMode -maxSkew true" to commit such moves.
The sequential element sfp_instance/fifo_inst_int/R_8590 could not be skewed because the amount of possible skewing is less than 10ps. Use "setUsefulSkewMode -maxSkew true" to commit such moves.
The sequential element sfp_instance/fifo_inst_int/fifo_mem_reg_12__12_ could not be skewed because the amount of possible skewing is less than 10ps. Use "setUsefulSkewMode -maxSkew true" to commit such moves.
The sequential element sfp_instance/fifo_inst_int/R_8646 could not be skewed because the amount of possible skewing is less than 10ps. Use "setUsefulSkewMode -maxSkew true" to commit such moves.
The sequential element sfp_instance/fifo_inst_int/R_8650 could not be skewed because the amount of possible skewing is less than 10ps. Use "setUsefulSkewMode -maxSkew true" to commit such moves.
The sequential element sfp_instance/fifo_inst_int/R_9447 could not be skewed because the amount of possible skewing is less than 10ps. Use "setUsefulSkewMode -maxSkew true" to commit such moves.
The sequential element sfp_instance/fifo_inst_int/R_9443 could not be skewed because the amount of possible skewing is less than 10ps. Use "setUsefulSkewMode -maxSkew true" to commit such moves.
The sequential element sfp_instance/fifo_inst_int/R_9346 could not be skewed because the amount of possible skewing is less than 10ps. Use "setUsefulSkewMode -maxSkew true" to commit such moves.
The sequential element sfp_instance/fifo_inst_int/fifo_mem_reg_3__12_ could not be skewed because the amount of possible skewing is less than 10ps. Use "setUsefulSkewMode -maxSkew true" to commit such moves.
The sequential element sfp_instance/fifo_inst_int/R_9397 could not be skewed because the amount of possible skewing is less than 10ps. Use "setUsefulSkewMode -maxSkew true" to commit such moves.
 ** Useful skew failure reasons **
The sequential element sfp_instance/fifo_inst_int/R_8649 could not be skewed because the amount of possible skewing is less than 10ps. Use "setUsefulSkewMode -maxSkew true" to commit such moves.
The sequential element sfp_instance/fifo_inst_int/R_9445 could not be skewed because the amount of possible skewing is less than 10ps. Use "setUsefulSkewMode -maxSkew true" to commit such moves.
The sequential element sfp_instance/fifo_inst_int/R_9348 could not be skewed because the amount of possible skewing is less than 10ps. Use "setUsefulSkewMode -maxSkew true" to commit such moves.
The sequential element sfp_instance/fifo_inst_int/R_8622 could not be skewed because the amount of possible skewing is less than 10ps. Use "setUsefulSkewMode -maxSkew true" to commit such moves.
The sequential element sfp_instance/fifo_inst_int/R_9396 could not be skewed because the amount of possible skewing is less than 10ps. Use "setUsefulSkewMode -maxSkew true" to commit such moves.
The sequential element sfp_instance/fifo_inst_int/R_9394 could not be skewed because the amount of possible skewing is less than 10ps. Use "setUsefulSkewMode -maxSkew true" to commit such moves.
The sequential element sfp_instance/fifo_inst_int/R_9345 could not be skewed because the amount of possible skewing is less than 10ps. Use "setUsefulSkewMode -maxSkew true" to commit such moves.
The sequential element sfp_instance/fifo_inst_int/R_9395 could not be skewed because the amount of possible skewing is less than 10ps. Use "setUsefulSkewMode -maxSkew true" to commit such moves.
The sequential element sfp_instance/fifo_inst_int/R_9444 could not be skewed because the amount of possible skewing is less than 10ps. Use "setUsefulSkewMode -maxSkew true" to commit such moves.
The sequential element sfp_instance/fifo_inst_int/R_9446 could not be skewed because the amount of possible skewing is less than 10ps. Use "setUsefulSkewMode -maxSkew true" to commit such moves.
The sequential element psum_mem_instance could not be skewed because the amount of possible skewing is less than 10ps. Use "setUsefulSkewMode -maxSkew true" to commit such moves.
The sequential element sfp_instance/fifo_inst_int/R_8590 could not be skewed because the amount of possible skewing is less than 10ps. Use "setUsefulSkewMode -maxSkew true" to commit such moves.
The sequential element sfp_instance/fifo_inst_int/fifo_mem_reg_12__12_ could not be skewed because the amount of possible skewing is less than 10ps. Use "setUsefulSkewMode -maxSkew true" to commit such moves.
The sequential element sfp_instance/fifo_inst_int/R_8646 could not be skewed because the amount of possible skewing is less than 10ps. Use "setUsefulSkewMode -maxSkew true" to commit such moves.
The sequential element sfp_instance/fifo_inst_int/R_8650 could not be skewed because the amount of possible skewing is less than 10ps. Use "setUsefulSkewMode -maxSkew true" to commit such moves.
The sequential element sfp_instance/fifo_inst_int/R_9447 could not be skewed because the amount of possible skewing is less than 10ps. Use "setUsefulSkewMode -maxSkew true" to commit such moves.
The sequential element sfp_instance/fifo_inst_int/R_9443 could not be skewed because the amount of possible skewing is less than 10ps. Use "setUsefulSkewMode -maxSkew true" to commit such moves.
The sequential element sfp_instance/fifo_inst_int/R_9346 could not be skewed because the amount of possible skewing is less than 10ps. Use "setUsefulSkewMode -maxSkew true" to commit such moves.
The sequential element sfp_instance/fifo_inst_int/fifo_mem_reg_3__12_ could not be skewed because the amount of possible skewing is less than 10ps. Use "setUsefulSkewMode -maxSkew true" to commit such moves.
The sequential element sfp_instance/fifo_inst_int/R_9397 could not be skewed because the amount of possible skewing is less than 10ps. Use "setUsefulSkewMode -maxSkew true" to commit such moves.
 ** Useful skew failure reasons **
The sequential element sfp_instance/fifo_inst_int/R_8649 could not be skewed because the amount of possible skewing is less than 10ps. Use "setUsefulSkewMode -maxSkew true" to commit such moves.
The sequential element sfp_instance/fifo_inst_int/R_9445 could not be skewed because the amount of possible skewing is less than 10ps. Use "setUsefulSkewMode -maxSkew true" to commit such moves.
The sequential element sfp_instance/fifo_inst_int/R_9348 could not be skewed because the amount of possible skewing is less than 10ps. Use "setUsefulSkewMode -maxSkew true" to commit such moves.
The sequential element sfp_instance/fifo_inst_int/R_8622 could not be skewed because the amount of possible skewing is less than 10ps. Use "setUsefulSkewMode -maxSkew true" to commit such moves.
The sequential element sfp_instance/fifo_inst_int/R_9396 could not be skewed because the amount of possible skewing is less than 10ps. Use "setUsefulSkewMode -maxSkew true" to commit such moves.
The sequential element sfp_instance/fifo_inst_int/R_9394 could not be skewed because the amount of possible skewing is less than 10ps. Use "setUsefulSkewMode -maxSkew true" to commit such moves.
The sequential element sfp_instance/fifo_inst_int/R_9345 could not be skewed because the amount of possible skewing is less than 10ps. Use "setUsefulSkewMode -maxSkew true" to commit such moves.
The sequential element sfp_instance/fifo_inst_int/R_9395 could not be skewed because the amount of possible skewing is less than 10ps. Use "setUsefulSkewMode -maxSkew true" to commit such moves.
The sequential element sfp_instance/fifo_inst_int/R_9444 could not be skewed because the amount of possible skewing is less than 10ps. Use "setUsefulSkewMode -maxSkew true" to commit such moves.
The sequential element sfp_instance/fifo_inst_int/R_9446 could not be skewed because the amount of possible skewing is less than 10ps. Use "setUsefulSkewMode -maxSkew true" to commit such moves.
The sequential element psum_mem_instance could not be skewed because the amount of possible skewing is less than 10ps. Use "setUsefulSkewMode -maxSkew true" to commit such moves.
The sequential element sfp_instance/fifo_inst_int/R_8590 could not be skewed because the amount of possible skewing is less than 10ps. Use "setUsefulSkewMode -maxSkew true" to commit such moves.
The sequential element sfp_instance/fifo_inst_int/fifo_mem_reg_12__12_ could not be skewed because the amount of possible skewing is less than 10ps. Use "setUsefulSkewMode -maxSkew true" to commit such moves.
The sequential element sfp_instance/fifo_inst_int/R_8646 could not be skewed because the amount of possible skewing is less than 10ps. Use "setUsefulSkewMode -maxSkew true" to commit such moves.
The sequential element sfp_instance/fifo_inst_int/R_8650 could not be skewed because the amount of possible skewing is less than 10ps. Use "setUsefulSkewMode -maxSkew true" to commit such moves.
The sequential element sfp_instance/fifo_inst_int/R_9447 could not be skewed because the amount of possible skewing is less than 10ps. Use "setUsefulSkewMode -maxSkew true" to commit such moves.
The sequential element sfp_instance/fifo_inst_int/R_9443 could not be skewed because the amount of possible skewing is less than 10ps. Use "setUsefulSkewMode -maxSkew true" to commit such moves.
The sequential element sfp_instance/fifo_inst_int/R_9346 could not be skewed because the amount of possible skewing is less than 10ps. Use "setUsefulSkewMode -maxSkew true" to commit such moves.
The sequential element sfp_instance/fifo_inst_int/fifo_mem_reg_3__12_ could not be skewed because the amount of possible skewing is less than 10ps. Use "setUsefulSkewMode -maxSkew true" to commit such moves.
The sequential element sfp_instance/fifo_inst_int/R_9397 could not be skewed because the amount of possible skewing is less than 10ps. Use "setUsefulSkewMode -maxSkew true" to commit such moves.
|  -0.957|   -0.957|-528.549| -571.842|    37.20%|   0:00:01.0| 2894.4M|   WC_VIEW|  default| sfp_instance/R_6815/D                              |
|  -0.957|   -0.957|-528.381| -571.674|    37.22%|   0:00:00.0| 2894.4M|   WC_VIEW|  default| sfp_instance/R_6815/D                              |
|  -0.957|   -0.957|-528.133| -571.426|    37.22%|   0:00:00.0| 2894.4M|   WC_VIEW|  default| sfp_instance/R_6815/D                              |
|  -0.957|   -0.957|-528.133| -571.426|    37.22%|   0:00:00.0| 2894.4M|   WC_VIEW|  default| sfp_instance/R_6815/D                              |
+--------+---------+--------+---------+----------+------------+--------+----------+---------+----------------------------------------------------+

*** Finish Core Optimize Step (cpu=0:01:54 real=0:00:22.0 mem=2894.4M) ***

*** Finished Optimize Step Cumulative (cpu=0:06:24 real=0:01:27 mem=2894.4M) ***
** GigaOpt Optimizer WNS Slack -0.957 TNS Slack -571.426 Density 37.22
Begin: Area Reclaim Optimization
Reclaim Optimization WNS Slack -0.957  TNS Slack -571.426 Density 37.22
+----------+---------+--------+--------+------------+--------+
| Density  | Commits |  WNS   |  TNS   |    Real    |  Mem   |
+----------+---------+--------+--------+------------+--------+
|    37.22%|        -|  -0.957|-571.426|   0:00:00.0| 2894.4M|
|    37.17%|      111|  -0.956|-569.867|   0:00:02.0| 2894.4M|
|    36.92%|     1066|  -0.936|-565.556|   0:00:12.0| 2894.4M|
|    36.92%|       14|  -0.936|-565.898|   0:00:00.0| 2894.4M|
|    36.92%|        3|  -0.936|-565.898|   0:00:00.0| 2894.4M|
|    36.92%|        0|  -0.936|-565.898|   0:00:01.0| 2894.4M|
+----------+---------+--------+--------+------------+--------+
Reclaim Optimization End WNS Slack -0.935  TNS Slack -565.898 Density 36.92
** Finished Core Area Reclaim Optimization (cpu = 0:00:36.0) (real = 0:00:16.0) **
*** Finished Area Reclaim Optimization (cpu=0:00:36, real=0:00:16, mem=2817.10M, totSessionCpu=1:08:35).
*** Starting refinePlace (1:08:35 mem=2817.1M) ***
Total net bbox length = 1.030e+06 (5.008e+05 5.287e+05) (ext = 6.142e+04)
Move report: Timing Driven Placement moves 2468 insts, mean move: 5.20 um, max move: 35.20 um
	Max move on inst (sfp_instance/FE_OCPC4506_FE_OFN2102_n647): (614.80, 395.60) --> (586.80, 388.40)
	Runtime: CPU: 0:00:03.6 REAL: 0:00:03.0 MEM: 2852.2MB
Move report: Detail placement moves 3304 insts, mean move: 0.60 um, max move: 4.20 um
	Max move on inst (sfp_instance/FE_OCPC4510_FE_OFN2102_n647): (429.20, 347.00) --> (426.80, 348.80)
	Runtime: CPU: 0:00:01.6 REAL: 0:00:00.0 MEM: 2852.2MB
Summary Report:
Instances move: 4979 (out of 51093 movable)
Mean displacement: 2.90 um
Max displacement: 35.20 um (Instance: sfp_instance/FE_OCPC4506_FE_OFN2102_n647) (614.8, 395.6) -> (586.8, 388.4)
	Length: 12 sites, height: 1 rows, site name: core, cell type: INVD8
Total net bbox length = 1.030e+06 (5.014e+05 5.286e+05) (ext = 6.143e+04)
Runtime: CPU: 0:00:05.3 REAL: 0:00:03.0 MEM: 2852.2MB
*** Finished refinePlace (1:08:40 mem=2852.2M) ***
Finished re-routing un-routed nets (0:00:00.0 2852.2M)


Density : 0.3692
Max route overflow : 0.0001


*** Finish Physical Update (cpu=0:00:06.7 real=0:00:04.0 mem=2852.2M) ***
** GigaOpt Optimizer WNS Slack -0.943 TNS Slack -567.214 Density 36.92
Optimizer WNS Pass 6
Active Path Group: reg2reg  
+--------+---------+--------+---------+----------+------------+--------+----------+---------+----------------------------------------------------+
|  WNS   | All WNS |  TNS   | All TNS | Density  |    Real    |  Mem   |Worst View|Pathgroup|                     End Point                      |
+--------+---------+--------+---------+----------+------------+--------+----------+---------+----------------------------------------------------+
|  -0.913|   -0.943|-548.110| -567.214|    36.92%|   0:00:00.0| 2852.2M|   WC_VIEW|  reg2reg| sfp_instance/R_6815/D                              |
|  -0.905|   -0.942|-545.911| -567.669|    36.93%|   0:00:01.0| 2852.2M|   WC_VIEW|  reg2reg| sfp_instance/R_7850/D                              |
|  -0.899|   -0.943|-545.278| -568.775|    36.93%|   0:00:01.0| 2852.2M|   WC_VIEW|  reg2reg| sfp_instance/R_7850/D                              |
|  -0.909|   -0.952|-543.160| -566.203|    36.93%|   0:00:03.0| 2871.3M|   WC_VIEW|  reg2reg| sfp_instance/R_6815/D                              |
|  -0.902|   -0.949|-542.592| -566.152|    36.93%|   0:00:00.0| 2871.3M|   WC_VIEW|  reg2reg| sfp_instance/R_8197/D                              |
|  -0.896|   -0.943|-542.525| -566.091|    36.93%|   0:00:00.0| 2871.3M|   WC_VIEW|  reg2reg| sfp_instance/R_6815/D                              |
|  -0.892|   -0.943|-539.166| -565.345|    36.93%|   0:00:01.0| 2890.4M|   WC_VIEW|  reg2reg| sfp_instance/R_7586/D                              |
|  -0.892|   -0.954|-537.742| -574.139|    36.93%|   0:00:02.0| 2890.4M|   WC_VIEW|  reg2reg| sfp_instance/R_7586/D                              |
|  -0.893|   -0.954|-537.734| -574.139|    36.93%|   0:00:00.0| 2890.4M|   WC_VIEW|  reg2reg| sfp_instance/R_7586/D                              |
|  -0.886|   -0.954|-536.489| -574.139|    36.93%|   0:00:00.0| 2890.4M|   WC_VIEW|  reg2reg| sfp_instance/R_8197/D                              |
|  -0.886|   -0.954|-535.920| -571.425|    36.93%|   0:00:03.0| 2890.4M|   WC_VIEW|  reg2reg| sfp_instance/R_8197/D                              |
|  -0.886|   -0.954|-535.345| -571.444|    36.94%|   0:00:00.0| 2890.4M|   WC_VIEW|  reg2reg| sfp_instance/R_8197/D                              |
|  -0.883|   -0.955|-534.719| -571.392|    36.95%|   0:00:01.0| 2890.4M|   WC_VIEW|  reg2reg| sfp_instance/R_8197/D                              |
|  -0.883|   -0.955|-534.610| -571.459|    36.95%|   0:00:01.0| 2890.4M|   WC_VIEW|  reg2reg| sfp_instance/R_8197/D                              |
|  -0.876|   -0.951|-533.765| -571.166|    36.97%|   0:00:00.0| 2890.4M|   WC_VIEW|  reg2reg| sfp_instance/R_6815/D                              |
|  -0.876|   -0.951|-530.677| -570.455|    36.98%|   0:00:02.0| 2890.4M|   WC_VIEW|  reg2reg| sfp_instance/R_6815/D                              |
|  -0.876|   -0.951|-530.577| -569.988|    36.98%|   0:00:00.0| 2890.4M|   WC_VIEW|  reg2reg| sfp_instance/R_6815/D                              |
|  -0.873|   -0.948|-529.822| -570.277|    36.99%|   0:00:02.0| 2890.4M|   WC_VIEW|  reg2reg| sfp_instance/R_6815/D                              |
|  -0.873|   -0.948|-529.517| -570.120|    37.00%|   0:00:01.0| 2890.4M|   WC_VIEW|  reg2reg| sfp_instance/R_6815/D                              |
|  -0.868|   -0.947|-529.243| -570.120|    37.01%|   0:00:01.0| 2890.4M|   WC_VIEW|  reg2reg| sfp_instance/R_6815/D                              |
|  -0.868|   -0.947|-527.291| -570.034|    37.01%|   0:00:02.0| 2890.4M|   WC_VIEW|  reg2reg| sfp_instance/R_6815/D                              |
|  -0.868|   -0.947|-527.227| -570.051|    37.01%|   0:00:01.0| 2890.4M|   WC_VIEW|  reg2reg| sfp_instance/R_6815/D                              |
|  -0.868|   -0.947|-527.093| -569.846|    37.02%|   0:00:01.0| 2890.4M|   WC_VIEW|  reg2reg| sfp_instance/R_6815/D                              |
|  -0.867|   -0.947|-526.935| -569.822|    37.02%|   0:00:00.0| 2890.4M|   WC_VIEW|  reg2reg| sfp_instance/R_6815/D                              |
|  -0.867|   -0.947|-526.932| -569.819|    37.03%|   0:00:01.0| 2890.4M|   WC_VIEW|  reg2reg| sfp_instance/R_6815/D                              |
|  -0.873|   -0.954|-525.863| -570.050|    37.07%|   0:00:05.0| 2909.4M|   WC_VIEW|  reg2reg| sfp_instance/R_6815/D                              |
|  -0.877|   -0.959|-525.509| -568.904|    37.10%|   0:00:03.0| 2909.4M|   WC_VIEW|  reg2reg| sfp_instance/R_6815/D                              |
|  -0.877|   -0.959|-525.323| -568.880|    37.10%|   0:00:01.0| 2909.4M|   WC_VIEW|  reg2reg| sfp_instance/R_6815/D                              |
Analyzing useful skew in preCTS mode ...
skewClock is  advancing: -300ps, sfp_instance/fifo_inst_int/fifo_mem_reg_7__23_/CP
skewClock is  advancing: -300ps, sfp_instance/fifo_inst_int/fifo_mem_reg_8__23_/CP
skewClock is  advancing: -300ps, sfp_instance/fifo_inst_int/fifo_mem_reg_9__23_/CP
 ** Useful skew failure reasons **
The sequential element sfp_instance/fifo_inst_int/R_8649 could not be skewed because the amount of possible skewing is less than 10ps. Use "setUsefulSkewMode -maxSkew true" to commit such moves.
The sequential element sfp_instance/fifo_inst_int/R_9348 could not be skewed because the amount of possible skewing is less than 10ps. Use "setUsefulSkewMode -maxSkew true" to commit such moves.
The sequential element sfp_instance/fifo_inst_int/R_9396 could not be skewed because the amount of possible skewing is less than 10ps. Use "setUsefulSkewMode -maxSkew true" to commit such moves.
The sequential element sfp_instance/fifo_inst_int/R_9445 could not be skewed because the amount of possible skewing is less than 10ps. Use "setUsefulSkewMode -maxSkew true" to commit such moves.
The sequential element sfp_instance/fifo_inst_int/R_9395 could not be skewed because the amount of possible skewing is less than 10ps. Use "setUsefulSkewMode -maxSkew true" to commit such moves.
The sequential element sfp_instance/fifo_inst_int/R_8622 could not be skewed because the amount of possible skewing is less than 10ps. Use "setUsefulSkewMode -maxSkew true" to commit such moves.
The sequential element sfp_instance/fifo_inst_int/R_8590 could not be skewed because the amount of possible skewing is less than 10ps. Use "setUsefulSkewMode -maxSkew true" to commit such moves.
The sequential element sfp_instance/fifo_inst_int/fifo_mem_reg_3__12_ could not be skewed because the amount of possible skewing is less than 10ps. Use "setUsefulSkewMode -maxSkew true" to commit such moves.
The sequential element psum_mem_instance could not be skewed because the amount of possible skewing is less than 10ps. Use "setUsefulSkewMode -maxSkew true" to commit such moves.
The sequential element sfp_instance/fifo_inst_int/R_9446 could not be skewed because the amount of possible skewing is less than 10ps. Use "setUsefulSkewMode -maxSkew true" to commit such moves.
The sequential element sfp_instance/fifo_inst_int/R_8646 could not be skewed because the amount of possible skewing is less than 10ps. Use "setUsefulSkewMode -maxSkew true" to commit such moves.
The sequential element sfp_instance/fifo_inst_int/R_9394 could not be skewed because the amount of possible skewing is less than 10ps. Use "setUsefulSkewMode -maxSkew true" to commit such moves.
The sequential element sfp_instance/fifo_inst_int/R_9345 could not be skewed because the amount of possible skewing is less than 10ps. Use "setUsefulSkewMode -maxSkew true" to commit such moves.
The sequential element sfp_instance/fifo_inst_int/R_8650 could not be skewed because the amount of possible skewing is less than 10ps. Use "setUsefulSkewMode -maxSkew true" to commit such moves.
The sequential element sfp_instance/fifo_inst_int/R_9443 could not be skewed because the amount of possible skewing is less than 10ps. Use "setUsefulSkewMode -maxSkew true" to commit such moves.
The sequential element sfp_instance/fifo_inst_int/R_9444 could not be skewed because the amount of possible skewing is less than 10ps. Use "setUsefulSkewMode -maxSkew true" to commit such moves.
The sequential element sfp_instance/fifo_inst_int/fifo_mem_reg_12__12_ could not be skewed because the amount of possible skewing is less than 10ps. Use "setUsefulSkewMode -maxSkew true" to commit such moves.
The sequential element sfp_instance/fifo_inst_int/R_9398 could not be skewed because the amount of possible skewing is less than 10ps. Use "setUsefulSkewMode -maxSkew true" to commit such moves.
The sequential element sfp_instance/fifo_inst_int/R_9397 could not be skewed because the amount of possible skewing is less than 10ps. Use "setUsefulSkewMode -maxSkew true" to commit such moves.
The sequential element sfp_instance/fifo_inst_int/R_9346 could not be skewed because the amount of possible skewing is less than 10ps. Use "setUsefulSkewMode -maxSkew true" to commit such moves.
 ** Useful skew failure reasons **
The sequential element sfp_instance/fifo_inst_int/R_8649 could not be skewed because the amount of possible skewing is less than 10ps. Use "setUsefulSkewMode -maxSkew true" to commit such moves.
The sequential element sfp_instance/fifo_inst_int/R_9348 could not be skewed because the amount of possible skewing is less than 10ps. Use "setUsefulSkewMode -maxSkew true" to commit such moves.
The sequential element sfp_instance/fifo_inst_int/R_9396 could not be skewed because the amount of possible skewing is less than 10ps. Use "setUsefulSkewMode -maxSkew true" to commit such moves.
The sequential element sfp_instance/fifo_inst_int/R_9445 could not be skewed because the amount of possible skewing is less than 10ps. Use "setUsefulSkewMode -maxSkew true" to commit such moves.
The sequential element sfp_instance/fifo_inst_int/R_9395 could not be skewed because the amount of possible skewing is less than 10ps. Use "setUsefulSkewMode -maxSkew true" to commit such moves.
The sequential element sfp_instance/fifo_inst_int/R_8622 could not be skewed because the amount of possible skewing is less than 10ps. Use "setUsefulSkewMode -maxSkew true" to commit such moves.
The sequential element sfp_instance/fifo_inst_int/R_8590 could not be skewed because the amount of possible skewing is less than 10ps. Use "setUsefulSkewMode -maxSkew true" to commit such moves.
The sequential element sfp_instance/fifo_inst_int/fifo_mem_reg_3__12_ could not be skewed because the amount of possible skewing is less than 10ps. Use "setUsefulSkewMode -maxSkew true" to commit such moves.
The sequential element psum_mem_instance could not be skewed because the amount of possible skewing is less than 10ps. Use "setUsefulSkewMode -maxSkew true" to commit such moves.
The sequential element sfp_instance/fifo_inst_int/R_9446 could not be skewed because the amount of possible skewing is less than 10ps. Use "setUsefulSkewMode -maxSkew true" to commit such moves.
The sequential element sfp_instance/fifo_inst_int/R_8646 could not be skewed because the amount of possible skewing is less than 10ps. Use "setUsefulSkewMode -maxSkew true" to commit such moves.
The sequential element sfp_instance/fifo_inst_int/R_9394 could not be skewed because the amount of possible skewing is less than 10ps. Use "setUsefulSkewMode -maxSkew true" to commit such moves.
The sequential element sfp_instance/fifo_inst_int/R_9345 could not be skewed because the amount of possible skewing is less than 10ps. Use "setUsefulSkewMode -maxSkew true" to commit such moves.
The sequential element sfp_instance/fifo_inst_int/R_8650 could not be skewed because the amount of possible skewing is less than 10ps. Use "setUsefulSkewMode -maxSkew true" to commit such moves.
The sequential element sfp_instance/fifo_inst_int/R_9443 could not be skewed because the amount of possible skewing is less than 10ps. Use "setUsefulSkewMode -maxSkew true" to commit such moves.
The sequential element sfp_instance/fifo_inst_int/R_9444 could not be skewed because the amount of possible skewing is less than 10ps. Use "setUsefulSkewMode -maxSkew true" to commit such moves.
The sequential element sfp_instance/fifo_inst_int/fifo_mem_reg_12__12_ could not be skewed because the amount of possible skewing is less than 10ps. Use "setUsefulSkewMode -maxSkew true" to commit such moves.
The sequential element sfp_instance/fifo_inst_int/R_9398 could not be skewed because the amount of possible skewing is less than 10ps. Use "setUsefulSkewMode -maxSkew true" to commit such moves.
The sequential element sfp_instance/fifo_inst_int/R_9397 could not be skewed because the amount of possible skewing is less than 10ps. Use "setUsefulSkewMode -maxSkew true" to commit such moves.
The sequential element sfp_instance/fifo_inst_int/R_9346 could not be skewed because the amount of possible skewing is less than 10ps. Use "setUsefulSkewMode -maxSkew true" to commit such moves.
 ** Useful skew failure reasons **
The sequential element sfp_instance/fifo_inst_int/R_8649 could not be skewed because the amount of possible skewing is less than 10ps. Use "setUsefulSkewMode -maxSkew true" to commit such moves.
The sequential element sfp_instance/fifo_inst_int/R_9348 could not be skewed because the amount of possible skewing is less than 10ps. Use "setUsefulSkewMode -maxSkew true" to commit such moves.
The sequential element sfp_instance/fifo_inst_int/R_9396 could not be skewed because the amount of possible skewing is less than 10ps. Use "setUsefulSkewMode -maxSkew true" to commit such moves.
The sequential element sfp_instance/fifo_inst_int/R_9445 could not be skewed because the amount of possible skewing is less than 10ps. Use "setUsefulSkewMode -maxSkew true" to commit such moves.
The sequential element sfp_instance/fifo_inst_int/R_9395 could not be skewed because the amount of possible skewing is less than 10ps. Use "setUsefulSkewMode -maxSkew true" to commit such moves.
The sequential element sfp_instance/fifo_inst_int/R_8622 could not be skewed because the amount of possible skewing is less than 10ps. Use "setUsefulSkewMode -maxSkew true" to commit such moves.
The sequential element sfp_instance/fifo_inst_int/R_8590 could not be skewed because the amount of possible skewing is less than 10ps. Use "setUsefulSkewMode -maxSkew true" to commit such moves.
The sequential element sfp_instance/fifo_inst_int/fifo_mem_reg_3__12_ could not be skewed because the amount of possible skewing is less than 10ps. Use "setUsefulSkewMode -maxSkew true" to commit such moves.
The sequential element psum_mem_instance could not be skewed because the amount of possible skewing is less than 10ps. Use "setUsefulSkewMode -maxSkew true" to commit such moves.
The sequential element sfp_instance/fifo_inst_int/R_9446 could not be skewed because the amount of possible skewing is less than 10ps. Use "setUsefulSkewMode -maxSkew true" to commit such moves.
The sequential element sfp_instance/fifo_inst_int/R_8646 could not be skewed because the amount of possible skewing is less than 10ps. Use "setUsefulSkewMode -maxSkew true" to commit such moves.
The sequential element sfp_instance/fifo_inst_int/R_9394 could not be skewed because the amount of possible skewing is less than 10ps. Use "setUsefulSkewMode -maxSkew true" to commit such moves.
The sequential element sfp_instance/fifo_inst_int/R_9345 could not be skewed because the amount of possible skewing is less than 10ps. Use "setUsefulSkewMode -maxSkew true" to commit such moves.
The sequential element sfp_instance/fifo_inst_int/R_8650 could not be skewed because the amount of possible skewing is less than 10ps. Use "setUsefulSkewMode -maxSkew true" to commit such moves.
The sequential element sfp_instance/fifo_inst_int/R_9443 could not be skewed because the amount of possible skewing is less than 10ps. Use "setUsefulSkewMode -maxSkew true" to commit such moves.
The sequential element sfp_instance/fifo_inst_int/R_9444 could not be skewed because the amount of possible skewing is less than 10ps. Use "setUsefulSkewMode -maxSkew true" to commit such moves.
The sequential element sfp_instance/fifo_inst_int/fifo_mem_reg_12__12_ could not be skewed because the amount of possible skewing is less than 10ps. Use "setUsefulSkewMode -maxSkew true" to commit such moves.
The sequential element sfp_instance/fifo_inst_int/R_9398 could not be skewed because the amount of possible skewing is less than 10ps. Use "setUsefulSkewMode -maxSkew true" to commit such moves.
The sequential element sfp_instance/fifo_inst_int/R_9397 could not be skewed because the amount of possible skewing is less than 10ps. Use "setUsefulSkewMode -maxSkew true" to commit such moves.
The sequential element sfp_instance/fifo_inst_int/R_9346 could not be skewed because the amount of possible skewing is less than 10ps. Use "setUsefulSkewMode -maxSkew true" to commit such moves.
|  -0.878|   -0.960|-525.171| -568.585|    37.13%|   0:00:01.0| 2909.4M|   WC_VIEW|  reg2reg| sfp_instance/R_6815/D                              |
|  -0.878|   -0.960|-525.171| -568.585|    37.13%|   0:00:00.0| 2909.4M|   WC_VIEW|  reg2reg| sfp_instance/R_6815/D                              |
+--------+---------+--------+---------+----------+------------+--------+----------+---------+----------------------------------------------------+

*** Finish Core Optimize Step (cpu=0:03:09 real=0:00:34.0 mem=2909.4M) ***
Active Path Group: default 
+--------+---------+--------+---------+----------+------------+--------+----------+---------+----------------------------------------------------+
|  WNS   | All WNS |  TNS   | All TNS | Density  |    Real    |  Mem   |Worst View|Pathgroup|                     End Point                      |
+--------+---------+--------+---------+----------+------------+--------+----------+---------+----------------------------------------------------+
|  -0.960|   -0.960|-525.293| -568.585|    37.13%|   0:00:00.0| 2909.4M|   WC_VIEW|  default| sfp_instance/R_6815/D                              |
Analyzing useful skew in preCTS mode ...
 ** Useful skew failure reasons **
The sequential element sfp_instance/fifo_inst_int/R_8649 could not be skewed because the amount of possible skewing is less than 10ps. Use "setUsefulSkewMode -maxSkew true" to commit such moves.
The sequential element sfp_instance/fifo_inst_int/R_9348 could not be skewed because the amount of possible skewing is less than 10ps. Use "setUsefulSkewMode -maxSkew true" to commit such moves.
The sequential element sfp_instance/fifo_inst_int/R_9396 could not be skewed because the amount of possible skewing is less than 10ps. Use "setUsefulSkewMode -maxSkew true" to commit such moves.
The sequential element sfp_instance/fifo_inst_int/R_8590 could not be skewed because the amount of possible skewing is less than 10ps. Use "setUsefulSkewMode -maxSkew true" to commit such moves.
The sequential element sfp_instance/fifo_inst_int/R_9395 could not be skewed because the amount of possible skewing is less than 10ps. Use "setUsefulSkewMode -maxSkew true" to commit such moves.
The sequential element sfp_instance/fifo_inst_int/R_9445 could not be skewed because the amount of possible skewing is less than 10ps. Use "setUsefulSkewMode -maxSkew true" to commit such moves.
The sequential element sfp_instance/fifo_inst_int/R_8622 could not be skewed because the amount of possible skewing is less than 10ps. Use "setUsefulSkewMode -maxSkew true" to commit such moves.
The sequential element sfp_instance/fifo_inst_int/fifo_mem_reg_3__12_ could not be skewed because the amount of possible skewing is less than 10ps. Use "setUsefulSkewMode -maxSkew true" to commit such moves.
The sequential element sfp_instance/fifo_inst_int/R_8646 could not be skewed because the amount of possible skewing is less than 10ps. Use "setUsefulSkewMode -maxSkew true" to commit such moves.
The sequential element psum_mem_instance could not be skewed because the amount of possible skewing is less than 10ps. Use "setUsefulSkewMode -maxSkew true" to commit such moves.
The sequential element sfp_instance/fifo_inst_int/R_9446 could not be skewed because the amount of possible skewing is less than 10ps. Use "setUsefulSkewMode -maxSkew true" to commit such moves.
The sequential element sfp_instance/fifo_inst_int/R_9394 could not be skewed because the amount of possible skewing is less than 10ps. Use "setUsefulSkewMode -maxSkew true" to commit such moves.
The sequential element sfp_instance/fifo_inst_int/R_9345 could not be skewed because the amount of possible skewing is less than 10ps. Use "setUsefulSkewMode -maxSkew true" to commit such moves.
The sequential element sfp_instance/fifo_inst_int/R_8650 could not be skewed because the amount of possible skewing is less than 10ps. Use "setUsefulSkewMode -maxSkew true" to commit such moves.
The sequential element sfp_instance/fifo_inst_int/R_9443 could not be skewed because the amount of possible skewing is less than 10ps. Use "setUsefulSkewMode -maxSkew true" to commit such moves.
The sequential element sfp_instance/fifo_inst_int/R_9444 could not be skewed because the amount of possible skewing is less than 10ps. Use "setUsefulSkewMode -maxSkew true" to commit such moves.
The sequential element sfp_instance/fifo_inst_int/fifo_mem_reg_12__12_ could not be skewed because the amount of possible skewing is less than 10ps. Use "setUsefulSkewMode -maxSkew true" to commit such moves.
The sequential element sfp_instance/fifo_inst_int/R_9398 could not be skewed because the amount of possible skewing is less than 10ps. Use "setUsefulSkewMode -maxSkew true" to commit such moves.
The sequential element sfp_instance/fifo_inst_int/R_9397 could not be skewed because the amount of possible skewing is less than 10ps. Use "setUsefulSkewMode -maxSkew true" to commit such moves.
The sequential element sfp_instance/fifo_inst_int/R_9346 could not be skewed because the amount of possible skewing is less than 10ps. Use "setUsefulSkewMode -maxSkew true" to commit such moves.
 ** Useful skew failure reasons **
The sequential element sfp_instance/fifo_inst_int/R_8649 could not be skewed because the amount of possible skewing is less than 10ps. Use "setUsefulSkewMode -maxSkew true" to commit such moves.
The sequential element sfp_instance/fifo_inst_int/R_9348 could not be skewed because the amount of possible skewing is less than 10ps. Use "setUsefulSkewMode -maxSkew true" to commit such moves.
The sequential element sfp_instance/fifo_inst_int/R_9396 could not be skewed because the amount of possible skewing is less than 10ps. Use "setUsefulSkewMode -maxSkew true" to commit such moves.
The sequential element sfp_instance/fifo_inst_int/R_8590 could not be skewed because the amount of possible skewing is less than 10ps. Use "setUsefulSkewMode -maxSkew true" to commit such moves.
The sequential element sfp_instance/fifo_inst_int/R_9395 could not be skewed because the amount of possible skewing is less than 10ps. Use "setUsefulSkewMode -maxSkew true" to commit such moves.
The sequential element sfp_instance/fifo_inst_int/R_9445 could not be skewed because the amount of possible skewing is less than 10ps. Use "setUsefulSkewMode -maxSkew true" to commit such moves.
The sequential element sfp_instance/fifo_inst_int/R_8622 could not be skewed because the amount of possible skewing is less than 10ps. Use "setUsefulSkewMode -maxSkew true" to commit such moves.
The sequential element sfp_instance/fifo_inst_int/fifo_mem_reg_3__12_ could not be skewed because the amount of possible skewing is less than 10ps. Use "setUsefulSkewMode -maxSkew true" to commit such moves.
The sequential element sfp_instance/fifo_inst_int/R_8646 could not be skewed because the amount of possible skewing is less than 10ps. Use "setUsefulSkewMode -maxSkew true" to commit such moves.
The sequential element psum_mem_instance could not be skewed because the amount of possible skewing is less than 10ps. Use "setUsefulSkewMode -maxSkew true" to commit such moves.
The sequential element sfp_instance/fifo_inst_int/R_9446 could not be skewed because the amount of possible skewing is less than 10ps. Use "setUsefulSkewMode -maxSkew true" to commit such moves.
The sequential element sfp_instance/fifo_inst_int/R_9394 could not be skewed because the amount of possible skewing is less than 10ps. Use "setUsefulSkewMode -maxSkew true" to commit such moves.
The sequential element sfp_instance/fifo_inst_int/R_9345 could not be skewed because the amount of possible skewing is less than 10ps. Use "setUsefulSkewMode -maxSkew true" to commit such moves.
The sequential element sfp_instance/fifo_inst_int/R_8650 could not be skewed because the amount of possible skewing is less than 10ps. Use "setUsefulSkewMode -maxSkew true" to commit such moves.
The sequential element sfp_instance/fifo_inst_int/R_9443 could not be skewed because the amount of possible skewing is less than 10ps. Use "setUsefulSkewMode -maxSkew true" to commit such moves.
The sequential element sfp_instance/fifo_inst_int/R_9444 could not be skewed because the amount of possible skewing is less than 10ps. Use "setUsefulSkewMode -maxSkew true" to commit such moves.
The sequential element sfp_instance/fifo_inst_int/fifo_mem_reg_12__12_ could not be skewed because the amount of possible skewing is less than 10ps. Use "setUsefulSkewMode -maxSkew true" to commit such moves.
The sequential element sfp_instance/fifo_inst_int/R_9398 could not be skewed because the amount of possible skewing is less than 10ps. Use "setUsefulSkewMode -maxSkew true" to commit such moves.
The sequential element sfp_instance/fifo_inst_int/R_9397 could not be skewed because the amount of possible skewing is less than 10ps. Use "setUsefulSkewMode -maxSkew true" to commit such moves.
The sequential element sfp_instance/fifo_inst_int/R_9346 could not be skewed because the amount of possible skewing is less than 10ps. Use "setUsefulSkewMode -maxSkew true" to commit such moves.
 ** Useful skew failure reasons **
The sequential element sfp_instance/fifo_inst_int/R_8649 could not be skewed because the amount of possible skewing is less than 10ps. Use "setUsefulSkewMode -maxSkew true" to commit such moves.
The sequential element sfp_instance/fifo_inst_int/R_9348 could not be skewed because the amount of possible skewing is less than 10ps. Use "setUsefulSkewMode -maxSkew true" to commit such moves.
The sequential element sfp_instance/fifo_inst_int/R_9396 could not be skewed because the amount of possible skewing is less than 10ps. Use "setUsefulSkewMode -maxSkew true" to commit such moves.
The sequential element sfp_instance/fifo_inst_int/R_8590 could not be skewed because the amount of possible skewing is less than 10ps. Use "setUsefulSkewMode -maxSkew true" to commit such moves.
The sequential element sfp_instance/fifo_inst_int/R_9395 could not be skewed because the amount of possible skewing is less than 10ps. Use "setUsefulSkewMode -maxSkew true" to commit such moves.
The sequential element sfp_instance/fifo_inst_int/R_9445 could not be skewed because the amount of possible skewing is less than 10ps. Use "setUsefulSkewMode -maxSkew true" to commit such moves.
The sequential element sfp_instance/fifo_inst_int/R_8622 could not be skewed because the amount of possible skewing is less than 10ps. Use "setUsefulSkewMode -maxSkew true" to commit such moves.
The sequential element sfp_instance/fifo_inst_int/fifo_mem_reg_3__12_ could not be skewed because the amount of possible skewing is less than 10ps. Use "setUsefulSkewMode -maxSkew true" to commit such moves.
The sequential element sfp_instance/fifo_inst_int/R_8646 could not be skewed because the amount of possible skewing is less than 10ps. Use "setUsefulSkewMode -maxSkew true" to commit such moves.
The sequential element psum_mem_instance could not be skewed because the amount of possible skewing is less than 10ps. Use "setUsefulSkewMode -maxSkew true" to commit such moves.
The sequential element sfp_instance/fifo_inst_int/R_9446 could not be skewed because the amount of possible skewing is less than 10ps. Use "setUsefulSkewMode -maxSkew true" to commit such moves.
The sequential element sfp_instance/fifo_inst_int/R_9394 could not be skewed because the amount of possible skewing is less than 10ps. Use "setUsefulSkewMode -maxSkew true" to commit such moves.
The sequential element sfp_instance/fifo_inst_int/R_9345 could not be skewed because the amount of possible skewing is less than 10ps. Use "setUsefulSkewMode -maxSkew true" to commit such moves.
The sequential element sfp_instance/fifo_inst_int/R_8650 could not be skewed because the amount of possible skewing is less than 10ps. Use "setUsefulSkewMode -maxSkew true" to commit such moves.
The sequential element sfp_instance/fifo_inst_int/R_9443 could not be skewed because the amount of possible skewing is less than 10ps. Use "setUsefulSkewMode -maxSkew true" to commit such moves.
The sequential element sfp_instance/fifo_inst_int/R_9444 could not be skewed because the amount of possible skewing is less than 10ps. Use "setUsefulSkewMode -maxSkew true" to commit such moves.
The sequential element sfp_instance/fifo_inst_int/fifo_mem_reg_12__12_ could not be skewed because the amount of possible skewing is less than 10ps. Use "setUsefulSkewMode -maxSkew true" to commit such moves.
The sequential element sfp_instance/fifo_inst_int/R_9398 could not be skewed because the amount of possible skewing is less than 10ps. Use "setUsefulSkewMode -maxSkew true" to commit such moves.
The sequential element sfp_instance/fifo_inst_int/R_9397 could not be skewed because the amount of possible skewing is less than 10ps. Use "setUsefulSkewMode -maxSkew true" to commit such moves.
The sequential element sfp_instance/fifo_inst_int/R_9346 could not be skewed because the amount of possible skewing is less than 10ps. Use "setUsefulSkewMode -maxSkew true" to commit such moves.
|  -0.960|   -0.960|-525.770| -569.062|    37.16%|   0:00:16.0| 2909.4M|   WC_VIEW|  default| sfp_instance/R_6815/D                              |
|  -0.960|   -0.960|-526.032| -569.324|    37.16%|   0:00:01.0| 2909.4M|   WC_VIEW|  default| sfp_instance/R_6815/D                              |
+--------+---------+--------+---------+----------+------------+--------+----------+---------+----------------------------------------------------+

*** Finish Core Optimize Step (cpu=0:01:48 real=0:00:17.0 mem=2909.4M) ***

*** Finished Optimize Step Cumulative (cpu=0:04:57 real=0:00:52.0 mem=2909.4M) ***
** GigaOpt Optimizer WNS Slack -0.960 TNS Slack -569.324 Density 37.16
*** Starting refinePlace (1:13:39 mem=2909.4M) ***
Total net bbox length = 1.034e+06 (5.038e+05 5.298e+05) (ext = 6.144e+04)
Move report: Timing Driven Placement moves 0 insts, mean move: 0.00 um, max move: 0.00 um
	Runtime: CPU: 0:00:00.0 REAL: 0:00:00.0 MEM: 2909.4MB
Move report: Detail placement moves 3579 insts, mean move: 0.60 um, max move: 6.80 um
	Max move on inst (sfp_instance/FE_RC_3266_0): (511.20, 402.80) --> (508.00, 399.20)
	Runtime: CPU: 0:00:01.4 REAL: 0:00:01.0 MEM: 2855.3MB
Summary Report:
Instances move: 3579 (out of 51228 movable)
Mean displacement: 0.60 um
Max displacement: 6.80 um (Instance: sfp_instance/FE_RC_3266_0) (511.2, 402.8) -> (508, 399.2)
	Length: 34 sites, height: 1 rows, site name: core, cell type: ND3D8
Total net bbox length = 1.034e+06 (5.044e+05 5.301e+05) (ext = 6.144e+04)
Runtime: CPU: 0:00:01.5 REAL: 0:00:01.0 MEM: 2855.3MB
*** Finished refinePlace (1:13:41 mem=2855.3M) ***
Finished re-routing un-routed nets (0:00:00.0 2855.3M)


Density : 0.3716
Max route overflow : 0.0001


*** Finish Physical Update (cpu=0:00:02.6 real=0:00:01.0 mem=2855.3M) ***
** GigaOpt Optimizer WNS Slack -0.966 TNS Slack -569.448 Density 37.16
Skipped Place ECO bump recovery (WNS opt)
Optimizer WNS Pass 7
Active Path Group: reg2reg  
+--------+---------+--------+---------+----------+------------+--------+----------+---------+----------------------------------------------------+
|  WNS   | All WNS |  TNS   | All TNS | Density  |    Real    |  Mem   |Worst View|Pathgroup|                     End Point                      |
+--------+---------+--------+---------+----------+------------+--------+----------+---------+----------------------------------------------------+
|  -0.885|   -0.966|-525.356| -569.448|    37.16%|   0:00:00.0| 2855.3M|   WC_VIEW|  reg2reg| sfp_instance/R_6815/D                              |
|  -0.886|   -0.975|-524.973| -569.963|    37.17%|   0:00:02.0| 2855.3M|   WC_VIEW|  reg2reg| sfp_instance/R_6815/D                              |
|  -0.881|   -0.965|-524.775| -569.170|    37.17%|   0:00:00.0| 2855.3M|   WC_VIEW|  reg2reg| sfp_instance/R_6815/D                              |
|  -0.879|   -0.969|-524.397| -569.714|    37.17%|   0:00:02.0| 2855.3M|   WC_VIEW|  reg2reg| sfp_instance/R_6815/D                              |
|  -0.876|   -0.965|-524.060| -568.031|    37.16%|   0:00:00.0| 2855.3M|   WC_VIEW|  reg2reg| sfp_instance/R_6815/D                              |
|  -0.871|   -0.961|-523.568| -567.602|    37.16%|   0:00:02.0| 2893.4M|   WC_VIEW|  reg2reg| sfp_instance/R_6815/D                              |
|  -0.871|   -0.961|-523.557| -567.592|    37.17%|   0:00:02.0| 2893.4M|   WC_VIEW|  reg2reg| sfp_instance/R_6815/D                              |
|  -0.871|   -0.961|-523.531| -567.566|    37.17%|   0:00:00.0| 2893.4M|   WC_VIEW|  reg2reg| sfp_instance/R_6815/D                              |
|  -0.864|   -0.959|-523.076| -567.469|    37.18%|   0:00:01.0| 2893.4M|   WC_VIEW|  reg2reg| sfp_instance/R_6815/D                              |
|  -0.864|   -0.958|-522.479| -566.812|    37.18%|   0:00:01.0| 2893.4M|   WC_VIEW|  reg2reg| sfp_instance/R_6815/D                              |
|  -0.862|   -0.959|-520.936| -566.512|    37.22%|   0:00:07.0| 2893.4M|   WC_VIEW|  reg2reg| sfp_instance/R_6815/D                              |
|  -0.861|   -0.959|-520.674| -566.457|    37.22%|   0:00:02.0| 2893.4M|   WC_VIEW|  reg2reg| sfp_instance/R_6815/D                              |
|  -0.861|   -0.959|-520.674| -566.457|    37.22%|   0:00:01.0| 2893.4M|   WC_VIEW|  reg2reg| sfp_instance/R_6815/D                              |
|  -0.861|   -0.959|-520.331| -566.705|    37.22%|   0:00:00.0| 2893.4M|   WC_VIEW|  reg2reg| sfp_instance/R_6815/D                              |
|  -0.860|   -0.959|-520.258| -566.705|    37.23%|   0:00:00.0| 2893.4M|   WC_VIEW|  reg2reg| sfp_instance/R_6815/D                              |
|  -0.860|   -0.958|-520.601| -571.150|    37.26%|   0:00:03.0| 2893.4M|   WC_VIEW|  reg2reg| sfp_instance/R_6815/D                              |
|  -0.859|   -0.958|-519.727| -569.037|    37.28%|   0:00:02.0| 2893.4M|   WC_VIEW|  reg2reg| sfp_instance/R_6815/D                              |
|  -0.859|   -0.958|-519.124| -568.920|    37.28%|   0:00:00.0| 2893.4M|   WC_VIEW|  reg2reg| sfp_instance/R_6815/D                              |
|  -0.860|   -0.958|-518.146| -567.886|    37.29%|   0:00:01.0| 2893.4M|   WC_VIEW|  reg2reg| sfp_instance/R_6815/D                              |
|  -0.860|   -0.958|-518.023| -567.763|    37.30%|   0:00:01.0| 2893.4M|   WC_VIEW|  reg2reg| sfp_instance/R_6815/D                              |
Analyzing useful skew in preCTS mode ...
skewClock is  advancing: -300ps, sfp_instance/fifo_inst_int/fifo_mem_reg_7__22_/CP
 ** Useful skew failure reasons **
The sequential element sfp_instance/fifo_inst_int/R_8622 could not be skewed because the amount of possible skewing is less than 10ps. Use "setUsefulSkewMode -maxSkew true" to commit such moves.
The sequential element sfp_instance/fifo_inst_int/R_8649 could not be skewed because the amount of possible skewing is less than 10ps. Use "setUsefulSkewMode -maxSkew true" to commit such moves.
The sequential element sfp_instance/fifo_inst_int/R_9348 could not be skewed because the amount of possible skewing is less than 10ps. Use "setUsefulSkewMode -maxSkew true" to commit such moves.
The sequential element sfp_instance/fifo_inst_int/R_9445 could not be skewed because the amount of possible skewing is less than 10ps. Use "setUsefulSkewMode -maxSkew true" to commit such moves.
The sequential element sfp_instance/fifo_inst_int/R_9396 could not be skewed because the amount of possible skewing is less than 10ps. Use "setUsefulSkewMode -maxSkew true" to commit such moves.
The sequential element psum_mem_instance could not be skewed because the amount of possible skewing is less than 10ps. Use "setUsefulSkewMode -maxSkew true" to commit such moves.
The sequential element sfp_instance/fifo_inst_int/R_9395 could not be skewed because the amount of possible skewing is less than 10ps. Use "setUsefulSkewMode -maxSkew true" to commit such moves.
The sequential element sfp_instance/fifo_inst_int/R_9394 could not be skewed because the amount of possible skewing is less than 10ps. Use "setUsefulSkewMode -maxSkew true" to commit such moves.
The sequential element sfp_instance/fifo_inst_int/R_9446 could not be skewed because the amount of possible skewing is less than 10ps. Use "setUsefulSkewMode -maxSkew true" to commit such moves.
The sequential element sfp_instance/fifo_inst_int/R_8590 could not be skewed because the amount of possible skewing is less than 10ps. Use "setUsefulSkewMode -maxSkew true" to commit such moves.
The sequential element sfp_instance/fifo_inst_int/R_8646 could not be skewed because the amount of possible skewing is less than 10ps. Use "setUsefulSkewMode -maxSkew true" to commit such moves.
The sequential element sfp_instance/fifo_inst_int/R_9444 could not be skewed because the amount of possible skewing is less than 10ps. Use "setUsefulSkewMode -maxSkew true" to commit such moves.
The sequential element sfp_instance/fifo_inst_int/fifo_mem_reg_8__7_ could not be skewed because the amount of possible skewing is less than 10ps. Use "setUsefulSkewMode -maxSkew true" to commit such moves.
The sequential element sfp_instance/fifo_inst_int/fifo_mem_reg_3__12_ could not be skewed because the amount of possible skewing is less than 10ps. Use "setUsefulSkewMode -maxSkew true" to commit such moves.
The sequential element sfp_instance/fifo_inst_int/R_8650 could not be skewed because the amount of possible skewing is less than 10ps. Use "setUsefulSkewMode -maxSkew true" to commit such moves.
The sequential element sfp_instance/fifo_inst_int/R_9397 could not be skewed because the amount of possible skewing is less than 10ps. Use "setUsefulSkewMode -maxSkew true" to commit such moves.
The sequential element sfp_instance/fifo_inst_int/R_9345 could not be skewed because the amount of possible skewing is less than 10ps. Use "setUsefulSkewMode -maxSkew true" to commit such moves.
The sequential element sfp_instance/fifo_inst_int/R_9443 could not be skewed because the amount of possible skewing is less than 10ps. Use "setUsefulSkewMode -maxSkew true" to commit such moves.
The sequential element sfp_instance/fifo_inst_int/fifo_mem_reg_12__12_ could not be skewed because the amount of possible skewing is less than 10ps. Use "setUsefulSkewMode -maxSkew true" to commit such moves.
The sequential element sfp_instance/fifo_inst_int/R_9398 could not be skewed because the amount of possible skewing is less than 10ps. Use "setUsefulSkewMode -maxSkew true" to commit such moves.
 ** Useful skew failure reasons **
The sequential element sfp_instance/fifo_inst_int/R_8622 could not be skewed because the amount of possible skewing is less than 10ps. Use "setUsefulSkewMode -maxSkew true" to commit such moves.
The sequential element sfp_instance/fifo_inst_int/R_8649 could not be skewed because the amount of possible skewing is less than 10ps. Use "setUsefulSkewMode -maxSkew true" to commit such moves.
The sequential element sfp_instance/fifo_inst_int/R_9348 could not be skewed because the amount of possible skewing is less than 10ps. Use "setUsefulSkewMode -maxSkew true" to commit such moves.
The sequential element sfp_instance/fifo_inst_int/R_9445 could not be skewed because the amount of possible skewing is less than 10ps. Use "setUsefulSkewMode -maxSkew true" to commit such moves.
The sequential element sfp_instance/fifo_inst_int/R_9396 could not be skewed because the amount of possible skewing is less than 10ps. Use "setUsefulSkewMode -maxSkew true" to commit such moves.
The sequential element psum_mem_instance could not be skewed because the amount of possible skewing is less than 10ps. Use "setUsefulSkewMode -maxSkew true" to commit such moves.
The sequential element sfp_instance/fifo_inst_int/R_9395 could not be skewed because the amount of possible skewing is less than 10ps. Use "setUsefulSkewMode -maxSkew true" to commit such moves.
The sequential element sfp_instance/fifo_inst_int/R_9394 could not be skewed because the amount of possible skewing is less than 10ps. Use "setUsefulSkewMode -maxSkew true" to commit such moves.
The sequential element sfp_instance/fifo_inst_int/R_9446 could not be skewed because the amount of possible skewing is less than 10ps. Use "setUsefulSkewMode -maxSkew true" to commit such moves.
The sequential element sfp_instance/fifo_inst_int/R_8590 could not be skewed because the amount of possible skewing is less than 10ps. Use "setUsefulSkewMode -maxSkew true" to commit such moves.
The sequential element sfp_instance/fifo_inst_int/R_8646 could not be skewed because the amount of possible skewing is less than 10ps. Use "setUsefulSkewMode -maxSkew true" to commit such moves.
The sequential element sfp_instance/fifo_inst_int/R_9444 could not be skewed because the amount of possible skewing is less than 10ps. Use "setUsefulSkewMode -maxSkew true" to commit such moves.
The sequential element sfp_instance/fifo_inst_int/fifo_mem_reg_8__7_ could not be skewed because the amount of possible skewing is less than 10ps. Use "setUsefulSkewMode -maxSkew true" to commit such moves.
The sequential element sfp_instance/fifo_inst_int/fifo_mem_reg_3__12_ could not be skewed because the amount of possible skewing is less than 10ps. Use "setUsefulSkewMode -maxSkew true" to commit such moves.
The sequential element sfp_instance/fifo_inst_int/R_8650 could not be skewed because the amount of possible skewing is less than 10ps. Use "setUsefulSkewMode -maxSkew true" to commit such moves.
The sequential element sfp_instance/fifo_inst_int/R_9397 could not be skewed because the amount of possible skewing is less than 10ps. Use "setUsefulSkewMode -maxSkew true" to commit such moves.
The sequential element sfp_instance/fifo_inst_int/R_9345 could not be skewed because the amount of possible skewing is less than 10ps. Use "setUsefulSkewMode -maxSkew true" to commit such moves.
The sequential element sfp_instance/fifo_inst_int/R_9443 could not be skewed because the amount of possible skewing is less than 10ps. Use "setUsefulSkewMode -maxSkew true" to commit such moves.
The sequential element sfp_instance/fifo_inst_int/fifo_mem_reg_12__12_ could not be skewed because the amount of possible skewing is less than 10ps. Use "setUsefulSkewMode -maxSkew true" to commit such moves.
The sequential element sfp_instance/fifo_inst_int/R_9398 could not be skewed because the amount of possible skewing is less than 10ps. Use "setUsefulSkewMode -maxSkew true" to commit such moves.
 ** Useful skew failure reasons **
The sequential element sfp_instance/fifo_inst_int/R_8622 could not be skewed because the amount of possible skewing is less than 10ps. Use "setUsefulSkewMode -maxSkew true" to commit such moves.
The sequential element sfp_instance/fifo_inst_int/R_8649 could not be skewed because the amount of possible skewing is less than 10ps. Use "setUsefulSkewMode -maxSkew true" to commit such moves.
The sequential element sfp_instance/fifo_inst_int/R_9348 could not be skewed because the amount of possible skewing is less than 10ps. Use "setUsefulSkewMode -maxSkew true" to commit such moves.
The sequential element sfp_instance/fifo_inst_int/R_9445 could not be skewed because the amount of possible skewing is less than 10ps. Use "setUsefulSkewMode -maxSkew true" to commit such moves.
The sequential element sfp_instance/fifo_inst_int/R_9396 could not be skewed because the amount of possible skewing is less than 10ps. Use "setUsefulSkewMode -maxSkew true" to commit such moves.
The sequential element psum_mem_instance could not be skewed because the amount of possible skewing is less than 10ps. Use "setUsefulSkewMode -maxSkew true" to commit such moves.
The sequential element sfp_instance/fifo_inst_int/R_9395 could not be skewed because the amount of possible skewing is less than 10ps. Use "setUsefulSkewMode -maxSkew true" to commit such moves.
The sequential element sfp_instance/fifo_inst_int/R_9394 could not be skewed because the amount of possible skewing is less than 10ps. Use "setUsefulSkewMode -maxSkew true" to commit such moves.
The sequential element sfp_instance/fifo_inst_int/R_9446 could not be skewed because the amount of possible skewing is less than 10ps. Use "setUsefulSkewMode -maxSkew true" to commit such moves.
The sequential element sfp_instance/fifo_inst_int/R_8590 could not be skewed because the amount of possible skewing is less than 10ps. Use "setUsefulSkewMode -maxSkew true" to commit such moves.
The sequential element sfp_instance/fifo_inst_int/R_8646 could not be skewed because the amount of possible skewing is less than 10ps. Use "setUsefulSkewMode -maxSkew true" to commit such moves.
The sequential element sfp_instance/fifo_inst_int/R_9444 could not be skewed because the amount of possible skewing is less than 10ps. Use "setUsefulSkewMode -maxSkew true" to commit such moves.
The sequential element sfp_instance/fifo_inst_int/fifo_mem_reg_8__7_ could not be skewed because the amount of possible skewing is less than 10ps. Use "setUsefulSkewMode -maxSkew true" to commit such moves.
The sequential element sfp_instance/fifo_inst_int/fifo_mem_reg_3__12_ could not be skewed because the amount of possible skewing is less than 10ps. Use "setUsefulSkewMode -maxSkew true" to commit such moves.
The sequential element sfp_instance/fifo_inst_int/R_8650 could not be skewed because the amount of possible skewing is less than 10ps. Use "setUsefulSkewMode -maxSkew true" to commit such moves.
The sequential element sfp_instance/fifo_inst_int/R_9397 could not be skewed because the amount of possible skewing is less than 10ps. Use "setUsefulSkewMode -maxSkew true" to commit such moves.
The sequential element sfp_instance/fifo_inst_int/R_9345 could not be skewed because the amount of possible skewing is less than 10ps. Use "setUsefulSkewMode -maxSkew true" to commit such moves.
The sequential element sfp_instance/fifo_inst_int/R_9443 could not be skewed because the amount of possible skewing is less than 10ps. Use "setUsefulSkewMode -maxSkew true" to commit such moves.
The sequential element sfp_instance/fifo_inst_int/fifo_mem_reg_12__12_ could not be skewed because the amount of possible skewing is less than 10ps. Use "setUsefulSkewMode -maxSkew true" to commit such moves.
The sequential element sfp_instance/fifo_inst_int/R_9398 could not be skewed because the amount of possible skewing is less than 10ps. Use "setUsefulSkewMode -maxSkew true" to commit such moves.
|  -0.860|   -0.958|-518.023| -567.763|    37.31%|   0:00:01.0| 2893.4M|   WC_VIEW|  reg2reg| sfp_instance/R_6815/D                              |
+--------+---------+--------+---------+----------+------------+--------+----------+---------+----------------------------------------------------+

*** Finish Core Optimize Step (cpu=0:02:37 real=0:00:28.0 mem=2893.4M) ***
Active Path Group: default 
+--------+---------+--------+---------+----------+------------+--------+----------+---------+----------------------------------------------------+
|  WNS   | All WNS |  TNS   | All TNS | Density  |    Real    |  Mem   |Worst View|Pathgroup|                     End Point                      |
+--------+---------+--------+---------+----------+------------+--------+----------+---------+----------------------------------------------------+
|  -0.958|   -0.958|-524.471| -567.763|    37.31%|   0:00:00.0| 2893.4M|   WC_VIEW|  default| sfp_instance/R_6815/D                              |
|  -0.957|   -0.957|-523.120| -566.412|    37.31%|   0:00:08.0| 2915.5M|   WC_VIEW|  default| sfp_instance/R_6815/D                              |
Analyzing useful skew in preCTS mode ...
 ** Useful skew failure reasons **
The sequential element sfp_instance/fifo_inst_int/R_8622 could not be skewed because the amount of possible skewing is less than 10ps. Use "setUsefulSkewMode -maxSkew true" to commit such moves.
The sequential element sfp_instance/fifo_inst_int/R_8649 could not be skewed because the amount of possible skewing is less than 10ps. Use "setUsefulSkewMode -maxSkew true" to commit such moves.
The sequential element sfp_instance/fifo_inst_int/R_9348 could not be skewed because the amount of possible skewing is less than 10ps. Use "setUsefulSkewMode -maxSkew true" to commit such moves.
The sequential element sfp_instance/fifo_inst_int/R_9445 could not be skewed because the amount of possible skewing is less than 10ps. Use "setUsefulSkewMode -maxSkew true" to commit such moves.
The sequential element sfp_instance/fifo_inst_int/R_9396 could not be skewed because the amount of possible skewing is less than 10ps. Use "setUsefulSkewMode -maxSkew true" to commit such moves.
The sequential element sfp_instance/fifo_inst_int/R_9394 could not be skewed because the amount of possible skewing is less than 10ps. Use "setUsefulSkewMode -maxSkew true" to commit such moves.
The sequential element sfp_instance/fifo_inst_int/R_9395 could not be skewed because the amount of possible skewing is less than 10ps. Use "setUsefulSkewMode -maxSkew true" to commit such moves.
The sequential element psum_mem_instance could not be skewed because the amount of possible skewing is less than 10ps. Use "setUsefulSkewMode -maxSkew true" to commit such moves.
The sequential element sfp_instance/fifo_inst_int/R_8590 could not be skewed because the amount of possible skewing is less than 10ps. Use "setUsefulSkewMode -maxSkew true" to commit such moves.
The sequential element sfp_instance/fifo_inst_int/R_9446 could not be skewed because the amount of possible skewing is less than 10ps. Use "setUsefulSkewMode -maxSkew true" to commit such moves.
The sequential element sfp_instance/fifo_inst_int/R_8646 could not be skewed because the amount of possible skewing is less than 10ps. Use "setUsefulSkewMode -maxSkew true" to commit such moves.
The sequential element sfp_instance/fifo_inst_int/R_9444 could not be skewed because the amount of possible skewing is less than 10ps. Use "setUsefulSkewMode -maxSkew true" to commit such moves.
The sequential element sfp_instance/fifo_inst_int/fifo_mem_reg_8__7_ could not be skewed because the amount of possible skewing is less than 10ps. Use "setUsefulSkewMode -maxSkew true" to commit such moves.
The sequential element sfp_instance/fifo_inst_int/fifo_mem_reg_3__12_ could not be skewed because the amount of possible skewing is less than 10ps. Use "setUsefulSkewMode -maxSkew true" to commit such moves.
The sequential element sfp_instance/fifo_inst_int/R_8650 could not be skewed because the amount of possible skewing is less than 10ps. Use "setUsefulSkewMode -maxSkew true" to commit such moves.
The sequential element sfp_instance/fifo_inst_int/R_9443 could not be skewed because the amount of possible skewing is less than 10ps. Use "setUsefulSkewMode -maxSkew true" to commit such moves.
The sequential element sfp_instance/fifo_inst_int/R_9345 could not be skewed because the amount of possible skewing is less than 10ps. Use "setUsefulSkewMode -maxSkew true" to commit such moves.
The sequential element sfp_instance/fifo_inst_int/R_9397 could not be skewed because the amount of possible skewing is less than 10ps. Use "setUsefulSkewMode -maxSkew true" to commit such moves.
The sequential element sfp_instance/fifo_inst_int/R_9398 could not be skewed because the amount of possible skewing is less than 10ps. Use "setUsefulSkewMode -maxSkew true" to commit such moves.
The sequential element sfp_instance/fifo_inst_int/fifo_mem_reg_12__12_ could not be skewed because the amount of possible skewing is less than 10ps. Use "setUsefulSkewMode -maxSkew true" to commit such moves.
 ** Useful skew failure reasons **
The sequential element sfp_instance/fifo_inst_int/R_8622 could not be skewed because the amount of possible skewing is less than 10ps. Use "setUsefulSkewMode -maxSkew true" to commit such moves.
The sequential element sfp_instance/fifo_inst_int/R_8649 could not be skewed because the amount of possible skewing is less than 10ps. Use "setUsefulSkewMode -maxSkew true" to commit such moves.
The sequential element sfp_instance/fifo_inst_int/R_9348 could not be skewed because the amount of possible skewing is less than 10ps. Use "setUsefulSkewMode -maxSkew true" to commit such moves.
The sequential element sfp_instance/fifo_inst_int/R_9445 could not be skewed because the amount of possible skewing is less than 10ps. Use "setUsefulSkewMode -maxSkew true" to commit such moves.
The sequential element sfp_instance/fifo_inst_int/R_9396 could not be skewed because the amount of possible skewing is less than 10ps. Use "setUsefulSkewMode -maxSkew true" to commit such moves.
The sequential element sfp_instance/fifo_inst_int/R_9394 could not be skewed because the amount of possible skewing is less than 10ps. Use "setUsefulSkewMode -maxSkew true" to commit such moves.
The sequential element sfp_instance/fifo_inst_int/R_9395 could not be skewed because the amount of possible skewing is less than 10ps. Use "setUsefulSkewMode -maxSkew true" to commit such moves.
The sequential element psum_mem_instance could not be skewed because the amount of possible skewing is less than 10ps. Use "setUsefulSkewMode -maxSkew true" to commit such moves.
The sequential element sfp_instance/fifo_inst_int/R_8590 could not be skewed because the amount of possible skewing is less than 10ps. Use "setUsefulSkewMode -maxSkew true" to commit such moves.
The sequential element sfp_instance/fifo_inst_int/R_9446 could not be skewed because the amount of possible skewing is less than 10ps. Use "setUsefulSkewMode -maxSkew true" to commit such moves.
The sequential element sfp_instance/fifo_inst_int/R_8646 could not be skewed because the amount of possible skewing is less than 10ps. Use "setUsefulSkewMode -maxSkew true" to commit such moves.
The sequential element sfp_instance/fifo_inst_int/R_9444 could not be skewed because the amount of possible skewing is less than 10ps. Use "setUsefulSkewMode -maxSkew true" to commit such moves.
The sequential element sfp_instance/fifo_inst_int/fifo_mem_reg_8__7_ could not be skewed because the amount of possible skewing is less than 10ps. Use "setUsefulSkewMode -maxSkew true" to commit such moves.
The sequential element sfp_instance/fifo_inst_int/fifo_mem_reg_3__12_ could not be skewed because the amount of possible skewing is less than 10ps. Use "setUsefulSkewMode -maxSkew true" to commit such moves.
The sequential element sfp_instance/fifo_inst_int/R_8650 could not be skewed because the amount of possible skewing is less than 10ps. Use "setUsefulSkewMode -maxSkew true" to commit such moves.
The sequential element sfp_instance/fifo_inst_int/R_9443 could not be skewed because the amount of possible skewing is less than 10ps. Use "setUsefulSkewMode -maxSkew true" to commit such moves.
The sequential element sfp_instance/fifo_inst_int/R_9345 could not be skewed because the amount of possible skewing is less than 10ps. Use "setUsefulSkewMode -maxSkew true" to commit such moves.
The sequential element sfp_instance/fifo_inst_int/R_9397 could not be skewed because the amount of possible skewing is less than 10ps. Use "setUsefulSkewMode -maxSkew true" to commit such moves.
The sequential element sfp_instance/fifo_inst_int/R_9398 could not be skewed because the amount of possible skewing is less than 10ps. Use "setUsefulSkewMode -maxSkew true" to commit such moves.
The sequential element sfp_instance/fifo_inst_int/fifo_mem_reg_12__12_ could not be skewed because the amount of possible skewing is less than 10ps. Use "setUsefulSkewMode -maxSkew true" to commit such moves.
 ** Useful skew failure reasons **
The sequential element sfp_instance/fifo_inst_int/R_8622 could not be skewed because the amount of possible skewing is less than 10ps. Use "setUsefulSkewMode -maxSkew true" to commit such moves.
The sequential element sfp_instance/fifo_inst_int/R_8649 could not be skewed because the amount of possible skewing is less than 10ps. Use "setUsefulSkewMode -maxSkew true" to commit such moves.
The sequential element sfp_instance/fifo_inst_int/R_9348 could not be skewed because the amount of possible skewing is less than 10ps. Use "setUsefulSkewMode -maxSkew true" to commit such moves.
The sequential element sfp_instance/fifo_inst_int/R_9445 could not be skewed because the amount of possible skewing is less than 10ps. Use "setUsefulSkewMode -maxSkew true" to commit such moves.
The sequential element sfp_instance/fifo_inst_int/R_9396 could not be skewed because the amount of possible skewing is less than 10ps. Use "setUsefulSkewMode -maxSkew true" to commit such moves.
The sequential element sfp_instance/fifo_inst_int/R_9394 could not be skewed because the amount of possible skewing is less than 10ps. Use "setUsefulSkewMode -maxSkew true" to commit such moves.
The sequential element sfp_instance/fifo_inst_int/R_9395 could not be skewed because the amount of possible skewing is less than 10ps. Use "setUsefulSkewMode -maxSkew true" to commit such moves.
The sequential element psum_mem_instance could not be skewed because the amount of possible skewing is less than 10ps. Use "setUsefulSkewMode -maxSkew true" to commit such moves.
The sequential element sfp_instance/fifo_inst_int/R_8590 could not be skewed because the amount of possible skewing is less than 10ps. Use "setUsefulSkewMode -maxSkew true" to commit such moves.
The sequential element sfp_instance/fifo_inst_int/R_9446 could not be skewed because the amount of possible skewing is less than 10ps. Use "setUsefulSkewMode -maxSkew true" to commit such moves.
The sequential element sfp_instance/fifo_inst_int/R_8646 could not be skewed because the amount of possible skewing is less than 10ps. Use "setUsefulSkewMode -maxSkew true" to commit such moves.
The sequential element sfp_instance/fifo_inst_int/R_9444 could not be skewed because the amount of possible skewing is less than 10ps. Use "setUsefulSkewMode -maxSkew true" to commit such moves.
The sequential element sfp_instance/fifo_inst_int/fifo_mem_reg_8__7_ could not be skewed because the amount of possible skewing is less than 10ps. Use "setUsefulSkewMode -maxSkew true" to commit such moves.
The sequential element sfp_instance/fifo_inst_int/fifo_mem_reg_3__12_ could not be skewed because the amount of possible skewing is less than 10ps. Use "setUsefulSkewMode -maxSkew true" to commit such moves.
The sequential element sfp_instance/fifo_inst_int/R_8650 could not be skewed because the amount of possible skewing is less than 10ps. Use "setUsefulSkewMode -maxSkew true" to commit such moves.
The sequential element sfp_instance/fifo_inst_int/R_9443 could not be skewed because the amount of possible skewing is less than 10ps. Use "setUsefulSkewMode -maxSkew true" to commit such moves.
The sequential element sfp_instance/fifo_inst_int/R_9345 could not be skewed because the amount of possible skewing is less than 10ps. Use "setUsefulSkewMode -maxSkew true" to commit such moves.
The sequential element sfp_instance/fifo_inst_int/R_9397 could not be skewed because the amount of possible skewing is less than 10ps. Use "setUsefulSkewMode -maxSkew true" to commit such moves.
The sequential element sfp_instance/fifo_inst_int/R_9398 could not be skewed because the amount of possible skewing is less than 10ps. Use "setUsefulSkewMode -maxSkew true" to commit such moves.
The sequential element sfp_instance/fifo_inst_int/fifo_mem_reg_12__12_ could not be skewed because the amount of possible skewing is less than 10ps. Use "setUsefulSkewMode -maxSkew true" to commit such moves.
|  -0.960|   -0.960|-523.551| -566.843|    37.33%|   0:00:07.0| 2915.5M|   WC_VIEW|  default| sfp_instance/R_6815/D                              |
|  -0.960|   -0.960|-523.555| -566.847|    37.33%|   0:00:00.0| 2915.5M|   WC_VIEW|  default| sfp_instance/R_6815/D                              |
+--------+---------+--------+---------+----------+------------+--------+----------+---------+----------------------------------------------------+

*** Finish Core Optimize Step (cpu=0:01:33 real=0:00:15.0 mem=2915.5M) ***

*** Finished Optimize Step Cumulative (cpu=0:04:09 real=0:00:43.0 mem=2915.5M) ***
** GigaOpt Optimizer WNS Slack -0.960 TNS Slack -566.847 Density 37.33
*** Starting refinePlace (1:17:52 mem=2915.5M) ***
Total net bbox length = 1.037e+06 (5.058e+05 5.311e+05) (ext = 6.145e+04)
Move report: Timing Driven Placement moves 4377 insts, mean move: 4.89 um, max move: 30.40 um
	Max move on inst (sfp_instance/FE_OCPC4723_n3354): (496.80, 411.80) --> (518.20, 420.80)
	Runtime: CPU: 0:00:04.4 REAL: 0:00:03.0 MEM: 2915.5MB
Move report: Detail placement moves 3816 insts, mean move: 0.60 um, max move: 5.00 um
	Max move on inst (sfp_instance/U18171): (429.80, 309.20) --> (433.00, 311.00)
	Runtime: CPU: 0:00:01.6 REAL: 0:00:01.0 MEM: 2915.5MB
Summary Report:
Instances move: 6212 (out of 51322 movable)
Mean displacement: 3.65 um
Max displacement: 30.40 um (Instance: sfp_instance/FE_OCPC4723_n3354) (496.8, 411.8) -> (518.2, 420.8)
	Length: 4 sites, height: 1 rows, site name: core, cell type: CKBD1
Total net bbox length = 1.037e+06 (5.067e+05 5.307e+05) (ext = 6.145e+04)
Runtime: CPU: 0:00:06.0 REAL: 0:00:04.0 MEM: 2915.5MB
*** Finished refinePlace (1:17:58 mem=2915.5M) ***
Finished re-routing un-routed nets (0:00:00.1 2915.5M)


Density : 0.3734
Max route overflow : 0.0001


*** Finish Physical Update (cpu=0:00:07.4 real=0:00:05.0 mem=2915.5M) ***
** GigaOpt Optimizer WNS Slack -0.972 TNS Slack -570.968 Density 37.34
Skipped Place ECO bump recovery (WNS opt)
Optimizer WNS Pass 8
Active Path Group: reg2reg  
+--------+---------+--------+---------+----------+------------+--------+----------+---------+----------------------------------------------------+
|  WNS   | All WNS |  TNS   | All TNS | Density  |    Real    |  Mem   |Worst View|Pathgroup|                     End Point                      |
+--------+---------+--------+---------+----------+------------+--------+----------+---------+----------------------------------------------------+
|  -0.874|   -0.972|-522.084| -570.968|    37.34%|   0:00:00.0| 2915.5M|   WC_VIEW|  reg2reg| sfp_instance/R_7213/D                              |
|  -0.870|   -0.968|-521.834| -570.669|    37.34%|   0:00:01.0| 2915.5M|   WC_VIEW|  reg2reg| sfp_instance/R_6815/D                              |
|  -0.867|   -0.964|-521.481| -570.320|    37.34%|   0:00:01.0| 2915.5M|   WC_VIEW|  reg2reg| sfp_instance/R_6815/D                              |
|  -0.864|   -0.962|-520.297| -569.128|    37.34%|   0:00:01.0| 2915.5M|   WC_VIEW|  reg2reg| sfp_instance/R_6815/D                              |
|  -0.860|   -0.959|-520.101| -568.935|    37.34%|   0:00:03.0| 2934.6M|   WC_VIEW|  reg2reg| sfp_instance/R_6815/D                              |
|  -0.860|   -0.958|-520.082| -568.915|    37.34%|   0:00:01.0| 2934.6M|   WC_VIEW|  reg2reg| sfp_instance/R_6815/D                              |
|  -0.859|   -0.957|-520.064| -568.893|    37.34%|   0:00:00.0| 2934.6M|   WC_VIEW|  reg2reg| sfp_instance/R_6815/D                              |
|  -0.859|   -0.957|-520.017| -568.850|    37.34%|   0:00:01.0| 2934.6M|   WC_VIEW|  reg2reg| sfp_instance/R_6815/D                              |
|  -0.858|   -0.957|-520.002| -568.832|    37.34%|   0:00:00.0| 2934.6M|   WC_VIEW|  reg2reg| sfp_instance/R_6815/D                              |
|  -0.858|   -0.957|-519.976| -568.806|    37.34%|   0:00:00.0| 2934.6M|   WC_VIEW|  reg2reg| sfp_instance/R_6815/D                              |
|  -0.858|   -0.957|-519.521| -568.806|    37.34%|   0:00:00.0| 2934.6M|   WC_VIEW|  reg2reg| sfp_instance/R_6815/D                              |
|  -0.851|   -0.951|-519.344| -569.670|    37.35%|   0:00:01.0| 2934.6M|   WC_VIEW|  reg2reg| sfp_instance/R_6815/D                              |
|  -0.848|   -0.948|-515.764| -568.037|    37.36%|   0:00:02.0| 2934.6M|   WC_VIEW|  reg2reg| sfp_instance/R_8514/D                              |
|  -0.848|   -0.948|-512.927| -567.354|    37.36%|   0:00:01.0| 2934.6M|   WC_VIEW|  reg2reg| sfp_instance/R_8514/D                              |
|  -0.844|   -0.947|-512.610| -568.373|    37.37%|   0:00:02.0| 2934.6M|   WC_VIEW|  reg2reg| sfp_instance/R_8514/D                              |
|  -0.843|   -0.947|-512.400| -568.157|    37.37%|   0:00:01.0| 2934.6M|   WC_VIEW|  reg2reg| sfp_instance/R_8514/D                              |
|  -0.843|   -0.947|-512.107| -567.905|    37.37%|   0:00:00.0| 2934.6M|   WC_VIEW|  reg2reg| sfp_instance/R_8514/D                              |
|  -0.843|   -0.947|-511.981| -567.779|    37.37%|   0:00:00.0| 2934.6M|   WC_VIEW|  reg2reg| sfp_instance/R_8514/D                              |
|  -0.845|   -0.947|-511.330| -566.820|    37.43%|   0:00:03.0| 2934.6M|   WC_VIEW|  reg2reg| sfp_instance/R_8514/D                              |
|  -0.845|   -0.947|-510.448| -564.082|    37.46%|   0:00:01.0| 2934.6M|   WC_VIEW|  reg2reg| sfp_instance/R_8514/D                              |
Analyzing useful skew in preCTS mode ...
skewClock is  advancing: -300ps, sfp_instance/fifo_inst_int/fifo_mem_reg_10__23_/CP
skewClock is  advancing: -300ps, sfp_instance/fifo_inst_int/fifo_mem_reg_10__22_/CP
 ** Useful skew failure reasons **
The sequential element sfp_instance/fifo_inst_int/R_8649 could not be skewed because the amount of possible skewing is less than 10ps. Use "setUsefulSkewMode -maxSkew true" to commit such moves.
The sequential element sfp_instance/fifo_inst_int/R_8622 could not be skewed because the amount of possible skewing is less than 10ps. Use "setUsefulSkewMode -maxSkew true" to commit such moves.
The sequential element sfp_instance/fifo_inst_int/R_9348 could not be skewed because the amount of possible skewing is less than 10ps. Use "setUsefulSkewMode -maxSkew true" to commit such moves.
The sequential element psum_mem_instance could not be skewed because the amount of possible skewing is less than 10ps. Use "setUsefulSkewMode -maxSkew true" to commit such moves.
The sequential element sfp_instance/fifo_inst_int/R_9396 could not be skewed because the amount of possible skewing is less than 10ps. Use "setUsefulSkewMode -maxSkew true" to commit such moves.
The sequential element sfp_instance/fifo_inst_int/R_9445 could not be skewed because the amount of possible skewing is less than 10ps. Use "setUsefulSkewMode -maxSkew true" to commit such moves.
The sequential element sfp_instance/fifo_inst_int/R_9395 could not be skewed because the amount of possible skewing is less than 10ps. Use "setUsefulSkewMode -maxSkew true" to commit such moves.
The sequential element sfp_instance/fifo_inst_int/R_9446 could not be skewed because the amount of possible skewing is less than 10ps. Use "setUsefulSkewMode -maxSkew true" to commit such moves.
The sequential element sfp_instance/fifo_inst_int/R_9394 could not be skewed because the amount of possible skewing is less than 10ps. Use "setUsefulSkewMode -maxSkew true" to commit such moves.
The sequential element sfp_instance/fifo_inst_int/R_8590 could not be skewed because the amount of possible skewing is less than 10ps. Use "setUsefulSkewMode -maxSkew true" to commit such moves.
The sequential element sfp_instance/fifo_inst_int/R_8646 could not be skewed because the amount of possible skewing is less than 10ps. Use "setUsefulSkewMode -maxSkew true" to commit such moves.
The sequential element sfp_instance/fifo_inst_int/fifo_mem_reg_3__12_ could not be skewed because the amount of possible skewing is less than 10ps. Use "setUsefulSkewMode -maxSkew true" to commit such moves.
The sequential element sfp_instance/fifo_inst_int/fifo_mem_reg_13__12_ could not be skewed because the amount of possible skewing is less than 10ps. Use "setUsefulSkewMode -maxSkew true" to commit such moves.
The sequential element sfp_instance/fifo_inst_int/R_9444 could not be skewed because the amount of possible skewing is less than 10ps. Use "setUsefulSkewMode -maxSkew true" to commit such moves.
The sequential element sfp_instance/fifo_inst_int/fifo_mem_reg_8__7_ could not be skewed because the amount of possible skewing is less than 10ps. Use "setUsefulSkewMode -maxSkew true" to commit such moves.
The sequential element sfp_instance/fifo_inst_int/R_8650 could not be skewed because the amount of possible skewing is less than 10ps. Use "setUsefulSkewMode -maxSkew true" to commit such moves.
The sequential element sfp_instance/fifo_inst_int/R_9443 could not be skewed because the amount of possible skewing is less than 10ps. Use "setUsefulSkewMode -maxSkew true" to commit such moves.
The sequential element sfp_instance/fifo_inst_int/R_9397 could not be skewed because the amount of possible skewing is less than 10ps. Use "setUsefulSkewMode -maxSkew true" to commit such moves.
The sequential element sfp_instance/fifo_inst_int/R_9345 could not be skewed because the amount of possible skewing is less than 10ps. Use "setUsefulSkewMode -maxSkew true" to commit such moves.
The sequential element sfp_instance/fifo_inst_int/R_9346 could not be skewed because the amount of possible skewing is less than 10ps. Use "setUsefulSkewMode -maxSkew true" to commit such moves.
 ** Useful skew failure reasons **
The sequential element sfp_instance/fifo_inst_int/R_8649 could not be skewed because the amount of possible skewing is less than 10ps. Use "setUsefulSkewMode -maxSkew true" to commit such moves.
The sequential element sfp_instance/fifo_inst_int/R_8622 could not be skewed because the amount of possible skewing is less than 10ps. Use "setUsefulSkewMode -maxSkew true" to commit such moves.
The sequential element sfp_instance/fifo_inst_int/R_9348 could not be skewed because the amount of possible skewing is less than 10ps. Use "setUsefulSkewMode -maxSkew true" to commit such moves.
The sequential element psum_mem_instance could not be skewed because the amount of possible skewing is less than 10ps. Use "setUsefulSkewMode -maxSkew true" to commit such moves.
The sequential element sfp_instance/fifo_inst_int/R_9396 could not be skewed because the amount of possible skewing is less than 10ps. Use "setUsefulSkewMode -maxSkew true" to commit such moves.
The sequential element sfp_instance/fifo_inst_int/R_9445 could not be skewed because the amount of possible skewing is less than 10ps. Use "setUsefulSkewMode -maxSkew true" to commit such moves.
The sequential element sfp_instance/fifo_inst_int/R_9395 could not be skewed because the amount of possible skewing is less than 10ps. Use "setUsefulSkewMode -maxSkew true" to commit such moves.
The sequential element sfp_instance/fifo_inst_int/R_9446 could not be skewed because the amount of possible skewing is less than 10ps. Use "setUsefulSkewMode -maxSkew true" to commit such moves.
The sequential element sfp_instance/fifo_inst_int/R_9394 could not be skewed because the amount of possible skewing is less than 10ps. Use "setUsefulSkewMode -maxSkew true" to commit such moves.
The sequential element sfp_instance/fifo_inst_int/R_8590 could not be skewed because the amount of possible skewing is less than 10ps. Use "setUsefulSkewMode -maxSkew true" to commit such moves.
The sequential element sfp_instance/fifo_inst_int/R_8646 could not be skewed because the amount of possible skewing is less than 10ps. Use "setUsefulSkewMode -maxSkew true" to commit such moves.
The sequential element sfp_instance/fifo_inst_int/fifo_mem_reg_3__12_ could not be skewed because the amount of possible skewing is less than 10ps. Use "setUsefulSkewMode -maxSkew true" to commit such moves.
The sequential element sfp_instance/fifo_inst_int/fifo_mem_reg_13__12_ could not be skewed because the amount of possible skewing is less than 10ps. Use "setUsefulSkewMode -maxSkew true" to commit such moves.
The sequential element sfp_instance/fifo_inst_int/R_9444 could not be skewed because the amount of possible skewing is less than 10ps. Use "setUsefulSkewMode -maxSkew true" to commit such moves.
The sequential element sfp_instance/fifo_inst_int/fifo_mem_reg_8__7_ could not be skewed because the amount of possible skewing is less than 10ps. Use "setUsefulSkewMode -maxSkew true" to commit such moves.
The sequential element sfp_instance/fifo_inst_int/R_8650 could not be skewed because the amount of possible skewing is less than 10ps. Use "setUsefulSkewMode -maxSkew true" to commit such moves.
The sequential element sfp_instance/fifo_inst_int/R_9443 could not be skewed because the amount of possible skewing is less than 10ps. Use "setUsefulSkewMode -maxSkew true" to commit such moves.
The sequential element sfp_instance/fifo_inst_int/R_9397 could not be skewed because the amount of possible skewing is less than 10ps. Use "setUsefulSkewMode -maxSkew true" to commit such moves.
The sequential element sfp_instance/fifo_inst_int/R_9345 could not be skewed because the amount of possible skewing is less than 10ps. Use "setUsefulSkewMode -maxSkew true" to commit such moves.
The sequential element sfp_instance/fifo_inst_int/R_9346 could not be skewed because the amount of possible skewing is less than 10ps. Use "setUsefulSkewMode -maxSkew true" to commit such moves.
 ** Useful skew failure reasons **
The sequential element sfp_instance/fifo_inst_int/R_8649 could not be skewed because the amount of possible skewing is less than 10ps. Use "setUsefulSkewMode -maxSkew true" to commit such moves.
The sequential element sfp_instance/fifo_inst_int/R_8622 could not be skewed because the amount of possible skewing is less than 10ps. Use "setUsefulSkewMode -maxSkew true" to commit such moves.
The sequential element sfp_instance/fifo_inst_int/R_9348 could not be skewed because the amount of possible skewing is less than 10ps. Use "setUsefulSkewMode -maxSkew true" to commit such moves.
The sequential element psum_mem_instance could not be skewed because the amount of possible skewing is less than 10ps. Use "setUsefulSkewMode -maxSkew true" to commit such moves.
The sequential element sfp_instance/fifo_inst_int/R_9396 could not be skewed because the amount of possible skewing is less than 10ps. Use "setUsefulSkewMode -maxSkew true" to commit such moves.
The sequential element sfp_instance/fifo_inst_int/R_9445 could not be skewed because the amount of possible skewing is less than 10ps. Use "setUsefulSkewMode -maxSkew true" to commit such moves.
The sequential element sfp_instance/fifo_inst_int/R_9395 could not be skewed because the amount of possible skewing is less than 10ps. Use "setUsefulSkewMode -maxSkew true" to commit such moves.
The sequential element sfp_instance/fifo_inst_int/R_9446 could not be skewed because the amount of possible skewing is less than 10ps. Use "setUsefulSkewMode -maxSkew true" to commit such moves.
The sequential element sfp_instance/fifo_inst_int/R_9394 could not be skewed because the amount of possible skewing is less than 10ps. Use "setUsefulSkewMode -maxSkew true" to commit such moves.
The sequential element sfp_instance/fifo_inst_int/R_8590 could not be skewed because the amount of possible skewing is less than 10ps. Use "setUsefulSkewMode -maxSkew true" to commit such moves.
The sequential element sfp_instance/fifo_inst_int/R_8646 could not be skewed because the amount of possible skewing is less than 10ps. Use "setUsefulSkewMode -maxSkew true" to commit such moves.
The sequential element sfp_instance/fifo_inst_int/fifo_mem_reg_3__12_ could not be skewed because the amount of possible skewing is less than 10ps. Use "setUsefulSkewMode -maxSkew true" to commit such moves.
The sequential element sfp_instance/fifo_inst_int/fifo_mem_reg_13__12_ could not be skewed because the amount of possible skewing is less than 10ps. Use "setUsefulSkewMode -maxSkew true" to commit such moves.
The sequential element sfp_instance/fifo_inst_int/R_9444 could not be skewed because the amount of possible skewing is less than 10ps. Use "setUsefulSkewMode -maxSkew true" to commit such moves.
The sequential element sfp_instance/fifo_inst_int/fifo_mem_reg_8__7_ could not be skewed because the amount of possible skewing is less than 10ps. Use "setUsefulSkewMode -maxSkew true" to commit such moves.
The sequential element sfp_instance/fifo_inst_int/R_8650 could not be skewed because the amount of possible skewing is less than 10ps. Use "setUsefulSkewMode -maxSkew true" to commit such moves.
The sequential element sfp_instance/fifo_inst_int/R_9443 could not be skewed because the amount of possible skewing is less than 10ps. Use "setUsefulSkewMode -maxSkew true" to commit such moves.
The sequential element sfp_instance/fifo_inst_int/R_9397 could not be skewed because the amount of possible skewing is less than 10ps. Use "setUsefulSkewMode -maxSkew true" to commit such moves.
The sequential element sfp_instance/fifo_inst_int/R_9345 could not be skewed because the amount of possible skewing is less than 10ps. Use "setUsefulSkewMode -maxSkew true" to commit such moves.
The sequential element sfp_instance/fifo_inst_int/R_9346 could not be skewed because the amount of possible skewing is less than 10ps. Use "setUsefulSkewMode -maxSkew true" to commit such moves.
|  -0.845|   -0.947|-510.119| -564.436|    37.46%|   0:00:01.0| 2934.6M|   WC_VIEW|  reg2reg| sfp_instance/R_8514/D                              |
|  -0.845|   -0.947|-509.230| -563.233|    37.48%|   0:00:00.0| 2934.6M|   WC_VIEW|  reg2reg| sfp_instance/R_8514/D                              |
|  -0.845|   -0.947|-509.085| -563.437|    37.48%|   0:00:01.0| 2934.6M|   WC_VIEW|  reg2reg| sfp_instance/R_8514/D                              |
|  -0.845|   -0.947|-509.085| -563.437|    37.48%|   0:00:00.0| 2934.6M|   WC_VIEW|  reg2reg| sfp_instance/R_8514/D                              |
+--------+---------+--------+---------+----------+------------+--------+----------+---------+----------------------------------------------------+

*** Finish Core Optimize Step (cpu=0:01:56 real=0:00:21.0 mem=2934.6M) ***
Active Path Group: default 
+--------+---------+--------+---------+----------+------------+--------+----------+---------+----------------------------------------------------+
|  WNS   | All WNS |  TNS   | All TNS | Density  |    Real    |  Mem   |Worst View|Pathgroup|                     End Point                      |
+--------+---------+--------+---------+----------+------------+--------+----------+---------+----------------------------------------------------+
|  -0.947|   -0.947|-519.924| -563.437|    37.48%|   0:00:00.0| 2934.6M|   WC_VIEW|  default| sfp_instance/R_8514/D                              |
|  -0.949|   -0.949|-518.489| -562.003|    37.49%|   0:00:14.0| 2934.6M|   WC_VIEW|  default| sfp_instance/R_8514/D                              |
Analyzing useful skew in preCTS mode ...
 ** Useful skew failure reasons **
The sequential element sfp_instance/fifo_inst_int/R_8649 could not be skewed because the amount of possible skewing is less than 10ps. Use "setUsefulSkewMode -maxSkew true" to commit such moves.
The sequential element sfp_instance/fifo_inst_int/R_8622 could not be skewed because the amount of possible skewing is less than 10ps. Use "setUsefulSkewMode -maxSkew true" to commit such moves.
The sequential element sfp_instance/fifo_inst_int/R_9348 could not be skewed because the amount of possible skewing is less than 10ps. Use "setUsefulSkewMode -maxSkew true" to commit such moves.
The sequential element sfp_instance/fifo_inst_int/R_9396 could not be skewed because the amount of possible skewing is less than 10ps. Use "setUsefulSkewMode -maxSkew true" to commit such moves.
The sequential element sfp_instance/fifo_inst_int/R_9445 could not be skewed because the amount of possible skewing is less than 10ps. Use "setUsefulSkewMode -maxSkew true" to commit such moves.
The sequential element sfp_instance/fifo_inst_int/R_9446 could not be skewed because the amount of possible skewing is less than 10ps. Use "setUsefulSkewMode -maxSkew true" to commit such moves.
The sequential element sfp_instance/fifo_inst_int/R_9395 could not be skewed because the amount of possible skewing is less than 10ps. Use "setUsefulSkewMode -maxSkew true" to commit such moves.
The sequential element sfp_instance/fifo_inst_int/R_9394 could not be skewed because the amount of possible skewing is less than 10ps. Use "setUsefulSkewMode -maxSkew true" to commit such moves.
The sequential element psum_mem_instance could not be skewed because the amount of possible skewing is less than 10ps. Use "setUsefulSkewMode -maxSkew true" to commit such moves.
The sequential element sfp_instance/fifo_inst_int/R_8646 could not be skewed because the amount of possible skewing is less than 10ps. Use "setUsefulSkewMode -maxSkew true" to commit such moves.
The sequential element sfp_instance/fifo_inst_int/R_8590 could not be skewed because the amount of possible skewing is less than 10ps. Use "setUsefulSkewMode -maxSkew true" to commit such moves.
The sequential element sfp_instance/fifo_inst_int/fifo_mem_reg_3__12_ could not be skewed because the amount of possible skewing is less than 10ps. Use "setUsefulSkewMode -maxSkew true" to commit such moves.
The sequential element sfp_instance/fifo_inst_int/R_9444 could not be skewed because the amount of possible skewing is less than 10ps. Use "setUsefulSkewMode -maxSkew true" to commit such moves.
The sequential element sfp_instance/fifo_inst_int/fifo_mem_reg_8__7_ could not be skewed because the amount of possible skewing is less than 10ps. Use "setUsefulSkewMode -maxSkew true" to commit such moves.
The sequential element sfp_instance/fifo_inst_int/R_9443 could not be skewed because the amount of possible skewing is less than 10ps. Use "setUsefulSkewMode -maxSkew true" to commit such moves.
The sequential element sfp_instance/fifo_inst_int/R_9345 could not be skewed because the amount of possible skewing is less than 10ps. Use "setUsefulSkewMode -maxSkew true" to commit such moves.
The sequential element sfp_instance/fifo_inst_int/R_9397 could not be skewed because the amount of possible skewing is less than 10ps. Use "setUsefulSkewMode -maxSkew true" to commit such moves.
The sequential element sfp_instance/fifo_inst_int/R_8650 could not be skewed because the amount of possible skewing is less than 10ps. Use "setUsefulSkewMode -maxSkew true" to commit such moves.
The sequential element sfp_instance/fifo_inst_int/R_9346 could not be skewed because the amount of possible skewing is less than 10ps. Use "setUsefulSkewMode -maxSkew true" to commit such moves.
The sequential element sfp_instance/fifo_inst_int/R_9398 could not be skewed because the amount of possible skewing is less than 10ps. Use "setUsefulSkewMode -maxSkew true" to commit such moves.
 ** Useful skew failure reasons **
The sequential element sfp_instance/fifo_inst_int/R_8649 could not be skewed because the amount of possible skewing is less than 10ps. Use "setUsefulSkewMode -maxSkew true" to commit such moves.
The sequential element sfp_instance/fifo_inst_int/R_8622 could not be skewed because the amount of possible skewing is less than 10ps. Use "setUsefulSkewMode -maxSkew true" to commit such moves.
The sequential element sfp_instance/fifo_inst_int/R_9348 could not be skewed because the amount of possible skewing is less than 10ps. Use "setUsefulSkewMode -maxSkew true" to commit such moves.
The sequential element sfp_instance/fifo_inst_int/R_9396 could not be skewed because the amount of possible skewing is less than 10ps. Use "setUsefulSkewMode -maxSkew true" to commit such moves.
The sequential element sfp_instance/fifo_inst_int/R_9445 could not be skewed because the amount of possible skewing is less than 10ps. Use "setUsefulSkewMode -maxSkew true" to commit such moves.
The sequential element sfp_instance/fifo_inst_int/R_9446 could not be skewed because the amount of possible skewing is less than 10ps. Use "setUsefulSkewMode -maxSkew true" to commit such moves.
The sequential element sfp_instance/fifo_inst_int/R_9395 could not be skewed because the amount of possible skewing is less than 10ps. Use "setUsefulSkewMode -maxSkew true" to commit such moves.
The sequential element sfp_instance/fifo_inst_int/R_9394 could not be skewed because the amount of possible skewing is less than 10ps. Use "setUsefulSkewMode -maxSkew true" to commit such moves.
The sequential element psum_mem_instance could not be skewed because the amount of possible skewing is less than 10ps. Use "setUsefulSkewMode -maxSkew true" to commit such moves.
The sequential element sfp_instance/fifo_inst_int/R_8646 could not be skewed because the amount of possible skewing is less than 10ps. Use "setUsefulSkewMode -maxSkew true" to commit such moves.
The sequential element sfp_instance/fifo_inst_int/R_8590 could not be skewed because the amount of possible skewing is less than 10ps. Use "setUsefulSkewMode -maxSkew true" to commit such moves.
The sequential element sfp_instance/fifo_inst_int/fifo_mem_reg_3__12_ could not be skewed because the amount of possible skewing is less than 10ps. Use "setUsefulSkewMode -maxSkew true" to commit such moves.
The sequential element sfp_instance/fifo_inst_int/R_9444 could not be skewed because the amount of possible skewing is less than 10ps. Use "setUsefulSkewMode -maxSkew true" to commit such moves.
The sequential element sfp_instance/fifo_inst_int/fifo_mem_reg_8__7_ could not be skewed because the amount of possible skewing is less than 10ps. Use "setUsefulSkewMode -maxSkew true" to commit such moves.
The sequential element sfp_instance/fifo_inst_int/R_9443 could not be skewed because the amount of possible skewing is less than 10ps. Use "setUsefulSkewMode -maxSkew true" to commit such moves.
The sequential element sfp_instance/fifo_inst_int/R_9345 could not be skewed because the amount of possible skewing is less than 10ps. Use "setUsefulSkewMode -maxSkew true" to commit such moves.
The sequential element sfp_instance/fifo_inst_int/R_9397 could not be skewed because the amount of possible skewing is less than 10ps. Use "setUsefulSkewMode -maxSkew true" to commit such moves.
The sequential element sfp_instance/fifo_inst_int/R_8650 could not be skewed because the amount of possible skewing is less than 10ps. Use "setUsefulSkewMode -maxSkew true" to commit such moves.
The sequential element sfp_instance/fifo_inst_int/R_9346 could not be skewed because the amount of possible skewing is less than 10ps. Use "setUsefulSkewMode -maxSkew true" to commit such moves.
The sequential element sfp_instance/fifo_inst_int/R_9398 could not be skewed because the amount of possible skewing is less than 10ps. Use "setUsefulSkewMode -maxSkew true" to commit such moves.
 ** Useful skew failure reasons **
The sequential element sfp_instance/fifo_inst_int/R_8649 could not be skewed because the amount of possible skewing is less than 10ps. Use "setUsefulSkewMode -maxSkew true" to commit such moves.
The sequential element sfp_instance/fifo_inst_int/R_8622 could not be skewed because the amount of possible skewing is less than 10ps. Use "setUsefulSkewMode -maxSkew true" to commit such moves.
The sequential element sfp_instance/fifo_inst_int/R_9348 could not be skewed because the amount of possible skewing is less than 10ps. Use "setUsefulSkewMode -maxSkew true" to commit such moves.
The sequential element sfp_instance/fifo_inst_int/R_9396 could not be skewed because the amount of possible skewing is less than 10ps. Use "setUsefulSkewMode -maxSkew true" to commit such moves.
The sequential element sfp_instance/fifo_inst_int/R_9445 could not be skewed because the amount of possible skewing is less than 10ps. Use "setUsefulSkewMode -maxSkew true" to commit such moves.
The sequential element sfp_instance/fifo_inst_int/R_9446 could not be skewed because the amount of possible skewing is less than 10ps. Use "setUsefulSkewMode -maxSkew true" to commit such moves.
The sequential element sfp_instance/fifo_inst_int/R_9395 could not be skewed because the amount of possible skewing is less than 10ps. Use "setUsefulSkewMode -maxSkew true" to commit such moves.
The sequential element sfp_instance/fifo_inst_int/R_9394 could not be skewed because the amount of possible skewing is less than 10ps. Use "setUsefulSkewMode -maxSkew true" to commit such moves.
The sequential element psum_mem_instance could not be skewed because the amount of possible skewing is less than 10ps. Use "setUsefulSkewMode -maxSkew true" to commit such moves.
The sequential element sfp_instance/fifo_inst_int/R_8646 could not be skewed because the amount of possible skewing is less than 10ps. Use "setUsefulSkewMode -maxSkew true" to commit such moves.
The sequential element sfp_instance/fifo_inst_int/R_8590 could not be skewed because the amount of possible skewing is less than 10ps. Use "setUsefulSkewMode -maxSkew true" to commit such moves.
The sequential element sfp_instance/fifo_inst_int/fifo_mem_reg_3__12_ could not be skewed because the amount of possible skewing is less than 10ps. Use "setUsefulSkewMode -maxSkew true" to commit such moves.
The sequential element sfp_instance/fifo_inst_int/R_9444 could not be skewed because the amount of possible skewing is less than 10ps. Use "setUsefulSkewMode -maxSkew true" to commit such moves.
The sequential element sfp_instance/fifo_inst_int/fifo_mem_reg_8__7_ could not be skewed because the amount of possible skewing is less than 10ps. Use "setUsefulSkewMode -maxSkew true" to commit such moves.
The sequential element sfp_instance/fifo_inst_int/R_9443 could not be skewed because the amount of possible skewing is less than 10ps. Use "setUsefulSkewMode -maxSkew true" to commit such moves.
The sequential element sfp_instance/fifo_inst_int/R_9345 could not be skewed because the amount of possible skewing is less than 10ps. Use "setUsefulSkewMode -maxSkew true" to commit such moves.
The sequential element sfp_instance/fifo_inst_int/R_9397 could not be skewed because the amount of possible skewing is less than 10ps. Use "setUsefulSkewMode -maxSkew true" to commit such moves.
The sequential element sfp_instance/fifo_inst_int/R_8650 could not be skewed because the amount of possible skewing is less than 10ps. Use "setUsefulSkewMode -maxSkew true" to commit such moves.
The sequential element sfp_instance/fifo_inst_int/R_9346 could not be skewed because the amount of possible skewing is less than 10ps. Use "setUsefulSkewMode -maxSkew true" to commit such moves.
The sequential element sfp_instance/fifo_inst_int/R_9398 could not be skewed because the amount of possible skewing is less than 10ps. Use "setUsefulSkewMode -maxSkew true" to commit such moves.
|  -0.951|   -0.951|-518.091| -561.604|    37.50%|   0:00:02.0| 2934.6M|   WC_VIEW|  default| sfp_instance/R_8514/D                              |
|  -0.951|   -0.951|-518.178| -561.691|    37.51%|   0:00:01.0| 2934.6M|   WC_VIEW|  default| sfp_instance/R_8514/D                              |
+--------+---------+--------+---------+----------+------------+--------+----------+---------+----------------------------------------------------+

*** Finish Core Optimize Step (cpu=0:01:53 real=0:00:17.0 mem=2934.6M) ***

*** Finished Optimize Step Cumulative (cpu=0:03:50 real=0:00:38.0 mem=2934.6M) ***
** GigaOpt Optimizer WNS Slack -0.951 TNS Slack -561.691 Density 37.51
Begin: Area Reclaim Optimization
Reclaim Optimization WNS Slack -0.951  TNS Slack -561.691 Density 37.51
+----------+---------+--------+--------+------------+--------+
| Density  | Commits |  WNS   |  TNS   |    Real    |  Mem   |
+----------+---------+--------+--------+------------+--------+
|    37.51%|        -|  -0.951|-561.691|   0:00:00.0| 2934.6M|
|    37.48%|       57|  -0.951|-563.360|   0:00:02.0| 2934.6M|
|    37.30%|      946|  -0.925|-561.223|   0:00:12.0| 2934.6M|
|    37.30%|        5|  -0.925|-561.132|   0:00:00.0| 2934.6M|
|    37.30%|        0|  -0.925|-561.132|   0:00:00.0| 2934.6M|
+----------+---------+--------+--------+------------+--------+
Reclaim Optimization End WNS Slack -0.925  TNS Slack -561.132 Density 37.30
** Finished Core Area Reclaim Optimization (cpu = 0:00:35.3) (real = 0:00:14.0) **
*** Finished Area Reclaim Optimization (cpu=0:00:35, real=0:00:14, mem=2859.10M, totSessionCpu=1:22:25).
*** Starting refinePlace (1:22:25 mem=2859.1M) ***
Total net bbox length = 1.038e+06 (5.072e+05 5.311e+05) (ext = 6.144e+04)
Move report: Timing Driven Placement moves 0 insts, mean move: 0.00 um, max move: 0.00 um
	Runtime: CPU: 0:00:00.0 REAL: 0:00:00.0 MEM: 2859.1MB
Move report: Detail placement moves 2358 insts, mean move: 0.51 um, max move: 3.80 um
	Max move on inst (sfp_instance/U5926): (264.60, 134.60) --> (266.60, 132.80)
	Runtime: CPU: 0:00:01.5 REAL: 0:00:01.0 MEM: 2879.3MB
Summary Report:
Instances move: 2358 (out of 51312 movable)
Mean displacement: 0.51 um
Max displacement: 3.80 um (Instance: sfp_instance/U5926) (264.6, 134.6) -> (266.6, 132.8)
	Length: 9 sites, height: 1 rows, site name: core, cell type: AOI21D2
Total net bbox length = 1.039e+06 (5.075e+05 5.312e+05) (ext = 6.144e+04)
Runtime: CPU: 0:00:01.6 REAL: 0:00:01.0 MEM: 2879.3MB
*** Finished refinePlace (1:22:27 mem=2879.3M) ***
Finished re-routing un-routed nets (0:00:00.0 2879.3M)


Density : 0.3730
Max route overflow : 0.0001


*** Finish Physical Update (cpu=0:00:02.6 real=0:00:02.0 mem=2879.3M) ***
** GigaOpt Optimizer WNS Slack -0.925 TNS Slack -561.138 Density 37.30
Skipped Place ECO bump recovery (WNS opt)
Optimizer WNS Pass 9
Active Path Group: reg2reg  
+--------+---------+--------+---------+----------+------------+--------+----------+---------+----------------------------------------------------+
|  WNS   | All WNS |  TNS   | All TNS | Density  |    Real    |  Mem   |Worst View|Pathgroup|                     End Point                      |
+--------+---------+--------+---------+----------+------------+--------+----------+---------+----------------------------------------------------+
|  -0.853|   -0.925|-519.119| -561.138|    37.30%|   0:00:00.0| 2879.3M|   WC_VIEW|  reg2reg| sfp_instance/div_18_u_div_u_add_PartRem_0_1_R_8476 |
|        |         |        |         |          |            |        |          |         | /D                                                 |
|  -0.846|   -0.928|-515.069| -561.059|    37.30%|   0:00:01.0| 2879.3M|   WC_VIEW|  reg2reg| sfp_instance/R_7682/D                              |
|  -0.840|   -0.928|-512.988| -560.657|    37.31%|   0:00:01.0| 2879.3M|   WC_VIEW|  reg2reg| sfp_instance/R_8514/D                              |
|  -0.838|   -0.930|-509.768| -560.361|    37.32%|   0:00:04.0| 2898.4M|   WC_VIEW|  reg2reg| sfp_instance/R_8514/D                              |
|  -0.836|   -0.929|-508.741| -559.472|    37.32%|   0:00:01.0| 2898.4M|   WC_VIEW|  reg2reg| sfp_instance/R_8514/D                              |
|  -0.832|   -0.929|-507.899| -559.104|    37.32%|   0:00:01.0| 2898.4M|   WC_VIEW|  reg2reg| sfp_instance/R_8514/D                              |
|  -0.831|   -0.932|-506.375| -560.696|    37.32%|   0:00:02.0| 2898.4M|   WC_VIEW|  reg2reg| sfp_instance/R_8514/D                              |
|  -0.831|   -0.932|-505.783| -560.359|    37.33%|   0:00:00.0| 2898.4M|   WC_VIEW|  reg2reg| sfp_instance/R_8514/D                              |
|  -0.828|   -0.931|-505.454| -560.273|    37.33%|   0:00:02.0| 2898.4M|   WC_VIEW|  reg2reg| sfp_instance/R_8514/D                              |
|  -0.827|   -0.931|-503.506| -560.217|    37.33%|   0:00:01.0| 2898.4M|   WC_VIEW|  reg2reg| sfp_instance/R_8514/D                              |
|  -0.828|   -0.931|-503.147| -560.157|    37.33%|   0:00:01.0| 2898.4M|   WC_VIEW|  reg2reg| sfp_instance/R_8514/D                              |
|  -0.828|   -0.932|-503.138| -560.121|    37.34%|   0:00:01.0| 2898.4M|   WC_VIEW|  reg2reg| sfp_instance/R_8514/D                              |
|  -0.827|   -0.932|-503.037| -562.627|    37.35%|   0:00:01.0| 2898.4M|   WC_VIEW|  reg2reg| sfp_instance/R_8514/D                              |
|  -0.833|   -0.937|-502.138| -559.577|    37.43%|   0:00:07.0| 2917.4M|   WC_VIEW|  reg2reg| sfp_instance/R_8514/D                              |
|  -0.836|   -0.939|-501.568| -559.335|    37.46%|   0:00:02.0| 2917.4M|   WC_VIEW|  reg2reg| sfp_instance/R_8514/D                              |
|  -0.834|   -0.939|-501.472| -559.328|    37.46%|   0:00:00.0| 2917.4M|   WC_VIEW|  reg2reg| sfp_instance/R_8514/D                              |
Analyzing useful skew in preCTS mode ...
skewClock is  advancing: -300ps, sfp_instance/fifo_inst_int/fifo_mem_reg_14__23_/CP
 ** Useful skew failure reasons **
The sequential element sfp_instance/fifo_inst_int/R_9348 could not be skewed because the amount of possible skewing is less than 10ps. Use "setUsefulSkewMode -maxSkew true" to commit such moves.
The sequential element sfp_instance/fifo_inst_int/R_9396 could not be skewed because the amount of possible skewing is less than 10ps. Use "setUsefulSkewMode -maxSkew true" to commit such moves.
The sequential element sfp_instance/fifo_inst_int/R_8649 could not be skewed because the amount of possible skewing is less than 10ps. Use "setUsefulSkewMode -maxSkew true" to commit such moves.
The sequential element sfp_instance/fifo_inst_int/R_8622 could not be skewed because the amount of possible skewing is less than 10ps. Use "setUsefulSkewMode -maxSkew true" to commit such moves.
The sequential element sfp_instance/fifo_inst_int/R_9446 could not be skewed because the amount of possible skewing is less than 10ps. Use "setUsefulSkewMode -maxSkew true" to commit such moves.
The sequential element sfp_instance/fifo_inst_int/R_9445 could not be skewed because the amount of possible skewing is less than 10ps. Use "setUsefulSkewMode -maxSkew true" to commit such moves.
The sequential element sfp_instance/fifo_inst_int/R_9395 could not be skewed because the amount of possible skewing is less than 10ps. Use "setUsefulSkewMode -maxSkew true" to commit such moves.
The sequential element sfp_instance/fifo_inst_int/fifo_mem_reg_3__12_ could not be skewed because the amount of possible skewing is less than 10ps. Use "setUsefulSkewMode -maxSkew true" to commit such moves.
The sequential element sfp_instance/fifo_inst_int/R_9394 could not be skewed because the amount of possible skewing is less than 10ps. Use "setUsefulSkewMode -maxSkew true" to commit such moves.
The sequential element sfp_instance/fifo_inst_int/R_8590 could not be skewed because the amount of possible skewing is less than 10ps. Use "setUsefulSkewMode -maxSkew true" to commit such moves.
The sequential element sfp_instance/fifo_inst_int/R_8646 could not be skewed because the amount of possible skewing is less than 10ps. Use "setUsefulSkewMode -maxSkew true" to commit such moves.
The sequential element psum_mem_instance could not be skewed because the amount of possible skewing is less than 10ps. Use "setUsefulSkewMode -maxSkew true" to commit such moves.
The sequential element sfp_instance/fifo_inst_int/R_9397 could not be skewed because the amount of possible skewing is less than 10ps. Use "setUsefulSkewMode -maxSkew true" to commit such moves.
The sequential element sfp_instance/fifo_inst_int/R_8650 could not be skewed because the amount of possible skewing is less than 10ps. Use "setUsefulSkewMode -maxSkew true" to commit such moves.
The sequential element sfp_instance/fifo_inst_int/R_9444 could not be skewed because the amount of possible skewing is less than 10ps. Use "setUsefulSkewMode -maxSkew true" to commit such moves.
The sequential element sfp_instance/fifo_inst_int/R_9443 could not be skewed because the amount of possible skewing is less than 10ps. Use "setUsefulSkewMode -maxSkew true" to commit such moves.
The sequential element sfp_instance/fifo_inst_int/R_9345 could not be skewed because the amount of possible skewing is less than 10ps. Use "setUsefulSkewMode -maxSkew true" to commit such moves.
The sequential element sfp_instance/fifo_inst_int/R_9346 could not be skewed because the amount of possible skewing is less than 10ps. Use "setUsefulSkewMode -maxSkew true" to commit such moves.
The sequential element sfp_instance/fifo_inst_int/fifo_mem_reg_12__12_ could not be skewed because the amount of possible skewing is less than 10ps. Use "setUsefulSkewMode -maxSkew true" to commit such moves.
The sequential element sfp_instance/fifo_inst_int/R_9398 could not be skewed because the amount of possible skewing is less than 10ps. Use "setUsefulSkewMode -maxSkew true" to commit such moves.
 ** Useful skew failure reasons **
The sequential element sfp_instance/fifo_inst_int/R_9348 could not be skewed because the amount of possible skewing is less than 10ps. Use "setUsefulSkewMode -maxSkew true" to commit such moves.
The sequential element sfp_instance/fifo_inst_int/R_9396 could not be skewed because the amount of possible skewing is less than 10ps. Use "setUsefulSkewMode -maxSkew true" to commit such moves.
The sequential element sfp_instance/fifo_inst_int/R_8649 could not be skewed because the amount of possible skewing is less than 10ps. Use "setUsefulSkewMode -maxSkew true" to commit such moves.
The sequential element sfp_instance/fifo_inst_int/R_8622 could not be skewed because the amount of possible skewing is less than 10ps. Use "setUsefulSkewMode -maxSkew true" to commit such moves.
The sequential element sfp_instance/fifo_inst_int/R_9446 could not be skewed because the amount of possible skewing is less than 10ps. Use "setUsefulSkewMode -maxSkew true" to commit such moves.
The sequential element sfp_instance/fifo_inst_int/R_9445 could not be skewed because the amount of possible skewing is less than 10ps. Use "setUsefulSkewMode -maxSkew true" to commit such moves.
The sequential element sfp_instance/fifo_inst_int/R_9395 could not be skewed because the amount of possible skewing is less than 10ps. Use "setUsefulSkewMode -maxSkew true" to commit such moves.
The sequential element sfp_instance/fifo_inst_int/fifo_mem_reg_3__12_ could not be skewed because the amount of possible skewing is less than 10ps. Use "setUsefulSkewMode -maxSkew true" to commit such moves.
The sequential element sfp_instance/fifo_inst_int/R_9394 could not be skewed because the amount of possible skewing is less than 10ps. Use "setUsefulSkewMode -maxSkew true" to commit such moves.
The sequential element sfp_instance/fifo_inst_int/R_8590 could not be skewed because the amount of possible skewing is less than 10ps. Use "setUsefulSkewMode -maxSkew true" to commit such moves.
The sequential element sfp_instance/fifo_inst_int/R_8646 could not be skewed because the amount of possible skewing is less than 10ps. Use "setUsefulSkewMode -maxSkew true" to commit such moves.
The sequential element psum_mem_instance could not be skewed because the amount of possible skewing is less than 10ps. Use "setUsefulSkewMode -maxSkew true" to commit such moves.
The sequential element sfp_instance/fifo_inst_int/R_9397 could not be skewed because the amount of possible skewing is less than 10ps. Use "setUsefulSkewMode -maxSkew true" to commit such moves.
The sequential element sfp_instance/fifo_inst_int/R_8650 could not be skewed because the amount of possible skewing is less than 10ps. Use "setUsefulSkewMode -maxSkew true" to commit such moves.
The sequential element sfp_instance/fifo_inst_int/R_9444 could not be skewed because the amount of possible skewing is less than 10ps. Use "setUsefulSkewMode -maxSkew true" to commit such moves.
The sequential element sfp_instance/fifo_inst_int/R_9443 could not be skewed because the amount of possible skewing is less than 10ps. Use "setUsefulSkewMode -maxSkew true" to commit such moves.
The sequential element sfp_instance/fifo_inst_int/R_9345 could not be skewed because the amount of possible skewing is less than 10ps. Use "setUsefulSkewMode -maxSkew true" to commit such moves.
The sequential element sfp_instance/fifo_inst_int/R_9346 could not be skewed because the amount of possible skewing is less than 10ps. Use "setUsefulSkewMode -maxSkew true" to commit such moves.
The sequential element sfp_instance/fifo_inst_int/fifo_mem_reg_12__12_ could not be skewed because the amount of possible skewing is less than 10ps. Use "setUsefulSkewMode -maxSkew true" to commit such moves.
The sequential element sfp_instance/fifo_inst_int/R_9398 could not be skewed because the amount of possible skewing is less than 10ps. Use "setUsefulSkewMode -maxSkew true" to commit such moves.
 ** Useful skew failure reasons **
The sequential element sfp_instance/fifo_inst_int/R_9348 could not be skewed because the amount of possible skewing is less than 10ps. Use "setUsefulSkewMode -maxSkew true" to commit such moves.
The sequential element sfp_instance/fifo_inst_int/R_9396 could not be skewed because the amount of possible skewing is less than 10ps. Use "setUsefulSkewMode -maxSkew true" to commit such moves.
The sequential element sfp_instance/fifo_inst_int/R_8649 could not be skewed because the amount of possible skewing is less than 10ps. Use "setUsefulSkewMode -maxSkew true" to commit such moves.
The sequential element sfp_instance/fifo_inst_int/R_8622 could not be skewed because the amount of possible skewing is less than 10ps. Use "setUsefulSkewMode -maxSkew true" to commit such moves.
The sequential element sfp_instance/fifo_inst_int/R_9446 could not be skewed because the amount of possible skewing is less than 10ps. Use "setUsefulSkewMode -maxSkew true" to commit such moves.
The sequential element sfp_instance/fifo_inst_int/R_9445 could not be skewed because the amount of possible skewing is less than 10ps. Use "setUsefulSkewMode -maxSkew true" to commit such moves.
The sequential element sfp_instance/fifo_inst_int/R_9395 could not be skewed because the amount of possible skewing is less than 10ps. Use "setUsefulSkewMode -maxSkew true" to commit such moves.
The sequential element sfp_instance/fifo_inst_int/fifo_mem_reg_3__12_ could not be skewed because the amount of possible skewing is less than 10ps. Use "setUsefulSkewMode -maxSkew true" to commit such moves.
The sequential element sfp_instance/fifo_inst_int/R_9394 could not be skewed because the amount of possible skewing is less than 10ps. Use "setUsefulSkewMode -maxSkew true" to commit such moves.
The sequential element sfp_instance/fifo_inst_int/R_8590 could not be skewed because the amount of possible skewing is less than 10ps. Use "setUsefulSkewMode -maxSkew true" to commit such moves.
The sequential element sfp_instance/fifo_inst_int/R_8646 could not be skewed because the amount of possible skewing is less than 10ps. Use "setUsefulSkewMode -maxSkew true" to commit such moves.
The sequential element psum_mem_instance could not be skewed because the amount of possible skewing is less than 10ps. Use "setUsefulSkewMode -maxSkew true" to commit such moves.
The sequential element sfp_instance/fifo_inst_int/R_9397 could not be skewed because the amount of possible skewing is less than 10ps. Use "setUsefulSkewMode -maxSkew true" to commit such moves.
The sequential element sfp_instance/fifo_inst_int/R_8650 could not be skewed because the amount of possible skewing is less than 10ps. Use "setUsefulSkewMode -maxSkew true" to commit such moves.
The sequential element sfp_instance/fifo_inst_int/R_9444 could not be skewed because the amount of possible skewing is less than 10ps. Use "setUsefulSkewMode -maxSkew true" to commit such moves.
The sequential element sfp_instance/fifo_inst_int/R_9443 could not be skewed because the amount of possible skewing is less than 10ps. Use "setUsefulSkewMode -maxSkew true" to commit such moves.
The sequential element sfp_instance/fifo_inst_int/R_9345 could not be skewed because the amount of possible skewing is less than 10ps. Use "setUsefulSkewMode -maxSkew true" to commit such moves.
The sequential element sfp_instance/fifo_inst_int/R_9346 could not be skewed because the amount of possible skewing is less than 10ps. Use "setUsefulSkewMode -maxSkew true" to commit such moves.
The sequential element sfp_instance/fifo_inst_int/fifo_mem_reg_12__12_ could not be skewed because the amount of possible skewing is less than 10ps. Use "setUsefulSkewMode -maxSkew true" to commit such moves.
The sequential element sfp_instance/fifo_inst_int/R_9398 could not be skewed because the amount of possible skewing is less than 10ps. Use "setUsefulSkewMode -maxSkew true" to commit such moves.
|  -0.836|   -0.941|-500.290| -558.540|    37.49%|   0:00:02.0| 2917.4M|   WC_VIEW|  reg2reg| sfp_instance/R_8514/D                              |
|  -0.836|   -0.941|-500.614| -558.675|    37.50%|   0:00:00.0| 2917.4M|   WC_VIEW|  reg2reg| sfp_instance/R_8514/D                              |
+--------+---------+--------+---------+----------+------------+--------+----------+---------+----------------------------------------------------+

*** Finish Core Optimize Step (cpu=0:02:47 real=0:00:27.0 mem=2917.4M) ***
Active Path Group: default 
+--------+---------+--------+---------+----------+------------+--------+----------+---------+----------------------------------------------------+
|  WNS   | All WNS |  TNS   | All TNS | Density  |    Real    |  Mem   |Worst View|Pathgroup|                     End Point                      |
+--------+---------+--------+---------+----------+------------+--------+----------+---------+----------------------------------------------------+
|  -0.941|   -0.941|-515.162| -558.675|    37.50%|   0:00:00.0| 2917.4M|   WC_VIEW|  default| sfp_instance/R_8514/D                              |
|  -0.940|   -0.940|-514.025| -557.539|    37.50%|   0:00:03.0| 2917.4M|   WC_VIEW|  default| sfp_instance/R_8514/D                              |
|  -0.939|   -0.939|-514.094| -557.608|    37.50%|   0:00:03.0| 2917.4M|   WC_VIEW|  default| sfp_instance/R_8514/D                              |
|  -0.937|   -0.937|-513.870| -557.383|    37.50%|   0:00:00.0| 2917.4M|   WC_VIEW|  default| sfp_instance/R_8514/D                              |
|  -0.937|   -0.937|-513.849| -557.363|    37.50%|   0:00:03.0| 2917.4M|   WC_VIEW|  default| sfp_instance/R_8514/D                              |
|  -0.937|   -0.937|-513.842| -557.356|    37.51%|   0:00:00.0| 2917.4M|   WC_VIEW|  default| sfp_instance/R_8514/D                              |
|  -0.939|   -0.939|-513.443| -556.956|    37.52%|   0:00:05.0| 2917.4M|   WC_VIEW|  default| sfp_instance/R_8514/D                              |
|  -0.939|   -0.939|-513.207| -556.720|    37.52%|   0:00:00.0| 2917.4M|   WC_VIEW|  default| sfp_instance/R_8514/D                              |
Analyzing useful skew in preCTS mode ...
 ** Useful skew failure reasons **
The sequential element sfp_instance/fifo_inst_int/R_9348 could not be skewed because the amount of possible skewing is less than 10ps. Use "setUsefulSkewMode -maxSkew true" to commit such moves.
The sequential element sfp_instance/fifo_inst_int/R_9396 could not be skewed because the amount of possible skewing is less than 10ps. Use "setUsefulSkewMode -maxSkew true" to commit such moves.
The sequential element sfp_instance/fifo_inst_int/R_8649 could not be skewed because the amount of possible skewing is less than 10ps. Use "setUsefulSkewMode -maxSkew true" to commit such moves.
The sequential element sfp_instance/fifo_inst_int/R_8622 could not be skewed because the amount of possible skewing is less than 10ps. Use "setUsefulSkewMode -maxSkew true" to commit such moves.
The sequential element sfp_instance/fifo_inst_int/R_9446 could not be skewed because the amount of possible skewing is less than 10ps. Use "setUsefulSkewMode -maxSkew true" to commit such moves.
The sequential element sfp_instance/fifo_inst_int/R_9445 could not be skewed because the amount of possible skewing is less than 10ps. Use "setUsefulSkewMode -maxSkew true" to commit such moves.
The sequential element sfp_instance/fifo_inst_int/R_9395 could not be skewed because the amount of possible skewing is less than 10ps. Use "setUsefulSkewMode -maxSkew true" to commit such moves.
The sequential element sfp_instance/fifo_inst_int/fifo_mem_reg_3__12_ could not be skewed because the amount of possible skewing is less than 10ps. Use "setUsefulSkewMode -maxSkew true" to commit such moves.
The sequential element sfp_instance/fifo_inst_int/R_8590 could not be skewed because the amount of possible skewing is less than 10ps. Use "setUsefulSkewMode -maxSkew true" to commit such moves.
The sequential element sfp_instance/fifo_inst_int/R_9394 could not be skewed because the amount of possible skewing is less than 10ps. Use "setUsefulSkewMode -maxSkew true" to commit such moves.
The sequential element sfp_instance/fifo_inst_int/R_8646 could not be skewed because the amount of possible skewing is less than 10ps. Use "setUsefulSkewMode -maxSkew true" to commit such moves.
The sequential element sfp_instance/fifo_inst_int/R_9397 could not be skewed because the amount of possible skewing is less than 10ps. Use "setUsefulSkewMode -maxSkew true" to commit such moves.
The sequential element psum_mem_instance could not be skewed because the amount of possible skewing is less than 10ps. Use "setUsefulSkewMode -maxSkew true" to commit such moves.
The sequential element sfp_instance/fifo_inst_int/R_8650 could not be skewed because the amount of possible skewing is less than 10ps. Use "setUsefulSkewMode -maxSkew true" to commit such moves.
The sequential element sfp_instance/fifo_inst_int/R_9345 could not be skewed because the amount of possible skewing is less than 10ps. Use "setUsefulSkewMode -maxSkew true" to commit such moves.
The sequential element sfp_instance/fifo_inst_int/R_9444 could not be skewed because the amount of possible skewing is less than 10ps. Use "setUsefulSkewMode -maxSkew true" to commit such moves.
The sequential element sfp_instance/fifo_inst_int/R_9443 could not be skewed because the amount of possible skewing is less than 10ps. Use "setUsefulSkewMode -maxSkew true" to commit such moves.
The sequential element sfp_instance/fifo_inst_int/R_9346 could not be skewed because the amount of possible skewing is less than 10ps. Use "setUsefulSkewMode -maxSkew true" to commit such moves.
The sequential element sfp_instance/fifo_inst_int/fifo_mem_reg_12__12_ could not be skewed because the amount of possible skewing is less than 10ps. Use "setUsefulSkewMode -maxSkew true" to commit such moves.
The sequential element sfp_instance/fifo_inst_int/R_9398 could not be skewed because the amount of possible skewing is less than 10ps. Use "setUsefulSkewMode -maxSkew true" to commit such moves.
 ** Useful skew failure reasons **
The sequential element sfp_instance/fifo_inst_int/R_9348 could not be skewed because the amount of possible skewing is less than 10ps. Use "setUsefulSkewMode -maxSkew true" to commit such moves.
The sequential element sfp_instance/fifo_inst_int/R_9396 could not be skewed because the amount of possible skewing is less than 10ps. Use "setUsefulSkewMode -maxSkew true" to commit such moves.
The sequential element sfp_instance/fifo_inst_int/R_8649 could not be skewed because the amount of possible skewing is less than 10ps. Use "setUsefulSkewMode -maxSkew true" to commit such moves.
The sequential element sfp_instance/fifo_inst_int/R_8622 could not be skewed because the amount of possible skewing is less than 10ps. Use "setUsefulSkewMode -maxSkew true" to commit such moves.
The sequential element sfp_instance/fifo_inst_int/R_9446 could not be skewed because the amount of possible skewing is less than 10ps. Use "setUsefulSkewMode -maxSkew true" to commit such moves.
The sequential element sfp_instance/fifo_inst_int/R_9445 could not be skewed because the amount of possible skewing is less than 10ps. Use "setUsefulSkewMode -maxSkew true" to commit such moves.
The sequential element sfp_instance/fifo_inst_int/R_9395 could not be skewed because the amount of possible skewing is less than 10ps. Use "setUsefulSkewMode -maxSkew true" to commit such moves.
The sequential element sfp_instance/fifo_inst_int/fifo_mem_reg_3__12_ could not be skewed because the amount of possible skewing is less than 10ps. Use "setUsefulSkewMode -maxSkew true" to commit such moves.
The sequential element sfp_instance/fifo_inst_int/R_8590 could not be skewed because the amount of possible skewing is less than 10ps. Use "setUsefulSkewMode -maxSkew true" to commit such moves.
The sequential element sfp_instance/fifo_inst_int/R_9394 could not be skewed because the amount of possible skewing is less than 10ps. Use "setUsefulSkewMode -maxSkew true" to commit such moves.
The sequential element sfp_instance/fifo_inst_int/R_8646 could not be skewed because the amount of possible skewing is less than 10ps. Use "setUsefulSkewMode -maxSkew true" to commit such moves.
The sequential element sfp_instance/fifo_inst_int/R_9397 could not be skewed because the amount of possible skewing is less than 10ps. Use "setUsefulSkewMode -maxSkew true" to commit such moves.
The sequential element psum_mem_instance could not be skewed because the amount of possible skewing is less than 10ps. Use "setUsefulSkewMode -maxSkew true" to commit such moves.
The sequential element sfp_instance/fifo_inst_int/R_8650 could not be skewed because the amount of possible skewing is less than 10ps. Use "setUsefulSkewMode -maxSkew true" to commit such moves.
The sequential element sfp_instance/fifo_inst_int/R_9345 could not be skewed because the amount of possible skewing is less than 10ps. Use "setUsefulSkewMode -maxSkew true" to commit such moves.
The sequential element sfp_instance/fifo_inst_int/R_9444 could not be skewed because the amount of possible skewing is less than 10ps. Use "setUsefulSkewMode -maxSkew true" to commit such moves.
The sequential element sfp_instance/fifo_inst_int/R_9443 could not be skewed because the amount of possible skewing is less than 10ps. Use "setUsefulSkewMode -maxSkew true" to commit such moves.
The sequential element sfp_instance/fifo_inst_int/R_9346 could not be skewed because the amount of possible skewing is less than 10ps. Use "setUsefulSkewMode -maxSkew true" to commit such moves.
The sequential element sfp_instance/fifo_inst_int/fifo_mem_reg_12__12_ could not be skewed because the amount of possible skewing is less than 10ps. Use "setUsefulSkewMode -maxSkew true" to commit such moves.
The sequential element sfp_instance/fifo_inst_int/R_9398 could not be skewed because the amount of possible skewing is less than 10ps. Use "setUsefulSkewMode -maxSkew true" to commit such moves.
 ** Useful skew failure reasons **
The sequential element sfp_instance/fifo_inst_int/R_9348 could not be skewed because the amount of possible skewing is less than 10ps. Use "setUsefulSkewMode -maxSkew true" to commit such moves.
The sequential element sfp_instance/fifo_inst_int/R_9396 could not be skewed because the amount of possible skewing is less than 10ps. Use "setUsefulSkewMode -maxSkew true" to commit such moves.
The sequential element sfp_instance/fifo_inst_int/R_8649 could not be skewed because the amount of possible skewing is less than 10ps. Use "setUsefulSkewMode -maxSkew true" to commit such moves.
The sequential element sfp_instance/fifo_inst_int/R_8622 could not be skewed because the amount of possible skewing is less than 10ps. Use "setUsefulSkewMode -maxSkew true" to commit such moves.
The sequential element sfp_instance/fifo_inst_int/R_9446 could not be skewed because the amount of possible skewing is less than 10ps. Use "setUsefulSkewMode -maxSkew true" to commit such moves.
The sequential element sfp_instance/fifo_inst_int/R_9445 could not be skewed because the amount of possible skewing is less than 10ps. Use "setUsefulSkewMode -maxSkew true" to commit such moves.
The sequential element sfp_instance/fifo_inst_int/R_9395 could not be skewed because the amount of possible skewing is less than 10ps. Use "setUsefulSkewMode -maxSkew true" to commit such moves.
The sequential element sfp_instance/fifo_inst_int/fifo_mem_reg_3__12_ could not be skewed because the amount of possible skewing is less than 10ps. Use "setUsefulSkewMode -maxSkew true" to commit such moves.
The sequential element sfp_instance/fifo_inst_int/R_8590 could not be skewed because the amount of possible skewing is less than 10ps. Use "setUsefulSkewMode -maxSkew true" to commit such moves.
The sequential element sfp_instance/fifo_inst_int/R_9394 could not be skewed because the amount of possible skewing is less than 10ps. Use "setUsefulSkewMode -maxSkew true" to commit such moves.
The sequential element sfp_instance/fifo_inst_int/R_8646 could not be skewed because the amount of possible skewing is less than 10ps. Use "setUsefulSkewMode -maxSkew true" to commit such moves.
The sequential element sfp_instance/fifo_inst_int/R_9397 could not be skewed because the amount of possible skewing is less than 10ps. Use "setUsefulSkewMode -maxSkew true" to commit such moves.
The sequential element psum_mem_instance could not be skewed because the amount of possible skewing is less than 10ps. Use "setUsefulSkewMode -maxSkew true" to commit such moves.
The sequential element sfp_instance/fifo_inst_int/R_8650 could not be skewed because the amount of possible skewing is less than 10ps. Use "setUsefulSkewMode -maxSkew true" to commit such moves.
The sequential element sfp_instance/fifo_inst_int/R_9345 could not be skewed because the amount of possible skewing is less than 10ps. Use "setUsefulSkewMode -maxSkew true" to commit such moves.
The sequential element sfp_instance/fifo_inst_int/R_9444 could not be skewed because the amount of possible skewing is less than 10ps. Use "setUsefulSkewMode -maxSkew true" to commit such moves.
The sequential element sfp_instance/fifo_inst_int/R_9443 could not be skewed because the amount of possible skewing is less than 10ps. Use "setUsefulSkewMode -maxSkew true" to commit such moves.
The sequential element sfp_instance/fifo_inst_int/R_9346 could not be skewed because the amount of possible skewing is less than 10ps. Use "setUsefulSkewMode -maxSkew true" to commit such moves.
The sequential element sfp_instance/fifo_inst_int/fifo_mem_reg_12__12_ could not be skewed because the amount of possible skewing is less than 10ps. Use "setUsefulSkewMode -maxSkew true" to commit such moves.
The sequential element sfp_instance/fifo_inst_int/R_9398 could not be skewed because the amount of possible skewing is less than 10ps. Use "setUsefulSkewMode -maxSkew true" to commit such moves.
|  -0.939|   -0.939|-513.246| -556.760|    37.53%|   0:00:01.0| 2917.4M|   WC_VIEW|  default| sfp_instance/R_8514/D                              |
+--------+---------+--------+---------+----------+------------+--------+----------+---------+----------------------------------------------------+

*** Finish Core Optimize Step (cpu=0:01:39 real=0:00:15.0 mem=2917.4M) ***

*** Finished Optimize Step Cumulative (cpu=0:04:26 real=0:00:43.0 mem=2917.4M) ***
** GigaOpt Optimizer WNS Slack -0.939 TNS Slack -556.760 Density 37.53
*** Starting refinePlace (1:26:55 mem=2917.4M) ***
Total net bbox length = 1.041e+06 (5.088e+05 5.320e+05) (ext = 6.144e+04)
Move report: Timing Driven Placement moves 1265 insts, mean move: 3.99 um, max move: 18.20 um
	Max move on inst (sfp_instance/FE_OFC2780_div_24_u_div_BInv_3__7_): (358.00, 336.20) --> (350.60, 347.00)
	Runtime: CPU: 0:00:03.2 REAL: 0:00:03.0 MEM: 2917.4MB
Move report: Detail placement moves 3735 insts, mean move: 0.59 um, max move: 4.40 um
	Max move on inst (sfp_instance/FE_RC_2068_0): (555.80, 406.40) --> (556.60, 402.80)
	Runtime: CPU: 0:00:01.6 REAL: 0:00:01.0 MEM: 2898.4MB
Summary Report:
Instances move: 4530 (out of 51408 movable)
Mean displacement: 1.55 um
Max displacement: 18.20 um (Instance: sfp_instance/FE_OFC2780_div_24_u_div_BInv_3__7_) (358, 336.2) -> (350.6, 347)
	Length: 6 sites, height: 1 rows, site name: core, cell type: BUFFD2
Total net bbox length = 1.042e+06 (5.094e+05 5.324e+05) (ext = 6.144e+04)
Runtime: CPU: 0:00:04.8 REAL: 0:00:04.0 MEM: 2898.4MB
*** Finished refinePlace (1:27:00 mem=2898.4M) ***
Finished re-routing un-routed nets (0:00:00.0 2898.4M)


Density : 0.3753
Max route overflow : 0.0001


*** Finish Physical Update (cpu=0:00:06.1 real=0:00:04.0 mem=2898.4M) ***
** GigaOpt Optimizer WNS Slack -0.939 TNS Slack -557.521 Density 37.53
Skipped Place ECO bump recovery (WNS opt)
Optimizer WNS Pass 10
Active Path Group: reg2reg  
+--------+---------+--------+---------+----------+------------+--------+----------+---------+----------------------------------------------------+
|  WNS   | All WNS |  TNS   | All TNS | Density  |    Real    |  Mem   |Worst View|Pathgroup|                     End Point                      |
+--------+---------+--------+---------+----------+------------+--------+----------+---------+----------------------------------------------------+
|  -0.837|   -0.939|-501.515| -557.521|    37.53%|   0:00:00.0| 2898.4M|   WC_VIEW|  reg2reg| sfp_instance/R_8514/D                              |
|  -0.834|   -0.939|-501.748| -559.132|    37.53%|   0:00:10.0| 2917.4M|   WC_VIEW|  reg2reg| sfp_instance/R_8514/D                              |
|  -0.839|   -0.943|-501.447| -559.829|    37.56%|   0:00:09.0| 2917.4M|   WC_VIEW|  reg2reg| sfp_instance/R_8514/D                              |
Analyzing useful skew in preCTS mode ...
 ** Useful skew failure reasons **
The sequential element sfp_instance/fifo_inst_int/R_9348 could not be skewed because the amount of possible skewing is less than 10ps. Use "setUsefulSkewMode -maxSkew true" to commit such moves.
The sequential element sfp_instance/fifo_inst_int/R_9446 could not be skewed because the amount of possible skewing is less than 10ps. Use "setUsefulSkewMode -maxSkew true" to commit such moves.
The sequential element sfp_instance/fifo_inst_int/R_8649 could not be skewed because the amount of possible skewing is less than 10ps. Use "setUsefulSkewMode -maxSkew true" to commit such moves.
The sequential element sfp_instance/fifo_inst_int/R_9395 could not be skewed because the amount of possible skewing is less than 10ps. Use "setUsefulSkewMode -maxSkew true" to commit such moves.
The sequential element sfp_instance/fifo_inst_int/R_9396 could not be skewed because the amount of possible skewing is less than 10ps. Use "setUsefulSkewMode -maxSkew true" to commit such moves.
The sequential element sfp_instance/fifo_inst_int/R_9445 could not be skewed because the amount of possible skewing is less than 10ps. Use "setUsefulSkewMode -maxSkew true" to commit such moves.
The sequential element sfp_instance/fifo_inst_int/R_8622 could not be skewed because the amount of possible skewing is less than 10ps. Use "setUsefulSkewMode -maxSkew true" to commit such moves.
The sequential element sfp_instance/fifo_inst_int/fifo_mem_reg_3__12_ could not be skewed because the amount of possible skewing is less than 10ps. Use "setUsefulSkewMode -maxSkew true" to commit such moves.
The sequential element sfp_instance/fifo_inst_int/R_8590 could not be skewed because the amount of possible skewing is less than 10ps. Use "setUsefulSkewMode -maxSkew true" to commit such moves.
The sequential element sfp_instance/fifo_inst_int/fifo_mem_reg_13__12_ could not be skewed because the amount of possible skewing is less than 10ps. Use "setUsefulSkewMode -maxSkew true" to commit such moves.
The sequential element sfp_instance/fifo_inst_int/R_9394 could not be skewed because the amount of possible skewing is less than 10ps. Use "setUsefulSkewMode -maxSkew true" to commit such moves.
The sequential element sfp_instance/fifo_inst_int/R_9397 could not be skewed because the amount of possible skewing is less than 10ps. Use "setUsefulSkewMode -maxSkew true" to commit such moves.
The sequential element sfp_instance/fifo_inst_int/R_8646 could not be skewed because the amount of possible skewing is less than 10ps. Use "setUsefulSkewMode -maxSkew true" to commit such moves.
The sequential element psum_mem_instance could not be skewed because the amount of possible skewing is less than 10ps. Use "setUsefulSkewMode -maxSkew true" to commit such moves.
The sequential element sfp_instance/fifo_inst_int/R_8650 could not be skewed because the amount of possible skewing is less than 10ps. Use "setUsefulSkewMode -maxSkew true" to commit such moves.
The sequential element sfp_instance/fifo_inst_int/R_9345 could not be skewed because the amount of possible skewing is less than 10ps. Use "setUsefulSkewMode -maxSkew true" to commit such moves.
The sequential element sfp_instance/fifo_inst_int/R_9443 could not be skewed because the amount of possible skewing is less than 10ps. Use "setUsefulSkewMode -maxSkew true" to commit such moves.
The sequential element sfp_instance/fifo_inst_int/R_9444 could not be skewed because the amount of possible skewing is less than 10ps. Use "setUsefulSkewMode -maxSkew true" to commit such moves.
The sequential element sfp_instance/fifo_inst_int/R_9346 could not be skewed because the amount of possible skewing is less than 10ps. Use "setUsefulSkewMode -maxSkew true" to commit such moves.
The sequential element sfp_instance/fifo_inst_int/R_9398 could not be skewed because the amount of possible skewing is less than 10ps. Use "setUsefulSkewMode -maxSkew true" to commit such moves.
 ** Useful skew failure reasons **
The sequential element sfp_instance/fifo_inst_int/R_9348 could not be skewed because the amount of possible skewing is less than 10ps. Use "setUsefulSkewMode -maxSkew true" to commit such moves.
The sequential element sfp_instance/fifo_inst_int/R_9446 could not be skewed because the amount of possible skewing is less than 10ps. Use "setUsefulSkewMode -maxSkew true" to commit such moves.
The sequential element sfp_instance/fifo_inst_int/R_8649 could not be skewed because the amount of possible skewing is less than 10ps. Use "setUsefulSkewMode -maxSkew true" to commit such moves.
The sequential element sfp_instance/fifo_inst_int/R_9395 could not be skewed because the amount of possible skewing is less than 10ps. Use "setUsefulSkewMode -maxSkew true" to commit such moves.
The sequential element sfp_instance/fifo_inst_int/R_9396 could not be skewed because the amount of possible skewing is less than 10ps. Use "setUsefulSkewMode -maxSkew true" to commit such moves.
The sequential element sfp_instance/fifo_inst_int/R_9445 could not be skewed because the amount of possible skewing is less than 10ps. Use "setUsefulSkewMode -maxSkew true" to commit such moves.
The sequential element sfp_instance/fifo_inst_int/R_8622 could not be skewed because the amount of possible skewing is less than 10ps. Use "setUsefulSkewMode -maxSkew true" to commit such moves.
The sequential element sfp_instance/fifo_inst_int/fifo_mem_reg_3__12_ could not be skewed because the amount of possible skewing is less than 10ps. Use "setUsefulSkewMode -maxSkew true" to commit such moves.
The sequential element sfp_instance/fifo_inst_int/R_8590 could not be skewed because the amount of possible skewing is less than 10ps. Use "setUsefulSkewMode -maxSkew true" to commit such moves.
The sequential element sfp_instance/fifo_inst_int/fifo_mem_reg_13__12_ could not be skewed because the amount of possible skewing is less than 10ps. Use "setUsefulSkewMode -maxSkew true" to commit such moves.
The sequential element sfp_instance/fifo_inst_int/R_9394 could not be skewed because the amount of possible skewing is less than 10ps. Use "setUsefulSkewMode -maxSkew true" to commit such moves.
The sequential element sfp_instance/fifo_inst_int/R_9397 could not be skewed because the amount of possible skewing is less than 10ps. Use "setUsefulSkewMode -maxSkew true" to commit such moves.
The sequential element sfp_instance/fifo_inst_int/R_8646 could not be skewed because the amount of possible skewing is less than 10ps. Use "setUsefulSkewMode -maxSkew true" to commit such moves.
The sequential element psum_mem_instance could not be skewed because the amount of possible skewing is less than 10ps. Use "setUsefulSkewMode -maxSkew true" to commit such moves.
The sequential element sfp_instance/fifo_inst_int/R_8650 could not be skewed because the amount of possible skewing is less than 10ps. Use "setUsefulSkewMode -maxSkew true" to commit such moves.
The sequential element sfp_instance/fifo_inst_int/R_9345 could not be skewed because the amount of possible skewing is less than 10ps. Use "setUsefulSkewMode -maxSkew true" to commit such moves.
The sequential element sfp_instance/fifo_inst_int/R_9443 could not be skewed because the amount of possible skewing is less than 10ps. Use "setUsefulSkewMode -maxSkew true" to commit such moves.
The sequential element sfp_instance/fifo_inst_int/R_9444 could not be skewed because the amount of possible skewing is less than 10ps. Use "setUsefulSkewMode -maxSkew true" to commit such moves.
The sequential element sfp_instance/fifo_inst_int/R_9346 could not be skewed because the amount of possible skewing is less than 10ps. Use "setUsefulSkewMode -maxSkew true" to commit such moves.
The sequential element sfp_instance/fifo_inst_int/R_9398 could not be skewed because the amount of possible skewing is less than 10ps. Use "setUsefulSkewMode -maxSkew true" to commit such moves.
 ** Useful skew failure reasons **
The sequential element sfp_instance/fifo_inst_int/R_9348 could not be skewed because the amount of possible skewing is less than 10ps. Use "setUsefulSkewMode -maxSkew true" to commit such moves.
The sequential element sfp_instance/fifo_inst_int/R_9446 could not be skewed because the amount of possible skewing is less than 10ps. Use "setUsefulSkewMode -maxSkew true" to commit such moves.
The sequential element sfp_instance/fifo_inst_int/R_8649 could not be skewed because the amount of possible skewing is less than 10ps. Use "setUsefulSkewMode -maxSkew true" to commit such moves.
The sequential element sfp_instance/fifo_inst_int/R_9395 could not be skewed because the amount of possible skewing is less than 10ps. Use "setUsefulSkewMode -maxSkew true" to commit such moves.
The sequential element sfp_instance/fifo_inst_int/R_9396 could not be skewed because the amount of possible skewing is less than 10ps. Use "setUsefulSkewMode -maxSkew true" to commit such moves.
The sequential element sfp_instance/fifo_inst_int/R_9445 could not be skewed because the amount of possible skewing is less than 10ps. Use "setUsefulSkewMode -maxSkew true" to commit such moves.
The sequential element sfp_instance/fifo_inst_int/R_8622 could not be skewed because the amount of possible skewing is less than 10ps. Use "setUsefulSkewMode -maxSkew true" to commit such moves.
The sequential element sfp_instance/fifo_inst_int/fifo_mem_reg_3__12_ could not be skewed because the amount of possible skewing is less than 10ps. Use "setUsefulSkewMode -maxSkew true" to commit such moves.
The sequential element sfp_instance/fifo_inst_int/R_8590 could not be skewed because the amount of possible skewing is less than 10ps. Use "setUsefulSkewMode -maxSkew true" to commit such moves.
The sequential element sfp_instance/fifo_inst_int/fifo_mem_reg_13__12_ could not be skewed because the amount of possible skewing is less than 10ps. Use "setUsefulSkewMode -maxSkew true" to commit such moves.
The sequential element sfp_instance/fifo_inst_int/R_9394 could not be skewed because the amount of possible skewing is less than 10ps. Use "setUsefulSkewMode -maxSkew true" to commit such moves.
The sequential element sfp_instance/fifo_inst_int/R_9397 could not be skewed because the amount of possible skewing is less than 10ps. Use "setUsefulSkewMode -maxSkew true" to commit such moves.
The sequential element sfp_instance/fifo_inst_int/R_8646 could not be skewed because the amount of possible skewing is less than 10ps. Use "setUsefulSkewMode -maxSkew true" to commit such moves.
The sequential element psum_mem_instance could not be skewed because the amount of possible skewing is less than 10ps. Use "setUsefulSkewMode -maxSkew true" to commit such moves.
The sequential element sfp_instance/fifo_inst_int/R_8650 could not be skewed because the amount of possible skewing is less than 10ps. Use "setUsefulSkewMode -maxSkew true" to commit such moves.
The sequential element sfp_instance/fifo_inst_int/R_9345 could not be skewed because the amount of possible skewing is less than 10ps. Use "setUsefulSkewMode -maxSkew true" to commit such moves.
The sequential element sfp_instance/fifo_inst_int/R_9443 could not be skewed because the amount of possible skewing is less than 10ps. Use "setUsefulSkewMode -maxSkew true" to commit such moves.
The sequential element sfp_instance/fifo_inst_int/R_9444 could not be skewed because the amount of possible skewing is less than 10ps. Use "setUsefulSkewMode -maxSkew true" to commit such moves.
The sequential element sfp_instance/fifo_inst_int/R_9346 could not be skewed because the amount of possible skewing is less than 10ps. Use "setUsefulSkewMode -maxSkew true" to commit such moves.
The sequential element sfp_instance/fifo_inst_int/R_9398 could not be skewed because the amount of possible skewing is less than 10ps. Use "setUsefulSkewMode -maxSkew true" to commit such moves.
|  -0.839|   -0.943|-501.334| -559.829|    37.56%|   0:00:01.0| 2917.4M|   WC_VIEW|  reg2reg| sfp_instance/R_8514/D                              |
|  -0.839|   -0.944|-499.935| -560.273|    37.56%|   0:00:00.0| 2917.4M|   WC_VIEW|  reg2reg| sfp_instance/R_8514/D                              |
|  -0.839|   -0.944|-500.061| -560.387|    37.57%|   0:00:01.0| 2917.4M|   WC_VIEW|  reg2reg| sfp_instance/R_8514/D                              |
+--------+---------+--------+---------+----------+------------+--------+----------+---------+----------------------------------------------------+

*** Finish Core Optimize Step (cpu=0:02:14 real=0:00:21.0 mem=2917.4M) ***
Active Path Group: default 
+--------+---------+--------+---------+----------+------------+--------+----------+---------+----------------------------------------------------+
|  WNS   | All WNS |  TNS   | All TNS | Density  |    Real    |  Mem   |Worst View|Pathgroup|                     End Point                      |
+--------+---------+--------+---------+----------+------------+--------+----------+---------+----------------------------------------------------+
|  -0.944|   -0.944|-516.874| -560.387|    37.57%|   0:00:00.0| 2917.4M|   WC_VIEW|  default| sfp_instance/R_8514/D                              |
|  -0.938|   -0.938|-515.802| -559.316|    37.57%|   0:00:10.0| 2917.4M|   WC_VIEW|  default| sfp_instance/R_8514/D                              |
|  -0.940|   -0.940|-514.604| -558.118|    37.58%|   0:00:05.0| 2917.4M|   WC_VIEW|  default| sfp_instance/R_8514/D                              |
Analyzing useful skew in preCTS mode ...
 ** Useful skew failure reasons **
The sequential element sfp_instance/fifo_inst_int/R_8649 could not be skewed because the amount of possible skewing is less than 10ps. Use "setUsefulSkewMode -maxSkew true" to commit such moves.
The sequential element sfp_instance/fifo_inst_int/R_9446 could not be skewed because the amount of possible skewing is less than 10ps. Use "setUsefulSkewMode -maxSkew true" to commit such moves.
The sequential element sfp_instance/fifo_inst_int/R_9348 could not be skewed because the amount of possible skewing is less than 10ps. Use "setUsefulSkewMode -maxSkew true" to commit such moves.
The sequential element sfp_instance/fifo_inst_int/R_9396 could not be skewed because the amount of possible skewing is less than 10ps. Use "setUsefulSkewMode -maxSkew true" to commit such moves.
The sequential element sfp_instance/fifo_inst_int/fifo_mem_reg_3__12_ could not be skewed because the amount of possible skewing is less than 10ps. Use "setUsefulSkewMode -maxSkew true" to commit such moves.
The sequential element sfp_instance/fifo_inst_int/R_9445 could not be skewed because the amount of possible skewing is less than 10ps. Use "setUsefulSkewMode -maxSkew true" to commit such moves.
The sequential element sfp_instance/fifo_inst_int/R_8622 could not be skewed because the amount of possible skewing is less than 10ps. Use "setUsefulSkewMode -maxSkew true" to commit such moves.
The sequential element sfp_instance/fifo_inst_int/R_9395 could not be skewed because the amount of possible skewing is less than 10ps. Use "setUsefulSkewMode -maxSkew true" to commit such moves.
The sequential element sfp_instance/fifo_inst_int/fifo_mem_reg_13__12_ could not be skewed because the amount of possible skewing is less than 10ps. Use "setUsefulSkewMode -maxSkew true" to commit such moves.
The sequential element sfp_instance/fifo_inst_int/R_9394 could not be skewed because the amount of possible skewing is less than 10ps. Use "setUsefulSkewMode -maxSkew true" to commit such moves.
The sequential element sfp_instance/fifo_inst_int/R_8590 could not be skewed because the amount of possible skewing is less than 10ps. Use "setUsefulSkewMode -maxSkew true" to commit such moves.
The sequential element sfp_instance/fifo_inst_int/R_9397 could not be skewed because the amount of possible skewing is less than 10ps. Use "setUsefulSkewMode -maxSkew true" to commit such moves.
The sequential element sfp_instance/fifo_inst_int/R_8646 could not be skewed because the amount of possible skewing is less than 10ps. Use "setUsefulSkewMode -maxSkew true" to commit such moves.
The sequential element psum_mem_instance could not be skewed because the amount of possible skewing is less than 10ps. Use "setUsefulSkewMode -maxSkew true" to commit such moves.
The sequential element sfp_instance/fifo_inst_int/R_9345 could not be skewed because the amount of possible skewing is less than 10ps. Use "setUsefulSkewMode -maxSkew true" to commit such moves.
The sequential element sfp_instance/fifo_inst_int/R_8650 could not be skewed because the amount of possible skewing is less than 10ps. Use "setUsefulSkewMode -maxSkew true" to commit such moves.
The sequential element sfp_instance/fifo_inst_int/R_9443 could not be skewed because the amount of possible skewing is less than 10ps. Use "setUsefulSkewMode -maxSkew true" to commit such moves.
The sequential element sfp_instance/fifo_inst_int/R_9444 could not be skewed because the amount of possible skewing is less than 10ps. Use "setUsefulSkewMode -maxSkew true" to commit such moves.
The sequential element sfp_instance/fifo_inst_int/fifo_mem_reg_13__6_ could not be skewed because the amount of possible skewing is less than 10ps. Use "setUsefulSkewMode -maxSkew true" to commit such moves.
The sequential element sfp_instance/fifo_inst_int/R_9398 could not be skewed because the amount of possible skewing is less than 10ps. Use "setUsefulSkewMode -maxSkew true" to commit such moves.
 ** Useful skew failure reasons **
The sequential element sfp_instance/fifo_inst_int/R_8649 could not be skewed because the amount of possible skewing is less than 10ps. Use "setUsefulSkewMode -maxSkew true" to commit such moves.
The sequential element sfp_instance/fifo_inst_int/R_9446 could not be skewed because the amount of possible skewing is less than 10ps. Use "setUsefulSkewMode -maxSkew true" to commit such moves.
The sequential element sfp_instance/fifo_inst_int/R_9348 could not be skewed because the amount of possible skewing is less than 10ps. Use "setUsefulSkewMode -maxSkew true" to commit such moves.
The sequential element sfp_instance/fifo_inst_int/R_9396 could not be skewed because the amount of possible skewing is less than 10ps. Use "setUsefulSkewMode -maxSkew true" to commit such moves.
The sequential element sfp_instance/fifo_inst_int/fifo_mem_reg_3__12_ could not be skewed because the amount of possible skewing is less than 10ps. Use "setUsefulSkewMode -maxSkew true" to commit such moves.
The sequential element sfp_instance/fifo_inst_int/R_9445 could not be skewed because the amount of possible skewing is less than 10ps. Use "setUsefulSkewMode -maxSkew true" to commit such moves.
The sequential element sfp_instance/fifo_inst_int/R_8622 could not be skewed because the amount of possible skewing is less than 10ps. Use "setUsefulSkewMode -maxSkew true" to commit such moves.
The sequential element sfp_instance/fifo_inst_int/R_9395 could not be skewed because the amount of possible skewing is less than 10ps. Use "setUsefulSkewMode -maxSkew true" to commit such moves.
The sequential element sfp_instance/fifo_inst_int/fifo_mem_reg_13__12_ could not be skewed because the amount of possible skewing is less than 10ps. Use "setUsefulSkewMode -maxSkew true" to commit such moves.
The sequential element sfp_instance/fifo_inst_int/R_9394 could not be skewed because the amount of possible skewing is less than 10ps. Use "setUsefulSkewMode -maxSkew true" to commit such moves.
The sequential element sfp_instance/fifo_inst_int/R_8590 could not be skewed because the amount of possible skewing is less than 10ps. Use "setUsefulSkewMode -maxSkew true" to commit such moves.
The sequential element sfp_instance/fifo_inst_int/R_9397 could not be skewed because the amount of possible skewing is less than 10ps. Use "setUsefulSkewMode -maxSkew true" to commit such moves.
The sequential element sfp_instance/fifo_inst_int/R_8646 could not be skewed because the amount of possible skewing is less than 10ps. Use "setUsefulSkewMode -maxSkew true" to commit such moves.
The sequential element psum_mem_instance could not be skewed because the amount of possible skewing is less than 10ps. Use "setUsefulSkewMode -maxSkew true" to commit such moves.
The sequential element sfp_instance/fifo_inst_int/R_9345 could not be skewed because the amount of possible skewing is less than 10ps. Use "setUsefulSkewMode -maxSkew true" to commit such moves.
The sequential element sfp_instance/fifo_inst_int/R_8650 could not be skewed because the amount of possible skewing is less than 10ps. Use "setUsefulSkewMode -maxSkew true" to commit such moves.
The sequential element sfp_instance/fifo_inst_int/R_9443 could not be skewed because the amount of possible skewing is less than 10ps. Use "setUsefulSkewMode -maxSkew true" to commit such moves.
The sequential element sfp_instance/fifo_inst_int/R_9444 could not be skewed because the amount of possible skewing is less than 10ps. Use "setUsefulSkewMode -maxSkew true" to commit such moves.
The sequential element sfp_instance/fifo_inst_int/fifo_mem_reg_13__6_ could not be skewed because the amount of possible skewing is less than 10ps. Use "setUsefulSkewMode -maxSkew true" to commit such moves.
The sequential element sfp_instance/fifo_inst_int/R_9398 could not be skewed because the amount of possible skewing is less than 10ps. Use "setUsefulSkewMode -maxSkew true" to commit such moves.
 ** Useful skew failure reasons **
The sequential element sfp_instance/fifo_inst_int/R_8649 could not be skewed because the amount of possible skewing is less than 10ps. Use "setUsefulSkewMode -maxSkew true" to commit such moves.
The sequential element sfp_instance/fifo_inst_int/R_9446 could not be skewed because the amount of possible skewing is less than 10ps. Use "setUsefulSkewMode -maxSkew true" to commit such moves.
The sequential element sfp_instance/fifo_inst_int/R_9348 could not be skewed because the amount of possible skewing is less than 10ps. Use "setUsefulSkewMode -maxSkew true" to commit such moves.
The sequential element sfp_instance/fifo_inst_int/R_9396 could not be skewed because the amount of possible skewing is less than 10ps. Use "setUsefulSkewMode -maxSkew true" to commit such moves.
The sequential element sfp_instance/fifo_inst_int/fifo_mem_reg_3__12_ could not be skewed because the amount of possible skewing is less than 10ps. Use "setUsefulSkewMode -maxSkew true" to commit such moves.
The sequential element sfp_instance/fifo_inst_int/R_9445 could not be skewed because the amount of possible skewing is less than 10ps. Use "setUsefulSkewMode -maxSkew true" to commit such moves.
The sequential element sfp_instance/fifo_inst_int/R_8622 could not be skewed because the amount of possible skewing is less than 10ps. Use "setUsefulSkewMode -maxSkew true" to commit such moves.
The sequential element sfp_instance/fifo_inst_int/R_9395 could not be skewed because the amount of possible skewing is less than 10ps. Use "setUsefulSkewMode -maxSkew true" to commit such moves.
The sequential element sfp_instance/fifo_inst_int/fifo_mem_reg_13__12_ could not be skewed because the amount of possible skewing is less than 10ps. Use "setUsefulSkewMode -maxSkew true" to commit such moves.
The sequential element sfp_instance/fifo_inst_int/R_9394 could not be skewed because the amount of possible skewing is less than 10ps. Use "setUsefulSkewMode -maxSkew true" to commit such moves.
The sequential element sfp_instance/fifo_inst_int/R_8590 could not be skewed because the amount of possible skewing is less than 10ps. Use "setUsefulSkewMode -maxSkew true" to commit such moves.
The sequential element sfp_instance/fifo_inst_int/R_9397 could not be skewed because the amount of possible skewing is less than 10ps. Use "setUsefulSkewMode -maxSkew true" to commit such moves.
The sequential element sfp_instance/fifo_inst_int/R_8646 could not be skewed because the amount of possible skewing is less than 10ps. Use "setUsefulSkewMode -maxSkew true" to commit such moves.
The sequential element psum_mem_instance could not be skewed because the amount of possible skewing is less than 10ps. Use "setUsefulSkewMode -maxSkew true" to commit such moves.
The sequential element sfp_instance/fifo_inst_int/R_9345 could not be skewed because the amount of possible skewing is less than 10ps. Use "setUsefulSkewMode -maxSkew true" to commit such moves.
The sequential element sfp_instance/fifo_inst_int/R_8650 could not be skewed because the amount of possible skewing is less than 10ps. Use "setUsefulSkewMode -maxSkew true" to commit such moves.
The sequential element sfp_instance/fifo_inst_int/R_9443 could not be skewed because the amount of possible skewing is less than 10ps. Use "setUsefulSkewMode -maxSkew true" to commit such moves.
The sequential element sfp_instance/fifo_inst_int/R_9444 could not be skewed because the amount of possible skewing is less than 10ps. Use "setUsefulSkewMode -maxSkew true" to commit such moves.
The sequential element sfp_instance/fifo_inst_int/fifo_mem_reg_13__6_ could not be skewed because the amount of possible skewing is less than 10ps. Use "setUsefulSkewMode -maxSkew true" to commit such moves.
The sequential element sfp_instance/fifo_inst_int/R_9398 could not be skewed because the amount of possible skewing is less than 10ps. Use "setUsefulSkewMode -maxSkew true" to commit such moves.
|  -0.941|   -0.941|-514.975| -558.489|    37.59%|   0:00:01.0| 2917.4M|   WC_VIEW|  default| sfp_instance/R_8514/D                              |
+--------+---------+--------+---------+----------+------------+--------+----------+---------+----------------------------------------------------+

*** Finish Core Optimize Step (cpu=0:01:45 real=0:00:16.0 mem=2917.4M) ***

*** Finished Optimize Step Cumulative (cpu=0:03:59 real=0:00:37.0 mem=2917.4M) ***
** GigaOpt Optimizer WNS Slack -0.941 TNS Slack -558.489 Density 37.59
*** Starting refinePlace (1:31:00 mem=2917.4M) ***
Total net bbox length = 1.043e+06 (5.100e+05 5.326e+05) (ext = 6.144e+04)
Move report: Timing Driven Placement moves 1786 insts, mean move: 4.35 um, max move: 29.20 um
	Max move on inst (sfp_instance/FE_OCPC4906_n3517): (549.40, 420.80) --> (536.40, 437.00)
	Runtime: CPU: 0:00:03.7 REAL: 0:00:03.0 MEM: 2933.4MB
Move report: Detail placement moves 7950 insts, mean move: 1.84 um, max move: 9.00 um
	Max move on inst (FE_OFC448_fifo_out_118_): (571.40, 438.80) --> (580.40, 438.80)
	Runtime: CPU: 0:00:06.9 REAL: 0:00:04.0 MEM: 2933.4MB
Summary Report:
Instances move: 8736 (out of 51442 movable)
Mean displacement: 2.44 um
Max displacement: 35.20 um (Instance: sfp_instance/FE_OCPC4906_n3517) (549.4, 420.8) -> (532.2, 438.8)
	Length: 4 sites, height: 1 rows, site name: core, cell type: BUFFD1
Total net bbox length = 1.028e+06 (4.957e+05 5.324e+05) (ext = 6.140e+04)
Runtime: CPU: 0:00:10.7 REAL: 0:00:07.0 MEM: 2933.4MB
*** Finished refinePlace (1:31:11 mem=2933.4M) ***
Finished re-routing un-routed nets (0:00:00.0 2933.4M)


Density : 0.3759
Max route overflow : 0.0001


*** Finish Physical Update (cpu=0:00:12.2 real=0:00:08.0 mem=2933.4M) ***
** GigaOpt Optimizer WNS Slack -0.955 TNS Slack -559.660 Density 37.59
Recovering Place ECO bump
Active Path Group: reg2reg  
+--------+---------+--------+---------+----------+------------+--------+----------+---------+----------------------------------------------------+
|  WNS   | All WNS |  TNS   | All TNS | Density  |    Real    |  Mem   |Worst View|Pathgroup|                     End Point                      |
+--------+---------+--------+---------+----------+------------+--------+----------+---------+----------------------------------------------------+
|  -0.849|   -0.955|-501.406| -559.660|    37.59%|   0:00:00.0| 2933.4M|   WC_VIEW|  reg2reg| sfp_instance/R_8514/D                              |
|  -0.843|   -0.950|-500.981| -559.234|    37.59%|   0:00:01.0| 2933.4M|   WC_VIEW|  reg2reg| sfp_instance/R_8514/D                              |
|  -0.841|   -0.947|-500.888| -559.219|    37.59%|   0:00:02.0| 2933.4M|   WC_VIEW|  reg2reg| sfp_instance/R_8514/D                              |
|  -0.841|   -0.947|-501.586| -561.752|    37.59%|   0:00:01.0| 2933.4M|   WC_VIEW|  reg2reg| sfp_instance/R_8514/D                              |
|  -0.841|   -0.947|-501.586| -561.752|    37.59%|   0:00:00.0| 2933.4M|   WC_VIEW|  reg2reg| sfp_instance/R_8514/D                              |
+--------+---------+--------+---------+----------+------------+--------+----------+---------+----------------------------------------------------+

*** Finish Core Optimize Step (cpu=0:00:22.8 real=0:00:04.0 mem=2933.4M) ***
Active Path Group: default 
+--------+---------+--------+---------+----------+------------+--------+----------+---------+----------------------------------------------------+
|  WNS   | All WNS |  TNS   | All TNS | Density  |    Real    |  Mem   |Worst View|Pathgroup|                     End Point                      |
+--------+---------+--------+---------+----------+------------+--------+----------+---------+----------------------------------------------------+
|  -0.947|   -0.947|-518.135| -561.752|    37.59%|   0:00:00.0| 2933.4M|   WC_VIEW|  default| sfp_instance/R_8514/D                              |
|  -0.945|   -0.945|-517.916| -561.532|    37.59%|   0:00:03.0| 2933.4M|   WC_VIEW|  default| sfp_instance/R_8514/D                              |
|  -0.945|   -0.945|-517.916| -561.532|    37.59%|   0:00:01.0| 2933.4M|   WC_VIEW|  default| sfp_instance/R_8514/D                              |
+--------+---------+--------+---------+----------+------------+--------+----------+---------+----------------------------------------------------+

*** Finish Core Optimize Step (cpu=0:00:20.8 real=0:00:04.0 mem=2933.4M) ***

*** Finished Optimize Step Cumulative (cpu=0:00:43.7 real=0:00:08.0 mem=2933.4M) ***
*** Starting refinePlace (1:31:57 mem=2933.4M) ***
Total net bbox length = 1.028e+06 (4.957e+05 5.324e+05) (ext = 6.140e+04)
Move report: Detail placement moves 0 insts, mean move: 0.00 um, max move: 0.00 um
	Runtime: CPU: 0:00:00.3 REAL: 0:00:00.0 MEM: 2933.4MB
Summary Report:
Instances move: 0 (out of 51449 movable)
Mean displacement: 0.00 um
Max displacement: 0.00 um 
Total net bbox length = 1.028e+06 (4.957e+05 5.324e+05) (ext = 6.140e+04)
Runtime: CPU: 0:00:00.3 REAL: 0:00:00.0 MEM: 2933.4MB
*** Finished refinePlace (1:31:57 mem=2933.4M) ***
Finished re-routing un-routed nets (0:00:00.0 2933.4M)


Density : 0.3759
Max route overflow : 0.0001


*** Finish Physical Update (cpu=0:00:01.3 real=0:00:01.0 mem=2933.4M) ***
** GigaOpt Optimizer WNS Slack -0.945 TNS Slack -561.532 Density 37.59

*** Finish pre-CTS Setup Fixing (cpu=0:59:26 real=0:13:04 mem=2933.4M) ***

End: GigaOpt Optimization in WNS mode
*** Timing NOT met, worst failing slack is -0.945
*** Check timing (0:00:00.0)
**INFO: Num dontuse cells 99, Num usable cells 779
optDesignOneStep: Leakage Power Flow
**INFO: Num dontuse cells 99, Num usable cells 779
Begin: GigaOpt Optimization in TNS mode
Info: 2 clock nets excluded from IPO operation.
*info: 2 clock nets excluded
*info: 2 special nets excluded.
*info: 159 no-driver nets excluded.
** GigaOpt Optimizer WNS Slack -0.945 TNS Slack -561.532 Density 37.59
Optimizer TNS Opt
Active Path Group: reg2reg  
+--------+---------+--------+---------+----------+------------+--------+----------+---------+----------------------------------------------------+
|  WNS   | All WNS |  TNS   | All TNS | Density  |    Real    |  Mem   |Worst View|Pathgroup|                     End Point                      |
+--------+---------+--------+---------+----------+------------+--------+----------+---------+----------------------------------------------------+
|  -0.840|   -0.945|-501.478| -561.532|    37.59%|   0:00:00.0| 2865.8M|   WC_VIEW|  reg2reg| sfp_instance/R_8514/D                              |
|  -0.835|   -0.946|-499.920| -560.651|    37.59%|   0:00:03.0| 2888.3M|   WC_VIEW|  reg2reg| sfp_instance/R_8514/D                              |
|  -0.835|   -0.946|-499.845| -560.687|    37.59%|   0:00:03.0| 2907.4M|   WC_VIEW|  reg2reg| sfp_instance/R_8514/D                              |
|  -0.836|   -0.946|-498.921| -559.591|    37.60%|   0:00:00.0| 2907.4M|   WC_VIEW|  reg2reg| sfp_instance/R_8514/D                              |
|  -0.835|   -0.945|-498.854| -559.524|    37.60%|   0:00:00.0| 2907.4M|   WC_VIEW|  reg2reg| sfp_instance/R_8514/D                              |
|  -0.835|   -0.945|-498.389| -559.026|    37.61%|   0:00:01.0| 2907.4M|   WC_VIEW|  reg2reg| sfp_instance/R_8514/D                              |
|  -0.835|   -0.945|-496.371| -557.775|    37.63%|   0:00:03.0| 2907.4M|   WC_VIEW|  reg2reg| sfp_instance/R_6476/D                              |
|  -0.835|   -0.945|-494.261| -554.910|    37.64%|   0:00:01.0| 2907.4M|   WC_VIEW|  reg2reg| sfp_instance/R_6476/D                              |
|  -0.835|   -0.945|-494.259| -554.908|    37.64%|   0:00:00.0| 2907.4M|   WC_VIEW|  reg2reg| sfp_instance/R_6476/D                              |
|  -0.835|   -0.945|-493.043| -554.621|    37.64%|   0:00:00.0| 2907.4M|   WC_VIEW|  reg2reg| sfp_instance/R_6476/D                              |
|  -0.835|   -0.945|-490.424| -551.271|    37.66%|   0:00:04.0| 2907.4M|   WC_VIEW|  reg2reg| sfp_instance/R_7016/D                              |
|  -0.835|   -0.945|-487.795| -549.741|    37.67%|   0:00:00.0| 2907.4M|   WC_VIEW|  reg2reg| sfp_instance/R_7016/D                              |
|  -0.835|   -0.945|-487.529| -549.468|    37.67%|   0:00:00.0| 2907.4M|   WC_VIEW|  reg2reg| sfp_instance/R_7016/D                              |
|  -0.835|   -0.945|-487.468| -549.407|    37.67%|   0:00:00.0| 2907.4M|   WC_VIEW|  reg2reg| sfp_instance/R_7016/D                              |
|  -0.835|   -0.945|-485.916| -548.344|    37.70%|   0:00:01.0| 2907.4M|   WC_VIEW|  reg2reg| sfp_instance/R_6786/D                              |
|  -0.835|   -0.945|-485.160| -547.046|    37.70%|   0:00:01.0| 2907.4M|   WC_VIEW|  reg2reg| sfp_instance/R_6786/D                              |
|  -0.835|   -0.945|-483.815| -545.190|    37.72%|   0:00:00.0| 2907.4M|   WC_VIEW|  reg2reg| sfp_instance/R_6872/D                              |
|  -0.835|   -0.945|-483.246| -544.716|    37.72%|   0:00:00.0| 2907.4M|   WC_VIEW|  reg2reg| sfp_instance/R_6872/D                              |
|  -0.835|   -0.945|-482.970| -544.394|    37.73%|   0:00:01.0| 2907.4M|   WC_VIEW|  reg2reg| sfp_instance/R_6872/D                              |
|  -0.835|   -0.945|-482.969| -544.393|    37.73%|   0:00:00.0| 2907.4M|   WC_VIEW|  reg2reg| sfp_instance/R_6872/D                              |
|  -0.835|   -0.945|-482.614| -544.037|    37.73%|   0:00:00.0| 2907.4M|   WC_VIEW|  reg2reg| sfp_instance/R_6872/D                              |
|  -0.835|   -0.945|-481.212| -542.830|    37.74%|   0:00:01.0| 2907.4M|   WC_VIEW|  reg2reg| sfp_instance/R_6405/D                              |
|  -0.835|   -0.945|-480.873| -542.714|    37.75%|   0:00:00.0| 2907.4M|   WC_VIEW|  reg2reg| sfp_instance/R_6405/D                              |
|  -0.835|   -0.945|-479.709| -541.531|    37.76%|   0:00:00.0| 2907.4M|   WC_VIEW|  reg2reg| sfp_instance/R_6405/D                              |
|  -0.835|   -0.945|-479.697| -541.518|    37.76%|   0:00:00.0| 2907.4M|   WC_VIEW|  reg2reg| sfp_instance/R_6405/D                              |
|  -0.835|   -0.945|-479.470| -541.277|    37.77%|   0:00:01.0| 2907.4M|   WC_VIEW|  reg2reg| sfp_instance/R_6405/D                              |
|  -0.835|   -0.945|-477.913| -540.506|    37.79%|   0:00:01.0| 2907.4M|   WC_VIEW|  reg2reg| sfp_instance/R_6953/D                              |
|  -0.835|   -0.945|-477.758| -539.940|    37.79%|   0:00:01.0| 2907.4M|   WC_VIEW|  reg2reg| sfp_instance/R_6953/D                              |
|  -0.835|   -0.945|-477.680| -539.940|    37.79%|   0:00:00.0| 2907.4M|   WC_VIEW|  reg2reg| sfp_instance/R_6953/D                              |
|  -0.835|   -0.945|-477.053| -539.655|    37.81%|   0:00:00.0| 2907.4M|   WC_VIEW|  reg2reg| sfp_instance/R_6953/D                              |
|  -0.835|   -0.945|-476.605| -539.657|    37.81%|   0:00:00.0| 2907.4M|   WC_VIEW|  reg2reg| sfp_instance/R_6953/D                              |
|  -0.835|   -0.945|-476.538| -539.590|    37.81%|   0:00:00.0| 2907.4M|   WC_VIEW|  reg2reg| sfp_instance/R_6953/D                              |
|  -0.835|   -0.945|-476.411| -539.499|    37.82%|   0:00:01.0| 2907.4M|   WC_VIEW|  reg2reg| sfp_instance/R_6953/D                              |
|  -0.835|   -0.945|-475.418| -538.462|    37.83%|   0:00:01.0| 2945.6M|   WC_VIEW|  reg2reg| sfp_instance/R_6929/D                              |
|  -0.835|   -0.945|-473.297| -537.873|    37.83%|   0:00:01.0| 2945.6M|   WC_VIEW|  reg2reg| sfp_instance/R_8244/D                              |
|  -0.835|   -0.945|-472.918| -537.736|    37.84%|   0:00:00.0| 2945.6M|   WC_VIEW|  reg2reg| sfp_instance/R_7568/D                              |
|  -0.835|   -0.945|-472.319| -537.032|    37.85%|   0:00:01.0| 2945.6M|   WC_VIEW|  reg2reg| sfp_instance/R_8244/D                              |
|  -0.835|   -0.945|-471.688| -536.692|    37.85%|   0:00:00.0| 2945.6M|   WC_VIEW|  reg2reg| sfp_instance/R_8244/D                              |
|  -0.835|   -0.945|-470.618| -535.457|    37.85%|   0:00:01.0| 2945.6M|   WC_VIEW|  reg2reg| sfp_instance/R_6929/D                              |
|  -0.835|   -0.945|-469.589| -534.313|    37.85%|   0:00:00.0| 2945.6M|   WC_VIEW|  reg2reg| sfp_instance/R_8420/D                              |
|  -0.835|   -0.945|-469.177| -533.954|    37.86%|   0:00:01.0| 3002.8M|   WC_VIEW|  reg2reg| sfp_instance/R_8420/D                              |
|  -0.835|   -0.945|-468.864| -533.637|    37.86%|   0:00:00.0| 3002.8M|   WC_VIEW|  reg2reg| sfp_instance/R_8345/D                              |
|  -0.835|   -0.945|-467.869| -532.551|    37.86%|   0:00:02.0| 3002.8M|   WC_VIEW|  reg2reg| sfp_instance/R_6929/D                              |
|  -0.835|   -0.945|-466.845| -532.172|    37.86%|   0:00:00.0| 3002.8M|   WC_VIEW|  reg2reg| sfp_instance/div_18_u_div_u_add_PartRem_0_1_R_6649 |
|        |         |        |         |          |            |        |          |         | /D                                                 |
|  -0.834|   -0.945|-465.882| -530.649|    37.86%|   0:00:01.0| 3002.8M|   WC_VIEW|  reg2reg| sfp_instance/R_8020/D                              |
|  -0.834|   -0.945|-465.200| -530.175|    37.87%|   0:00:01.0| 3002.8M|   WC_VIEW|  reg2reg| sfp_instance/R_8420/D                              |
|  -0.834|   -0.945|-463.712| -528.576|    37.87%|   0:00:01.0| 3002.8M|   WC_VIEW|  reg2reg| sfp_instance/R_7568/D                              |
|  -0.834|   -0.945|-462.529| -526.774|    37.87%|   0:00:01.0| 3002.8M|   WC_VIEW|  reg2reg| sfp_instance/R_8420/D                              |
|  -0.834|   -0.945|-460.718| -524.929|    37.87%|   0:00:02.0| 3021.9M|   WC_VIEW|  reg2reg| sfp_instance/R_7304/D                              |
|  -0.834|   -0.945|-460.310| -524.247|    37.87%|   0:00:00.0| 3021.9M|   WC_VIEW|  reg2reg| sfp_instance/R_7304/D                              |
|  -0.834|   -0.945|-459.140| -522.894|    37.89%|   0:00:01.0| 3021.9M|   WC_VIEW|  reg2reg| sfp_instance/R_6596/D                              |
|  -0.834|   -0.945|-458.711| -522.500|    37.89%|   0:00:00.0| 3021.9M|   WC_VIEW|  reg2reg| sfp_instance/R_6596/D                              |
|  -0.834|   -0.945|-458.315| -522.102|    37.90%|   0:00:00.0| 3021.9M|   WC_VIEW|  reg2reg| sfp_instance/R_6596/D                              |
|  -0.834|   -0.945|-458.170| -521.976|    37.90%|   0:00:01.0| 3021.9M|   WC_VIEW|  reg2reg| sfp_instance/R_6596/D                              |
|  -0.834|   -0.945|-458.166| -521.973|    37.90%|   0:00:00.0| 3021.9M|   WC_VIEW|  reg2reg| sfp_instance/R_6596/D                              |
|  -0.834|   -0.945|-456.348| -520.043|    37.91%|   0:00:01.0| 3012.3M|   WC_VIEW|  reg2reg| sfp_instance/R_8257/D                              |
|  -0.834|   -0.945|-455.645| -519.645|    37.91%|   0:00:00.0| 3012.3M|   WC_VIEW|  reg2reg| sfp_instance/R_6746/D                              |
|  -0.834|   -0.945|-455.378| -519.287|    37.91%|   0:00:02.0| 3012.3M|   WC_VIEW|  reg2reg| sfp_instance/R_8257/D                              |
|  -0.834|   -0.945|-454.524| -519.280|    37.91%|   0:00:00.0| 3012.3M|   WC_VIEW|  reg2reg| sfp_instance/R_6746/D                              |
|  -0.834|   -0.945|-453.979| -518.982|    37.92%|   0:00:01.0| 3012.3M|   WC_VIEW|  reg2reg| sfp_instance/R_6746/D                              |
|  -0.834|   -0.945|-453.939| -518.725|    37.92%|   0:00:00.0| 3012.3M|   WC_VIEW|  reg2reg| sfp_instance/R_6746/D                              |
|  -0.834|   -0.945|-453.669| -518.088|    37.93%|   0:00:00.0| 3012.3M|   WC_VIEW|  reg2reg| sfp_instance/R_6746/D                              |
|  -0.834|   -0.945|-453.420| -517.152|    37.94%|   0:00:02.0| 3012.3M|   WC_VIEW|  reg2reg| sfp_instance/R_4023/D                              |
|  -0.834|   -0.945|-452.696| -516.445|    37.95%|   0:00:01.0| 3012.3M|   WC_VIEW|  reg2reg| sfp_instance/R_7110/D                              |
|  -0.834|   -0.945|-451.692| -516.090|    37.95%|   0:00:01.0| 3012.3M|   WC_VIEW|  reg2reg| sfp_instance/R_7110/D                              |
|  -0.834|   -0.945|-451.349| -515.998|    37.96%|   0:00:00.0| 3012.3M|   WC_VIEW|  reg2reg| sfp_instance/R_7110/D                              |
|  -0.834|   -0.945|-451.210| -515.667|    37.97%|   0:00:00.0| 3012.3M|   WC_VIEW|  reg2reg| sfp_instance/R_7110/D                              |
|  -0.834|   -0.945|-449.130| -514.912|    37.97%|   0:00:02.0| 3088.6M|   WC_VIEW|  reg2reg| sfp_instance/R_7735/D                              |
|  -0.834|   -0.945|-448.770| -514.338|    37.98%|   0:00:00.0| 3088.6M|   WC_VIEW|  reg2reg| sfp_instance/R_8021/D                              |
|  -0.834|   -0.945|-447.249| -512.745|    37.98%|   0:00:02.0| 3088.6M|   WC_VIEW|  reg2reg| sfp_instance/R_8607/D                              |
|  -0.834|   -0.945|-446.983| -512.029|    37.98%|   0:00:01.0| 3088.6M|   WC_VIEW|  reg2reg| sfp_instance/R_6975/D                              |
|  -0.834|   -0.945|-446.467| -511.500|    37.98%|   0:00:01.0| 3088.6M|   WC_VIEW|  reg2reg| sfp_instance/R_6965/D                              |
|  -0.834|   -0.945|-445.301| -510.274|    37.99%|   0:00:00.0| 3088.6M|   WC_VIEW|  reg2reg| sfp_instance/R_6965/D                              |
|  -0.834|   -0.945|-444.853| -510.025|    38.00%|   0:00:01.0| 3088.6M|   WC_VIEW|  reg2reg| sfp_instance/R_6965/D                              |
|  -0.834|   -0.945|-444.622| -509.793|    38.00%|   0:00:00.0| 3088.6M|   WC_VIEW|  reg2reg| sfp_instance/R_6965/D                              |
|  -0.834|   -0.945|-444.209| -509.115|    38.01%|   0:00:00.0| 3088.6M|   WC_VIEW|  reg2reg| sfp_instance/R_6965/D                              |
|  -0.834|   -0.945|-443.014| -508.123|    38.01%|   0:00:02.0| 3088.6M|   WC_VIEW|  reg2reg| sfp_instance/R_7588/D                              |
|  -0.834|   -0.945|-442.265| -507.408|    38.02%|   0:00:00.0| 3088.6M|   WC_VIEW|  reg2reg| sfp_instance/R_7482/D                              |
|  -0.834|   -0.945|-441.401| -506.719|    38.03%|   0:00:01.0| 3088.6M|   WC_VIEW|  reg2reg| sfp_instance/R_8417/D                              |
|  -0.834|   -0.945|-440.081| -505.784|    38.03%|   0:00:01.0| 3088.6M|   WC_VIEW|  reg2reg| sfp_instance/R_8200/D                              |
|  -0.834|   -0.945|-439.923| -505.626|    38.03%|   0:00:00.0| 3088.6M|   WC_VIEW|  reg2reg| sfp_instance/R_8417/D                              |
|  -0.832|   -0.944|-439.370| -504.788|    38.03%|   0:00:01.0| 3088.6M|   WC_VIEW|  reg2reg| sfp_instance/R_8200/D                              |
|  -0.832|   -0.944|-438.305| -502.800|    38.06%|   0:00:02.0| 3088.6M|   WC_VIEW|  reg2reg| sfp_instance/R_8200/D                              |
|  -0.832|   -0.944|-438.155| -502.650|    38.06%|   0:00:01.0| 3088.6M|   WC_VIEW|  reg2reg| sfp_instance/R_8200/D                              |
|  -0.832|   -0.944|-437.896| -502.390|    38.08%|   0:00:01.0| 3088.6M|   WC_VIEW|  reg2reg| sfp_instance/R_6925/D                              |
|  -0.832|   -0.944|-437.384| -502.135|    38.08%|   0:00:00.0| 3088.6M|   WC_VIEW|  reg2reg| sfp_instance/R_8417/D                              |
|  -0.832|   -0.944|-436.910| -501.747|    38.10%|   0:00:01.0| 3088.6M|   WC_VIEW|  reg2reg| sfp_instance/R_6925/D                              |
|  -0.832|   -0.944|-436.797| -501.634|    38.10%|   0:00:00.0| 3088.6M|   WC_VIEW|  reg2reg| sfp_instance/R_6925/D                              |
|  -0.832|   -0.944|-436.176| -501.328|    38.11%|   0:00:01.0| 3088.6M|   WC_VIEW|  reg2reg| sfp_instance/R_8417/D                              |
|  -0.832|   -0.944|-435.897| -501.056|    38.11%|   0:00:00.0| 3088.6M|   WC_VIEW|  reg2reg| sfp_instance/R_8417/D                              |
|  -0.832|   -0.944|-435.663| -500.790|    38.11%|   0:00:00.0| 3088.6M|   WC_VIEW|  reg2reg| sfp_instance/div_18_u_div_u_add_PartRem_0_1_R_7836 |
|        |         |        |         |          |            |        |          |         | /D                                                 |
|  -0.832|   -0.944|-435.464| -500.593|    38.11%|   0:00:01.0| 3088.6M|   WC_VIEW|  reg2reg| sfp_instance/R_7680/D                              |
|  -0.832|   -0.944|-435.220| -500.247|    38.12%|   0:00:01.0| 2916.9M|   WC_VIEW|  reg2reg| sfp_instance/R_8204/D                              |
|  -0.832|   -0.944|-440.970| -498.995|    38.14%|   0:00:05.0| 2916.9M|   WC_VIEW|  reg2reg| sfp_instance/R_8046/D                              |
|  -0.832|   -0.944|-440.439| -499.078|    38.14%|   0:00:00.0| 2936.0M|   WC_VIEW|  reg2reg| sfp_instance/R_7906/D                              |
|  -0.832|   -0.944|-439.482| -498.591|    38.14%|   0:00:02.0| 3050.5M|   WC_VIEW|  reg2reg| sfp_instance/div_18_u_div_u_add_PartRem_0_1_R_7836 |
|        |         |        |         |          |            |        |          |         | /D                                                 |
|  -0.832|   -0.944|-438.917| -497.913|    38.14%|   0:00:00.0| 3050.5M|   WC_VIEW|  reg2reg| sfp_instance/R_8421/D                              |
|  -0.832|   -0.944|-438.735| -497.796|    38.15%|   0:00:01.0| 3050.5M|   WC_VIEW|  reg2reg| sfp_instance/R_8421/D                              |
|  -0.832|   -0.944|-438.662| -497.657|    38.16%|   0:00:00.0| 3050.5M|   WC_VIEW|  reg2reg| sfp_instance/R_8421/D                              |
|  -0.832|   -0.944|-437.554| -496.922|    38.17%|   0:00:01.0| 3050.5M|   WC_VIEW|  reg2reg| sfp_instance/R_8147/D                              |
|  -0.832|   -0.944|-437.407| -496.772|    38.17%|   0:00:00.0| 3050.5M|   WC_VIEW|  reg2reg| sfp_instance/R_8200/D                              |
|  -0.832|   -0.944|-437.136| -496.608|    38.18%|   0:00:01.0| 3050.5M|   WC_VIEW|  reg2reg| sfp_instance/R_8200/D                              |
|  -0.832|   -0.944|-436.726| -496.195|    38.18%|   0:00:01.0| 3050.5M|   WC_VIEW|  reg2reg| sfp_instance/div_18_u_div_u_add_PartRem_0_6_R_4811 |
|        |         |        |         |          |            |        |          |         | /D                                                 |
|  -0.832|   -0.944|-436.697| -496.166|    38.18%|   0:00:01.0| 3050.5M|   WC_VIEW|  reg2reg| sfp_instance/div_18_u_div_u_add_PartRem_0_6_R_4811 |
|        |         |        |         |          |            |        |          |         | /D                                                 |
|  -0.832|   -0.944|-436.610| -496.080|    38.19%|   0:00:00.0| 3050.5M|   WC_VIEW|  reg2reg| sfp_instance/div_18_u_div_u_add_PartRem_0_6_R_4811 |
|        |         |        |         |          |            |        |          |         | /D                                                 |
|  -0.832|   -0.944|-436.275| -496.062|    38.19%|   0:00:00.0| 3050.5M|   WC_VIEW|  reg2reg| sfp_instance/R_6925/D                              |
|  -0.832|   -0.944|-435.873| -495.172|    38.20%|   0:00:01.0| 3050.5M|   WC_VIEW|  reg2reg| sfp_instance/R_6925/D                              |
|  -0.832|   -0.944|-435.858| -495.156|    38.20%|   0:00:00.0| 3050.5M|   WC_VIEW|  reg2reg| sfp_instance/R_6925/D                              |
|  -0.832|   -0.944|-435.630| -495.156|    38.20%|   0:00:00.0| 3050.5M|   WC_VIEW|  reg2reg| sfp_instance/R_8441/D                              |
|  -0.832|   -0.944|-435.406| -494.928|    38.21%|   0:00:02.0| 3050.5M|   WC_VIEW|  reg2reg| sfp_instance/R_8441/D                              |
|  -0.832|   -0.944|-435.255| -494.772|    38.21%|   0:00:01.0| 3050.5M|   WC_VIEW|  reg2reg| sfp_instance/R_8441/D                              |
|  -0.832|   -0.944|-435.204| -494.721|    38.21%|   0:00:00.0| 3050.5M|   WC_VIEW|  reg2reg| sfp_instance/R_8441/D                              |
|  -0.832|   -0.944|-434.130| -495.548|    38.23%|   0:00:01.0| 3050.5M|   WC_VIEW|  reg2reg| sfp_instance/R_8442/D                              |
|  -0.832|   -0.944|-433.460| -495.522|    38.23%|   0:00:01.0| 3050.5M|   WC_VIEW|  reg2reg| sfp_instance/R_8442/D                              |
|  -0.832|   -0.944|-433.414| -495.476|    38.23%|   0:00:00.0| 3050.5M|   WC_VIEW|  reg2reg| sfp_instance/R_8442/D                              |
|  -0.832|   -0.944|-433.377| -495.468|    38.24%|   0:00:01.0| 3050.5M|   WC_VIEW|  reg2reg| sfp_instance/R_8572/D                              |
|  -0.832|   -0.944|-433.157| -495.244|    38.24%|   0:00:00.0| 3050.5M|   WC_VIEW|  reg2reg| sfp_instance/R_8572/D                              |
|  -0.832|   -0.944|-433.074| -495.157|    38.25%|   0:00:01.0| 3050.5M|   WC_VIEW|  reg2reg| sfp_instance/R_7226/D                              |
|  -0.832|   -0.944|-432.932| -495.015|    38.25%|   0:00:00.0| 3050.5M|   WC_VIEW|  reg2reg| sfp_instance/sfp_out_sign1_reg_4_/D                |
|  -0.832|   -0.944|-432.217| -494.784|    38.26%|   0:00:01.0| 3050.5M|   WC_VIEW|  reg2reg| sfp_instance/sfp_out_sign1_reg_4_/D                |
|  -0.832|   -0.944|-431.776| -494.343|    38.26%|   0:00:00.0| 3050.5M|   WC_VIEW|  reg2reg| sfp_instance/sfp_out_sign1_reg_4_/D                |
|  -0.832|   -0.944|-431.587| -494.152|    38.26%|   0:00:01.0| 3050.5M|   WC_VIEW|  reg2reg| sfp_instance/sfp_out_sign1_reg_4_/D                |
|  -0.832|   -0.944|-431.583| -494.145|    38.26%|   0:00:00.0| 3050.5M|   WC_VIEW|  reg2reg| sfp_instance/sfp_out_sign1_reg_4_/D                |
|  -0.832|   -0.944|-431.422| -493.113|    38.27%|   0:00:00.0| 3050.5M|   WC_VIEW|  reg2reg| sfp_instance/sfp_out_sign1_reg_4_/D                |
|  -0.832|   -0.944|-431.249| -493.032|    38.28%|   0:00:01.0| 3050.5M|   WC_VIEW|  reg2reg| sfp_instance/R_8694/D                              |
|  -0.832|   -0.944|-431.222| -493.005|    38.28%|   0:00:00.0| 3050.5M|   WC_VIEW|  reg2reg| sfp_instance/R_8694/D                              |
|  -0.832|   -0.944|-430.860| -492.651|    38.29%|   0:00:01.0| 3050.5M|   WC_VIEW|  reg2reg| sfp_instance/R_8694/D                              |
|  -0.832|   -0.944|-430.816| -492.602|    38.29%|   0:00:00.0| 3050.5M|   WC_VIEW|  reg2reg| sfp_instance/R_8694/D                              |
|  -0.832|   -0.944|-430.641| -492.427|    38.30%|   0:00:01.0| 3050.5M|   WC_VIEW|  reg2reg| sfp_instance/R_8694/D                              |
|  -0.832|   -0.944|-430.640| -492.426|    38.30%|   0:00:00.0| 3050.5M|   WC_VIEW|  reg2reg| sfp_instance/R_8694/D                              |
|  -0.832|   -0.944|-430.258| -492.044|    38.30%|   0:00:01.0| 3050.5M|   WC_VIEW|  reg2reg| sfp_instance/R_7732/D                              |
|  -0.832|   -0.944|-429.880| -491.813|    38.31%|   0:00:00.0| 3050.5M|   WC_VIEW|  reg2reg| sfp_instance/div_18_u_div_u_add_PartRem_0_7_R_5432 |
|        |         |        |         |          |            |        |          |         | /D                                                 |
|  -0.832|   -0.944|-429.848| -491.781|    38.31%|   0:00:01.0| 3050.5M|   WC_VIEW|  reg2reg| sfp_instance/div_18_u_div_u_add_PartRem_0_7_R_5432 |
|        |         |        |         |          |            |        |          |         | /D                                                 |
|  -0.832|   -0.944|-429.527| -491.543|    38.32%|   0:00:00.0| 3050.5M|   WC_VIEW|  reg2reg| sfp_instance/R_7387/D                              |
|  -0.832|   -0.944|-429.506| -491.522|    38.32%|   0:00:01.0| 3050.5M|   WC_VIEW|  reg2reg| sfp_instance/R_7387/D                              |
|  -0.832|   -0.944|-428.695| -490.709|    38.32%|   0:00:00.0| 3050.5M|   WC_VIEW|  reg2reg| sfp_instance/R_8667/D                              |
|  -0.832|   -0.944|-428.638| -490.653|    38.33%|   0:00:00.0| 3050.5M|   WC_VIEW|  reg2reg| sfp_instance/R_8667/D                              |
|  -0.832|   -0.944|-428.554| -490.568|    38.33%|   0:00:01.0| 3050.5M|   WC_VIEW|  reg2reg| sfp_instance/R_8667/D                              |
|  -0.832|   -0.944|-428.352| -490.367|    38.33%|   0:00:00.0| 3050.5M|   WC_VIEW|  reg2reg| sfp_instance/R_8667/D                              |
|  -0.832|   -0.944|-428.350| -490.365|    38.33%|   0:00:00.0| 3050.5M|   WC_VIEW|  reg2reg| sfp_instance/R_8667/D                              |
|  -0.832|   -0.944|-428.081| -490.072|    38.34%|   0:00:01.0| 3050.5M|   WC_VIEW|  reg2reg| sfp_instance/R_7588/D                              |
|  -0.832|   -0.944|-427.917| -489.894|    38.34%|   0:00:00.0| 3050.5M|   WC_VIEW|  reg2reg| sfp_instance/R_7588/D                              |
|  -0.832|   -0.944|-427.855| -489.844|    38.34%|   0:00:01.0| 3050.5M|   WC_VIEW|  reg2reg| sfp_instance/R_8686/D                              |
|  -0.832|   -0.944|-427.590| -489.578|    38.34%|   0:00:00.0| 3050.5M|   WC_VIEW|  reg2reg| sfp_instance/R_8686/D                              |
|  -0.832|   -0.944|-427.520| -489.507|    38.35%|   0:00:01.0| 3050.5M|   WC_VIEW|  reg2reg| sfp_instance/R_7987/D                              |
|  -0.832|   -0.944|-427.264| -489.252|    38.35%|   0:00:00.0| 3050.5M|   WC_VIEW|  reg2reg| sfp_instance/R_7987/D                              |
|  -0.832|   -0.944|-427.095| -489.011|    38.36%|   0:00:01.0| 3050.5M|   WC_VIEW|  reg2reg| sfp_instance/R_6595/D                              |
|  -0.832|   -0.944|-427.052| -488.960|    38.36%|   0:00:00.0| 3050.5M|   WC_VIEW|  reg2reg| sfp_instance/R_6595/D                              |
|  -0.832|   -0.944|-427.043| -488.951|    38.36%|   0:00:00.0| 3050.5M|   WC_VIEW|  reg2reg| sfp_instance/R_8577/D                              |
|  -0.832|   -0.944|-426.921| -488.828|    38.36%|   0:00:01.0| 3050.5M|   WC_VIEW|  reg2reg| sfp_instance/R_7227/D                              |
|  -0.832|   -0.944|-426.871| -488.764|    38.36%|   0:00:00.0| 3050.5M|   WC_VIEW|  reg2reg| sfp_instance/R_7987/D                              |
|  -0.832|   -0.944|-426.731| -488.547|    38.37%|   0:00:01.0| 3050.5M|   WC_VIEW|  reg2reg| sfp_instance/R_7987/D                              |
|  -0.832|   -0.944|-426.720| -488.535|    38.37%|   0:00:00.0| 3050.5M|   WC_VIEW|  reg2reg| sfp_instance/R_7987/D                              |
|  -0.833|   -0.944|-426.379| -488.193|    38.37%|   0:00:01.0| 3050.5M|   WC_VIEW|  reg2reg| sfp_instance/R_8492/D                              |
|  -0.833|   -0.944|-426.318| -488.132|    38.37%|   0:00:00.0| 3050.5M|   WC_VIEW|  reg2reg| sfp_instance/R_8492/D                              |
|  -0.833|   -0.944|-426.314| -488.128|    38.37%|   0:00:01.0| 3050.5M|   WC_VIEW|  reg2reg| sfp_instance/R_7271/D                              |
|  -0.833|   -0.944|-425.840| -487.659|    38.39%|   0:00:01.0| 3050.5M|   WC_VIEW|  reg2reg| sfp_instance/R_8661/D                              |
|  -0.833|   -0.944|-425.840| -487.659|    38.39%|   0:00:00.0| 3050.5M|   WC_VIEW|  reg2reg| sfp_instance/R_8661/D                              |
|  -0.833|   -0.944|-425.776| -487.595|    38.39%|   0:00:01.0| 3050.5M|   WC_VIEW|  reg2reg| sfp_instance/R_7245/D                              |
|  -0.833|   -0.944|-425.769| -487.527|    38.39%|   0:00:00.0| 3050.5M|   WC_VIEW|  reg2reg| sfp_instance/R_7245/D                              |
|  -0.833|   -0.944|-425.564| -487.376|    38.40%|   0:00:01.0| 3050.5M|   WC_VIEW|  reg2reg| sfp_instance/R_8493/D                              |
|  -0.833|   -0.944|-425.625| -487.436|    38.40%|   0:00:01.0| 3050.5M|   WC_VIEW|  reg2reg| sfp_instance/sfp_out_sign5_reg_4_/D                |
|  -0.833|   -0.944|-425.622| -487.434|    38.40%|   0:00:00.0| 3050.5M|   WC_VIEW|  reg2reg| sfp_instance/sfp_out_sign5_reg_4_/D                |
|  -0.833|   -0.944|-425.645| -487.443|    38.40%|   0:00:01.0| 3050.5M|   WC_VIEW|  reg2reg| sfp_instance/R_6080/D                              |
|  -0.833|   -0.944|-425.642| -487.440|    38.41%|   0:00:00.0| 3050.5M|   WC_VIEW|  reg2reg| sfp_instance/R_6080/D                              |
|  -0.833|   -0.944|-425.646| -487.444|    38.41%|   0:00:01.0| 3050.5M|   WC_VIEW|  reg2reg| sfp_instance/sfp_out_sign5_reg_5_/D                |
|  -0.833|   -0.944|-425.642| -487.440|    38.41%|   0:00:00.0| 3050.5M|   WC_VIEW|  reg2reg| sfp_instance/sfp_out_sign5_reg_5_/D                |
|  -0.833|   -0.944|-425.639| -487.437|    38.41%|   0:00:00.0| 3050.5M|   WC_VIEW|  reg2reg| sfp_instance/sfp_out_sign5_reg_5_/D                |
|  -0.833|   -0.944|-425.608| -487.406|    38.41%|   0:00:00.0| 3050.5M|   WC_VIEW|  reg2reg| sfp_instance/sfp_out_sign4_reg_3_/D                |
|  -0.833|   -0.944|-425.552| -487.349|    38.41%|   0:00:00.0| 3050.5M|   WC_VIEW|  reg2reg| sfp_instance/sfp_out_sign4_reg_3_/D                |
|  -0.833|   -0.944|-425.225| -486.870|    38.41%|   0:00:01.0| 3050.5M|   WC_VIEW|  reg2reg| sfp_instance/sfp_out_sign4_reg_3_/D                |
|  -0.833|   -0.944|-425.222| -486.867|    38.41%|   0:00:01.0| 3050.5M|   WC_VIEW|  reg2reg| sfp_instance/sfp_out_sign4_reg_3_/D                |
|  -0.833|   -0.944|-425.217| -486.862|    38.41%|   0:00:00.0| 3050.5M|   WC_VIEW|  reg2reg| sfp_instance/sfp_out_sign4_reg_3_/D                |
|  -0.833|   -0.944|-424.943| -486.597|    38.41%|   0:00:00.0| 3050.5M|   WC_VIEW|  reg2reg| sfp_instance/sfp_out_sign2_reg_4_/D                |
|  -0.833|   -0.944|-424.663| -486.477|    38.41%|   0:00:00.0| 3050.5M|   WC_VIEW|  reg2reg| sfp_instance/sfp_out_sign6_reg_4_/D                |
|  -0.833|   -0.944|-424.582| -486.477|    38.42%|   0:00:01.0| 3050.5M|   WC_VIEW|  reg2reg| sfp_instance/sfp_out_sign6_reg_4_/D                |
|  -0.833|   -0.944|-424.570| -486.506|    38.42%|   0:00:00.0| 3050.5M|   WC_VIEW|  reg2reg| sfp_instance/sfp_out_sign6_reg_4_/D                |
|  -0.833|   -0.944|-424.569| -486.506|    38.42%|   0:00:00.0| 3050.5M|   WC_VIEW|  reg2reg| sfp_instance/sfp_out_sign0_reg_3_/D                |
|  -0.833|   -0.944|-427.844| -488.482|    38.42%|   0:00:02.0| 3050.5M|   WC_VIEW|  reg2reg| sfp_instance/sfp_out_sign4_reg_4_/D                |
|  -0.833|   -0.944|-427.839| -488.476|    38.42%|   0:00:00.0| 3050.5M|   WC_VIEW|  reg2reg| sfp_instance/sfp_out_sign4_reg_4_/D                |
|  -0.833|   -0.944|-427.775| -488.413|    38.42%|   0:00:00.0| 3050.5M|   WC_VIEW|  reg2reg| sfp_instance/sfp_out_sign0_reg_3_/D                |
|  -0.833|   -0.944|-427.766| -488.403|    38.43%|   0:00:01.0| 3050.5M|   WC_VIEW|  reg2reg| sfp_instance/sfp_out_sign0_reg_3_/D                |
|  -0.833|   -0.944|-427.698| -488.336|    38.43%|   0:00:01.0| 3050.5M|   WC_VIEW|  reg2reg| sfp_instance/sfp_out_sign7_reg_5_/D                |
|  -0.833|   -0.944|-427.658| -488.295|    38.43%|   0:00:00.0| 3050.5M|   WC_VIEW|  reg2reg| sfp_instance/sfp_out_sign7_reg_5_/D                |
|  -0.833|   -0.944|-427.623| -488.252|    38.44%|   0:00:00.0| 3050.5M|   WC_VIEW|  reg2reg| sfp_instance/sfp_out_sign7_reg_5_/D                |
|  -0.833|   -0.944|-427.614| -488.243|    38.44%|   0:00:01.0| 3050.5M|   WC_VIEW|  reg2reg| sfp_instance/sfp_out_sign7_reg_5_/D                |
|  -0.833|   -0.944|-427.535| -488.162|    38.44%|   0:00:00.0| 3050.5M|   WC_VIEW|  reg2reg| sfp_instance/sfp_out_sign4_reg_5_/D                |
|  -0.833|   -0.944|-427.527| -488.155|    38.44%|   0:00:00.0| 3050.5M|   WC_VIEW|  reg2reg| sfp_instance/sfp_out_sign4_reg_5_/D                |
|  -0.833|   -0.944|-427.511| -488.138|    38.44%|   0:00:00.0| 3050.5M|   WC_VIEW|  reg2reg| sfp_instance/sfp_out_sign0_reg_5_/D                |
|  -0.833|   -0.945|-427.500| -488.127|    38.44%|   0:00:01.0| 3050.5M|   WC_VIEW|  reg2reg| sfp_instance/R_8248/D                              |
|  -0.833|   -0.945|-421.668| -482.295|    38.45%|   0:00:02.0| 2936.0M|   WC_VIEW|  reg2reg| sfp_instance/R_8559/D                              |
|  -0.833|   -0.945|-419.272| -479.900|    38.45%|   0:00:00.0| 2936.0M|   WC_VIEW|  reg2reg| sfp_instance/R_8559/D                              |
|  -0.833|   -0.945|-410.789| -471.417|    38.45%|   0:00:00.0| 2936.0M|   WC_VIEW|  reg2reg| sfp_instance/R_8559/D                              |
|  -0.833|   -0.945|-397.508| -458.136|    38.45%|   0:00:00.0| 2936.0M|   WC_VIEW|  reg2reg| ofifo_inst/col_idx_6__fifo_instance/fifo_mem_reg_0 |
|        |         |        |         |          |            |        |          |         | __17_/D                                            |
|  -0.833|   -0.945|-393.247| -453.874|    38.45%|   0:00:00.0| 2936.0M|   WC_VIEW|  reg2reg| ofifo_inst/col_idx_1__fifo_instance/fifo_mem_reg_1 |
|        |         |        |         |          |            |        |          |         | 4__19_/D                                           |
|  -0.833|   -0.945|-389.407| -450.034|    38.45%|   0:00:01.0| 2936.0M|   WC_VIEW|  reg2reg| ofifo_inst/col_idx_1__fifo_instance/fifo_mem_reg_1 |
|        |         |        |         |          |            |        |          |         | 4__19_/D                                           |
|  -0.833|   -0.945|-384.909| -445.536|    38.45%|   0:00:00.0| 2936.0M|   WC_VIEW|  reg2reg| ofifo_inst/col_idx_2__fifo_instance/fifo_mem_reg_8 |
|        |         |        |         |          |            |        |          |         | __19_/D                                            |
|  -0.833|   -0.945|-384.217| -444.842|    38.45%|   0:00:00.0| 2936.0M|   WC_VIEW|  reg2reg| ofifo_inst/col_idx_1__fifo_instance/fifo_mem_reg_1 |
|        |         |        |         |          |            |        |          |         | 4__19_/D                                           |
|  -0.833|   -0.945|-383.953| -444.577|    38.45%|   0:00:00.0| 2936.0M|   WC_VIEW|  reg2reg| ofifo_inst/col_idx_1__fifo_instance/fifo_mem_reg_1 |
|        |         |        |         |          |            |        |          |         | 4__19_/D                                           |
|  -0.833|   -0.945|-383.890| -444.514|    38.45%|   0:00:00.0| 2936.0M|   WC_VIEW|  reg2reg| ofifo_inst/col_idx_2__fifo_instance/fifo_mem_reg_8 |
|        |         |        |         |          |            |        |          |         | __19_/D                                            |
|  -0.833|   -0.945|-383.878| -444.425|    38.45%|   0:00:00.0| 2936.0M|   WC_VIEW|  reg2reg| ofifo_inst/col_idx_2__fifo_instance/fifo_mem_reg_8 |
|        |         |        |         |          |            |        |          |         | __19_/D                                            |
|  -0.833|   -0.945|-383.871| -444.418|    38.45%|   0:00:01.0| 2936.0M|   WC_VIEW|  reg2reg| sfp_instance/sfp_out_sign3_reg_7_/D                |
|  -0.833|   -0.945|-383.872| -444.351|    38.46%|   0:00:00.0| 2936.0M|   WC_VIEW|  reg2reg| sfp_instance/R_8514/D                              |
+--------+---------+--------+---------+----------+------------+--------+----------+---------+----------------------------------------------------+

*** Finish Core Optimize Step (cpu=0:08:40 real=0:02:02 mem=2936.0M) ***
Active Path Group: default 
+--------+---------+--------+---------+----------+------------+--------+----------+---------+----------------------------------------------------+
|  WNS   | All WNS |  TNS   | All TNS | Density  |    Real    |  Mem   |Worst View|Pathgroup|                     End Point                      |
+--------+---------+--------+---------+----------+------------+--------+----------+---------+----------------------------------------------------+
|  -0.945|   -0.945|-444.351| -444.351|    38.46%|   0:00:00.0| 2936.0M|   WC_VIEW|  default| sfp_instance/R_8514/D                              |
|  -0.938|   -0.938|-441.071| -441.071|    38.46%|   0:00:01.0| 2936.0M|   WC_VIEW|  default| sfp_instance/R_8514/D                              |
|  -0.931|   -0.931|-436.570| -436.570|    38.46%|   0:00:01.0| 2936.0M|   WC_VIEW|  default| sfp_instance/R_8514/D                              |
|  -0.931|   -0.931|-436.494| -436.494|    38.46%|   0:00:01.0| 2936.0M|   WC_VIEW|  default| sfp_instance/R_8514/D                              |
|  -0.932|   -0.932|-436.653| -436.653|    38.46%|   0:00:01.0| 2936.0M|   WC_VIEW|  default| sfp_instance/R_7016/D                              |
|  -0.932|   -0.932|-436.650| -436.650|    38.46%|   0:00:00.0| 2936.0M|   WC_VIEW|  default| sfp_instance/R_6872/D                              |
|  -0.932|   -0.932|-436.643| -436.643|    38.46%|   0:00:00.0| 2936.0M|   WC_VIEW|  default| sfp_instance/R_6405/D                              |
|  -0.932|   -0.932|-436.633| -436.633|    38.46%|   0:00:00.0| 2936.0M|   WC_VIEW|  default| sfp_instance/R_6746/D                              |
|  -0.932|   -0.932|-436.632| -436.632|    38.46%|   0:00:00.0| 2936.0M|   WC_VIEW|  default| sfp_instance/R_6746/D                              |
|  -0.932|   -0.932|-436.525| -436.525|    38.46%|   0:00:01.0| 2936.0M|   WC_VIEW|  default| sfp_instance/R_6746/D                              |
|  -0.932|   -0.932|-436.521| -436.521|    38.46%|   0:00:00.0| 2936.0M|   WC_VIEW|  default| sfp_instance/R_7076/D                              |
|  -0.932|   -0.932|-436.518| -436.518|    38.46%|   0:00:00.0| 2936.0M|   WC_VIEW|  default| sfp_instance/R_7076/D                              |
|  -0.932|   -0.932|-435.817| -435.817|    38.47%|   0:00:01.0| 2936.0M|   WC_VIEW|  default| sfp_instance/R_6965/D                              |
|  -0.932|   -0.932|-435.652| -435.652|    38.47%|   0:00:00.0| 2936.0M|   WC_VIEW|  default| sfp_instance/R_6965/D                              |
|  -0.932|   -0.932|-435.364| -435.364|    38.49%|   0:00:00.0| 2936.0M|   WC_VIEW|  default| sfp_instance/R_6965/D                              |
|  -0.932|   -0.932|-435.356| -435.356|    38.49%|   0:00:01.0| 2936.0M|   WC_VIEW|  default| sfp_instance/R_6965/D                              |
|  -0.932|   -0.932|-435.133| -435.133|    38.49%|   0:00:00.0| 2936.0M|   WC_VIEW|  default| sfp_instance/R_6965/D                              |
|  -0.932|   -0.932|-435.042| -435.042|    38.50%|   0:00:01.0| 2936.0M|   WC_VIEW|  default| sfp_instance/R_8420/D                              |
|  -0.932|   -0.932|-434.453| -434.453|    38.50%|   0:00:00.0| 2936.0M|   WC_VIEW|  default| sfp_instance/R_8099/D                              |
|  -0.932|   -0.932|-434.179| -434.179|    38.50%|   0:00:01.0| 2936.0M|   WC_VIEW|  default| sfp_instance/R_6914/D                              |
|  -0.932|   -0.932|-433.871| -433.871|    38.50%|   0:00:00.0| 2936.0M|   WC_VIEW|  default| sfp_instance/R_6914/D                              |
|  -0.932|   -0.932|-433.770| -433.770|    38.51%|   0:00:00.0| 2936.0M|   WC_VIEW|  default| sfp_instance/R_6914/D                              |
|  -0.932|   -0.932|-433.460| -433.460|    38.51%|   0:00:00.0| 2936.0M|   WC_VIEW|  default| sfp_instance/R_8781/D                              |
|  -0.932|   -0.932|-433.434| -433.434|    38.52%|   0:00:01.0| 3012.3M|   WC_VIEW|  default| sfp_instance/R_6914/D                              |
|  -0.932|   -0.932|-433.278| -433.278|    38.52%|   0:00:01.0| 3012.3M|   WC_VIEW|  default| sfp_instance/R_6914/D                              |
|  -0.932|   -0.932|-433.062| -433.062|    38.53%|   0:00:00.0| 3012.3M|   WC_VIEW|  default| sfp_instance/R_6914/D                              |
|  -0.932|   -0.932|-433.051| -433.051|    38.53%|   0:00:01.0| 3012.3M|   WC_VIEW|  default| sfp_instance/R_6914/D                              |
|  -0.932|   -0.932|-431.802| -431.802|    38.54%|   0:00:00.0| 3012.3M|   WC_VIEW|  default| sfp_instance/div_18_u_div_u_add_PartRem_0_2_R_5529 |
|        |         |        |         |          |            |        |          |         | /D                                                 |
|  -0.932|   -0.932|-430.241| -430.241|    38.54%|   0:00:01.0| 3012.3M|   WC_VIEW|  default| sfp_instance/div_18_u_div_u_add_PartRem_0_2_R_5529 |
|        |         |        |         |          |            |        |          |         | /D                                                 |
|  -0.932|   -0.932|-429.296| -429.296|    38.56%|   0:00:00.0| 3012.3M|   WC_VIEW|  default| sfp_instance/R_6913/D                              |
|  -0.932|   -0.932|-428.848| -428.848|    38.56%|   0:00:01.0| 3012.3M|   WC_VIEW|  default| sfp_instance/R_6913/D                              |
|  -0.932|   -0.932|-428.731| -428.731|    38.56%|   0:00:00.0| 3088.6M|   WC_VIEW|  default| sfp_instance/R_6913/D                              |
|  -0.932|   -0.932|-428.393| -428.393|    38.57%|   0:00:01.0| 3088.6M|   WC_VIEW|  default| sfp_instance/R_6913/D                              |
|  -0.932|   -0.932|-428.318| -428.318|    38.57%|   0:00:00.0| 3088.6M|   WC_VIEW|  default| sfp_instance/R_6913/D                              |
|  -0.932|   -0.932|-428.199| -428.199|    38.57%|   0:00:00.0| 3088.6M|   WC_VIEW|  default| sfp_instance/R_6913/D                              |
|  -0.932|   -0.932|-427.869| -427.869|    38.59%|   0:00:01.0| 3088.6M|   WC_VIEW|  default| sfp_instance/R_6917/D                              |
|  -0.932|   -0.932|-427.435| -427.435|    38.59%|   0:00:00.0| 3088.6M|   WC_VIEW|  default| sfp_instance/R_6917/D                              |
|  -0.932|   -0.932|-426.663| -426.663|    38.61%|   0:00:01.0| 3088.6M|   WC_VIEW|  default| sfp_instance/R_7840/D                              |
|  -0.932|   -0.932|-426.520| -426.520|    38.61%|   0:00:00.0| 3088.6M|   WC_VIEW|  default| sfp_instance/R_8412/D                              |
|  -0.932|   -0.932|-426.277| -426.277|    38.65%|   0:00:04.0| 3088.6M|   WC_VIEW|  default| sfp_instance/R_8048/D                              |
|  -0.932|   -0.932|-425.763| -425.763|    38.65%|   0:00:00.0| 3088.6M|   WC_VIEW|  default| sfp_instance/R_8487/D                              |
|  -0.932|   -0.932|-425.617| -425.617|    38.66%|   0:00:01.0| 3088.6M|   WC_VIEW|  default| sfp_instance/R_7708/D                              |
|  -0.932|   -0.932|-425.580| -425.580|    38.66%|   0:00:00.0| 3088.6M|   WC_VIEW|  default| sfp_instance/R_7708/D                              |
|  -0.932|   -0.932|-425.201| -425.201|    38.67%|   0:00:01.0| 3088.6M|   WC_VIEW|  default| sfp_instance/R_8228/D                              |
|  -0.932|   -0.932|-425.185| -425.185|    38.67%|   0:00:00.0| 3088.6M|   WC_VIEW|  default| sfp_instance/R_8228/D                              |
|  -0.932|   -0.932|-425.056| -425.056|    38.68%|   0:00:01.0| 3088.6M|   WC_VIEW|  default| sfp_instance/div_18_u_div_u_add_PartRem_0_2_R_3916 |
|        |         |        |         |          |            |        |          |         | /D                                                 |
|  -0.932|   -0.932|-425.036| -425.036|    38.68%|   0:00:00.0| 3088.6M|   WC_VIEW|  default| sfp_instance/div_18_u_div_u_add_PartRem_0_2_R_3916 |
|        |         |        |         |          |            |        |          |         | /D                                                 |
|  -0.932|   -0.932|-424.971| -424.971|    38.68%|   0:00:00.0| 3088.6M|   WC_VIEW|  default| sfp_instance/div_18_u_div_u_add_PartRem_0_2_R_3916 |
|        |         |        |         |          |            |        |          |         | /D                                                 |
|  -0.932|   -0.932|-424.742| -424.742|    38.69%|   0:00:01.0| 3088.6M|   WC_VIEW|  default| sfp_instance/R_7990/D                              |
|  -0.932|   -0.932|-424.068| -424.068|    38.69%|   0:00:01.0| 3088.6M|   WC_VIEW|  default| sfp_instance/R_8440/D                              |
|  -0.932|   -0.932|-424.001| -424.001|    38.69%|   0:00:00.0| 3088.6M|   WC_VIEW|  default| sfp_instance/R_8440/D                              |
|  -0.932|   -0.932|-432.260| -432.260|    38.71%|   0:00:02.0| 3088.6M|   WC_VIEW|  default| sfp_instance/R_8571/D                              |
|  -0.932|   -0.932|-430.004| -430.004|    38.71%|   0:00:00.0| 3088.6M|   WC_VIEW|  default| sfp_instance/R_8571/D                              |
|  -0.932|   -0.932|-427.174| -427.174|    38.71%|   0:00:00.0| 3088.6M|   WC_VIEW|  default| sfp_instance/R_8571/D                              |
|  -0.932|   -0.932|-424.593| -424.593|    38.71%|   0:00:01.0| 3088.6M|   WC_VIEW|  default| sfp_instance/R_8571/D                              |
|  -0.932|   -0.932|-423.257| -423.257|    38.71%|   0:00:00.0| 3088.6M|   WC_VIEW|  default| sfp_instance/div_18_u_div_u_add_PartRem_0_1_R_7453 |
|        |         |        |         |          |            |        |          |         | /D                                                 |
|  -0.932|   -0.932|-422.868| -422.868|    38.71%|   0:00:01.0| 3088.6M|   WC_VIEW|  default| sfp_instance/div_18_u_div_u_add_PartRem_0_1_R_7453 |
|        |         |        |         |          |            |        |          |         | /D                                                 |
|  -0.932|   -0.932|-422.629| -422.629|    38.72%|   0:00:00.0| 3088.6M|   WC_VIEW|  default| sfp_instance/div_18_u_div_u_add_PartRem_0_1_R_7453 |
|        |         |        |         |          |            |        |          |         | /D                                                 |
|  -0.932|   -0.932|-422.357| -422.357|    38.72%|   0:00:01.0| 3088.6M|   WC_VIEW|  default| sfp_instance/R_8571/D                              |
|  -0.932|   -0.932|-421.983| -421.983|    38.72%|   0:00:00.0| 3088.6M|   WC_VIEW|  default| sfp_instance/div_18_u_div_u_add_PartRem_0_2_R_9331 |
|        |         |        |         |          |            |        |          |         | /D                                                 |
|  -0.932|   -0.932|-421.652| -421.652|    38.72%|   0:00:01.0| 3088.6M|   WC_VIEW|  default| sfp_instance/R_7460/D                              |
|  -0.932|   -0.932|-421.366| -421.366|    38.73%|   0:00:01.0| 3088.6M|   WC_VIEW|  default| sfp_instance/R_7460/D                              |
|  -0.932|   -0.932|-421.257| -421.257|    38.73%|   0:00:00.0| 3088.6M|   WC_VIEW|  default| sfp_instance/R_7460/D                              |
|  -0.932|   -0.932|-421.122| -421.122|    38.73%|   0:00:00.0| 3088.6M|   WC_VIEW|  default| sfp_instance/R_7530/D                              |
|  -0.932|   -0.932|-420.834| -420.834|    38.73%|   0:00:02.0| 3088.6M|   WC_VIEW|  default| sfp_instance/R_6896/D                              |
|  -0.932|   -0.932|-420.827| -420.827|    38.73%|   0:00:00.0| 3088.6M|   WC_VIEW|  default| sfp_instance/R_6896/D                              |
|  -0.932|   -0.932|-420.820| -420.820|    38.73%|   0:00:01.0| 3088.6M|   WC_VIEW|  default| sfp_instance/R_6896/D                              |
|  -0.932|   -0.932|-420.599| -420.599|    38.75%|   0:00:02.0| 3088.6M|   WC_VIEW|  default| sfp_instance/R_8815/D                              |
|  -0.932|   -0.932|-420.582| -420.582|    38.75%|   0:00:00.0| 3088.6M|   WC_VIEW|  default| sfp_instance/R_8815/D                              |
|  -0.932|   -0.932|-420.384| -420.384|    38.77%|   0:00:01.0| 3088.6M|   WC_VIEW|  default| sfp_instance/R_8080/D                              |
|  -0.932|   -0.932|-420.327| -420.327|    38.77%|   0:00:00.0| 3069.6M|   WC_VIEW|  default| sfp_instance/R_8080/D                              |
|  -0.932|   -0.932|-419.851| -419.851|    38.78%|   0:00:01.0| 3069.6M|   WC_VIEW|  default| sfp_instance/R_7200/D                              |
|  -0.932|   -0.932|-419.720| -419.720|    38.78%|   0:00:00.0| 3069.6M|   WC_VIEW|  default| sfp_instance/R_4805/D                              |
|  -0.932|   -0.932|-419.654| -419.654|    38.79%|   0:00:01.0| 3069.6M|   WC_VIEW|  default| sfp_instance/R_9610/D                              |
|  -0.932|   -0.932|-419.601| -419.601|    38.79%|   0:00:00.0| 3069.6M|   WC_VIEW|  default| sfp_instance/R_9610/D                              |
|  -0.932|   -0.932|-419.417| -419.417|    38.79%|   0:00:01.0| 3069.6M|   WC_VIEW|  default| sfp_instance/div_18_u_div_u_add_PartRem_0_3_R_5438 |
|        |         |        |         |          |            |        |          |         | /D                                                 |
|  -0.932|   -0.932|-419.280| -419.280|    38.79%|   0:00:01.0| 3069.6M|   WC_VIEW|  default| sfp_instance/div_18_u_div_u_add_PartRem_0_3_R_5438 |
|        |         |        |         |          |            |        |          |         | /D                                                 |
|  -0.932|   -0.932|-419.204| -419.204|    38.79%|   0:00:00.0| 3069.6M|   WC_VIEW|  default| sfp_instance/div_18_u_div_u_add_PartRem_0_3_R_5438 |
|        |         |        |         |          |            |        |          |         | /D                                                 |
|  -0.932|   -0.932|-419.167| -419.167|    38.79%|   0:00:00.0| 3069.6M|   WC_VIEW|  default| sfp_instance/div_18_u_div_u_add_PartRem_0_3_R_5438 |
|        |         |        |         |          |            |        |          |         | /D                                                 |
|  -0.932|   -0.932|-419.008| -419.008|    38.80%|   0:00:00.0| 3069.6M|   WC_VIEW|  default| sfp_instance/R_8049/D                              |
|  -0.932|   -0.932|-418.849| -418.849|    38.80%|   0:00:01.0| 3069.6M|   WC_VIEW|  default| sfp_instance/R_7691/D                              |
|  -0.932|   -0.932|-418.686| -418.686|    38.80%|   0:00:00.0| 3069.6M|   WC_VIEW|  default| sfp_instance/R_8040/D                              |
|  -0.932|   -0.932|-418.277| -418.277|    38.81%|   0:00:01.0| 3069.6M|   WC_VIEW|  default| sfp_instance/div_18_u_div_u_add_PartRem_0_3_R_8540 |
|        |         |        |         |          |            |        |          |         | /D                                                 |
|  -0.932|   -0.932|-418.262| -418.262|    38.81%|   0:00:00.0| 3069.6M|   WC_VIEW|  default| sfp_instance/div_18_u_div_u_add_PartRem_0_3_R_8540 |
|        |         |        |         |          |            |        |          |         | /D                                                 |
|  -0.932|   -0.932|-418.220| -418.220|    38.81%|   0:00:00.0| 3069.6M|   WC_VIEW|  default| sfp_instance/div_18_u_div_u_add_PartRem_0_3_R_8540 |
|        |         |        |         |          |            |        |          |         | /D                                                 |
|  -0.932|   -0.932|-418.205| -418.205|    38.81%|   0:00:01.0| 3069.6M|   WC_VIEW|  default| sfp_instance/R_6561/D                              |
|  -0.932|   -0.932|-418.159| -418.159|    38.82%|   0:00:00.0| 3069.6M|   WC_VIEW|  default| sfp_instance/R_6561/D                              |
|  -0.932|   -0.932|-417.709| -417.709|    38.83%|   0:00:01.0| 3069.6M|   WC_VIEW|  default| sfp_instance/R_8492/D                              |
|  -0.932|   -0.932|-417.704| -417.704|    38.83%|   0:00:00.0| 3069.6M|   WC_VIEW|  default| sfp_instance/R_8492/D                              |
|  -0.932|   -0.932|-417.661| -417.661|    38.83%|   0:00:01.0| 3069.6M|   WC_VIEW|  default| sfp_instance/R_7584/D                              |
|  -0.932|   -0.932|-417.661| -417.661|    38.83%|   0:00:00.0| 3069.6M|   WC_VIEW|  default| sfp_instance/R_7584/D                              |
|  -0.932|   -0.932|-417.549| -417.549|    38.84%|   0:00:00.0| 3069.6M|   WC_VIEW|  default| sfp_instance/R_8492/D                              |
|  -0.932|   -0.932|-417.520| -417.520|    38.84%|   0:00:00.0| 3069.6M|   WC_VIEW|  default| sfp_instance/R_8492/D                              |
|  -0.932|   -0.932|-417.505| -417.505|    38.84%|   0:00:00.0| 3069.6M|   WC_VIEW|  default| sfp_instance/R_8492/D                              |
|  -0.932|   -0.932|-417.684| -417.684|    38.86%|   0:00:02.0| 3069.6M|   WC_VIEW|  default| sfp_instance/R_8547/D                              |
|  -0.932|   -0.932|-417.567| -417.567|    38.86%|   0:00:00.0| 3069.6M|   WC_VIEW|  default| sfp_instance/R_8148/D                              |
|  -0.932|   -0.932|-417.556| -417.556|    38.86%|   0:00:00.0| 3069.6M|   WC_VIEW|  default| sfp_instance/R_6080/D                              |
|  -0.932|   -0.932|-417.533| -417.533|    38.86%|   0:00:01.0| 3069.6M|   WC_VIEW|  default| sfp_instance/R_6080/D                              |
|  -0.932|   -0.932|-417.530| -417.530|    38.86%|   0:00:00.0| 3069.6M|   WC_VIEW|  default| sfp_instance/R_6080/D                              |
|  -0.932|   -0.932|-417.729| -417.729|    38.87%|   0:00:01.0| 3069.6M|   WC_VIEW|  default| sfp_instance/R_5402/D                              |
|  -0.932|   -0.932|-417.463| -417.463|    38.88%|   0:00:01.0| 3069.6M|   WC_VIEW|  default| sfp_instance/R_8631/D                              |
|  -0.932|   -0.932|-417.399| -417.399|    38.88%|   0:00:00.0| 3069.6M|   WC_VIEW|  default| sfp_instance/R_8631/D                              |
|  -0.932|   -0.932|-417.381| -417.381|    38.89%|   0:00:00.0| 3069.6M|   WC_VIEW|  default| sfp_instance/R_8631/D                              |
|  -0.932|   -0.932|-417.245| -417.245|    38.89%|   0:00:00.0| 3069.6M|   WC_VIEW|  default| sfp_instance/R_8491/D                              |
|  -0.932|   -0.932|-417.116| -417.116|    38.89%|   0:00:01.0| 3069.6M|   WC_VIEW|  default| sfp_instance/R_8491/D                              |
|  -0.932|   -0.932|-417.107| -417.107|    38.89%|   0:00:00.0| 3069.6M|   WC_VIEW|  default| sfp_instance/sfp_out_sign3_reg_3_/D                |
|  -0.932|   -0.932|-417.076| -417.076|    38.89%|   0:00:00.0| 3069.6M|   WC_VIEW|  default| sfp_instance/sfp_out_sign3_reg_3_/D                |
|  -0.932|   -0.932|-416.896| -416.896|    38.89%|   0:00:00.0| 3069.6M|   WC_VIEW|  default| sfp_instance/R_8491/D                              |
|  -0.932|   -0.932|-416.862| -416.862|    38.89%|   0:00:00.0| 3069.6M|   WC_VIEW|  default| sfp_instance/R_8491/D                              |
|  -0.932|   -0.932|-416.790| -416.790|    38.89%|   0:00:01.0| 3069.6M|   WC_VIEW|  default| sfp_instance/R_8555/D                              |
|  -0.932|   -0.932|-416.787| -416.787|    38.89%|   0:00:00.0| 3069.6M|   WC_VIEW|  default| sfp_instance/sfp_out_sign5_reg_5_/D                |
|  -0.932|   -0.932|-416.777| -416.777|    38.90%|   0:00:00.0| 3069.6M|   WC_VIEW|  default| sfp_instance/R_8396/D                              |
|  -0.932|   -0.932|-416.775| -416.775|    38.90%|   0:00:01.0| 3069.6M|   WC_VIEW|  default| sfp_instance/R_8396/D                              |
|  -0.932|   -0.932|-416.768| -416.768|    38.90%|   0:00:00.0| 3069.6M|   WC_VIEW|  default| sfp_instance/R_8396/D                              |
|  -0.932|   -0.932|-416.760| -416.760|    38.90%|   0:00:00.0| 3069.6M|   WC_VIEW|  default| sfp_instance/R_8545/D                              |
|  -0.932|   -0.932|-416.760| -416.760|    38.90%|   0:00:01.0| 3069.6M|   WC_VIEW|  default| sfp_instance/R_8549/D                              |
|  -0.932|   -0.932|-416.739| -416.739|    38.90%|   0:00:01.0| 2936.0M|   WC_VIEW|  default| sfp_instance/sfp_out_sign5_reg_7_/D                |
|  -0.932|   -0.932|-416.722| -416.722|    38.90%|   0:00:00.0| 2936.0M|   WC_VIEW|  default| sfp_instance/sfp_out_sign5_reg_7_/D                |
|  -0.932|   -0.932|-416.712| -416.712|    38.90%|   0:00:00.0| 2974.2M|   WC_VIEW|  default| sfp_instance/sfp_out_sign5_reg_7_/D                |
|  -0.932|   -0.932|-416.698| -416.698|    38.90%|   0:00:00.0| 2974.2M|   WC_VIEW|  default| sfp_instance/sfp_out_sign5_reg_7_/D                |
|  -0.932|   -0.932|-416.698| -416.698|    38.90%|   0:00:00.0| 2974.2M|   WC_VIEW|  default| sfp_instance/R_8514/D                              |
+--------+---------+--------+---------+----------+------------+--------+----------+---------+----------------------------------------------------+

*** Finish Core Optimize Step (cpu=0:03:21 real=0:00:58.0 mem=2974.2M) ***

*** Finished Optimize Step Cumulative (cpu=0:12:01 real=0:03:00 mem=2974.2M) ***
** GigaOpt Optimizer WNS Slack -0.932 TNS Slack -416.698 Density 38.90
Begin: Area Reclaim Optimization
Reclaim Optimization WNS Slack -0.932  TNS Slack -416.698 Density 38.90
+----------+---------+--------+--------+------------+--------+
| Density  | Commits |  WNS   |  TNS   |    Real    |  Mem   |
+----------+---------+--------+--------+------------+--------+
|    38.90%|        -|  -0.932|-416.698|   0:00:00.0| 2974.2M|
|    38.85%|       98|  -0.937|-472.564|   0:00:02.0| 2974.2M|
|    38.45%|     1768|  -0.913|-461.612|   0:00:17.0| 2974.2M|
|    38.45%|       12|  -0.913|-461.482|   0:00:00.0| 2974.2M|
|    38.45%|        0|  -0.913|-461.482|   0:00:00.0| 2974.2M|
+----------+---------+--------+--------+------------+--------+
Reclaim Optimization End WNS Slack -0.912  TNS Slack -461.482 Density 38.45
** Finished Core Area Reclaim Optimization (cpu = 0:00:46.1) (real = 0:00:20.0) **
*** Finished Area Reclaim Optimization (cpu=0:00:46, real=0:00:20, mem=2878.79M, totSessionCpu=1:44:51).
*** Starting refinePlace (1:44:51 mem=2910.8M) ***
Total net bbox length = 1.036e+06 (5.015e+05 5.350e+05) (ext = 6.137e+04)
Move report: Timing Driven Placement moves 3908 insts, mean move: 4.69 um, max move: 35.80 um
	Max move on inst (sfp_instance/FE_OCPC4812_div_20_u_div_BInv_3__12_): (341.80, 320.00) --> (352.40, 345.20)
	Runtime: CPU: 0:00:04.3 REAL: 0:00:03.0 MEM: 2946.0MB
Move report: Detail placement moves 11266 insts, mean move: 1.22 um, max move: 9.00 um
	Max move on inst (sfp_instance/FE_OCPC4676_n14973): (465.20, 456.80) --> (456.20, 456.80)
	Runtime: CPU: 0:00:07.2 REAL: 0:00:04.0 MEM: 2946.0MB
Summary Report:
Instances move: 13194 (out of 51821 movable)
Mean displacement: 2.27 um
Max displacement: 36.20 um (Instance: sfp_instance/FE_OCPC4812_div_20_u_div_BInv_3__12_) (341.8, 320) -> (352.8, 345.2)
	Length: 7 sites, height: 1 rows, site name: core, cell type: BUFFD3
Total net bbox length = 1.034e+06 (4.977e+05 5.365e+05) (ext = 6.135e+04)
Runtime: CPU: 0:00:11.6 REAL: 0:00:08.0 MEM: 2946.0MB
*** Finished refinePlace (1:45:03 mem=2946.0M) ***
Finished re-routing un-routed nets (0:00:00.0 2946.0M)


Density : 0.3845
Max route overflow : 0.0001


*** Finish Physical Update (cpu=0:00:13.1 real=0:00:08.0 mem=2946.0M) ***
** GigaOpt Optimizer WNS Slack -0.914 TNS Slack -465.089 Density 38.45

*** Finish pre-CTS Setup Fixing (cpu=0:13:01 real=0:03:30 mem=2946.0M) ***

End: GigaOpt Optimization in TNS mode
Info: 2 clock nets excluded from IPO operation.
Begin: Area Reclaim Optimization
Reclaim Optimization WNS Slack -0.914  TNS Slack -465.089 Density 38.45
+----------+---------+--------+--------+------------+--------+
| Density  | Commits |  WNS   |  TNS   |    Real    |  Mem   |
+----------+---------+--------+--------+------------+--------+
|    38.45%|        -|  -0.914|-465.089|   0:00:00.0| 2907.3M|
|    38.45%|        4|  -0.916|-465.109|   0:00:01.0| 2907.3M|
|    38.45%|       37|  -0.916|-465.102|   0:00:01.0| 2907.3M|
|    38.45%|        3|  -0.916|-465.102|   0:00:01.0| 2907.3M|
|    38.45%|        2|  -0.916|-465.125|   0:00:00.0| 2907.3M|
|    38.45%|        1|  -0.916|-465.125|   0:00:01.0| 2907.3M|
|    38.45%|        0|  -0.916|-465.125|   0:00:00.0| 2907.3M|
+----------+---------+--------+--------+------------+--------+
Reclaim Optimization End WNS Slack -0.916  TNS Slack -465.125 Density 38.45
** Finished Core Area Reclaim Optimization (cpu = 0:00:08.6) (real = 0:00:05.0) **
*** Starting refinePlace (1:45:14 mem=2907.3M) ***
Total net bbox length = 1.034e+06 (4.978e+05 5.365e+05) (ext = 6.136e+04)
Move report: Detail placement moves 0 insts, mean move: 0.00 um, max move: 0.00 um
	Runtime: CPU: 0:00:00.3 REAL: 0:00:01.0 MEM: 2907.3MB
Summary Report:
Instances move: 0 (out of 51817 movable)
Mean displacement: 0.00 um
Max displacement: 0.00 um 
Total net bbox length = 1.034e+06 (4.978e+05 5.365e+05) (ext = 6.136e+04)
Runtime: CPU: 0:00:00.4 REAL: 0:00:01.0 MEM: 2907.3MB
*** Finished refinePlace (1:45:14 mem=2907.3M) ***
Finished re-routing un-routed nets (0:00:00.0 2907.3M)


Density : 0.3845
Max route overflow : 0.0001


*** Finish Physical Update (cpu=0:00:01.4 real=0:00:01.0 mem=2907.3M) ***
*** Finished Area Reclaim Optimization (cpu=0:00:10, real=0:00:06, mem=2184.16M, totSessionCpu=1:45:15).
[NR-eagl] Detected a user setting of 'getTrialRouteMode -handlePreroute true' which was ignored.
[NR-eagl] honorMsvRouteConstraint: false
[NR-eagl] honorClockSpecNDR      : 0
[NR-eagl] minRouteLayer          : 2
[NR-eagl] maxRouteLayer          : 6
[NR-eagl] numTracksPerClockWire  : 0
[NR-eagl] Layer1 has no routable track
[NR-eagl] Layer2 has single uniform track structure
[NR-eagl] Layer3 has single uniform track structure
[NR-eagl] Layer4 has single uniform track structure
[NR-eagl] Layer5 has single uniform track structure
[NR-eagl] Layer6 has single uniform track structure
[NR-eagl] numRoutingBlks=0 numInstBlks=612 numPGBlocks=1842 numBumpBlks=0 numBoundaryFakeBlks=0
[NR-eagl] numPreroutedNet = 0  numPreroutedWires = 0
[NR-eagl] Read numTotalNets=55122  numIgnoredNets=0
[NR-eagl] There are 2 clock nets ( 0 with NDR ).
[NR-eagl] ============ Routing rule table ============
[NR-eagl] Rule id 0. Nets 55122 
[NR-eagl] id=0  routeTrackId=0  extraSpace=0  numShields=0  maxHorDemand=1  maxVerDemand=1
[NR-eagl] Pitch:  L1=360  L2=400  L3=400  L4=400  L5=400  L6=400
[NR-eagl] ========================================
[NR-eagl] 
[NR-eagl] Layer group 1: route 55122 net(s) in layer range [2, 6]
[NR-eagl] earlyGlobalRoute overflow of layer group 1: 0.01% H + 0.00% V. EstWL: 1.144876e+06um
[NR-eagl] 
[NR-eagl] Overflow after earlyGlobalRoute (GR compatible) 0.01% H + 0.00% V
[NR-eagl] Overflow after earlyGlobalRoute 0.01% H + 0.00% V
[NR-eagl] Layer1(M1)(F) length: 0.000000e+00um, number of vias: 184800
[NR-eagl] Layer2(M2)(V) length: 3.507120e+05um, number of vias: 253981
[NR-eagl] Layer3(M3)(H) length: 4.392605e+05um, number of vias: 15362
[NR-eagl] Layer4(M4)(V) length: 2.118346e+05um, number of vias: 3810
[NR-eagl] Layer5(M5)(H) length: 1.200990e+05um, number of vias: 930
[NR-eagl] Layer6(M6)(V) length: 5.134580e+04um, number of vias: 0
[NR-eagl] Total length: 1.173252e+06um, number of vias: 458883
[NR-eagl] End Peak syMemory usage = 2124.1 MB
[NR-eagl] Early Global Router Kernel+IO runtime : 2.65 seconds
Extraction called for design 'core' of instances=51820 and nets=55287 using extraction engine 'preRoute' .
PreRoute RC Extraction called for design core.
RC Extraction called in multi-corner(2) mode.
**WARN: (IMPEXT-3442):	The version of the capacitance table file being used is obsolete and is no longer recommended. For improved accuracy, generate the capacitance table file using the generateCapTbl command.
RCMode: PreRoute
      RC Corner Indexes            0       1   
Capacitance Scaling Factor   : 1.00000 1.00000 
Resistance Scaling Factor    : 1.00000 1.00000 
Clock Cap. Scaling Factor    : 1.00000 1.00000 
Clock Res. Scaling Factor    : 1.00000 1.00000 
Shrink Factor                : 1.00000
PreRoute extraction is honoring NDR/Shielding/ExtraSpace for clock nets.
Using capacitance table file ...
Updating RC grid for preRoute extraction ...
Initializing multi-corner capacitance tables ... 
Initializing multi-corner resistance tables ...
PreRoute RC Extraction DONE (CPU Time: 0:00:00.6  Real Time: 0:00:01.0  MEM: 2112.594M)
Compute RC Scale Done ...
Local HotSpot Analysis: normalized max congestion hotspot area = 0.00, normalized total congestion hotspot area = 0.00 (area is in unit of 4 std-cell row bins)
#################################################################################
# Design Stage: PreRoute
# Design Name: core
# Design Mode: 65nm
# Analysis Mode: MMMC Non-OCV 
# Parasitics Mode: No SPEF/RCDB
# Signoff Settings: SI Off 
#################################################################################
Calculate delays in BcWc mode...
End delay calculation. (MEM=2623.54 CPU=0:00:07.9 REAL=0:00:02.0)
*** CDM Built up (cpu=0:00:10.8  real=0:00:03.0  mem= 2623.5M) ***
Begin: GigaOpt postEco DRV Optimization
Info: 2 clock nets excluded from IPO operation.
+--------------------------------------------------------------------------------------------------------------------------------------------------------------+
|      max-tran     |      max-cap      |     max-fanout    |     max-length    |       |           |           |           |         |            |           |
+--------------------------------------------------------------------------------------------------------------------------------------------------------------+
|  nets   |  terms  |  nets   |  terms  |  nets   |  terms  |  nets   |  terms  |  WNS  |  #Buffer  | #Inverter |  #Resize  | Density |    Real    |    Mem    |
+--------------------------------------------------------------------------------------------------------------------------------------------------------------+
|    38   |   586   |    24   |     24  |     0   |     0   |     0   |     0   | -0.99 |          0|          0|          0|  38.45  |            |           |
|     2   |   102   |     0   |      0  |     0   |     0   |     0   |     0   | -0.99 |          3|          0|         35|  38.45  |   0:00:00.0|    2909.6M|
|     0   |     0   |     0   |      0  |     0   |     0   |     0   |     0   | -0.99 |          0|          0|          2|  38.45  |   0:00:00.0|    2909.6M|
|     0   |     0   |     0   |      0  |     0   |     0   |     0   |     0   | -0.99 |          0|          0|          0|  38.45  |   0:00:00.0|    2909.6M|
+--------------------------------------------------------------------------------------------------------------------------------------------------------------+

*** Finish DRV Fixing (cpu=0:00:03.8 real=0:00:01.0 mem=2909.6M) ***

*** Starting refinePlace (1:45:43 mem=2909.6M) ***
Total net bbox length = 1.034e+06 (4.978e+05 5.365e+05) (ext = 6.136e+04)
Move report: Detail placement moves 69 insts, mean move: 2.09 um, max move: 7.00 um
	Max move on inst (sfp_instance/U17408): (390.20, 384.80) --> (393.60, 388.40)
	Runtime: CPU: 0:00:00.3 REAL: 0:00:00.0 MEM: 2909.6MB
Summary Report:
Instances move: 69 (out of 51820 movable)
Mean displacement: 2.09 um
Max displacement: 7.00 um (Instance: sfp_instance/U17408) (390.2, 384.8) -> (393.6, 388.4)
	Length: 3 sites, height: 1 rows, site name: core, cell type: INVD0
Total net bbox length = 1.034e+06 (4.979e+05 5.366e+05) (ext = 6.136e+04)
Runtime: CPU: 0:00:00.4 REAL: 0:00:00.0 MEM: 2909.6MB
*** Finished refinePlace (1:45:43 mem=2909.6M) ***
Finished re-routing un-routed nets (0:00:00.0 2909.6M)


Density : 0.3845
Max route overflow : 0.0001


*** Finish Physical Update (cpu=0:00:01.3 real=0:00:02.0 mem=2909.6M) ***
End: GigaOpt postEco DRV Optimization
GigaOpt: WNS changes after routing: -0.850 -> -0.939 (bump = 0.089)
Begin: GigaOpt postEco optimization
Info: 2 clock nets excluded from IPO operation.
*info: 2 clock nets excluded
*info: 2 special nets excluded.
*info: 159 no-driver nets excluded.
** GigaOpt Optimizer WNS Slack -0.993 TNS Slack -514.875 Density 38.45
Optimizer WNS Pass 0
Active Path Group: reg2reg  
+--------+---------+--------+---------+----------+------------+--------+----------+---------+----------------------------------------------------+
|  WNS   | All WNS |  TNS   | All TNS | Density  |    Real    |  Mem   |Worst View|Pathgroup|                     End Point                      |
+--------+---------+--------+---------+----------+------------+--------+----------+---------+----------------------------------------------------+
|  -0.933|   -0.993|-473.825| -514.875|    38.45%|   0:00:00.0| 2928.7M|   WC_VIEW|  reg2reg| sfp_instance/R_6848/D                              |
|  -0.917|   -0.994|-472.649| -515.549|    38.45%|   0:00:01.0| 2928.7M|   WC_VIEW|  reg2reg| sfp_instance/R_6848/D                              |
|  -0.907|   -0.995|-471.722| -515.698|    38.46%|   0:00:00.0| 2928.7M|   WC_VIEW|  reg2reg| sfp_instance/R_6848/D                              |
|  -0.909|   -1.000|-468.291| -515.834|    38.46%|   0:00:01.0| 2928.7M|   WC_VIEW|  reg2reg| sfp_instance/R_6848/D                              |
|  -0.908|   -0.996|-468.092| -515.797|    38.46%|   0:00:00.0| 2928.7M|   WC_VIEW|  reg2reg| sfp_instance/R_6848/D                              |
|  -0.897|   -0.990|-470.730| -524.993|    38.45%|   0:00:00.0| 2928.7M|   WC_VIEW|  reg2reg| sfp_instance/R_6258/D                              |
|  -0.894|   -0.985|-470.328| -524.429|    38.45%|   0:00:02.0| 2928.7M|   WC_VIEW|  reg2reg| sfp_instance/R_6258/D                              |
|  -0.893|   -0.982|-470.357| -524.241|    38.45%|   0:00:02.0| 2928.7M|   WC_VIEW|  reg2reg| sfp_instance/R_8514/D                              |
|  -0.890|   -0.986|-469.364| -525.019|    38.46%|   0:00:01.0| 2928.7M|   WC_VIEW|  reg2reg| sfp_instance/R_6258/D                              |
|  -0.890|   -0.986|-469.216| -525.063|    38.46%|   0:00:00.0| 2928.7M|   WC_VIEW|  reg2reg| sfp_instance/R_6258/D                              |
|  -0.890|   -0.986|-469.030| -525.033|    38.46%|   0:00:01.0| 2928.7M|   WC_VIEW|  reg2reg| sfp_instance/R_6258/D                              |
|  -0.891|   -0.986|-468.964| -525.067|    38.47%|   0:00:00.0| 2928.7M|   WC_VIEW|  reg2reg| sfp_instance/R_6258/D                              |
|  -0.891|   -0.984|-468.452| -524.920|    38.47%|   0:00:00.0| 2928.7M|   WC_VIEW|  reg2reg| sfp_instance/R_6258/D                              |
|  -0.890|   -0.984|-468.744| -524.920|    38.47%|   0:00:01.0| 2928.7M|   WC_VIEW|  reg2reg| sfp_instance/R_6258/D                              |
|  -0.890|   -0.986|-468.039| -525.063|    38.47%|   0:00:00.0| 2928.7M|   WC_VIEW|  reg2reg| sfp_instance/R_6258/D                              |
|  -0.890|   -0.984|-467.995| -524.920|    38.47%|   0:00:00.0| 2928.7M|   WC_VIEW|  reg2reg| sfp_instance/R_6258/D                              |
|  -0.890|   -0.986|-467.909| -525.063|    38.47%|   0:00:01.0| 2928.7M|   WC_VIEW|  reg2reg| sfp_instance/R_6258/D                              |
|  -0.890|   -0.984|-467.869| -524.913|    38.47%|   0:00:00.0| 2928.7M|   WC_VIEW|  reg2reg| sfp_instance/R_6258/D                              |
|  -0.890|   -0.984|-467.869| -524.913|    38.47%|   0:00:00.0| 2928.7M|   WC_VIEW|  reg2reg| sfp_instance/R_6258/D                              |
+--------+---------+--------+---------+----------+------------+--------+----------+---------+----------------------------------------------------+

*** Finish Core Optimize Step (cpu=0:00:42.6 real=0:00:10.0 mem=2928.7M) ***
Active Path Group: default 
+--------+---------+--------+---------+----------+------------+--------+----------+---------+----------------------------------------------------+
|  WNS   | All WNS |  TNS   | All TNS | Density  |    Real    |  Mem   |Worst View|Pathgroup|                     End Point                      |
+--------+---------+--------+---------+----------+------------+--------+----------+---------+----------------------------------------------------+
|  -0.984|   -0.984|-524.844| -524.913|    38.47%|   0:00:00.0| 2928.7M|   WC_VIEW|  default| sfp_instance/R_6258/D                              |
|  -0.979|   -0.979|-522.728| -522.797|    38.47%|   0:00:02.0| 2928.7M|   WC_VIEW|  default| sfp_instance/R_8514/D                              |
|  -0.976|   -0.976|-522.541| -522.610|    38.47%|   0:00:02.0| 2928.7M|   WC_VIEW|  default| sfp_instance/R_8514/D                              |
|  -0.974|   -0.974|-522.403| -522.471|    38.47%|   0:00:00.0| 2928.7M|   WC_VIEW|  default| sfp_instance/R_8514/D                              |
|  -0.974|   -0.974|-520.734| -520.802|    38.47%|   0:00:01.0| 2928.7M|   WC_VIEW|  default| sfp_instance/R_8514/D                              |
|  -0.974|   -0.974|-520.713| -520.782|    38.48%|   0:00:00.0| 2928.7M|   WC_VIEW|  default| sfp_instance/R_8514/D                              |
|  -0.974|   -0.974|-520.707| -520.776|    38.48%|   0:00:00.0| 2928.7M|   WC_VIEW|  default| sfp_instance/R_8514/D                              |
|  -0.974|   -0.974|-520.707| -520.776|    38.48%|   0:00:00.0| 2928.7M|   WC_VIEW|  default| sfp_instance/R_8514/D                              |
+--------+---------+--------+---------+----------+------------+--------+----------+---------+----------------------------------------------------+

*** Finish Core Optimize Step (cpu=0:00:22.7 real=0:00:05.0 mem=2928.7M) ***

*** Finished Optimize Step Cumulative (cpu=0:01:05 real=0:00:15.0 mem=2928.7M) ***
** GigaOpt Optimizer WNS Slack -0.974 TNS Slack -520.776 Density 38.48
*** Starting refinePlace (1:46:54 mem=2928.7M) ***
Total net bbox length = 1.035e+06 (4.979e+05 5.367e+05) (ext = 6.136e+04)
Move report: Detail placement moves 0 insts, mean move: 0.00 um, max move: 0.00 um
	Runtime: CPU: 0:00:00.3 REAL: 0:00:00.0 MEM: 2928.7MB
Summary Report:
Instances move: 0 (out of 51843 movable)
Mean displacement: 0.00 um
Max displacement: 0.00 um 
Total net bbox length = 1.035e+06 (4.979e+05 5.367e+05) (ext = 6.136e+04)
Runtime: CPU: 0:00:00.4 REAL: 0:00:00.0 MEM: 2928.7MB
*** Finished refinePlace (1:46:55 mem=2928.7M) ***
Finished re-routing un-routed nets (0:00:00.0 2928.7M)


Density : 0.3848
Max route overflow : 0.0001


*** Finish Physical Update (cpu=0:00:01.4 real=0:00:02.0 mem=2928.7M) ***
** GigaOpt Optimizer WNS Slack -0.974 TNS Slack -520.776 Density 38.48

*** Finish pre-CTS Setup Fixing (cpu=0:01:08 real=0:00:18.0 mem=2928.7M) ***

End: GigaOpt postEco optimization
GigaOpt: WNS changes after postEco optimization: -0.850 -> -0.890 (bump = 0.04)
Begin: GigaOpt nonLegal postEco optimization
Info: 2 clock nets excluded from IPO operation.
*info: 2 clock nets excluded
*info: 2 special nets excluded.
*info: 159 no-driver nets excluded.
** GigaOpt Optimizer WNS Slack -0.974 TNS Slack -520.776 Density 38.48
Optimizer WNS Pass 0
Active Path Group: reg2reg  
+--------+---------+--------+---------+----------+------------+--------+----------+---------+----------------------------------------------------+
|  WNS   | All WNS |  TNS   | All TNS | Density  |    Real    |  Mem   |Worst View|Pathgroup|                     End Point                      |
+--------+---------+--------+---------+----------+------------+--------+----------+---------+----------------------------------------------------+
|  -0.881|   -0.974|-465.471| -520.776|    38.48%|   0:00:00.0| 2928.7M|   WC_VIEW|  reg2reg| sfp_instance/R_8514/D                              |
|  -0.878|   -0.977|-464.748| -522.692|    38.48%|   0:00:03.0| 2928.7M|   WC_VIEW|  reg2reg| sfp_instance/R_8514/D                              |
|  -0.876|   -0.977|-467.328| -522.590|    38.48%|   0:00:00.0| 2928.7M|   WC_VIEW|  reg2reg| sfp_instance/R_8514/D                              |
|  -0.875|   -0.977|-467.186| -522.597|    38.49%|   0:00:01.0| 2928.7M|   WC_VIEW|  reg2reg| sfp_instance/R_8514/D                              |
|  -0.879|   -0.979|-465.451| -517.284|    38.51%|   0:00:04.0| 2947.8M|   WC_VIEW|  reg2reg| sfp_instance/R_8514/D                              |
|  -0.882|   -0.980|-460.745| -516.337|    38.53%|   0:00:02.0| 2947.8M|   WC_VIEW|  reg2reg| sfp_instance/R_6258/D                              |
|  -0.882|   -0.981|-460.756| -516.349|    38.54%|   0:00:00.0| 2947.8M|   WC_VIEW|  reg2reg| sfp_instance/R_6258/D                              |
+--------+---------+--------+---------+----------+------------+--------+----------+---------+----------------------------------------------------+

*** Finish Core Optimize Step (cpu=0:00:58.8 real=0:00:10.0 mem=2947.8M) ***
Active Path Group: default 
+--------+---------+--------+---------+----------+------------+--------+----------+---------+----------------------------------------------------+
|  WNS   | All WNS |  TNS   | All TNS | Density  |    Real    |  Mem   |Worst View|Pathgroup|                     End Point                      |
+--------+---------+--------+---------+----------+------------+--------+----------+---------+----------------------------------------------------+
|  -0.981|   -0.981|-516.280| -516.349|    38.54%|   0:00:01.0| 2947.8M|   WC_VIEW|  default| sfp_instance/R_6258/D                              |
|  -0.987|   -0.987|-516.713| -516.781|    38.55%|   0:00:05.0| 2947.8M|   WC_VIEW|  default| sfp_instance/R_8514/D                              |
|  -0.987|   -0.987|-516.698| -516.766|    38.55%|   0:00:00.0| 2947.8M|   WC_VIEW|  default| sfp_instance/R_8514/D                              |
|  -0.987|   -0.987|-516.715| -516.784|    38.56%|   0:00:01.0| 2947.8M|   WC_VIEW|  default| sfp_instance/R_8514/D                              |
+--------+---------+--------+---------+----------+------------+--------+----------+---------+----------------------------------------------------+

*** Finish Core Optimize Step (cpu=0:00:37.4 real=0:00:07.0 mem=2947.8M) ***

*** Finished Optimize Step Cumulative (cpu=0:01:36 real=0:00:17.0 mem=2947.8M) ***
** GigaOpt Optimizer WNS Slack -0.987 TNS Slack -516.784 Density 38.56
*** Starting refinePlace (1:48:37 mem=2947.8M) ***
Total net bbox length = 1.036e+06 (4.989e+05 5.370e+05) (ext = 6.136e+04)
Move report: Detail placement moves 1610 insts, mean move: 0.60 um, max move: 4.40 um
	Max move on inst (sfp_instance/sfp_out_sign2_reg_14_): (478.80, 392.00) --> (476.20, 393.80)
	Runtime: CPU: 0:00:01.6 REAL: 0:00:01.0 MEM: 2947.8MB
Summary Report:
Instances move: 1610 (out of 51882 movable)
Mean displacement: 0.60 um
Max displacement: 4.40 um (Instance: sfp_instance/sfp_out_sign2_reg_14_) (478.8, 392) -> (476.2, 393.8)
	Length: 26 sites, height: 1 rows, site name: core, cell type: EDFQD1
Total net bbox length = 1.036e+06 (4.992e+05 5.371e+05) (ext = 6.136e+04)
Runtime: CPU: 0:00:01.6 REAL: 0:00:01.0 MEM: 2947.8MB
*** Finished refinePlace (1:48:39 mem=2947.8M) ***
Finished re-routing un-routed nets (0:00:00.0 2947.8M)


Density : 0.3856
Max route overflow : 0.0001


*** Finish Physical Update (cpu=0:00:02.5 real=0:00:01.0 mem=2947.8M) ***
** GigaOpt Optimizer WNS Slack -0.987 TNS Slack -516.784 Density 38.56
Optimizer WNS Pass 1
Active Path Group: reg2reg  
+--------+---------+--------+---------+----------+------------+--------+----------+---------+----------------------------------------------------+
|  WNS   | All WNS |  TNS   | All TNS | Density  |    Real    |  Mem   |Worst View|Pathgroup|                     End Point                      |
+--------+---------+--------+---------+----------+------------+--------+----------+---------+----------------------------------------------------+
|  -0.889|   -0.987|-461.243| -516.784|    38.56%|   0:00:00.0| 2947.8M|   WC_VIEW|  reg2reg| sfp_instance/R_8514/D                              |
|  -0.889|   -0.987|-460.750| -516.784|    38.56%|   0:00:01.0| 2947.8M|   WC_VIEW|  reg2reg| sfp_instance/R_8514/D                              |
|  -0.885|   -0.985|-461.643| -516.640|    38.56%|   0:00:01.0| 2947.8M|   WC_VIEW|  reg2reg| sfp_instance/R_6258/D                              |
|  -0.890|   -0.993|-461.025| -518.359|    38.56%|   0:00:02.0| 2947.8M|   WC_VIEW|  reg2reg| sfp_instance/R_6258/D                              |
|  -0.890|   -0.994|-461.007| -518.491|    38.56%|   0:00:00.0| 2947.8M|   WC_VIEW|  reg2reg| sfp_instance/R_6258/D                              |
|  -0.881|   -0.985|-460.339| -517.814|    38.56%|   0:00:00.0| 2947.8M|   WC_VIEW|  reg2reg| sfp_instance/R_6258/D                              |
|  -0.881|   -0.985|-460.335| -517.810|    38.56%|   0:00:00.0| 2947.8M|   WC_VIEW|  reg2reg| sfp_instance/R_6258/D                              |
|  -0.881|   -0.985|-458.773| -517.787|    38.57%|   0:00:01.0| 2947.8M|   WC_VIEW|  reg2reg| sfp_instance/R_6258/D                              |
|  -0.880|   -0.984|-461.023| -518.831|    38.58%|   0:00:03.0| 2947.8M|   WC_VIEW|  reg2reg| sfp_instance/R_8514/D                              |
|  -0.881|   -0.986|-461.202| -518.055|    38.60%|   0:00:02.0| 2928.7M|   WC_VIEW|  reg2reg| sfp_instance/R_6258/D                              |
+--------+---------+--------+---------+----------+------------+--------+----------+---------+----------------------------------------------------+

*** Finish Core Optimize Step (cpu=0:00:54.1 real=0:00:10.0 mem=2928.7M) ***
Active Path Group: default 
+--------+---------+--------+---------+----------+------------+--------+----------+---------+----------------------------------------------------+
|  WNS   | All WNS |  TNS   | All TNS | Density  |    Real    |  Mem   |Worst View|Pathgroup|                     End Point                      |
+--------+---------+--------+---------+----------+------------+--------+----------+---------+----------------------------------------------------+
|  -0.986|   -0.986|-517.986| -518.055|    38.60%|   0:00:01.0| 2928.7M|   WC_VIEW|  default| sfp_instance/R_6258/D                              |
|  -0.980|   -0.980|-517.649| -517.718|    38.62%|   0:00:06.0| 2928.7M|   WC_VIEW|  default| sfp_instance/R_6258/D                              |
|  -0.981|   -0.981|-517.687| -517.756|    38.62%|   0:00:00.0| 2928.7M|   WC_VIEW|  default| sfp_instance/R_6258/D                              |
+--------+---------+--------+---------+----------+------------+--------+----------+---------+----------------------------------------------------+

*** Finish Core Optimize Step (cpu=0:00:40.1 real=0:00:07.0 mem=2928.7M) ***

*** Finished Optimize Step Cumulative (cpu=0:01:34 real=0:00:17.0 mem=2928.7M) ***
** GigaOpt Optimizer WNS Slack -0.981 TNS Slack -517.756 Density 38.62
*** Starting refinePlace (1:50:15 mem=2928.7M) ***
Total net bbox length = 1.038e+06 (5.004e+05 5.377e+05) (ext = 6.136e+04)
Move report: Detail placement moves 1845 insts, mean move: 0.65 um, max move: 5.40 um
	Max move on inst (sfp_instance/U5013): (413.20, 435.20) --> (415.00, 431.60)
	Runtime: CPU: 0:00:01.9 REAL: 0:00:01.0 MEM: 2933.4MB
Summary Report:
Instances move: 1845 (out of 51919 movable)
Mean displacement: 0.65 um
Max displacement: 5.40 um (Instance: sfp_instance/U5013) (413.2, 435.2) -> (415, 431.6)
	Length: 12 sites, height: 1 rows, site name: core, cell type: ND2D4
Total net bbox length = 1.039e+06 (5.008e+05 5.379e+05) (ext = 6.136e+04)
Runtime: CPU: 0:00:01.9 REAL: 0:00:01.0 MEM: 2933.4MB
*** Finished refinePlace (1:50:17 mem=2933.4M) ***
Finished re-routing un-routed nets (0:00:00.0 2933.4M)


Density : 0.3862
Max route overflow : 0.0001


*** Finish Physical Update (cpu=0:00:02.9 real=0:00:02.0 mem=2933.4M) ***
** GigaOpt Optimizer WNS Slack -0.981 TNS Slack -517.756 Density 38.62

*** Finish pre-CTS Setup Fixing (cpu=0:03:18 real=0:00:39.0 mem=2933.4M) ***

End: GigaOpt nonLegal postEco optimization
Design TNS changes after trial route: -465.025 -> -517.656
Begin: GigaOpt TNS recovery
Info: 2 clock nets excluded from IPO operation.
*info: 2 clock nets excluded
*info: 2 special nets excluded.
*info: 159 no-driver nets excluded.
** GigaOpt Optimizer WNS Slack -0.981 TNS Slack -517.756 Density 38.62
Optimizer TNS Opt
Active Path Group: reg2reg  
+--------+---------+--------+---------+----------+------------+--------+----------+---------+----------------------------------------------------+
|  WNS   | All WNS |  TNS   | All TNS | Density  |    Real    |  Mem   |Worst View|Pathgroup|                     End Point                      |
+--------+---------+--------+---------+----------+------------+--------+----------+---------+----------------------------------------------------+
|  -0.878|   -0.981|-461.021| -517.756|    38.62%|   0:00:00.0| 2933.4M|   WC_VIEW|  reg2reg| sfp_instance/R_6258/D                              |
|  -0.878|   -0.980|-460.988| -517.722|    38.62%|   0:00:02.0| 2933.4M|   WC_VIEW|  reg2reg| sfp_instance/R_6476/D                              |
|  -0.878|   -0.980|-458.204| -513.263|    38.62%|   0:00:00.0| 2933.4M|   WC_VIEW|  reg2reg| sfp_instance/div_18_u_div_u_add_PartRem_0_2_R_9330 |
|        |         |        |         |          |            |        |          |         | /D                                                 |
|  -0.878|   -0.980|-456.197| -513.263|    38.62%|   0:00:01.0| 2933.4M|   WC_VIEW|  reg2reg| sfp_instance/div_18_u_div_u_add_PartRem_0_2_R_9330 |
|        |         |        |         |          |            |        |          |         | /D                                                 |
|  -0.878|   -0.980|-455.054| -511.889|    38.62%|   0:00:00.0| 2933.4M|   WC_VIEW|  reg2reg| sfp_instance/div_18_u_div_u_add_PartRem_0_1_R_7836 |
|        |         |        |         |          |            |        |          |         | /D                                                 |
|  -0.878|   -0.980|-454.580| -511.305|    38.62%|   0:00:00.0| 2933.4M|   WC_VIEW|  reg2reg| sfp_instance/div_18_u_div_u_add_PartRem_0_1_R_7836 |
|        |         |        |         |          |            |        |          |         | /D                                                 |
|  -0.878|   -0.980|-452.695| -510.817|    38.62%|   0:00:00.0| 2933.4M|   WC_VIEW|  reg2reg| sfp_instance/div_18_u_div_u_add_PartRem_0_2_R_9329 |
|        |         |        |         |          |            |        |          |         | /D                                                 |
|  -0.878|   -0.980|-452.067| -510.190|    38.62%|   0:00:01.0| 2933.4M|   WC_VIEW|  reg2reg| sfp_instance/div_18_u_div_u_add_PartRem_0_2_R_9329 |
|        |         |        |         |          |            |        |          |         | /D                                                 |
|  -0.878|   -0.980|-449.751| -509.900|    38.62%|   0:00:00.0| 2933.4M|   WC_VIEW|  reg2reg| sfp_instance/R_7045/D                              |
|  -0.878|   -0.980|-449.223| -508.862|    38.62%|   0:00:00.0| 2933.4M|   WC_VIEW|  reg2reg| sfp_instance/R_7045/D                              |
|  -0.878|   -0.980|-448.435| -508.534|    38.62%|   0:00:00.0| 2933.4M|   WC_VIEW|  reg2reg| sfp_instance/R_7045/D                              |
|  -0.878|   -0.980|-447.062| -507.151|    38.62%|   0:00:01.0| 2933.4M|   WC_VIEW|  reg2reg| sfp_instance/R_7045/D                              |
|  -0.878|   -0.980|-444.361| -504.347|    38.63%|   0:00:00.0| 2933.4M|   WC_VIEW|  reg2reg| sfp_instance/R_6808/D                              |
|  -0.878|   -0.980|-443.023| -502.840|    38.63%|   0:00:00.0| 2933.4M|   WC_VIEW|  reg2reg| sfp_instance/R_6808/D                              |
|  -0.878|   -0.980|-440.517| -500.741|    38.63%|   0:00:01.0| 2933.4M|   WC_VIEW|  reg2reg| sfp_instance/div_18_u_div_u_add_PartRem_0_2_R_6828 |
|        |         |        |         |          |            |        |          |         | /D                                                 |
|  -0.878|   -0.980|-440.325| -500.545|    38.63%|   0:00:01.0| 2933.4M|   WC_VIEW|  reg2reg| sfp_instance/div_18_u_div_u_add_PartRem_0_2_R_6828 |
|        |         |        |         |          |            |        |          |         | /D                                                 |
|  -0.878|   -0.980|-439.021| -499.584|    38.64%|   0:00:00.0| 2933.4M|   WC_VIEW|  reg2reg| sfp_instance/div_18_u_div_u_add_PartRem_0_2_R_6828 |
|        |         |        |         |          |            |        |          |         | /D                                                 |
|  -0.878|   -0.980|-437.559| -496.744|    38.64%|   0:00:01.0| 2933.4M|   WC_VIEW|  reg2reg| sfp_instance/div_18_u_div_u_add_PartRem_0_2_R_6828 |
|        |         |        |         |          |            |        |          |         | /D                                                 |
|  -0.878|   -0.980|-437.280| -496.610|    38.64%|   0:00:00.0| 2933.4M|   WC_VIEW|  reg2reg| sfp_instance/div_18_u_div_u_add_PartRem_0_2_R_6828 |
|        |         |        |         |          |            |        |          |         | /D                                                 |
|  -0.878|   -0.980|-436.890| -496.283|    38.64%|   0:00:00.0| 2933.4M|   WC_VIEW|  reg2reg| sfp_instance/R_7304/D                              |
|  -0.878|   -0.980|-436.366| -495.640|    38.64%|   0:00:00.0| 2933.4M|   WC_VIEW|  reg2reg| sfp_instance/R_7304/D                              |
|  -0.878|   -0.980|-436.323| -495.640|    38.64%|   0:00:00.0| 2933.4M|   WC_VIEW|  reg2reg| sfp_instance/R_7304/D                              |
|  -0.878|   -0.980|-436.108| -495.443|    38.64%|   0:00:01.0| 2933.4M|   WC_VIEW|  reg2reg| sfp_instance/R_7304/D                              |
|  -0.878|   -0.980|-435.777| -493.853|    38.65%|   0:00:00.0| 2933.4M|   WC_VIEW|  reg2reg| sfp_instance/R_8436/D                              |
|  -0.878|   -0.980|-435.192| -493.853|    38.65%|   0:00:00.0| 2933.4M|   WC_VIEW|  reg2reg| sfp_instance/R_6922/D                              |
|  -0.878|   -0.980|-434.877| -493.318|    38.65%|   0:00:00.0| 2933.4M|   WC_VIEW|  reg2reg| sfp_instance/R_6922/D                              |
|  -0.878|   -0.980|-434.603| -493.082|    38.65%|   0:00:01.0| 2933.4M|   WC_VIEW|  reg2reg| sfp_instance/R_7528/D                              |
|  -0.878|   -0.980|-434.588| -493.068|    38.65%|   0:00:00.0| 2933.4M|   WC_VIEW|  reg2reg| sfp_instance/R_7528/D                              |
|  -0.878|   -0.980|-433.647| -492.107|    38.66%|   0:00:01.0| 2933.4M|   WC_VIEW|  reg2reg| sfp_instance/R_8010/D                              |
|  -0.878|   -0.980|-433.542| -492.007|    38.66%|   0:00:00.0| 2933.4M|   WC_VIEW|  reg2reg| sfp_instance/R_8010/D                              |
|  -0.878|   -0.980|-432.270| -490.745|    38.66%|   0:00:01.0| 2933.4M|   WC_VIEW|  reg2reg| sfp_instance/R_7013/D                              |
|  -0.878|   -0.980|-432.254| -490.729|    38.66%|   0:00:00.0| 2933.4M|   WC_VIEW|  reg2reg| sfp_instance/R_7013/D                              |
|  -0.878|   -0.980|-432.249| -490.724|    38.67%|   0:00:00.0| 2933.4M|   WC_VIEW|  reg2reg| sfp_instance/R_7013/D                              |
|  -0.878|   -0.980|-432.245| -490.720|    38.67%|   0:00:00.0| 2933.4M|   WC_VIEW|  reg2reg| sfp_instance/R_7013/D                              |
|  -0.878|   -0.980|-431.752| -489.995|    38.67%|   0:00:00.0| 2933.4M|   WC_VIEW|  reg2reg| sfp_instance/R_7590/D                              |
|  -0.878|   -0.980|-431.720| -489.957|    38.67%|   0:00:01.0| 2933.4M|   WC_VIEW|  reg2reg| sfp_instance/R_7590/D                              |
|  -0.878|   -0.980|-431.535| -489.711|    38.67%|   0:00:00.0| 2933.4M|   WC_VIEW|  reg2reg| sfp_instance/R_8259/D                              |
|  -0.878|   -0.980|-431.012| -489.398|    38.68%|   0:00:01.0| 2933.4M|   WC_VIEW|  reg2reg| sfp_instance/R_8145/D                              |
|  -0.878|   -0.980|-430.958| -489.344|    38.68%|   0:00:00.0| 2933.4M|   WC_VIEW|  reg2reg| sfp_instance/R_8145/D                              |
|  -0.878|   -0.980|-431.329| -489.712|    38.68%|   0:00:00.0| 2933.4M|   WC_VIEW|  reg2reg| sfp_instance/R_7688/D                              |
|  -0.878|   -0.980|-431.146| -489.529|    38.68%|   0:00:01.0| 2933.4M|   WC_VIEW|  reg2reg| sfp_instance/R_7688/D                              |
|  -0.878|   -0.980|-431.067| -489.450|    38.68%|   0:00:00.0| 2933.4M|   WC_VIEW|  reg2reg| sfp_instance/R_7688/D                              |
|  -0.878|   -0.980|-430.994| -489.377|    38.69%|   0:00:00.0| 2933.4M|   WC_VIEW|  reg2reg| sfp_instance/R_7233/D                              |
|  -0.878|   -0.980|-431.047| -489.430|    38.69%|   0:00:00.0| 2933.4M|   WC_VIEW|  reg2reg| sfp_instance/R_8047/D                              |
|  -0.878|   -0.980|-431.092| -489.475|    38.69%|   0:00:01.0| 2933.4M|   WC_VIEW|  reg2reg| sfp_instance/R_7283/D                              |
|  -0.878|   -0.980|-431.086| -489.469|    38.69%|   0:00:00.0| 2933.4M|   WC_VIEW|  reg2reg| sfp_instance/R_7283/D                              |
|  -0.878|   -0.980|-431.085| -489.468|    38.70%|   0:00:00.0| 2933.4M|   WC_VIEW|  reg2reg| sfp_instance/R_7222/D                              |
|  -0.878|   -0.980|-431.051| -489.434|    38.70%|   0:00:01.0| 2933.4M|   WC_VIEW|  reg2reg| sfp_instance/R_7260/D                              |
|  -0.878|   -0.980|-431.046| -489.429|    38.70%|   0:00:00.0| 2933.4M|   WC_VIEW|  reg2reg| sfp_instance/R_7175/D                              |
|  -0.878|   -0.980|-431.009| -489.392|    38.70%|   0:00:00.0| 2933.4M|   WC_VIEW|  reg2reg| sfp_instance/R_5753/D                              |
|  -0.878|   -0.980|-431.004| -489.387|    38.70%|   0:00:00.0| 2933.4M|   WC_VIEW|  reg2reg| sfp_instance/R_5753/D                              |
|  -0.878|   -0.980|-430.996| -489.379|    38.70%|   0:00:00.0| 2933.4M|   WC_VIEW|  reg2reg| sfp_instance/R_6224/D                              |
|  -0.878|   -0.980|-430.992| -489.375|    38.70%|   0:00:00.0| 2933.4M|   WC_VIEW|  reg2reg| sfp_instance/sfp_out_sign5_reg_5_/D                |
|  -0.878|   -0.980|-431.001| -489.384|    38.70%|   0:00:01.0| 2933.4M|   WC_VIEW|  reg2reg| sfp_instance/sfp_out_sign0_reg_4_/D                |
|  -0.878|   -0.980|-430.996| -489.379|    38.70%|   0:00:00.0| 2933.4M|   WC_VIEW|  reg2reg| sfp_instance/sfp_out_sign2_reg_5_/D                |
|  -0.878|   -0.980|-430.993| -489.376|    38.70%|   0:00:00.0| 2933.4M|   WC_VIEW|  reg2reg| sfp_instance/R_8583/D                              |
|  -0.878|   -0.980|-430.988| -489.371|    38.70%|   0:00:00.0| 2933.4M|   WC_VIEW|  reg2reg| sfp_instance/R_8559/D                              |
|  -0.878|   -0.980|-430.927| -489.284|    38.70%|   0:00:00.0| 2933.4M|   WC_VIEW|  reg2reg| sfp_instance/sfp_out_sign5_reg_7_/D                |
|  -0.878|   -0.980|-430.865| -489.223|    38.70%|   0:00:00.0| 2933.4M|   WC_VIEW|  reg2reg| sfp_instance/sfp_out_sign5_reg_7_/D                |
|  -0.878|   -0.980|-430.855| -489.213|    38.70%|   0:00:01.0| 2933.4M|   WC_VIEW|  reg2reg| sfp_instance/sfp_out_sign5_reg_7_/D                |
|  -0.878|   -0.980|-430.849| -489.203|    38.70%|   0:00:00.0| 2933.4M|        NA|       NA| NA                                                 |
|  -0.878|   -0.981|-430.849| -489.203|    38.70%|   0:00:00.0| 2933.4M|   WC_VIEW|  reg2reg| sfp_instance/R_6258/D                              |
+--------+---------+--------+---------+----------+------------+--------+----------+---------+----------------------------------------------------+

*** Finish Core Optimize Step (cpu=0:01:01 real=0:00:19.0 mem=2933.4M) ***
Active Path Group: default 
+--------+---------+--------+---------+----------+------------+--------+----------+---------+----------------------------------------------------+
|  WNS   | All WNS |  TNS   | All TNS | Density  |    Real    |  Mem   |Worst View|Pathgroup|                     End Point                      |
+--------+---------+--------+---------+----------+------------+--------+----------+---------+----------------------------------------------------+
|  -0.981|   -0.981|-489.203| -489.203|    38.70%|   0:00:00.0| 2933.4M|   WC_VIEW|  default| sfp_instance/R_6258/D                              |
|  -0.980|   -0.980|-489.098| -489.098|    38.70%|   0:00:01.0| 2933.4M|   WC_VIEW|  default| sfp_instance/R_6953/D                              |
|  -0.980|   -0.980|-488.016| -488.016|    38.70%|   0:00:01.0| 2933.4M|   WC_VIEW|  default| sfp_instance/R_7304/D                              |
|  -0.980|   -0.980|-487.537| -487.537|    38.70%|   0:00:00.0| 2933.4M|   WC_VIEW|  default| sfp_instance/R_7304/D                              |
|  -0.980|   -0.980|-486.975| -486.975|    38.70%|   0:00:01.0| 2933.4M|   WC_VIEW|  default| sfp_instance/R_7304/D                              |
|  -0.980|   -0.980|-486.645| -486.645|    38.70%|   0:00:00.0| 2933.4M|   WC_VIEW|  default| sfp_instance/R_7304/D                              |
|  -0.980|   -0.980|-485.555| -485.555|    38.70%|   0:00:00.0| 2933.4M|   WC_VIEW|  default| sfp_instance/R_6900/D                              |
|  -0.980|   -0.980|-485.106| -485.106|    38.71%|   0:00:01.0| 2931.0M|   WC_VIEW|  default| sfp_instance/R_6900/D                              |
|  -0.980|   -0.980|-485.104| -485.104|    38.71%|   0:00:00.0| 2932.7M|   WC_VIEW|  default| sfp_instance/R_6900/D                              |
|  -0.980|   -0.980|-485.012| -485.012|    38.71%|   0:00:00.0| 2932.7M|   WC_VIEW|  default| sfp_instance/div_18_u_div_u_add_PartRem_0_1_R_8476 |
|        |         |        |         |          |            |        |          |         | /D                                                 |
|  -0.980|   -0.980|-484.966| -484.966|    38.71%|   0:00:00.0| 2932.7M|   WC_VIEW|  default| sfp_instance/div_18_u_div_u_add_PartRem_0_1_R_8476 |
|        |         |        |         |          |            |        |          |         | /D                                                 |
|  -0.980|   -0.980|-484.942| -484.942|    38.71%|   0:00:01.0| 2932.7M|   WC_VIEW|  default| sfp_instance/div_18_u_div_u_add_PartRem_0_1_R_8476 |
|        |         |        |         |          |            |        |          |         | /D                                                 |
|  -0.980|   -0.980|-483.908| -483.908|    38.71%|   0:00:00.0| 2932.7M|   WC_VIEW|  default| sfp_instance/R_7907/D                              |
|  -0.980|   -0.980|-483.907| -483.907|    38.71%|   0:00:00.0| 2932.7M|   WC_VIEW|  default| sfp_instance/R_7907/D                              |
|  -0.980|   -0.980|-483.758| -483.758|    38.71%|   0:00:01.0| 2932.7M|   WC_VIEW|  default| sfp_instance/R_8257/D                              |
|  -0.980|   -0.980|-483.751| -483.751|    38.71%|   0:00:01.0| 2932.7M|   WC_VIEW|  default| sfp_instance/div_18_u_div_u_add_PartRem_0_7_R_8963 |
|        |         |        |         |          |            |        |          |         | /D                                                 |
|  -0.980|   -0.980|-483.699| -483.699|    38.71%|   0:00:00.0| 2932.7M|   WC_VIEW|  default| sfp_instance/div_18_u_div_u_add_PartRem_0_1_R_8482 |
|        |         |        |         |          |            |        |          |         | /D                                                 |
|  -0.980|   -0.980|-483.695| -483.695|    38.71%|   0:00:00.0| 2932.7M|   WC_VIEW|  default| sfp_instance/div_18_u_div_u_add_PartRem_0_1_R_8482 |
|        |         |        |         |          |            |        |          |         | /D                                                 |
|  -0.980|   -0.980|-483.685| -483.685|    38.71%|   0:00:00.0| 2932.7M|   WC_VIEW|  default| sfp_instance/div_18_u_div_u_add_PartRem_0_1_R_8482 |
|        |         |        |         |          |            |        |          |         | /D                                                 |
|  -0.980|   -0.980|-483.531| -483.531|    38.72%|   0:00:01.0| 2932.7M|   WC_VIEW|  default| sfp_instance/R_8256/D                              |
|  -0.980|   -0.980|-483.387| -483.387|    38.72%|   0:00:00.0| 2932.7M|   WC_VIEW|  default| sfp_instance/R_8256/D                              |
|  -0.980|   -0.980|-483.381| -483.381|    38.72%|   0:00:00.0| 2932.7M|   WC_VIEW|  default| sfp_instance/R_8011/D                              |
|  -0.980|   -0.980|-483.313| -483.313|    38.72%|   0:00:00.0| 2932.7M|   WC_VIEW|  default| sfp_instance/R_8011/D                              |
|  -0.980|   -0.980|-483.090| -483.090|    38.72%|   0:00:01.0| 2932.7M|   WC_VIEW|  default| sfp_instance/R_7198/D                              |
|  -0.980|   -0.980|-483.122| -483.122|    38.72%|   0:00:01.0| 2932.7M|   WC_VIEW|  default| sfp_instance/R_7688/D                              |
|  -0.980|   -0.980|-483.116| -483.116|    38.72%|   0:00:00.0| 2932.7M|   WC_VIEW|  default| sfp_instance/R_7733/D                              |
|  -0.980|   -0.980|-483.104| -483.104|    38.72%|   0:00:00.0| 2932.7M|   WC_VIEW|  default| sfp_instance/R_7733/D                              |
|  -0.980|   -0.980|-483.080| -483.080|    38.72%|   0:00:00.0| 2932.7M|   WC_VIEW|  default| sfp_instance/R_8585/D                              |
|  -0.980|   -0.980|-483.077| -483.077|    38.72%|   0:00:01.0| 2932.7M|   WC_VIEW|  default| sfp_instance/R_7261/D                              |
|  -0.980|   -0.980|-483.073| -483.073|    38.72%|   0:00:00.0| 2932.7M|   WC_VIEW|  default| sfp_instance/sfp_out_sign5_reg_5_/D                |
|  -0.980|   -0.980|-483.073| -483.073|    38.72%|   0:00:00.0| 2932.7M|   WC_VIEW|  default| sfp_instance/sfp_out_sign3_reg_5_/D                |
|  -0.980|   -0.980|-483.068| -483.068|    38.72%|   0:00:00.0| 2932.7M|   WC_VIEW|  default| sfp_instance/R_8583/D                              |
|  -0.980|   -0.980|-482.953| -482.953|    38.72%|   0:00:00.0| 2932.7M|   WC_VIEW|  default| sfp_instance/sfp_out_sign6_reg_7_/D                |
|  -0.980|   -0.980|-482.915| -482.915|    38.72%|   0:00:00.0| 2932.7M|   WC_VIEW|  default| sfp_instance/sfp_out_sign6_reg_7_/D                |
|  -0.980|   -0.980|-482.847| -482.847|    38.72%|   0:00:00.0| 2932.7M|   WC_VIEW|  default| sfp_instance/sfp_out_sign4_reg_7_/D                |
|  -0.981|   -0.981|-482.847| -482.847|    38.72%|   0:00:00.0| 2932.7M|   WC_VIEW|  default| sfp_instance/R_6258/D                              |
+--------+---------+--------+---------+----------+------------+--------+----------+---------+----------------------------------------------------+

*** Finish Core Optimize Step (cpu=0:00:42.4 real=0:00:12.0 mem=2932.7M) ***

*** Finished Optimize Step Cumulative (cpu=0:01:44 real=0:00:31.0 mem=2932.7M) ***
** GigaOpt Optimizer WNS Slack -0.981 TNS Slack -482.847 Density 38.72
*** Starting refinePlace (1:52:07 mem=2932.7M) ***
Total net bbox length = 1.039e+06 (5.011e+05 5.380e+05) (ext = 6.136e+04)
Move report: Detail placement moves 0 insts, mean move: 0.00 um, max move: 0.00 um
	Runtime: CPU: 0:00:00.3 REAL: 0:00:00.0 MEM: 2932.7MB
Summary Report:
Instances move: 0 (out of 51954 movable)
Mean displacement: 0.00 um
Max displacement: 0.00 um 
Total net bbox length = 1.039e+06 (5.011e+05 5.380e+05) (ext = 6.136e+04)
Runtime: CPU: 0:00:00.4 REAL: 0:00:00.0 MEM: 2932.7MB
*** Finished refinePlace (1:52:07 mem=2932.7M) ***
Finished re-routing un-routed nets (0:00:00.0 2932.7M)


Density : 0.3872
Max route overflow : 0.0001


*** Finish Physical Update (cpu=0:00:01.4 real=0:00:01.0 mem=2932.7M) ***
** GigaOpt Optimizer WNS Slack -0.981 TNS Slack -482.847 Density 38.72

*** Finish pre-CTS Setup Fixing (cpu=0:01:46 real=0:00:33.0 mem=2932.7M) ***

End: GigaOpt TNS recovery
GigaOpt: WNS changes after routing: -0.850 -> -0.888 (bump = 0.038)
Begin: GigaOpt postEco optimization
Info: 2 clock nets excluded from IPO operation.
*info: 2 clock nets excluded
*info: 2 special nets excluded.
*info: 159 no-driver nets excluded.
** GigaOpt Optimizer WNS Slack -0.981 TNS Slack -482.847 Density 38.72
Optimizer WNS Pass 0
Active Path Group: reg2reg  
+--------+---------+--------+---------+----------+------------+--------+----------+---------+----------------------------------------------------+
|  WNS   | All WNS |  TNS   | All TNS | Density  |    Real    |  Mem   |Worst View|Pathgroup|                     End Point                      |
+--------+---------+--------+---------+----------+------------+--------+----------+---------+----------------------------------------------------+
|  -0.878|   -0.981|-428.005| -482.847|    38.72%|   0:00:00.0| 2932.7M|   WC_VIEW|  reg2reg| sfp_instance/R_6258/D                              |
|  -0.877|   -0.981|-426.769| -483.033|    38.72%|   0:00:04.0| 2942.5M|   WC_VIEW|  reg2reg| sfp_instance/R_6258/D                              |
|  -0.877|   -0.981|-426.535| -482.947|    38.72%|   0:00:00.0| 2942.5M|   WC_VIEW|  reg2reg| sfp_instance/R_6258/D                              |
|  -0.875|   -0.979|-439.548| -496.564|    38.73%|   0:00:01.0| 2942.5M|   WC_VIEW|  reg2reg| sfp_instance/R_6258/D                              |
|  -0.875|   -0.979|-439.025| -498.973|    38.73%|   0:00:00.0| 2942.5M|   WC_VIEW|  reg2reg| sfp_instance/R_6258/D                              |
|  -0.875|   -0.979|-439.025| -498.636|    38.73%|   0:00:00.0| 2942.5M|   WC_VIEW|  reg2reg| sfp_instance/R_6258/D                              |
+--------+---------+--------+---------+----------+------------+--------+----------+---------+----------------------------------------------------+

*** Finish Core Optimize Step (cpu=0:00:24.7 real=0:00:05.0 mem=2942.5M) ***
Active Path Group: default 
+--------+---------+--------+---------+----------+------------+--------+----------+---------+----------------------------------------------------+
|  WNS   | All WNS |  TNS   | All TNS | Density  |    Real    |  Mem   |Worst View|Pathgroup|                     End Point                      |
+--------+---------+--------+---------+----------+------------+--------+----------+---------+----------------------------------------------------+
|  -0.979|   -0.979|-498.636| -498.636|    38.73%|   0:00:01.0| 2942.5M|   WC_VIEW|  default| sfp_instance/R_6258/D                              |
|  -0.979|   -0.979|-498.250| -498.250|    38.73%|   0:00:03.0| 2942.5M|   WC_VIEW|  default| sfp_instance/R_6258/D                              |
+--------+---------+--------+---------+----------+------------+--------+----------+---------+----------------------------------------------------+

*** Finish Core Optimize Step (cpu=0:00:18.0 real=0:00:04.0 mem=2942.5M) ***

*** Finished Optimize Step Cumulative (cpu=0:00:42.8 real=0:00:09.0 mem=2942.5M) ***
** GigaOpt Optimizer WNS Slack -0.979 TNS Slack -498.250 Density 38.73
*** Starting refinePlace (1:52:56 mem=2942.5M) ***
Total net bbox length = 1.039e+06 (5.011e+05 5.380e+05) (ext = 6.136e+04)
Move report: Detail placement moves 0 insts, mean move: 0.00 um, max move: 0.00 um
	Runtime: CPU: 0:00:00.3 REAL: 0:00:00.0 MEM: 2942.5MB
Summary Report:
Instances move: 0 (out of 51960 movable)
Mean displacement: 0.00 um
Max displacement: 0.00 um 
Total net bbox length = 1.039e+06 (5.011e+05 5.380e+05) (ext = 6.136e+04)
Runtime: CPU: 0:00:00.3 REAL: 0:00:00.0 MEM: 2942.5MB
*** Finished refinePlace (1:52:56 mem=2942.5M) ***
Finished re-routing un-routed nets (0:00:00.0 2942.5M)


Density : 0.3873
Max route overflow : 0.0001


*** Finish Physical Update (cpu=0:00:01.3 real=0:00:01.0 mem=2942.5M) ***
** GigaOpt Optimizer WNS Slack -0.979 TNS Slack -498.250 Density 38.73

*** Finish pre-CTS Setup Fixing (cpu=0:00:45.1 real=0:00:10.0 mem=2942.5M) ***

End: GigaOpt postEco optimization
*** Steiner Routed Nets: 1.010%; Threshold: 100; Threshold for Hold: 100
Start to check current routing status for nets...
All nets are already routed correctly.
End to check current routing status for nets (mem=2734.5M)
Begin: GigaOpt Optimization in post-eco TNS mode
Info: 2 clock nets excluded from IPO operation.
*info: 2 clock nets excluded
*info: 2 special nets excluded.
*info: 159 no-driver nets excluded.
** GigaOpt Optimizer WNS Slack -0.979 TNS Slack -498.250 Density 38.73
Optimizer TNS Opt
Active Path Group: reg2reg  
+--------+---------+--------+---------+----------+------------+--------+----------+---------+----------------------------------------------------+
|  WNS   | All WNS |  TNS   | All TNS | Density  |    Real    |  Mem   |Worst View|Pathgroup|                     End Point                      |
+--------+---------+--------+---------+----------+------------+--------+----------+---------+----------------------------------------------------+
|  -0.875|   -0.979|-439.357| -498.250|    38.73%|   0:00:00.0| 2942.5M|   WC_VIEW|  reg2reg| sfp_instance/R_6258/D                              |
|  -0.875|   -0.979|-439.357| -498.250|    38.73%|   0:00:01.0| 2942.5M|   WC_VIEW|  reg2reg| sfp_instance/R_7586/D                              |
|  -0.875|   -0.979|-439.187| -497.991|    38.73%|   0:00:00.0| 2942.5M|   WC_VIEW|  reg2reg| sfp_instance/R_8080/D                              |
|  -0.875|   -0.979|-439.178| -497.981|    38.73%|   0:00:01.0| 2942.5M|   WC_VIEW|  reg2reg| sfp_instance/R_8491/D                              |
|  -0.875|   -0.979|-439.178| -497.981|    38.73%|   0:00:00.0| 2942.5M|   WC_VIEW|  reg2reg| sfp_instance/sfp_out_sign4_reg_5_/D                |
|  -0.875|   -0.979|-439.178| -497.981|    38.73%|   0:00:01.0| 2942.5M|   WC_VIEW|  reg2reg| sfp_instance/R_6258/D                              |
+--------+---------+--------+---------+----------+------------+--------+----------+---------+----------------------------------------------------+

*** Finish Core Optimize Step (cpu=0:00:03.5 real=0:00:03.0 mem=2942.5M) ***
Active Path Group: default 
+--------+---------+--------+---------+----------+------------+--------+----------+---------+----------------------------------------------------+
|  WNS   | All WNS |  TNS   | All TNS | Density  |    Real    |  Mem   |Worst View|Pathgroup|                     End Point                      |
+--------+---------+--------+---------+----------+------------+--------+----------+---------+----------------------------------------------------+
|  -0.979|   -0.979|-497.981| -497.981|    38.73%|   0:00:00.0| 2942.5M|   WC_VIEW|  default| sfp_instance/R_6258/D                              |
|  -0.979|   -0.979|-497.981| -497.981|    38.73%|   0:00:01.0| 2942.5M|   WC_VIEW|  default| sfp_instance/R_7989/D                              |
|  -0.979|   -0.979|-497.981| -497.981|    38.73%|   0:00:01.0| 2942.5M|   WC_VIEW|  default| sfp_instance/R_8553/D                              |
|  -0.979|   -0.979|-497.981| -497.981|    38.73%|   0:00:00.0| 2942.5M|   WC_VIEW|  default| sfp_instance/R_8545/D                              |
|  -0.979|   -0.979|-497.981| -497.981|    38.73%|   0:00:00.0| 2942.5M|   WC_VIEW|  default| sfp_instance/sfp_out_sign4_reg_6_/D                |
|  -0.979|   -0.979|-497.981| -497.981|    38.73%|   0:00:00.0| 2942.5M|   WC_VIEW|  default| sfp_instance/R_6258/D                              |
+--------+---------+--------+---------+----------+------------+--------+----------+---------+----------------------------------------------------+

*** Finish Core Optimize Step (cpu=0:00:02.9 real=0:00:02.0 mem=2942.5M) ***

*** Finished Optimize Step Cumulative (cpu=0:00:06.5 real=0:00:05.0 mem=2942.5M) ***
** GigaOpt Optimizer WNS Slack -0.979 TNS Slack -497.981 Density 38.73

*** Finish pre-CTS Setup Fixing (cpu=0:00:07.1 real=0:00:06.0 mem=2942.5M) ***

End: GigaOpt Optimization in post-eco TNS mode
**optDesign ... cpu = 1:42:30, real = 0:28:06, mem = 2219.4M, totSessionCpu=1:53:09 **
** Profile ** Start :  cpu=0:00:00.0, mem=2219.4M
** Profile ** Other data :  cpu=0:00:00.1, mem=2219.4M
** Profile ** Overall slacks :  cpu=0:00:00.4, mem=2296.9M
** Profile ** DRVs :  cpu=0:00:00.9, mem=2296.9M

------------------------------------------------------------
        Before Power Reclaim                             
------------------------------------------------------------

Setup views included:
 WC_VIEW 

+--------------------+---------+---------+---------+
|     Setup mode     |   all   | reg2reg | default |
+--------------------+---------+---------+---------+
|           WNS (ns):| -0.979  | -0.875  | -0.979  |
|           TNS (ns):|-497.982 |-439.179 |-497.982 |
|    Violating Paths:|   610   |   597   |   610   |
|          All Paths:|  8401   |  6831   |  3064   |
+--------------------+---------+---------+---------+

+----------------+-------------------------------+------------------+
|                |              Real             |       Total      |
|    DRVs        +------------------+------------+------------------|
|                |  Nr nets(terms)  | Worst Vio  |  Nr nets(terms)  |
+----------------+------------------+------------+------------------+
|   max_cap      |      0 (0)       |   0.000    |      0 (0)       |
|   max_tran     |      0 (0)       |   0.000    |      0 (0)       |
|   max_fanout   |      0 (0)       |     0      |      0 (0)       |
|   max_length   |      0 (0)       |     0      |      0 (0)       |
+----------------+------------------+------------+------------------+

Density: 38.726%
Routing Overflow: 0.01% H and 0.00% V
------------------------------------------------------------
** Profile ** Report data :  cpu=0:00:00.0, mem=2296.9M
Info: 2 clock nets excluded from IPO operation.

Begin Power Analysis

    0.00V	    VSS
    0.90V	    VDD

Begin Processing Timing Library for Power Calculation

Begin Processing Timing Library for Power Calculation



Begin Processing Power Net/Grid for Power Calculation

Ended Processing Power Net/Grid for Power Calculation: (cpu=0:00:00, real=0:00:00, mem(process/total)=1571.75MB/1571.75MB)

Begin Processing Timing Window Data for Power Calculation

CK: assigning clock clk_o to net clk_o
CK: assigning clock clk to net clk
Ended Processing Timing Window Data for Power Calculation: (cpu=0:00:00, real=0:00:00, mem(process/total)=1571.75MB/1571.75MB)

Begin Processing User Attributes

Ended Processing User Attributes: (cpu=0:00:00, real=0:00:00, mem(process/total)=1571.75MB/1571.75MB)

Begin Processing Signal Activity


Starting Levelizing
2025-Mar-22 18:56:44 (2025-Mar-23 01:56:44 GMT)
2025-Mar-22 18:56:44 (2025-Mar-23 01:56:44 GMT): 10%
2025-Mar-22 18:56:44 (2025-Mar-23 01:56:44 GMT): 20%
2025-Mar-22 18:56:44 (2025-Mar-23 01:56:44 GMT): 30%
2025-Mar-22 18:56:44 (2025-Mar-23 01:56:44 GMT): 40%
2025-Mar-22 18:56:44 (2025-Mar-23 01:56:44 GMT): 50%
2025-Mar-22 18:56:45 (2025-Mar-23 01:56:45 GMT): 60%
2025-Mar-22 18:56:45 (2025-Mar-23 01:56:45 GMT): 70%
2025-Mar-22 18:56:45 (2025-Mar-23 01:56:45 GMT): 80%
2025-Mar-22 18:56:45 (2025-Mar-23 01:56:45 GMT): 90%

Finished Levelizing
2025-Mar-22 18:56:45 (2025-Mar-23 01:56:45 GMT)

Starting Activity Propagation
2025-Mar-22 18:56:45 (2025-Mar-23 01:56:45 GMT)
2025-Mar-22 18:56:46 (2025-Mar-23 01:56:46 GMT): 10%
2025-Mar-22 18:56:46 (2025-Mar-23 01:56:46 GMT): 20%

Finished Activity Propagation
2025-Mar-22 18:56:47 (2025-Mar-23 01:56:47 GMT)
Ended Processing Signal Activity: (cpu=0:00:03, real=0:00:03, mem(process/total)=1574.11MB/1574.11MB)

Begin Power Computation

      ----------------------------------------------------------
      # of cell(s) missing both power/leakage table: 0
      # of cell(s) missing power table: 4
      # of cell(s) missing leakage table: 2
      # of MSMV cell(s) missing power_level: 0
      ----------------------------------------------------------
CellName                                  Missing Table(s)
TIEH                                      internal power, 
TIEL                                      internal power, 
sram_w16_in                               internal power, leakge power, 
sram_w16_out                              internal power, leakge power, 



Starting Calculating power
2025-Mar-22 18:56:47 (2025-Mar-23 01:56:47 GMT)
2025-Mar-22 18:56:48 (2025-Mar-23 01:56:48 GMT): 10%
2025-Mar-22 18:56:48 (2025-Mar-23 01:56:48 GMT): 20%
2025-Mar-22 18:56:48 (2025-Mar-23 01:56:48 GMT): 30%
2025-Mar-22 18:56:48 (2025-Mar-23 01:56:48 GMT): 40%
2025-Mar-22 18:56:48 (2025-Mar-23 01:56:48 GMT): 50%
2025-Mar-22 18:56:48 (2025-Mar-23 01:56:48 GMT): 60%
2025-Mar-22 18:56:48 (2025-Mar-23 01:56:48 GMT): 70%
2025-Mar-22 18:56:49 (2025-Mar-23 01:56:49 GMT): 80%
2025-Mar-22 18:56:49 (2025-Mar-23 01:56:49 GMT): 90%

Finished Calculating power
2025-Mar-22 18:56:49 (2025-Mar-23 01:56:49 GMT)
Ended Power Computation: (cpu=0:00:05, real=0:00:01, mem(process/total)=1590.08MB/1590.08MB)

Begin Processing User Attributes

Ended Processing User Attributes: (cpu=0:00:00, real=0:00:00, mem(process/total)=1590.08MB/1590.08MB)

Ended Power Analysis: (cpu=0:00:09, real=0:00:05, mem(process/total)=1590.08MB/1590.08MB)

Begin Static Power Report Generation
*----------------------------------------------------------------------------------------
*	Innovus 15.23-s045_1 (64bit) 04/22/2016 12:32 (Linux 2.6.18-194.el5)
*	
*
* 	Date & Time:	2025-Mar-22 18:56:49 (2025-Mar-23 01:56:49 GMT)
*
*----------------------------------------------------------------------------------------
*
*	Design: core
*
*	Liberty Libraries used:
*	        WC_VIEW: /home/linux/ieng6/ee260bwi25/public/PDKdata/lib/tcbn65gpluswc.lib
*	        WC_VIEW: ./subckt/sram_w16_in_WC.lib
*	        WC_VIEW: ./subckt/sram_w16_out_WC.lib
*
*	Power Domain used:
*		Rail:        VDD 	Voltage:        0.9
*
*       Power View : WC_VIEW
*
*       User-Defined Activity : N.A.
*
*       Activity File: N.A.
*
*       Hierarchical Global Activity: N.A.
*
*       Global Activity: N.A.
*
*       Sequential Element Activity: 0.200000
*
*       Primary Input Activity: 0.200000
*
*       Default icg ratio: N.A.
*
*       Global Comb ClockGate Ratio: N.A.
*
*	Power Units = 1mW
*
*	Time Units = 1e-09 secs
*
*       report_power
*
-----------------------------------------------------------------------------------------


Total Power
-----------------------------------------------------------------------------------------
Total Internal Power:       28.00774623 	   58.8590%
Total Switching Power:      17.91235305 	   37.6433%
Total Leakage Power:         1.66435266 	    3.4977%
Total Power:                47.58445204
-----------------------------------------------------------------------------------------


Group                           Internal   Switching     Leakage       Total  Percentage 
                                Power      Power         Power         Power  (%)        
-----------------------------------------------------------------------------------------
Sequential                         13.75       0.889      0.3683       15.01       31.55
Macro                                  0      0.2399           0      0.2399      0.5042
IO                                     0           0   1.457e-06   1.457e-06   3.062e-06
Combinational                      14.25       16.78       1.296       32.33       67.95
Clock (Combinational)                  0           0           0           0           0
Clock (Sequential)                     0           0           0           0           0
-----------------------------------------------------------------------------------------
Total                              28.01       17.91       1.664       47.58         100
-----------------------------------------------------------------------------------------


Rail                  Voltage   Internal   Switching     Leakage       Total  Percentage 
                                Power      Power         Power         Power  (%)        
-----------------------------------------------------------------------------------------
VDD                       0.9      28.01       17.91       1.664       47.58         100
 
 
-----------------------------------------------------------------------------------------
*	Power Distribution Summary: 
* 		Highest Average Power:         psum_mem_instance (sram_w16_out): 	     0.146
* 		Highest Leakage Power:  sfp_instance/FE_RC_226_0 (ND3D8): 	 0.0003029
* 		Total Cap: 	3.87921e-10 F
* 		Total instances in design: 51963
* 		Total instances in design with no power:     0
*                Total instances in design with no activty:     0

* 		Total Fillers and Decap:     0
-----------------------------------------------------------------------------------------
 
Ended Static Power Report Generation: (cpu=0:00:00, real=0:00:00,
mem(process/total)=1590.33MB/1590.33MB)

Begin: Power Optimization
Reclaim Optimization WNS Slack -0.979  TNS Slack -497.981 Density 38.73
+----------+---------+--------+--------+------------+--------+
| Density  | Commits |  WNS   |  TNS   |    Real    |  Mem   |
+----------+---------+--------+--------+------------+--------+
|    38.73%|        -|  -0.979|-497.981|   0:00:00.0| 3000.9M|
|    38.73%|        0|  -0.979|-497.981|   0:00:04.0| 3000.9M|
|    38.73%|       42|  -0.979|-497.981|   0:00:05.0| 3000.9M|
|    38.72%|       41|  -0.979|-497.974|   0:00:02.0| 3000.9M|
|    38.72%|        1|  -0.979|-497.974|   0:00:00.0| 3000.9M|
|    38.68%|     4828|  -0.974|-492.324|   0:00:16.0| 3000.9M|
|    38.68%|      170|  -0.974|-492.247|   0:00:05.0| 3000.9M|
+----------+---------+--------+--------+------------+--------+
Reclaim Optimization End WNS Slack -0.974  TNS Slack -492.247 Density 38.68
** Finished Core Power Optimization (cpu = 0:01:31) (real = 0:00:34.0) **
Executing incremental physical updates
*** Starting refinePlace (1:54:52 mem=2792.9M) ***
Total net bbox length = 1.039e+06 (5.009e+05 5.377e+05) (ext = 6.190e+04)
Move report: Detail placement moves 312 insts, mean move: 0.50 um, max move: 3.20 um
	Max move on inst (sfp_instance/fifo_inst_int/FE_RC_2662_0): (674.60, 395.60) --> (676.00, 393.80)
	Runtime: CPU: 0:00:01.9 REAL: 0:00:01.0 MEM: 2792.9MB
Summary Report:
Instances move: 312 (out of 51905 movable)
Mean displacement: 0.50 um
Max displacement: 3.20 um (Instance: sfp_instance/fifo_inst_int/FE_RC_2662_0) (674.6, 395.6) -> (676, 393.8)
	Length: 7 sites, height: 1 rows, site name: core, cell type: NR2D2
Total net bbox length = 1.039e+06 (5.010e+05 5.377e+05) (ext = 6.190e+04)
Runtime: CPU: 0:00:02.0 REAL: 0:00:01.0 MEM: 2792.9MB
*** Finished refinePlace (1:54:54 mem=2792.9M) ***
Checking setup slack degradation ...
Begin: GigaOpt postEco optimization
Info: 2 clock nets excluded from IPO operation.
Info: 2 clock nets excluded from IPO operation.
** GigaOpt Optimizer WNS Slack -0.974 TNS Slack -492.247 Density 38.68
Optimizer WNS Pass 0
Active Path Group: reg2reg  
+--------+---------+--------+---------+----------+------------+--------+----------+---------+----------------------------------------------------+
|  WNS   | All WNS |  TNS   | All TNS | Density  |    Real    |  Mem   |Worst View|Pathgroup|                     End Point                      |
+--------+---------+--------+---------+----------+------------+--------+----------+---------+----------------------------------------------------+
|  -0.904|   -0.974|-450.140| -492.247|    38.68%|   0:00:00.0| 3000.9M|   WC_VIEW|  reg2reg| sfp_instance/R_8514/D                              |
|  -0.895|   -0.974|-446.518| -494.462|    38.68%|   0:00:01.0| 3000.9M|   WC_VIEW|  reg2reg| sfp_instance/R_8514/D                              |
|  -0.890|   -0.985|-445.527| -498.706|    38.67%|   0:00:00.0| 3000.9M|   WC_VIEW|  reg2reg| sfp_instance/R_8514/D                              |
|  -0.885|   -0.984|-444.782| -500.327|    38.67%|   0:00:01.0| 3000.9M|   WC_VIEW|  reg2reg| sfp_instance/R_8514/D                              |
|  -0.885|   -0.984|-444.210| -499.121|    38.67%|   0:00:00.0| 3000.9M|   WC_VIEW|  reg2reg| sfp_instance/R_8514/D                              |
|  -0.881|   -0.984|-443.277| -499.121|    38.67%|   0:00:00.0| 3000.9M|   WC_VIEW|  reg2reg| sfp_instance/R_8514/D                              |
|  -0.876|   -0.984|-441.767| -499.120|    38.67%|   0:00:00.0| 3000.9M|   WC_VIEW|  reg2reg| sfp_instance/R_8514/D                              |
|  -0.877|   -0.985|-441.578| -499.296|    38.68%|   0:00:01.0| 3000.9M|   WC_VIEW|  reg2reg| sfp_instance/R_8514/D                              |
|  -0.877|   -0.985|-441.578| -499.296|    38.68%|   0:00:00.0| 3000.9M|   WC_VIEW|  reg2reg| sfp_instance/R_8514/D                              |
+--------+---------+--------+---------+----------+------------+--------+----------+---------+----------------------------------------------------+

*** Finish Core Optimize Step (cpu=0:00:05.5 real=0:00:03.0 mem=3000.9M) ***
Checking setup slack degradation ...

*** Finished Optimize Step Cumulative (cpu=0:00:06.0 real=0:00:03.0 mem=3000.9M) ***
** GigaOpt Optimizer WNS Slack -0.985 TNS Slack -499.296 Density 38.68
*** Starting refinePlace (1:55:07 mem=3000.9M) ***
Total net bbox length = 1.039e+06 (5.010e+05 5.377e+05) (ext = 6.190e+04)
Move report: Detail placement moves 0 insts, mean move: 0.00 um, max move: 0.00 um
	Runtime: CPU: 0:00:00.3 REAL: 0:00:01.0 MEM: 3000.9MB
Summary Report:
Instances move: 0 (out of 51905 movable)
Mean displacement: 0.00 um
Max displacement: 0.00 um 
Total net bbox length = 1.039e+06 (5.010e+05 5.377e+05) (ext = 6.190e+04)
Runtime: CPU: 0:00:00.4 REAL: 0:00:01.0 MEM: 3000.9MB
*** Finished refinePlace (1:55:07 mem=3000.9M) ***
Finished re-routing un-routed nets (0:00:00.0 3000.9M)


Density : 0.3868
Max route overflow : 0.0001


*** Finish Physical Update (cpu=0:00:01.3 real=0:00:01.0 mem=3000.9M) ***
** GigaOpt Optimizer WNS Slack -0.985 TNS Slack -499.296 Density 38.68

*** Finish pre-CTS Setup Fixing (cpu=0:00:08.4 real=0:00:06.0 mem=3000.9M) ***

End: GigaOpt postEco optimization
Begin: GigaOpt postEco optimization
Info: 2 clock nets excluded from IPO operation.
Info: 2 clock nets excluded from IPO operation.
** GigaOpt Optimizer WNS Slack -0.985 TNS Slack -499.296 Density 38.68
Optimizer TNS Opt
Active Path Group: reg2reg  
+--------+---------+--------+---------+----------+------------+--------+----------+---------+----------------------------------------------------+
|  WNS   | All WNS |  TNS   | All TNS | Density  |    Real    |  Mem   |Worst View|Pathgroup|                     End Point                      |
+--------+---------+--------+---------+----------+------------+--------+----------+---------+----------------------------------------------------+
|  -0.877|   -0.985|-441.578| -499.296|    38.68%|   0:00:00.0| 3000.9M|   WC_VIEW|  reg2reg| sfp_instance/R_8514/D                              |
|  -0.877|   -0.985|-439.634| -497.540|    38.68%|   0:00:02.0| 3000.9M|   WC_VIEW|  reg2reg| sfp_instance/R_5921/D                              |
|  -0.877|   -0.985|-437.503| -495.974|    38.68%|   0:00:00.0| 3000.9M|   WC_VIEW|  reg2reg| sfp_instance/R_6405/D                              |
|  -0.877|   -0.985|-437.080| -496.795|    38.68%|   0:00:01.0| 3000.9M|   WC_VIEW|  reg2reg| sfp_instance/R_6910/D                              |
|  -0.877|   -0.985|-435.795| -496.011|    38.68%|   0:00:00.0| 3000.9M|   WC_VIEW|  reg2reg| sfp_instance/R_6910/D                              |
|  -0.877|   -0.985|-435.368| -495.842|    38.68%|   0:00:01.0| 3000.9M|   WC_VIEW|  reg2reg| sfp_instance/div_18_u_div_u_add_PartRem_0_7_R_4813 |
|        |         |        |         |          |            |        |          |         | /D                                                 |
|  -0.877|   -0.985|-435.127| -495.873|    38.68%|   0:00:00.0| 3000.9M|   WC_VIEW|  reg2reg| sfp_instance/div_18_u_div_u_add_PartRem_0_7_R_4813 |
|        |         |        |         |          |            |        |          |         | /D                                                 |
|  -0.877|   -0.985|-435.123| -495.854|    38.68%|   0:00:00.0| 3000.9M|   WC_VIEW|  reg2reg| sfp_instance/div_18_u_div_u_add_PartRem_0_2_R_7374 |
|        |         |        |         |          |            |        |          |         | /D                                                 |
|  -0.877|   -0.985|-435.123| -495.851|    38.68%|   0:00:00.0| 3000.9M|   WC_VIEW|  reg2reg| sfp_instance/div_18_u_div_u_add_PartRem_0_2_R_7374 |
|        |         |        |         |          |            |        |          |         | /D                                                 |
|  -0.877|   -0.985|-434.663| -495.851|    38.68%|   0:00:01.0| 3000.9M|   WC_VIEW|  reg2reg| sfp_instance/R_8662/D                              |
|  -0.877|   -0.985|-434.601| -495.930|    38.68%|   0:00:00.0| 3000.9M|   WC_VIEW|  reg2reg| sfp_instance/R_8270/D                              |
|  -0.877|   -0.985|-434.186| -495.432|    38.69%|   0:00:01.0| 3000.9M|   WC_VIEW|  reg2reg| sfp_instance/R_7906/D                              |
|  -0.877|   -0.985|-433.832| -495.068|    38.69%|   0:00:00.0| 3000.9M|   WC_VIEW|  reg2reg| sfp_instance/R_7906/D                              |
|  -0.877|   -0.985|-433.832| -495.068|    38.69%|   0:00:00.0| 3000.9M|   WC_VIEW|  reg2reg| sfp_instance/R_7689/D                              |
|  -0.877|   -0.985|-433.842| -495.078|    38.69%|   0:00:01.0| 3000.9M|   WC_VIEW|  reg2reg| sfp_instance/R_8581/D                              |
|  -0.877|   -0.985|-433.842| -495.078|    38.69%|   0:00:01.0| 3000.9M|   WC_VIEW|  reg2reg| sfp_instance/R_8631/D                              |
|  -0.877|   -0.985|-433.842| -495.078|    38.69%|   0:00:00.0| 3000.9M|   WC_VIEW|  reg2reg| sfp_instance/R_8545/D                              |
|  -0.877|   -0.985|-433.842| -495.078|    38.69%|   0:00:00.0| 3000.9M|   WC_VIEW|  reg2reg| sfp_instance/R_8514/D                              |
+--------+---------+--------+---------+----------+------------+--------+----------+---------+----------------------------------------------------+

*** Finish Core Optimize Step (cpu=0:00:18.7 real=0:00:08.0 mem=3000.9M) ***
Checking setup slack degradation ...

*** Finished Optimize Step Cumulative (cpu=0:00:19.2 real=0:00:09.0 mem=3000.9M) ***
** GigaOpt Optimizer WNS Slack -0.985 TNS Slack -495.078 Density 38.69
*** Starting refinePlace (1:55:33 mem=3000.9M) ***
Total net bbox length = 1.039e+06 (5.010e+05 5.377e+05) (ext = 6.190e+04)
Move report: Detail placement moves 0 insts, mean move: 0.00 um, max move: 0.00 um
	Runtime: CPU: 0:00:00.3 REAL: 0:00:00.0 MEM: 3000.9MB
Summary Report:
Instances move: 0 (out of 51905 movable)
Mean displacement: 0.00 um
Max displacement: 0.00 um 
Total net bbox length = 1.039e+06 (5.010e+05 5.377e+05) (ext = 6.190e+04)
Runtime: CPU: 0:00:00.3 REAL: 0:00:00.0 MEM: 3000.9MB
*** Finished refinePlace (1:55:33 mem=3000.9M) ***
Finished re-routing un-routed nets (0:00:00.0 3000.9M)


Density : 0.3869
Max route overflow : 0.0001


*** Finish Physical Update (cpu=0:00:01.3 real=0:00:01.0 mem=3000.9M) ***
** GigaOpt Optimizer WNS Slack -0.985 TNS Slack -495.078 Density 38.69

*** Finish pre-CTS Setup Fixing (cpu=0:00:21.5 real=0:00:10.0 mem=3000.9M) ***

End: GigaOpt postEco optimization
Info: 2 clock nets excluded from IPO operation.
Info: 2 clock nets excluded from IPO operation.
+--------+---------+--------+---------+----------+------------+--------+----------+---------+----------------------------------------------------+
|  WNS   | All WNS |  TNS   | All TNS | Density  |    Real    |  Mem   |Worst View|Pathgroup|                     End Point                      |
+--------+---------+--------+---------+----------+------------+--------+----------+---------+----------------------------------------------------+
|  -0.985|   -0.985|-495.078| -495.078|    38.69%|   0:00:01.0| 3000.9M|   WC_VIEW|  default| sfp_instance/R_8514/D                              |
+--------+---------+--------+---------+----------+------------+--------+----------+---------+----------------------------------------------------+

*** Finish pre-CTS Optimize Step (cpu=0:00:00.3 real=0:00:01.0 mem=3000.9M) ***

*** Finish pre-CTS Setup Fixing (cpu=0:00:00.7 real=0:00:01.0 mem=3000.9M) ***

Begin Power Analysis

    0.00V	    VSS
    0.90V	    VDD
Begin Processing Timing Library for Power Calculation

Begin Processing Timing Library for Power Calculation



Begin Processing Power Net/Grid for Power Calculation

Ended Processing Power Net/Grid for Power Calculation: (cpu=0:00:00, real=0:00:00, mem(process/total)=1856.64MB/1856.64MB)

Begin Processing Timing Window Data for Power Calculation

Ended Processing Timing Window Data for Power Calculation: (cpu=0:00:00, real=0:00:00, mem(process/total)=1856.64MB/1856.64MB)

Begin Processing User Attributes

Ended Processing User Attributes: (cpu=0:00:00, real=0:00:00, mem(process/total)=1856.64MB/1856.64MB)

Begin Processing Signal Activity


Starting Levelizing
2025-Mar-22 18:57:57 (2025-Mar-23 01:57:57 GMT)
2025-Mar-22 18:57:57 (2025-Mar-23 01:57:57 GMT): 10%
2025-Mar-22 18:57:57 (2025-Mar-23 01:57:57 GMT): 20%
2025-Mar-22 18:57:57 (2025-Mar-23 01:57:57 GMT): 30%
2025-Mar-22 18:57:57 (2025-Mar-23 01:57:57 GMT): 40%
2025-Mar-22 18:57:57 (2025-Mar-23 01:57:57 GMT): 50%
2025-Mar-22 18:57:57 (2025-Mar-23 01:57:57 GMT): 60%
2025-Mar-22 18:57:57 (2025-Mar-23 01:57:57 GMT): 70%
2025-Mar-22 18:57:57 (2025-Mar-23 01:57:57 GMT): 80%
2025-Mar-22 18:57:57 (2025-Mar-23 01:57:57 GMT): 90%

Finished Levelizing
2025-Mar-22 18:57:57 (2025-Mar-23 01:57:57 GMT)

Starting Activity Propagation
2025-Mar-22 18:57:57 (2025-Mar-23 01:57:57 GMT)
2025-Mar-22 18:57:58 (2025-Mar-23 01:57:58 GMT): 10%
2025-Mar-22 18:57:58 (2025-Mar-23 01:57:58 GMT): 20%
2025-Mar-22 18:57:59 (2025-Mar-23 01:57:59 GMT): 30%

Finished Activity Propagation
2025-Mar-22 18:57:59 (2025-Mar-23 01:57:59 GMT)
Ended Processing Signal Activity: (cpu=0:00:02, real=0:00:03, mem(process/total)=1856.82MB/1856.82MB)

Begin Power Computation

      ----------------------------------------------------------
      # of cell(s) missing both power/leakage table: 0
      # of cell(s) missing power table: 4
      # of cell(s) missing leakage table: 2
      # of MSMV cell(s) missing power_level: 0
      ----------------------------------------------------------
CellName                                  Missing Table(s)
TIEH                                      internal power, 
TIEL                                      internal power, 
sram_w16_in                               internal power, leakge power, 
sram_w16_out                              internal power, leakge power, 



Starting Calculating power
2025-Mar-22 18:57:59 (2025-Mar-23 01:57:59 GMT)
2025-Mar-22 18:58:01 (2025-Mar-23 01:58:01 GMT): 10%
2025-Mar-22 18:58:01 (2025-Mar-23 01:58:01 GMT): 20%
2025-Mar-22 18:58:01 (2025-Mar-23 01:58:01 GMT): 30%
2025-Mar-22 18:58:01 (2025-Mar-23 01:58:01 GMT): 40%
2025-Mar-22 18:58:01 (2025-Mar-23 01:58:01 GMT): 50%
2025-Mar-22 18:58:01 (2025-Mar-23 01:58:01 GMT): 60%
2025-Mar-22 18:58:01 (2025-Mar-23 01:58:01 GMT): 70%
2025-Mar-22 18:58:01 (2025-Mar-23 01:58:01 GMT): 80%
2025-Mar-22 18:58:01 (2025-Mar-23 01:58:01 GMT): 90%

Finished Calculating power
2025-Mar-22 18:58:01 (2025-Mar-23 01:58:01 GMT)
Ended Power Computation: (cpu=0:00:05, real=0:00:01, mem(process/total)=1875.87MB/1875.87MB)

Begin Processing User Attributes

Ended Processing User Attributes: (cpu=0:00:00, real=0:00:00, mem(process/total)=1875.87MB/1875.87MB)

Ended Power Analysis: (cpu=0:00:08, real=0:00:05, mem(process/total)=1875.87MB/1875.87MB)

Begin Static Power Report Generation
*----------------------------------------------------------------------------------------
*	Innovus 15.23-s045_1 (64bit) 04/22/2016 12:32 (Linux 2.6.18-194.el5)
*	
*
* 	Date & Time:	2025-Mar-22 18:58:01 (2025-Mar-23 01:58:01 GMT)
*
*----------------------------------------------------------------------------------------
*
*	Design: core
*
*	Liberty Libraries used:
*	        WC_VIEW: /home/linux/ieng6/ee260bwi25/public/PDKdata/lib/tcbn65gpluswc.lib
*	        WC_VIEW: ./subckt/sram_w16_in_WC.lib
*	        WC_VIEW: ./subckt/sram_w16_out_WC.lib
*
*	Power Domain used:
*		Rail:        VDD 	Voltage:        0.9
*
*       Power View : WC_VIEW
*
*       User-Defined Activity : N.A.
*
*       Activity File: N.A.
*
*       Hierarchical Global Activity: N.A.
*
*       Global Activity: N.A.
*
*       Sequential Element Activity: 0.200000
*
*       Primary Input Activity: 0.200000
*
*       Default icg ratio: N.A.
*
*       Global Comb ClockGate Ratio: N.A.
*
*	Power Units = 1mW
*
*	Time Units = 1e-09 secs
*
*       report_power
*
-----------------------------------------------------------------------------------------


Total Power
-----------------------------------------------------------------------------------------
Total Internal Power:       27.92882352 	   58.8923%
Total Switching Power:      17.84371234 	   37.6262%
Total Leakage Power:         1.65104043 	    3.4815%
Total Power:                47.42357639
-----------------------------------------------------------------------------------------


Group                           Internal   Switching     Leakage       Total  Percentage 
                                Power      Power         Power         Power  (%)        
-----------------------------------------------------------------------------------------
Sequential                         13.76      0.8824      0.3683       15.01       31.64
Macro                                  0      0.2396           0      0.2396      0.5053
IO                                     0           0   1.457e-06   1.457e-06   3.072e-06
Combinational                      14.17       16.72       1.283       32.18       67.85
Clock (Combinational)                  0           0           0           0           0
Clock (Sequential)                     0           0           0           0           0
-----------------------------------------------------------------------------------------
Total                              27.93       17.84       1.651       47.42         100
-----------------------------------------------------------------------------------------


Rail                  Voltage   Internal   Switching     Leakage       Total  Percentage 
                                Power      Power         Power         Power  (%)        
-----------------------------------------------------------------------------------------
VDD                       0.9      27.93       17.84       1.651       47.42         100
 
 
-----------------------------------------------------------------------------------------
*	Power Distribution Summary: 
* 		Highest Average Power:         psum_mem_instance (sram_w16_out): 	    0.1457
* 		Highest Leakage Power:  sfp_instance/FE_RC_226_0 (ND3D8): 	 0.0003029
* 		Total Cap: 	3.86541e-10 F
* 		Total instances in design: 51908
* 		Total instances in design with no power:     0
*                Total instances in design with no activty:     0

* 		Total Fillers and Decap:     0
-----------------------------------------------------------------------------------------
 
Ended Static Power Report Generation: (cpu=0:00:00, real=0:00:00,
mem(process/total)=1875.87MB/1875.87MB)

*** Finished Leakage Power Optimization (cpu=0:02:27, real=0:01:11, mem=2289.26M, totSessionCpu=1:55:48).
Extraction called for design 'core' of instances=51908 and nets=55375 using extraction engine 'preRoute' .
PreRoute RC Extraction called for design core.
RC Extraction called in multi-corner(2) mode.
**WARN: (IMPEXT-3442):	The version of the capacitance table file being used is obsolete and is no longer recommended. For improved accuracy, generate the capacitance table file using the generateCapTbl command.
RCMode: PreRoute
      RC Corner Indexes            0       1   
Capacitance Scaling Factor   : 1.00000 1.00000 
Resistance Scaling Factor    : 1.00000 1.00000 
Clock Cap. Scaling Factor    : 1.00000 1.00000 
Clock Res. Scaling Factor    : 1.00000 1.00000 
Shrink Factor                : 1.00000
PreRoute extraction is honoring NDR/Shielding/ExtraSpace for clock nets.
Using capacitance table file ...
Initializing multi-corner capacitance tables ... 
Initializing multi-corner resistance tables ...
PreRoute RC Extraction DONE (CPU Time: 0:00:00.6  Real Time: 0:00:01.0  MEM: 2234.910M)
doiPBLastSyncSlave
#################################################################################
# Design Stage: PreRoute
# Design Name: core
# Design Mode: 65nm
# Analysis Mode: MMMC Non-OCV 
# Parasitics Mode: No SPEF/RCDB
# Signoff Settings: SI Off 
#################################################################################
Calculate delays in BcWc mode...
End delay calculation. (MEM=2726.17 CPU=0:00:08.0 REAL=0:00:02.0)
*** CDM Built up (cpu=0:00:11.1  real=0:00:04.0  mem= 2726.2M) ***

Begin Power Analysis

    0.00V	    VSS
    0.90V	    VDD
Begin Processing Timing Library for Power Calculation

Begin Processing Timing Library for Power Calculation



Begin Processing Power Net/Grid for Power Calculation

Ended Processing Power Net/Grid for Power Calculation: (cpu=0:00:00, real=0:00:00, mem(process/total)=1651.53MB/1651.53MB)

Begin Processing Timing Window Data for Power Calculation

Ended Processing Timing Window Data for Power Calculation: (cpu=0:00:00, real=0:00:00, mem(process/total)=1651.87MB/1651.87MB)

Begin Processing User Attributes

Ended Processing User Attributes: (cpu=0:00:00, real=0:00:00, mem(process/total)=1651.87MB/1651.87MB)

Begin Processing Signal Activity


Starting Activity Propagation
2025-Mar-22 18:58:08 (2025-Mar-23 01:58:08 GMT)
2025-Mar-22 18:58:09 (2025-Mar-23 01:58:09 GMT): 10%
2025-Mar-22 18:58:09 (2025-Mar-23 01:58:09 GMT): 20%
2025-Mar-22 18:58:09 (2025-Mar-23 01:58:09 GMT): 30%

Finished Activity Propagation
2025-Mar-22 18:58:10 (2025-Mar-23 01:58:10 GMT)
Ended Processing Signal Activity: (cpu=0:00:02, real=0:00:02, mem(process/total)=1653.25MB/1653.25MB)

Begin Power Computation

      ----------------------------------------------------------
      # of cell(s) missing both power/leakage table: 0
      # of cell(s) missing power table: 4
      # of cell(s) missing leakage table: 2
      # of MSMV cell(s) missing power_level: 0
      ----------------------------------------------------------
CellName                                  Missing Table(s)
TIEH                                      internal power, 
TIEL                                      internal power, 
sram_w16_in                               internal power, leakge power, 
sram_w16_out                              internal power, leakge power, 



Starting Calculating power
2025-Mar-22 18:58:10 (2025-Mar-23 01:58:10 GMT)
2025-Mar-22 18:58:11 (2025-Mar-23 01:58:11 GMT): 10%
2025-Mar-22 18:58:12 (2025-Mar-23 01:58:12 GMT): 20%
2025-Mar-22 18:58:12 (2025-Mar-23 01:58:12 GMT): 30%
2025-Mar-22 18:58:12 (2025-Mar-23 01:58:12 GMT): 40%
2025-Mar-22 18:58:12 (2025-Mar-23 01:58:12 GMT): 50%
2025-Mar-22 18:58:12 (2025-Mar-23 01:58:12 GMT): 60%
2025-Mar-22 18:58:12 (2025-Mar-23 01:58:12 GMT): 70%
2025-Mar-22 18:58:12 (2025-Mar-23 01:58:12 GMT): 80%
2025-Mar-22 18:58:12 (2025-Mar-23 01:58:12 GMT): 90%

Finished Calculating power
2025-Mar-22 18:58:12 (2025-Mar-23 01:58:12 GMT)
Ended Power Computation: (cpu=0:00:05, real=0:00:01, mem(process/total)=1658.68MB/1658.68MB)

Begin Processing User Attributes

Ended Processing User Attributes: (cpu=0:00:00, real=0:00:00, mem(process/total)=1658.68MB/1658.68MB)

Ended Power Analysis: (cpu=0:00:08, real=0:00:04, mem(process/total)=1658.68MB/1658.68MB)

Begin Static Power Report Generation
*----------------------------------------------------------------------------------------
*	Innovus 15.23-s045_1 (64bit) 04/22/2016 12:32 (Linux 2.6.18-194.el5)
*	
*
* 	Date & Time:	2025-Mar-22 18:58:12 (2025-Mar-23 01:58:12 GMT)
*
*----------------------------------------------------------------------------------------

*

*	Design: core

*

*	Liberty Libraries used: 

*	        WC_VIEW: /home/linux/ieng6/ee260bwi25/public/PDKdata/lib/tcbn65gpluswc.lib

*	        WC_VIEW: ./subckt/sram_w16_in_WC.lib

*	        WC_VIEW: ./subckt/sram_w16_out_WC.lib

*

*	Power Domain used: 

*		Rail:        VDD 	Voltage:        0.9 

*

*       Power View : WC_VIEW
*
*       User-Defined Activity : N.A.
*
*       Activity File: N.A.
*
*       Hierarchical Global Activity: N.A.
*
*       Global Activity: N.A.
*
*       Sequential Element Activity: 0.200000
*
*       Primary Input Activity: 0.200000
*
*       Default icg ratio: N.A.
*
*       Global Comb ClockGate Ratio: N.A.
*
*	Power Units = 1mW

*

*	Time Units = 1e-09 secs 

*

*       report_power -outfile ./timingReports/core_preCTS.power

*

-----------------------------------------------------------------------------------------



Total Power
-----------------------------------------------------------------------------------------
Total Internal Power:       27.92881884 	   58.8923%
Total Switching Power:      17.84371234 	   37.6263%
Total Leakage Power:         1.65104043 	    3.4815%
Total Power:                47.42357169
-----------------------------------------------------------------------------------------


Group                           Internal   Switching     Leakage       Total  Percentage 
                                Power      Power         Power         Power  (%)        
-----------------------------------------------------------------------------------------
Sequential                         13.76      0.8824      0.3683       15.01       31.64
Macro                                  0      0.2396           0      0.2396      0.5053
IO                                     0           0   1.457e-06   1.457e-06   3.072e-06
Combinational                      14.17       16.72       1.283       32.18       67.85
Clock (Combinational)                  0           0           0           0           0
Clock (Sequential)                     0           0           0           0           0
-----------------------------------------------------------------------------------------
Total                              27.93       17.84       1.651       47.42         100
-----------------------------------------------------------------------------------------


Rail                  Voltage   Internal   Switching     Leakage       Total  Percentage 
                                Power      Power         Power         Power  (%)        
-----------------------------------------------------------------------------------------
VDD                       0.9      27.93       17.84       1.651       47.42         100
Total leakage power = 1.65104 mW
Cell usage statistics:  
Library tcbn65gpluswc , 51905 cells ( 100.000000%) , 1.65104 mW ( 100.000000% ) 
Ended Static Power Report Generation: (cpu=0:00:00, real=0:00:00,
mem(process/total)=1659.08MB/1659.08MB)


Output file is ./timingReports/core_preCTS.power
<optDesign CMD> Restore Using all VT Cells
Reported timing to dir ./timingReports
**optDesign ... cpu = 1:45:33, real = 0:29:37, mem = 2271.4M, totSessionCpu=1:56:11 **
** Profile ** Start :  cpu=0:00:00.0, mem=2271.4M
** Profile ** Other data :  cpu=0:00:00.2, mem=2271.4M
** Profile ** Overall slacks :  cpu=0:00:00.3, mem=2354.8M
** Profile ** Total reports :  cpu=0:00:01.7, mem=2277.4M
** Profile ** DRVs :  cpu=0:00:00.9, mem=2277.4M

------------------------------------------------------------
     optDesign Final Summary                             
------------------------------------------------------------

Setup views included:
 WC_VIEW 

+--------------------+---------+---------+---------+
|     Setup mode     |   all   | reg2reg | default |
+--------------------+---------+---------+---------+
|           WNS (ns):| -0.989  | -0.880  | -0.989  |
|           TNS (ns):|-495.158 |-433.821 |-495.158 |
|    Violating Paths:|   608   |   596   |   608   |
|          All Paths:|  8401   |  6831   |  3064   |
+--------------------+---------+---------+---------+

+----------------+-------------------------------+------------------+
|                |              Real             |       Total      |
|    DRVs        +------------------+------------+------------------|
|                |  Nr nets(terms)  | Worst Vio  |  Nr nets(terms)  |
+----------------+------------------+------------+------------------+
|   max_cap      |      0 (0)       |   0.000    |      0 (0)       |
|   max_tran     |      0 (0)       |   0.000    |      0 (0)       |
|   max_fanout   |      0 (0)       |     0      |      0 (0)       |
|   max_length   |      0 (0)       |     0      |      0 (0)       |
+----------------+------------------+------------+------------------+

Density: 38.687%
Routing Overflow: 0.01% H and 0.00% V
------------------------------------------------------------
** Profile ** Report data :  cpu=0:00:00.0, mem=2277.4M
**optDesign ... cpu = 1:45:36, real = 0:29:40, mem = 2275.4M, totSessionCpu=1:56:14 **
**WARN: (IMPOPT-3195):	Analysis mode has changed.
Type 'man IMPOPT-3195' for more detail.
*** Finished optDesign ***
 *** Writing scheduling file: 'scheduling_file.cts.6701' ***
Removing temporary dont_use automatically set for cells with technology sites with no row.
**place_opt_design ... cpu = 1:55:55, real = 0:34:10, mem = 2218.3M **
*** Finished GigaPlace ***

*** Summary of all messages that are not suppressed in this session:
Severity  ID               Count  Summary                                  
WARNING   IMPPTN-3034          1  Only editPin command should be used with...
WARNING   IMPTS-403            1  Delay calculation was forced to extrapol...
WARNING   IMPEXT-3442          5  The version of the capacitance table fil...
WARNING   IMPDC-1629           1  The default delay limit was set to %d. T...
WARNING   IMPSP-9042           1  Scan chains were not defined, -ignoreSca...
WARNING   IMPOPT-3663          1  Power view is not set. First setup analy...
WARNING   IMPOPT-3195          2  Analysis mode has changed.               
WARNING   IMPOPT-7136          1  %s '%s' is not supported by Innovus. Set...
WARNING   IMPOPT-3564          1  The following cells are set dont_use tem...
*** Message Summary: 14 warning(s), 0 error(s)

**WARN: (IMPSP-5123):	Cell FILL is not found.
Type 'man IMPSP-5123' for more detail.
*INFO: Adding fillers to top-module.
*INFO:   Added 18727 filler insts (cell DCAP32 / prefix FILLER).
*INFO:   Added 3015 filler insts (cell DCAP16 / prefix FILLER).
*INFO:   Added 7082 filler insts (cell DCAP8 / prefix FILLER).
*INFO:   Added 12783 filler insts (cell FILL4 / prefix FILLER).
*INFO: Total 41607 filler insts added - prefix FILLER (CPU: 0:00:00.9).
For 41607 new insts, 41607 new pwr-pin connections were made to global net 'VDD'.
41607 new gnd-pin connections were made to global net 'VSS'.
*** Applied 2 GNC rules (cpu = 0:00:00.0)
For 93515 new insts, 0 new pwr-pin connection was made to global net 'VDD'.
0 new gnd-pin connection was made to global net 'VSS'.
*** Applied 2 GNC rules (cpu = 0:00:00.0)
Writing Netlist "./encFile/placement.enc.dat.tmp/core.v.gz" ...
Saving AAE Data ...
**WARN: (IMPCTE-104):	The constraint mode of this inactive view 'TC_VIEW' has been modified and may need to be reanalyzed to ensure proper timing results. To reanalyze timing for this view make the view active using 'set_analysis_view' and run timing analysis.
Saving scheduling_file.cts.6701 in ./encFile/placement.enc.dat/scheduling_file.cts
Saving preference file ./encFile/placement.enc.dat.tmp/gui.pref.tcl ...
Saving mode setting ...
Saving global file ...
Saving floorplan file ...
Saving Drc markers ...
... 970 markers are saved ...
... 0 geometry drc markers are saved ...
... 0 antenna drc markers are saved ...
Saving placement file ...
Saving route file ...
*** Completed saveRoute (cpu=0:00:00.7 real=0:00:02.0 mem=2226.3M) ***
Saving DEF file ...
Saving rc congestion map ./encFile/placement.enc.dat.tmp/core.congmap.gz ...
**ERROR: (IMPOAX-142):	Could not open shared library libinnovusoax22.so : /acsnfs3/software/cadence-innovus152/tools/lib/64bit/libcdsSkillPcell.so: undefined symbol: _ZTIN12OpenAccess_413oaFSComponentE

**ERROR: (IMPOAX-142):	Could not open shared library libcdsSkillPcell.so : (null)

**ERROR: (IMPSYT-6245):	Error , while saving MS constraint file.



Generated self-contained design placement.enc.dat.tmp

*** Summary of all messages that are not suppressed in this session:
Severity  ID               Count  Summary                                  
ERROR     IMPSYT-6245          1  Error %s, while saving MS constraint fil...
ERROR     IMPOAX-142           2  %s                                       
WARNING   IMPCTE-104           1  The constraint mode of this inactive vie...
*** Message Summary: 1 warning(s), 3 error(s)

