**WARN: (IMPTCM-77):	Option "-drouteStartIteration" for command setNanoRouteMode is obsolete and will be removed in a future release. The obsolete option still works in this release but to avoid this warning and to ensure compatibility with future releases, remove the obsolete option from your script.
#routeDesign: cpu time = 00:00:00, elapsed time = 00:00:00, memory = 1819.41 (MB), peak = 2417.35 (MB)
#**INFO: setDesignMode -flowEffort standard
#**INFO: multi-cut via swapping  will be performed after routing.
#**INFO: All auto set options tuned by routeDesign will be restored to their original settings on command completion.
#**INFO: auto set of routeReserveSpaceForMultiCut to true
#**INFO: auto set of routeConcurrentMinimizeViaCountEffort to high
Begin checking placement ... (start mem=2553.5M, init mem=2553.5M)
*info: Placed = 94820          (Fixed = 108)
*info: Unplaced = 0           
Placement Density:95.00%(463032/487401)
Finished checkPlace (cpu: total=0:00:00.4, vio checks=0:00:00.3; mem=2553.5M)
#**INFO: honoring user setting for routeWithTimingDriven set to true
#**INFO: honoring user setting for routeWithSiDriven set to true

changeUseClockNetStatus Option :  -noFixedNetWires 
*** Changed status on (120) nets in Clock.
*** End changeUseClockNetStatus (cpu=0:00:00.0, real=0:00:00.0, mem=2553.5M) ***
#Start route 251 clock nets...

globalDetailRoute

#setNanoRouteMode -drouteAutoStop true
#setNanoRouteMode -drouteEndIteration 5
#setNanoRouteMode -drouteFixAntenna true
#setNanoRouteMode -routeConcurrentMinimizeViaCountEffort "high"
#setNanoRouteMode -routeReserveSpaceForMultiCut true
#setNanoRouteMode -routeSelectedNetOnly false
#setNanoRouteMode -routeTopRoutingLayer 6
#setNanoRouteMode -routeWithEco true
#setNanoRouteMode -routeWithSiDriven true
#setNanoRouteMode -routeWithTimingDriven true
#Start globalDetailRoute on Sat Mar 22 19:08:02 2025
#
Initializing multi-corner capacitance tables ... 
Initializing multi-corner resistance tables ...
#WARNING (NRDB-682) Connectivity is broken at PIN CP of INST sfp_instance/fifo_inst_ext/fifo_mem_reg_7__22_ connects to NET sfp_instance/fifo_inst_ext/CTS_27 at location ( 769.300 472.000 ) on LAYER M1. The location is not inside the pin geometry extraction.
#WARNING (NRDB-682) Connectivity is broken at PIN CP of INST sfp_instance/fifo_inst_ext/fifo_mem_reg_3__0_ connects to NET sfp_instance/fifo_inst_ext/CTS_27 at location ( 788.100 472.000 ) on LAYER M1. The location is not inside the pin geometry extraction.
#WARNING (NRDB-682) Connectivity is broken at PIN CP of INST sfp_instance/fifo_inst_ext/fifo_mem_reg_3__9_ connects to NET sfp_instance/fifo_inst_ext/CTS_27 at location ( 787.300 472.000 ) on LAYER M1. The location is not inside the pin geometry extraction.
#WARNING (NRDB-682) Connectivity is broken at PIN CP of INST sfp_instance/fifo_inst_ext/fifo_mem_reg_2__9_ connects to NET sfp_instance/fifo_inst_ext/CTS_27 at location ( 787.500 468.600 ) on LAYER M1. The location is not inside the pin geometry extraction.
#WARNING (NRDB-682) Connectivity is broken at PIN CP of INST sfp_instance/fifo_inst_ext/fifo_mem_reg_14__21_ connects to NET sfp_instance/fifo_inst_ext/CTS_27 at location ( 811.300 488.200 ) on LAYER M1. The location is not inside the pin geometry extraction.
#WARNING (NRDB-682) Connectivity is broken at PIN CP of INST sfp_instance/fifo_inst_ext/fifo_mem_reg_4__10_ connects to NET sfp_instance/fifo_inst_ext/CTS_27 at location ( 809.300 484.600 ) on LAYER M1. The location is not inside the pin geometry extraction.
#WARNING (NRDB-682) Connectivity is broken at PIN CP of INST sfp_instance/fifo_inst_ext/fifo_mem_reg_6__21_ connects to NET sfp_instance/fifo_inst_ext/CTS_27 at location ( 808.500 482.800 ) on LAYER M1. The location is not inside the pin geometry extraction.
#WARNING (NRDB-682) Connectivity is broken at PIN CP of INST sfp_instance/fifo_inst_ext/fifo_mem_reg_5__10_ connects to NET sfp_instance/fifo_inst_ext/CTS_27 at location ( 807.300 479.200 ) on LAYER M1. The location is not inside the pin geometry extraction.
#WARNING (NRDB-682) Connectivity is broken at PIN CP of INST sfp_instance/fifo_inst_ext/fifo_mem_reg_1__21_ connects to NET sfp_instance/fifo_inst_ext/CTS_27 at location ( 808.100 477.400 ) on LAYER M1. The location is not inside the pin geometry extraction.
#WARNING (NRDB-682) Connectivity is broken at PIN CP of INST sfp_instance/fifo_inst_ext/fifo_mem_reg_0__13_ connects to NET sfp_instance/fifo_inst_ext/CTS_27 at location ( 805.900 474.000 ) on LAYER M1. The location is not inside the pin geometry extraction.
#WARNING (NRDB-682) Connectivity is broken at PIN CP of INST sfp_instance/fifo_inst_ext/fifo_mem_reg_7__23_ connects to NET sfp_instance/fifo_inst_ext/CTS_27 at location ( 801.700 475.800 ) on LAYER M1. The location is not inside the pin geometry extraction.
#WARNING (NRDB-682) Connectivity is broken at PIN CP of INST sfp_instance/fifo_inst_ext/fifo_mem_reg_4__21_ connects to NET sfp_instance/fifo_inst_ext/CTS_27 at location ( 796.900 481.200 ) on LAYER M1. The location is not inside the pin geometry extraction.
#WARNING (NRDB-682) Connectivity is broken at PIN CP of INST sfp_instance/fifo_inst_ext/fifo_mem_reg_10__10_ connects to NET sfp_instance/fifo_inst_ext/CTS_27 at location ( 802.500 493.600 ) on LAYER M1. The location is not inside the pin geometry extraction.
#WARNING (NRDB-682) Connectivity is broken at PIN CP of INST sfp_instance/fifo_inst_ext/fifo_mem_reg_9__10_ connects to NET sfp_instance/fifo_inst_ext/CTS_27 at location ( 801.900 495.400 ) on LAYER M1. The location is not inside the pin geometry extraction.
#WARNING (NRDB-682) Connectivity is broken at PIN CP of INST sfp_instance/fifo_inst_ext/fifo_mem_reg_9__13_ connects to NET sfp_instance/fifo_inst_ext/CTS_27 at location ( 801.300 491.800 ) on LAYER M1. The location is not inside the pin geometry extraction.
#WARNING (NRDB-682) Connectivity is broken at PIN CP of INST sfp_instance/fifo_inst_ext/fifo_mem_reg_8__4_ connects to NET sfp_instance/fifo_inst_ext/CTS_27 at location ( 795.500 493.600 ) on LAYER M1. The location is not inside the pin geometry extraction.
#WARNING (NRDB-682) Connectivity is broken at PIN CP of INST sfp_instance/fifo_inst_ext/fifo_mem_reg_8__10_ connects to NET sfp_instance/fifo_inst_ext/CTS_27 at location ( 794.500 495.600 ) on LAYER M1. The location is not inside the pin geometry extraction.
#WARNING (NRDB-682) Connectivity is broken at PIN CP of INST sfp_instance/fifo_inst_ext/fifo_mem_reg_10__4_ connects to NET sfp_instance/fifo_inst_ext/CTS_27 at location ( 793.500 495.600 ) on LAYER M1. The location is not inside the pin geometry extraction.
#WARNING (NRDB-682) Connectivity is broken at PIN CP of INST sfp_instance/fifo_inst_ext/fifo_mem_reg_9__23_ connects to NET sfp_instance/fifo_inst_ext/CTS_27 at location ( 786.900 486.400 ) on LAYER M1. The location is not inside the pin geometry extraction.
#WARNING (NRDB-682) Connectivity is broken at PIN CP of INST sfp_instance/fifo_inst_ext/fifo_mem_reg_6__23_ connects to NET sfp_instance/fifo_inst_ext/CTS_27 at location ( 787.100 486.600 ) on LAYER M1. The location is not inside the pin geometry extraction.
#WARNING (EMS-27) Message (NRDB-682) has exceeded the current message display limit of 20.
#To increase the message display limit, refer to the product command reference manual.
#WARNING (NRIG-44) Imported NET sfp_instance/fifo_inst_ext/CTS_27 has LVS problem. The integrity of the wires will be checked. NanoRoute will continue. Check the net for FIXED or misaligned routing connections. If necessary, skip this net or delete the net routing.
#WARNING (NRIG-44) Imported NET sfp_instance/fifo_inst_ext/CTS_26 has LVS problem. The integrity of the wires will be checked. NanoRoute will continue. Check the net for FIXED or misaligned routing connections. If necessary, skip this net or delete the net routing.
#WARNING (NRIG-44) Imported NET sfp_instance/fifo_inst_ext/CTS_25 has LVS problem. The integrity of the wires will be checked. NanoRoute will continue. Check the net for FIXED or misaligned routing connections. If necessary, skip this net or delete the net routing.
#WARNING (NRIG-44) Imported NET sfp_instance/fifo_inst_ext/CTS_24 has LVS problem. The integrity of the wires will be checked. NanoRoute will continue. Check the net for FIXED or misaligned routing connections. If necessary, skip this net or delete the net routing.
#WARNING (NRIG-44) Imported NET sfp_instance/fifo_inst_ext/CTS_23 has LVS problem. The integrity of the wires will be checked. NanoRoute will continue. Check the net for FIXED or misaligned routing connections. If necessary, skip this net or delete the net routing.
#WARNING (NRIG-44) Imported NET sfp_instance/fifo_inst_ext/CTS_22 has LVS problem. The integrity of the wires will be checked. NanoRoute will continue. Check the net for FIXED or misaligned routing connections. If necessary, skip this net or delete the net routing.
#WARNING (NRIG-44) Imported NET CTS_130 has LVS problem. The integrity of the wires will be checked. NanoRoute will continue. Check the net for FIXED or misaligned routing connections. If necessary, skip this net or delete the net routing.
#WARNING (NRIG-44) Imported NET CTS_125 has LVS problem. The integrity of the wires will be checked. NanoRoute will continue. Check the net for FIXED or misaligned routing connections. If necessary, skip this net or delete the net routing.
#WARNING (NRIG-44) Imported NET CTS_124 has LVS problem. The integrity of the wires will be checked. NanoRoute will continue. Check the net for FIXED or misaligned routing connections. If necessary, skip this net or delete the net routing.
#WARNING (NRIG-44) Imported NET ofifo_inst/CTS_46 has LVS problem. The integrity of the wires will be checked. NanoRoute will continue. Check the net for FIXED or misaligned routing connections. If necessary, skip this net or delete the net routing.
#WARNING (NRIG-44) Imported NET CTS_123 has LVS problem. The integrity of the wires will be checked. NanoRoute will continue. Check the net for FIXED or misaligned routing connections. If necessary, skip this net or delete the net routing.
#WARNING (NRIG-44) Imported NET ofifo_inst/col_idx_7__fifo_instance/CTS_4 has LVS problem. The integrity of the wires will be checked. NanoRoute will continue. Check the net for FIXED or misaligned routing connections. If necessary, skip this net or delete the net routing.
#WARNING (NRIG-44) Imported NET CTS_122 has LVS problem. The integrity of the wires will be checked. NanoRoute will continue. Check the net for FIXED or misaligned routing connections. If necessary, skip this net or delete the net routing.
#WARNING (NRIG-44) Imported NET CTS_120 has LVS problem. The integrity of the wires will be checked. NanoRoute will continue. Check the net for FIXED or misaligned routing connections. If necessary, skip this net or delete the net routing.
#WARNING (NRIG-44) Imported NET CTS_119 has LVS problem. The integrity of the wires will be checked. NanoRoute will continue. Check the net for FIXED or misaligned routing connections. If necessary, skip this net or delete the net routing.
#WARNING (NRIG-44) Imported NET ofifo_inst/CTS_45 has LVS problem. The integrity of the wires will be checked. NanoRoute will continue. Check the net for FIXED or misaligned routing connections. If necessary, skip this net or delete the net routing.
#WARNING (NRIG-44) Imported NET ofifo_inst/col_idx_0__fifo_instance/CTS_8 has LVS problem. The integrity of the wires will be checked. NanoRoute will continue. Check the net for FIXED or misaligned routing connections. If necessary, skip this net or delete the net routing.
#WARNING (NRIG-44) Imported NET mac_array_instance/col_idx_1__mac_col_inst/CTS_8 has LVS problem. The integrity of the wires will be checked. NanoRoute will continue. Check the net for FIXED or misaligned routing connections. If necessary, skip this net or delete the net routing.
#WARNING (NRIG-44) Imported NET ofifo_inst/col_idx_0__fifo_instance/CTS_7 has LVS problem. The integrity of the wires will be checked. NanoRoute will continue. Check the net for FIXED or misaligned routing connections. If necessary, skip this net or delete the net routing.
#WARNING (NRIG-44) Imported NET sfp_instance/CTS_119 has LVS problem. The integrity of the wires will be checked. NanoRoute will continue. Check the net for FIXED or misaligned routing connections. If necessary, skip this net or delete the net routing.
#WARNING (EMS-27) Message (NRIG-44) has exceeded the current message display limit of 20.
#To increase the message display limit, refer to the product command reference manual.
#NanoRoute Version 15.23-s045_1 NR160414-1105/15_23-UB
#Using multithreading with 8 threads.
#Start routing data preparation.
#Minimum voltage of a net in the design = 0.000.
#Maximum voltage of a net in the design = 1.100.
#Voltage range [0.000 - 0.000] has 1 net.
#Voltage range [0.900 - 1.100] has 1 net.
#Voltage range [0.000 - 1.100] has 56678 nets.
# M1           H   Track-Pitch = 0.200    Line-2-Via Pitch = 0.185
# M2           V   Track-Pitch = 0.200    Line-2-Via Pitch = 0.200
# M3           H   Track-Pitch = 0.200    Line-2-Via Pitch = 0.200
# M4           V   Track-Pitch = 0.200    Line-2-Via Pitch = 0.200
# M5           H   Track-Pitch = 0.200    Line-2-Via Pitch = 0.200
# M6           V   Track-Pitch = 0.200    Line-2-Via Pitch = 0.200
# M7           H   Track-Pitch = 0.800    Line-2-Via Pitch = 0.800
# M8           V   Track-Pitch = 0.800    Line-2-Via Pitch = 0.800
#Regenerating Ggrids automatically.
#Auto generating G-grids with size=15 tracks, using layer M2's pitch = 0.200.
#Using automatically generated G-grids.
#Done routing data preparation.
#cpu time = 00:00:08, elapsed time = 00:00:03, memory = 1855.16 (MB), peak = 2417.35 (MB)
#Merging special wires using 8 threads...
#WARNING (NRDB-1005) Cannot establish connection to PIN CP at ( 546.475 387.310 ) on M1 for NET CTS_100. The NET is considered partially routed. Visually verify wiring at the specified location as the wire/via origin may not touch the PIN. This NET will be rerouted with same or different wiring.
#WARNING (NRDB-1005) Cannot establish connection to PIN CP at ( 563.875 387.310 ) on M1 for NET CTS_100. The NET is considered partially routed. Visually verify wiring at the specified location as the wire/via origin may not touch the PIN. This NET will be rerouted with same or different wiring.
#WARNING (NRDB-1005) Cannot establish connection to PIN CP at ( 569.075 387.310 ) on M1 for NET CTS_100. The NET is considered partially routed. Visually verify wiring at the specified location as the wire/via origin may not touch the PIN. This NET will be rerouted with same or different wiring.
#WARNING (NRDB-1005) Cannot establish connection to PIN CP at ( 554.075 385.890 ) on M1 for NET CTS_100. The NET is considered partially routed. Visually verify wiring at the specified location as the wire/via origin may not touch the PIN. This NET will be rerouted with same or different wiring.
#WARNING (NRDB-1005) Cannot establish connection to PIN CP at ( 573.275 389.490 ) on M1 for NET CTS_100. The NET is considered partially routed. Visually verify wiring at the specified location as the wire/via origin may not touch the PIN. This NET will be rerouted with same or different wiring.
#WARNING (NRDB-1005) Cannot establish connection to PIN CP at ( 574.475 405.310 ) on M1 for NET CTS_100. The NET is considered partially routed. Visually verify wiring at the specified location as the wire/via origin may not touch the PIN. This NET will be rerouted with same or different wiring.
#WARNING (NRDB-1005) Cannot establish connection to PIN CP at ( 571.875 385.890 ) on M1 for NET CTS_100. The NET is considered partially routed. Visually verify wiring at the specified location as the wire/via origin may not touch the PIN. This NET will be rerouted with same or different wiring.
#WARNING (NRDB-1005) Cannot establish connection to PIN CP at ( 571.675 390.910 ) on M1 for NET CTS_100. The NET is considered partially routed. Visually verify wiring at the specified location as the wire/via origin may not touch the PIN. This NET will be rerouted with same or different wiring.
#WARNING (NRDB-1005) Cannot establish connection to PIN CP at ( 575.675 396.690 ) on M1 for NET CTS_100. The NET is considered partially routed. Visually verify wiring at the specified location as the wire/via origin may not touch the PIN. This NET will be rerouted with same or different wiring.
#WARNING (NRDB-1005) Cannot establish connection to PIN CP at ( 574.075 394.510 ) on M1 for NET CTS_100. The NET is considered partially routed. Visually verify wiring at the specified location as the wire/via origin may not touch the PIN. This NET will be rerouted with same or different wiring.
#WARNING (NRDB-1005) Cannot establish connection to PIN CP at ( 589.520 439.710 ) on M1 for NET CTS_100. The NET is considered partially routed. Visually verify wiring at the specified location as the wire/via origin may not touch the PIN. This NET will be rerouted with same or different wiring.
#WARNING (NRDB-1005) Cannot establish connection to PIN CP at ( 589.920 423.490 ) on M1 for NET CTS_100. The NET is considered partially routed. Visually verify wiring at the specified location as the wire/via origin may not touch the PIN. This NET will be rerouted with same or different wiring.
#WARNING (NRDB-1005) Cannot establish connection to PIN CP at ( 592.320 427.090 ) on M1 for NET CTS_100. The NET is considered partially routed. Visually verify wiring at the specified location as the wire/via origin may not touch the PIN. This NET will be rerouted with same or different wiring.
#WARNING (NRDB-1005) Cannot establish connection to PIN CP at ( 570.520 428.910 ) on M1 for NET CTS_100. The NET is considered partially routed. Visually verify wiring at the specified location as the wire/via origin may not touch the PIN. This NET will be rerouted with same or different wiring.
#WARNING (NRDB-1005) Cannot establish connection to PIN CP at ( 556.920 428.910 ) on M1 for NET CTS_100. The NET is considered partially routed. Visually verify wiring at the specified location as the wire/via origin may not touch the PIN. This NET will be rerouted with same or different wiring.
#WARNING (NRDB-1005) Cannot establish connection to PIN CP at ( 564.120 430.690 ) on M1 for NET CTS_100. The NET is considered partially routed. Visually verify wiring at the specified location as the wire/via origin may not touch the PIN. This NET will be rerouted with same or different wiring.
#WARNING (NRDB-1005) Cannot establish connection to PIN CP at ( 559.120 437.890 ) on M1 for NET CTS_100. The NET is considered partially routed. Visually verify wiring at the specified location as the wire/via origin may not touch the PIN. This NET will be rerouted with same or different wiring.
#WARNING (NRDB-1005) Cannot establish connection to PIN CP at ( 575.920 428.910 ) on M1 for NET CTS_100. The NET is considered partially routed. Visually verify wiring at the specified location as the wire/via origin may not touch the PIN. This NET will be rerouted with same or different wiring.
#WARNING (NRDB-1005) Cannot establish connection to PIN CP at ( 575.920 427.090 ) on M1 for NET CTS_100. The NET is considered partially routed. Visually verify wiring at the specified location as the wire/via origin may not touch the PIN. This NET will be rerouted with same or different wiring.
#WARNING (NRDB-1005) Cannot establish connection to PIN CP at ( 564.320 425.310 ) on M1 for NET CTS_100. The NET is considered partially routed. Visually verify wiring at the specified location as the wire/via origin may not touch the PIN. This NET will be rerouted with same or different wiring.
#WARNING (EMS-27) Message (NRDB-1005) has exceeded the current message display limit of 20.
#To increase the message display limit, refer to the product command reference manual.
#
#Connectivity extraction summary:
#111 routed nets are extracted.
#    111 (0.20%) extracted nets are partially routed.
#9 routed nets are imported.
#131 (0.23%) nets are without wires.
#56429 nets are fixed|skipped|trivial (not extracted).
#Total number of nets = 56680.
#
#Number of eco nets is 111
#
#Start data preparation...
#
#Data preparation is done on Sat Mar 22 19:08:07 2025
#
#Analyzing routing resource...
#Routing resource analysis is done on Sat Mar 22 19:08:07 2025
#
#  Resource Analysis:
#
#               Routing  #Avail      #Track     #Total     %Gcell
#  Layer      Direction   Track     Blocked      Gcell    Blocked
#  --------------------------------------------------------------
#  Metal 1        H        3703         796       90000    76.30%
#  Metal 2        V        3704         796       90000    17.61%
#  Metal 3        H        3704         795       90000    17.61%
#  Metal 4        V        3760         740       90000    17.61%
#  Metal 5        H        3948         551       90000     6.55%
#  Metal 6        V        4500           0       90000     0.00%
#  --------------------------------------------------------------
#  Total                  23320      13.62%  540000    22.61%
#
#  251 nets (0.44%) with 1 preferred extra spacing.
#
#
#cpu time = 00:00:01, elapsed time = 00:00:00, memory = 1865.34 (MB), peak = 2417.35 (MB)
#
#start global routing iteration 1...
#cpu time = 00:00:01, elapsed time = 00:00:00, memory = 1870.12 (MB), peak = 2417.35 (MB)
#
#start global routing iteration 2...
#cpu time = 00:00:01, elapsed time = 00:00:01, memory = 1870.94 (MB), peak = 2417.35 (MB)
#
#start global routing iteration 3...
#cpu time = 00:00:00, elapsed time = 00:00:00, memory = 1876.35 (MB), peak = 2417.35 (MB)
#
#start global routing iteration 4...
#cpu time = 00:00:01, elapsed time = 00:00:00, memory = 1872.59 (MB), peak = 2417.35 (MB)
#
#
#Total number of trivial nets (e.g. < 2 pins) = 165 (skipped).
#Total number of nets with skipped attribute = 56264 (skipped).
#Total number of routable nets = 251.
#Total number of nets in the design = 56680.
#
#242 routable nets have only global wires.
#9 routable nets have only detail routed wires.
#56264 skipped nets have only detail routed wires.
#242 global routed or unrouted (routable) nets have been constrained (e.g. have preferred extra spacing, require shielding etc.)
#9 detail routed (routable) nets have been constrained (e.g. have preferred extra spacing, require shielding etc.)
#
#Routed net constraints summary:
#------------------------------------------------
#        Rules   Pref Extra Space   Unconstrained  
#------------------------------------------------
#      Default                242               0  
#------------------------------------------------
#        Total                242               0  
#------------------------------------------------
#
#Routing constraints summary of the whole design:
#------------------------------------------------
#        Rules   Pref Extra Space   Unconstrained  
#------------------------------------------------
#      Default                251           56264  
#------------------------------------------------
#        Total                251           56264  
#------------------------------------------------
#
#
#  Congestion Analysis: (blocked Gcells are excluded)
#
#                 OverCon          
#                  #Gcell    %Gcell
#     Layer           (1)   OverCon
#  --------------------------------
#   Metal 1      0(0.00%)   (0.00%)
#   Metal 2      0(0.00%)   (0.00%)
#   Metal 3      0(0.00%)   (0.00%)
#   Metal 4      0(0.00%)   (0.00%)
#   Metal 5      0(0.00%)   (0.00%)
#   Metal 6      0(0.00%)   (0.00%)
#  --------------------------------
#     Total      0(0.00%)   (0.00%)
#
#  The worst congested Gcell overcon (routing demand over resource in number of tracks) = 1
#  Overflow after GR: 0.00% H + 0.00% V
#
#Complete Global Routing.
#Total number of nets with non-default rule or having extra spacing = 251
#Total wire length = 43339 um.
#Total half perimeter of net bounding box = 15651 um.
#Total wire length on LAYER M1 = 26 um.
#Total wire length on LAYER M2 = 655 um.
#Total wire length on LAYER M3 = 23209 um.
#Total wire length on LAYER M4 = 19223 um.
#Total wire length on LAYER M5 = 216 um.
#Total wire length on LAYER M6 = 9 um.
#Total wire length on LAYER M7 = 0 um.
#Total wire length on LAYER M8 = 0 um.
#Total number of vias = 17934
#Total number of multi-cut vias = 70 (  0.4%)
#Total number of single cut vias = 17864 ( 99.6%)
#Up-Via Summary (total 17934):
#                   single-cut          multi-cut      Total
#-----------------------------------------------------------
#  Metal 1        6210 ( 98.9%)        70 (  1.1%)       6280
#  Metal 2        5611 (100.0%)         0 (  0.0%)       5611
#  Metal 3        5913 (100.0%)         0 (  0.0%)       5913
#  Metal 4         128 (100.0%)         0 (  0.0%)        128
#  Metal 5           2 (100.0%)         0 (  0.0%)          2
#-----------------------------------------------------------
#                17864 ( 99.6%)        70 (  0.4%)      17934 
#
#Total number of involved priority nets 242
#Maximum src to sink distance for priority net 334.3
#Average of max src_to_sink distance for priority net 59.6
#Average of ave src_to_sink distance for priority net 35.5
#Max overcon = 0 track.
#Total overcon = 0.00%.
#Worst layer Gcell overcon rate = 0.00%.
#cpu time = 00:00:04, elapsed time = 00:00:03, memory = 1873.88 (MB), peak = 2417.35 (MB)
#
#cpu time = 00:00:00, elapsed time = 00:00:00, memory = 1862.64 (MB), peak = 2417.35 (MB)
#Start Track Assignment.
#Done with 2507 horizontal wires in 3 hboxes and 1329 vertical wires in 3 hboxes.
#Done with 40 horizontal wires in 3 hboxes and 16 vertical wires in 3 hboxes.
#Complete Track Assignment.
#Total number of nets with non-default rule or having extra spacing = 251
#Total wire length = 45338 um.
#Total half perimeter of net bounding box = 15651 um.
#Total wire length on LAYER M1 = 1821 um.
#Total wire length on LAYER M2 = 660 um.
#Total wire length on LAYER M3 = 23205 um.
#Total wire length on LAYER M4 = 19376 um.
#Total wire length on LAYER M5 = 266 um.
#Total wire length on LAYER M6 = 10 um.
#Total wire length on LAYER M7 = 0 um.
#Total wire length on LAYER M8 = 0 um.
#Total number of vias = 17493
#Total number of multi-cut vias = 70 (  0.4%)
#Total number of single cut vias = 17423 ( 99.6%)
#Up-Via Summary (total 17493):
#                   single-cut          multi-cut      Total
#-----------------------------------------------------------
#  Metal 1        6019 ( 98.9%)        70 (  1.1%)       6089
#  Metal 2        5412 (100.0%)         0 (  0.0%)       5412
#  Metal 3        5866 (100.0%)         0 (  0.0%)       5866
#  Metal 4         124 (100.0%)         0 (  0.0%)        124
#  Metal 5           2 (100.0%)         0 (  0.0%)          2
#-----------------------------------------------------------
#                17423 ( 99.6%)        70 (  0.4%)      17493 
#
#cpu time = 00:00:01, elapsed time = 00:00:01, memory = 1874.39 (MB), peak = 2417.35 (MB)
#
#Cpu time = 00:00:14
#Elapsed time = 00:00:07
#Increased memory = 28.95 (MB)
#Total memory = 1874.39 (MB)
#Peak memory = 2417.35 (MB)
#Using multithreading with 8 threads.
#
#Start Detail Routing..
#start initial detail routing ...
#    completing 10% with 0 violations
#    elapsed time = 00:00:01, memory = 2184.06 (MB)
#    completing 20% with 3 violations
#    elapsed time = 00:00:02, memory = 2187.45 (MB)
#    completing 30% with 3 violations
#    elapsed time = 00:00:02, memory = 2188.58 (MB)
#    completing 40% with 5 violations
#    elapsed time = 00:00:03, memory = 2222.79 (MB)
#    completing 50% with 8 violations
#    elapsed time = 00:00:04, memory = 2218.16 (MB)
#    completing 60% with 8 violations
#    elapsed time = 00:00:05, memory = 2240.76 (MB)
#    completing 70% with 5 violations
#    elapsed time = 00:00:06, memory = 2219.69 (MB)
#    completing 80% with 5 violations
#    elapsed time = 00:00:06, memory = 2220.06 (MB)
#    completing 90% with 3 violations
#    elapsed time = 00:00:07, memory = 2210.36 (MB)
#    completing 100% with 0 violations
#    elapsed time = 00:00:07, memory = 2229.68 (MB)
# ECO: 3.1% of the total area was rechecked for DRC, and 25.1% required routing.
#    number of violations = 0
#94714 out of 94820 instances need to be verified(marked ipoed).
#    number of violations = 0
#cpu time = 00:01:06, elapsed time = 00:00:09, memory = 2316.90 (MB), peak = 2417.35 (MB)
#start 1st optimization iteration ...
#    number of violations = 0
#cpu time = 00:00:00, elapsed time = 00:00:00, memory = 1871.05 (MB), peak = 2417.35 (MB)
#Complete Detail Routing.
#Total number of nets with non-default rule or having extra spacing = 251
#Total wire length = 37404 um.
#Total half perimeter of net bounding box = 15651 um.
#Total wire length on LAYER M1 = 209 um.
#Total wire length on LAYER M2 = 5906 um.
#Total wire length on LAYER M3 = 18032 um.
#Total wire length on LAYER M4 = 13255 um.
#Total wire length on LAYER M5 = 3 um.
#Total wire length on LAYER M6 = 0 um.
#Total wire length on LAYER M7 = 0 um.
#Total wire length on LAYER M8 = 0 um.
#Total number of vias = 14749
#Total number of multi-cut vias = 224 (  1.5%)
#Total number of single cut vias = 14525 ( 98.5%)
#Up-Via Summary (total 14749):
#                   single-cut          multi-cut      Total
#-----------------------------------------------------------
#  Metal 1        6143 ( 96.5%)       224 (  3.5%)       6367
#  Metal 2        5175 (100.0%)         0 (  0.0%)       5175
#  Metal 3        3201 (100.0%)         0 (  0.0%)       3201
#  Metal 4           6 (100.0%)         0 (  0.0%)          6
#-----------------------------------------------------------
#                14525 ( 98.5%)       224 (  1.5%)      14749 
#
#Total number of DRC violations = 0
#Cpu time = 00:01:07
#Elapsed time = 00:00:10
#Increased memory = -6.23 (MB)
#Total memory = 1868.16 (MB)
#Peak memory = 2417.35 (MB)
#detailRoute Statistics:
#Cpu time = 00:01:07
#Elapsed time = 00:00:10
#Increased memory = -6.23 (MB)
#Total memory = 1868.16 (MB)
#Peak memory = 2417.35 (MB)
#
#globalDetailRoute statistics:
#Cpu time = 00:01:23
#Elapsed time = 00:00:19
#Increased memory = -15.11 (MB)
#Total memory = 1811.90 (MB)
#Peak memory = 2417.35 (MB)
#Number of warnings = 63
#Total number of warnings = 113
#Number of fails = 0
#Total number of fails = 0
#Complete globalDetailRoute on Sat Mar 22 19:08:21 2025
#

globalDetailRoute

#setNanoRouteMode -drouteAutoStop true
#setNanoRouteMode -drouteFixAntenna true
#setNanoRouteMode -routeConcurrentMinimizeViaCountEffort "high"
#setNanoRouteMode -routeReserveSpaceForMultiCut true
#setNanoRouteMode -routeSelectedNetOnly false
#setNanoRouteMode -routeTopRoutingLayer 6
#setNanoRouteMode -routeWithSiDriven true
#setNanoRouteMode -routeWithTimingDriven true
#Start globalDetailRoute on Sat Mar 22 19:08:21 2025
#
#Generating timing data, please wait...
#56515 total nets, 251 already routed, 251 will ignore in trialRoute
[NR-eagl] Detected a user setting of 'getTrialRouteMode -handlePreroute true' which was ignored.
**WARN: (IMPEXT-3442):	The version of the capacitance table file being used is obsolete and is no longer recommended. For improved accuracy, generate the capacitance table file using the generateCapTbl command.
#Dump tif for version 2.1
End delay calculation. (MEM=2998.51 CPU=0:00:08.2 REAL=0:00:02.0)
**WARN: (IMPEXT-3493):	The design extraction status has been reset by the 'setExtractRCMode' command. The parasitic data can be regenerated either by extracting the design using the extractRC command or by loading the SPEF or RCDB file(s). To prevent resetting of the extraction status, avoid changing extraction modes.
#Generating timing data took: cpu time = 00:00:18, elapsed time = 00:00:10, memory = 1739.88 (MB), peak = 2417.35 (MB)
#Done generating timing data.
#Start reading timing information from file .timing_file_6701.tif.gz ...
#Read in timing information for 297 ports, 53213 instances from timing file .timing_file_6701.tif.gz.
#NanoRoute Version 15.23-s045_1 NR160414-1105/15_23-UB
#Using multithreading with 8 threads.
#Start routing data preparation.
#Minimum voltage of a net in the design = 0.000.
#Maximum voltage of a net in the design = 1.100.
#Voltage range [0.000 - 0.000] has 1 net.
#Voltage range [0.900 - 1.100] has 1 net.
#Voltage range [0.000 - 1.100] has 56678 nets.
# M1           H   Track-Pitch = 0.200    Line-2-Via Pitch = 0.185
# M2           V   Track-Pitch = 0.200    Line-2-Via Pitch = 0.200
# M3           H   Track-Pitch = 0.200    Line-2-Via Pitch = 0.200
# M4           V   Track-Pitch = 0.200    Line-2-Via Pitch = 0.200
# M5           H   Track-Pitch = 0.200    Line-2-Via Pitch = 0.200
# M6           V   Track-Pitch = 0.200    Line-2-Via Pitch = 0.200
# M7           H   Track-Pitch = 0.800    Line-2-Via Pitch = 0.800
# M8           V   Track-Pitch = 0.800    Line-2-Via Pitch = 0.800
#Regenerating Ggrids automatically.
#Auto generating G-grids with size=15 tracks, using layer M2's pitch = 0.200.
#Using automatically generated G-grids.
#Done routing data preparation.
#cpu time = 00:00:03, elapsed time = 00:00:03, memory = 1670.90 (MB), peak = 2417.35 (MB)
#Merging special wires using 8 threads...
#Number of eco nets is 0
#
#Start data preparation...
#
#Data preparation is done on Sat Mar 22 19:08:38 2025
#
#Analyzing routing resource...
#Routing resource analysis is done on Sat Mar 22 19:08:38 2025
#
#  Resource Analysis:
#
#               Routing  #Avail      #Track     #Total     %Gcell
#  Layer      Direction   Track     Blocked      Gcell    Blocked
#  --------------------------------------------------------------
#  Metal 1        H        3703         796       90000    76.30%
#  Metal 2        V        3704         796       90000    17.61%
#  Metal 3        H        3704         795       90000    17.61%
#  Metal 4        V        3760         740       90000    17.61%
#  Metal 5        H        3948         551       90000     6.55%
#  Metal 6        V        4500           0       90000     0.00%
#  --------------------------------------------------------------
#  Total                  23320      13.62%  540000    22.61%
#
#  251 nets (0.44%) with 1 preferred extra spacing.
#
#
#cpu time = 00:00:01, elapsed time = 00:00:00, memory = 1680.25 (MB), peak = 2417.35 (MB)
#
#start global routing iteration 1...
#cpu time = 00:00:04, elapsed time = 00:00:03, memory = 1700.89 (MB), peak = 2417.35 (MB)
#
#start global routing iteration 2...
#cpu time = 00:00:01, elapsed time = 00:00:01, memory = 1712.42 (MB), peak = 2417.35 (MB)
#
#start global routing iteration 3...
#cpu time = 00:00:14, elapsed time = 00:00:14, memory = 1760.88 (MB), peak = 2417.35 (MB)
#
#
#Total number of trivial nets (e.g. < 2 pins) = 165 (skipped).
#Total number of routable nets = 56515.
#Total number of nets in the design = 56680.
#
#56264 routable nets have only global wires.
#251 routable nets have only detail routed wires.
#251 detail routed (routable) nets have been constrained (e.g. have preferred extra spacing, require shielding etc.)
#
#Routed nets constraints summary:
#-----------------------------
#        Rules   Unconstrained  
#-----------------------------
#      Default           56264  
#-----------------------------
#        Total           56264  
#-----------------------------
#
#Routing constraints summary of the whole design:
#------------------------------------------------
#        Rules   Pref Extra Space   Unconstrained  
#------------------------------------------------
#      Default                251           56264  
#------------------------------------------------
#        Total                251           56264  
#------------------------------------------------
#
#
#  Congestion Analysis: (blocked Gcells are excluded)
#
#                 OverCon       OverCon       OverCon          
#                  #Gcell        #Gcell        #Gcell    %Gcell
#     Layer         (1-2)         (3-4)           (5)   OverCon
#  ------------------------------------------------------------
#   Metal 1      0(0.00%)      0(0.00%)      0(0.00%)   (0.00%)
#   Metal 2    513(0.69%)    116(0.16%)      3(0.00%)   (0.85%)
#   Metal 3      0(0.00%)      0(0.00%)      0(0.00%)   (0.00%)
#   Metal 4      0(0.00%)      0(0.00%)      0(0.00%)   (0.00%)
#   Metal 5      0(0.00%)      0(0.00%)      0(0.00%)   (0.00%)
#   Metal 6      0(0.00%)      0(0.00%)      0(0.00%)   (0.00%)
#  ------------------------------------------------------------
#     Total    513(0.12%)    116(0.03%)      3(0.00%)   (0.15%)
#
#  The worst congested Gcell overcon (routing demand over resource in number of tracks) = 5
#  Overflow after GR: 0.00% H + 0.27% V
#
#Complete Global Routing.
#Total number of nets with non-default rule or having extra spacing = 251
#Total wire length = 1141278 um.
#Total half perimeter of net bounding box = 1116225 um.
#Total wire length on LAYER M1 = 1211 um.
#Total wire length on LAYER M2 = 253611 um.
#Total wire length on LAYER M3 = 380999 um.
#Total wire length on LAYER M4 = 274115 um.
#Total wire length on LAYER M5 = 183131 um.
#Total wire length on LAYER M6 = 48211 um.
#Total wire length on LAYER M7 = 0 um.
#Total wire length on LAYER M8 = 0 um.
#Total number of vias = 325701
#Total number of multi-cut vias = 224 (  0.1%)
#Total number of single cut vias = 325477 ( 99.9%)
#Up-Via Summary (total 325701):
#                   single-cut          multi-cut      Total
#-----------------------------------------------------------
#  Metal 1      177694 ( 99.9%)       224 (  0.1%)     177918
#  Metal 2      112350 (100.0%)         0 (  0.0%)     112350
#  Metal 3       26083 (100.0%)         0 (  0.0%)      26083
#  Metal 4        8064 (100.0%)         0 (  0.0%)       8064
#  Metal 5        1286 (100.0%)         0 (  0.0%)       1286
#-----------------------------------------------------------
#               325477 ( 99.9%)       224 (  0.1%)     325701 
#
#Max overcon = 5 tracks.
#Total overcon = 0.15%.
#Worst layer Gcell overcon rate = 0.00%.
#cpu time = 00:00:21, elapsed time = 00:00:19, memory = 1761.12 (MB), peak = 2417.35 (MB)
#
#cpu time = 00:00:00, elapsed time = 00:00:00, memory = 1710.30 (MB), peak = 2417.35 (MB)
#Start Track Assignment.
#Done with 74480 horizontal wires in 3 hboxes and 76267 vertical wires in 3 hboxes.
#Done with 17682 horizontal wires in 3 hboxes and 15346 vertical wires in 3 hboxes.
#Complete Track Assignment.
#Total number of nets with non-default rule or having extra spacing = 251
#Total wire length = 1188362 um.
#Total half perimeter of net bounding box = 1116225 um.
#Total wire length on LAYER M1 = 37553 um.
#Total wire length on LAYER M2 = 249295 um.
#Total wire length on LAYER M3 = 393504 um.
#Total wire length on LAYER M4 = 275145 um.
#Total wire length on LAYER M5 = 184415 um.
#Total wire length on LAYER M6 = 48449 um.
#Total wire length on LAYER M7 = 0 um.
#Total wire length on LAYER M8 = 0 um.
#Total number of vias = 325701
#Total number of multi-cut vias = 224 (  0.1%)
#Total number of single cut vias = 325477 ( 99.9%)
#Up-Via Summary (total 325701):
#                   single-cut          multi-cut      Total
#-----------------------------------------------------------
#  Metal 1      177694 ( 99.9%)       224 (  0.1%)     177918
#  Metal 2      112350 (100.0%)         0 (  0.0%)     112350
#  Metal 3       26083 (100.0%)         0 (  0.0%)      26083
#  Metal 4        8064 (100.0%)         0 (  0.0%)       8064
#  Metal 5        1286 (100.0%)         0 (  0.0%)       1286
#-----------------------------------------------------------
#               325477 ( 99.9%)       224 (  0.1%)     325701 
#
#cpu time = 00:00:14, elapsed time = 00:00:13, memory = 1729.14 (MB), peak = 2417.35 (MB)
#
#Cpu time = 00:00:38
#Elapsed time = 00:00:36
#Increased memory = 65.79 (MB)
#Total memory = 1729.14 (MB)
#Peak memory = 2417.35 (MB)
#Using multithreading with 8 threads.
#routeSiEffort set to medium
#
#Start Detail Routing..
#start initial detail routing ...
#    completing 10% with 77 violations
#    elapsed time = 00:00:04, memory = 2167.33 (MB)
#    completing 20% with 436 violations
#    elapsed time = 00:00:13, memory = 2181.63 (MB)
#    completing 30% with 457 violations
#    elapsed time = 00:00:15, memory = 2226.59 (MB)
#    completing 40% with 457 violations
#    elapsed time = 00:00:23, memory = 2241.75 (MB)
#    completing 50% with 342 violations
#    elapsed time = 00:00:27, memory = 2236.92 (MB)
#    completing 60% with 409 violations
#    elapsed time = 00:00:32, memory = 2235.49 (MB)
#    completing 70% with 621 violations
#    elapsed time = 00:00:40, memory = 2242.77 (MB)
#    completing 80% with 623 violations
#    elapsed time = 00:00:41, memory = 2243.86 (MB)
#    completing 90% with 618 violations
#    elapsed time = 00:00:48, memory = 2268.43 (MB)
#    completing 100% with 568 violations
#    elapsed time = 00:00:52, memory = 2275.41 (MB)
#    number of violations = 568
#
#    By Layer and Type :
#	         MetSpc   EOLSpc    Short   MinStp     Loop   CutSpc   Totals
#	M1          200       29       49       71        1       19      369
#	M2           82       60       57        0        0        0      199
#	Totals      282       89      106       71        1       19      568
#cpu time = 00:06:47, elapsed time = 00:00:53, memory = 2273.05 (MB), peak = 2417.35 (MB)
#start 1st optimization iteration ...
#    number of violations = 380
#
#    By Layer and Type :
#	         MetSpc   EOLSpc    Short   MinStp   CutSpc      Mar   Totals
#	M1           64       32       29        3        2        0      130
#	M2           53       31      125       24        0       16      249
#	M3            1        0        0        0        0        0        1
#	Totals      118       63      154       27        2       16      380
#cpu time = 00:00:15, elapsed time = 00:00:03, memory = 1914.22 (MB), peak = 2417.35 (MB)
#start 2nd optimization iteration ...
#    number of violations = 377
#
#    By Layer and Type :
#	         MetSpc   EOLSpc    Short   MinStp   CutSpc   CShort      Mar   Totals
#	M1           49       19       30        0        1        2        0      101
#	M2           64       21      127       41        0        0       23      276
#	Totals      113       40      157       41        1        2       23      377
#cpu time = 00:00:10, elapsed time = 00:00:01, memory = 1951.97 (MB), peak = 2417.35 (MB)
#start 3rd optimization iteration ...
#    number of violations = 65
#
#    By Layer and Type :
#	         MetSpc   EOLSpc    Short   MinStp      Mar   Totals
#	M1            1        2        0        0        0        3
#	M2           10        5       29       10        7       61
#	M3            0        0        1        0        0        1
#	Totals       11        7       30       10        7       65
#cpu time = 00:00:09, elapsed time = 00:00:01, memory = 1966.18 (MB), peak = 2417.35 (MB)
#start 4th optimization iteration ...
#    number of violations = 0
#cpu time = 00:00:02, elapsed time = 00:00:00, memory = 1966.48 (MB), peak = 2417.35 (MB)
#Complete Detail Routing.
#Total number of nets with non-default rule or having extra spacing = 251
#Total wire length = 1195656 um.
#Total half perimeter of net bounding box = 1116225 um.
#Total wire length on LAYER M1 = 4184 um.
#Total wire length on LAYER M2 = 270178 um.
#Total wire length on LAYER M3 = 389975 um.
#Total wire length on LAYER M4 = 298064 um.
#Total wire length on LAYER M5 = 183316 um.
#Total wire length on LAYER M6 = 49940 um.
#Total wire length on LAYER M7 = 0 um.
#Total wire length on LAYER M8 = 0 um.
#Total number of vias = 378706
#Total number of multi-cut vias = 1611 (  0.4%)
#Total number of single cut vias = 377095 ( 99.6%)
#Up-Via Summary (total 378706):
#                   single-cut          multi-cut      Total
#-----------------------------------------------------------
#  Metal 1      184325 ( 99.1%)      1611 (  0.9%)     185936
#  Metal 2      146182 (100.0%)         0 (  0.0%)     146182
#  Metal 3       36083 (100.0%)         0 (  0.0%)      36083
#  Metal 4        9015 (100.0%)         0 (  0.0%)       9015
#  Metal 5        1490 (100.0%)         0 (  0.0%)       1490
#-----------------------------------------------------------
#               377095 ( 99.6%)      1611 (  0.4%)     378706 
#
#Total number of DRC violations = 0
#Cpu time = 00:07:25
#Elapsed time = 00:01:00
#Increased memory = -0.97 (MB)
#Total memory = 1728.16 (MB)
#Peak memory = 2417.35 (MB)
#
#start routing for process antenna violation fix ...
#cpu time = 00:00:01, elapsed time = 00:00:01, memory = 1729.53 (MB), peak = 2417.35 (MB)
#
#Total number of nets with non-default rule or having extra spacing = 251
#Total wire length = 1195656 um.
#Total half perimeter of net bounding box = 1116225 um.
#Total wire length on LAYER M1 = 4184 um.
#Total wire length on LAYER M2 = 270178 um.
#Total wire length on LAYER M3 = 389975 um.
#Total wire length on LAYER M4 = 298064 um.
#Total wire length on LAYER M5 = 183316 um.
#Total wire length on LAYER M6 = 49940 um.
#Total wire length on LAYER M7 = 0 um.
#Total wire length on LAYER M8 = 0 um.
#Total number of vias = 378706
#Total number of multi-cut vias = 1611 (  0.4%)
#Total number of single cut vias = 377095 ( 99.6%)
#Up-Via Summary (total 378706):
#                   single-cut          multi-cut      Total
#-----------------------------------------------------------
#  Metal 1      184325 ( 99.1%)      1611 (  0.9%)     185936
#  Metal 2      146182 (100.0%)         0 (  0.0%)     146182
#  Metal 3       36083 (100.0%)         0 (  0.0%)      36083
#  Metal 4        9015 (100.0%)         0 (  0.0%)       9015
#  Metal 5        1490 (100.0%)         0 (  0.0%)       1490
#-----------------------------------------------------------
#               377095 ( 99.6%)      1611 (  0.4%)     378706 
#
#Total number of DRC violations = 0
#Total number of net violated process antenna rule = 0
#
#
#Start Post Route wire spreading..
#
#Start data preparation for wire spreading...
#
#Data preparation is done on Sat Mar 22 19:10:16 2025
#
#cpu time = 00:00:00, elapsed time = 00:00:00, memory = 1729.55 (MB), peak = 2417.35 (MB)
#
#Start Post Route Wire Spread.
#Done with 12454 horizontal wires in 5 hboxes and 10657 vertical wires in 5 hboxes.
#Complete Post Route Wire Spread.
#
#Total number of nets with non-default rule or having extra spacing = 251
#Total wire length = 1204861 um.
#Total half perimeter of net bounding box = 1116225 um.
#Total wire length on LAYER M1 = 4184 um.
#Total wire length on LAYER M2 = 271410 um.
#Total wire length on LAYER M3 = 393754 um.
#Total wire length on LAYER M4 = 301260 um.
#Total wire length on LAYER M5 = 184257 um.
#Total wire length on LAYER M6 = 49997 um.
#Total wire length on LAYER M7 = 0 um.
#Total wire length on LAYER M8 = 0 um.
#Total number of vias = 378706
#Total number of multi-cut vias = 1611 (  0.4%)
#Total number of single cut vias = 377095 ( 99.6%)
#Up-Via Summary (total 378706):
#                   single-cut          multi-cut      Total
#-----------------------------------------------------------
#  Metal 1      184325 ( 99.1%)      1611 (  0.9%)     185936
#  Metal 2      146182 (100.0%)         0 (  0.0%)     146182
#  Metal 3       36083 (100.0%)         0 (  0.0%)      36083
#  Metal 4        9015 (100.0%)         0 (  0.0%)       9015
#  Metal 5        1490 (100.0%)         0 (  0.0%)       1490
#-----------------------------------------------------------
#               377095 ( 99.6%)      1611 (  0.4%)     378706 
#
#cpu time = 00:00:06, elapsed time = 00:00:04, memory = 1810.29 (MB), peak = 2417.35 (MB)
#
#Post Route wire spread is done.
#Total number of nets with non-default rule or having extra spacing = 251
#Total wire length = 1204861 um.
#Total half perimeter of net bounding box = 1116225 um.
#Total wire length on LAYER M1 = 4184 um.
#Total wire length on LAYER M2 = 271410 um.
#Total wire length on LAYER M3 = 393754 um.
#Total wire length on LAYER M4 = 301260 um.
#Total wire length on LAYER M5 = 184257 um.
#Total wire length on LAYER M6 = 49997 um.
#Total wire length on LAYER M7 = 0 um.
#Total wire length on LAYER M8 = 0 um.
#Total number of vias = 378706
#Total number of multi-cut vias = 1611 (  0.4%)
#Total number of single cut vias = 377095 ( 99.6%)
#Up-Via Summary (total 378706):
#                   single-cut          multi-cut      Total
#-----------------------------------------------------------
#  Metal 1      184325 ( 99.1%)      1611 (  0.9%)     185936
#  Metal 2      146182 (100.0%)         0 (  0.0%)     146182
#  Metal 3       36083 (100.0%)         0 (  0.0%)      36083
#  Metal 4        9015 (100.0%)         0 (  0.0%)       9015
#  Metal 5        1490 (100.0%)         0 (  0.0%)       1490
#-----------------------------------------------------------
#               377095 ( 99.6%)      1611 (  0.4%)     378706 
#
#
#Start DRC checking..
#    number of violations = 0
#cpu time = 00:00:30, elapsed time = 00:00:04, memory = 2169.05 (MB), peak = 2417.35 (MB)
#CELL_VIEW core,init has no DRC violation.
#Total number of DRC violations = 0
#Total number of net violated process antenna rule = 0
#
#Start Post Route via swapping..
#    number of violations = 0
#cpu time = 00:01:05, elapsed time = 00:00:09, memory = 1822.93 (MB), peak = 2417.35 (MB)
#    number of violations = 0
#cpu time = 00:01:07, elapsed time = 00:00:11, memory = 1746.95 (MB), peak = 2417.35 (MB)
#CELL_VIEW core,init has no DRC violation.
#Total number of DRC violations = 0
#Total number of net violated process antenna rule = 0
#Post Route via swapping is done.
#Total number of nets with non-default rule or having extra spacing = 251
#Total wire length = 1204861 um.
#Total half perimeter of net bounding box = 1116225 um.
#Total wire length on LAYER M1 = 4184 um.
#Total wire length on LAYER M2 = 271410 um.
#Total wire length on LAYER M3 = 393754 um.
#Total wire length on LAYER M4 = 301260 um.
#Total wire length on LAYER M5 = 184257 um.
#Total wire length on LAYER M6 = 49997 um.
#Total wire length on LAYER M7 = 0 um.
#Total wire length on LAYER M8 = 0 um.
#Total number of vias = 378706
#Total number of multi-cut vias = 253478 ( 66.9%)
#Total number of single cut vias = 125228 ( 33.1%)
#Up-Via Summary (total 378706):
#                   single-cut          multi-cut      Total
#-----------------------------------------------------------
#  Metal 1      121067 ( 65.1%)     64869 ( 34.9%)     185936
#  Metal 2        3883 (  2.7%)    142299 ( 97.3%)     146182
#  Metal 3         259 (  0.7%)     35824 ( 99.3%)      36083
#  Metal 4          19 (  0.2%)      8996 ( 99.8%)       9015
#  Metal 5           0 (  0.0%)      1490 (100.0%)       1490
#-----------------------------------------------------------
#               125228 ( 33.1%)    253478 ( 66.9%)     378706 
#
#detailRoute Statistics:
#Cpu time = 00:09:18
#Elapsed time = 00:01:28
#Increased memory = 16.46 (MB)
#Total memory = 1745.59 (MB)
#Peak memory = 2417.35 (MB)
#
#globalDetailRoute statistics:
#Cpu time = 00:10:20
#Elapsed time = 00:02:19
#Increased memory = -155.59 (MB)
#Total memory = 1656.32 (MB)
#Peak memory = 2417.35 (MB)
#Number of warnings = 0
#Total number of warnings = 113
#Number of fails = 0
#Total number of fails = 0
#Complete globalDetailRoute on Sat Mar 22 19:10:40 2025
#
#routeDesign: cpu time = 00:11:44, elapsed time = 00:02:39, memory = 1656.32 (MB), peak = 2417.35 (MB)

*** Summary of all messages that are not suppressed in this session:
Severity  ID               Count  Summary                                  
WARNING   IMPEXT-3442          1  The version of the capacitance table fil...
WARNING   IMPEXT-3493          1  The design extraction status has been re...
*** Message Summary: 2 warning(s), 0 error(s)

**WARN: (IMPEXT-3518):	The lower process node is set (using command 'setDesignMode') but the technology file for TQRC extraction not specified. Therefore, going for postRoute (effortLevel low) extraction instead of recommended extractor 'TQRC' for lower nodes. Use command 'set_analysis_view/update_rc_corner' to specify the technology file for TQRC extraction to take place.
Extraction called for design 'core' of instances=94820 and nets=56680 using extraction engine 'postRoute' at effort level 'low' .
PostRoute (effortLevel low) RC Extraction called for design core.
RC Extraction called in multi-corner(2) mode.
**WARN: (IMPEXT-3442):	The version of the capacitance table file being used is obsolete and is no longer recommended. For improved accuracy, generate the capacitance table file using the generateCapTbl command.
Process corner(s) are loaded.
 Corner: Cmax
 Corner: Cmin
extractDetailRC Option : -outfile /tmp/innovus_temp_6701_ieng6-ece-02.ucsd.edu_zhbian_MVyadl/core_6701_lQYaKV.rcdb.d  -extended
RC Mode: PostRoute -effortLevel low [Extended CapTable, LEF Resistances]
      RC Corner Indexes            0       1   
Capacitance Scaling Factor   : 1.00000 1.00000 
Coupling Cap. Scaling Factor : 1.00000 1.00000 
Resistance Scaling Factor    : 1.00000 1.00000 
Clock Cap. Scaling Factor    : 1.00000 1.00000 
Clock Res. Scaling Factor    : 1.00000 1.00000 
Shrink Factor                : 1.00000
Initializing multi-corner capacitance tables ... 
Initializing multi-corner resistance tables ...
Checking LVS Completed (CPU Time= 0:00:00.2  MEM= 2517.9M)
Extracted 10.0002% (CPU Time= 0:00:01.7  MEM= 2571.8M)
Extracted 20.0003% (CPU Time= 0:00:02.1  MEM= 2571.8M)
Extracted 30.0004% (CPU Time= 0:00:02.7  MEM= 2575.9M)
Extracted 40.0002% (CPU Time= 0:00:03.7  MEM= 2575.9M)
Extracted 50.0003% (CPU Time= 0:00:05.1  MEM= 2575.9M)
Extracted 60.0003% (CPU Time= 0:00:05.5  MEM= 2575.9M)
Extracted 70.0002% (CPU Time= 0:00:06.0  MEM= 2575.9M)
Extracted 80.0003% (CPU Time= 0:00:06.5  MEM= 2575.9M)
Extracted 90.0003% (CPU Time= 0:00:07.4  MEM= 2575.9M)
Extracted 100% (CPU Time= 0:00:09.8  MEM= 2575.9M)
Number of Extracted Resistors     : 978676
Number of Extracted Ground Cap.   : 971706
Number of Extracted Coupling Cap. : 1682980
Filtering XCap in 'relativeAndCoupling' mode using values coupling_c_threshold=0.1fF, relative_c_threshold=1, and total_c_threshold=0fF.
 Corner: Cmax
 Corner: Cmin
Checking LVS Completed (CPU Time= 0:00:00.2  MEM= 2563.8M)
PostRoute (effortLevel low) RC Extraction DONE (CPU Time: 0:00:12.2  Real Time: 0:00:12.0  MEM: 2563.836M)
**INFO: setDesignMode -flowEffort standard -> setting 'setOptMode -allEndPoints true' for the duration of this command.
Disable merging buffers from different footprints for postRoute code for non-MSV designs
-powerEffort high                          # enums={none low high}, default=none, user setting
-leakageToDynamicRatio 0.5                 # float, default=1, user setting
-setupDynamicPowerViewAsDefaultView false
                                           # bool, default=false, private
Switching SI Aware to true by default in postroute mode   
GigaOpt running with 8 threads.
**WARN: (IMPOPT-3564):	The following cells are set dont_use temporarily by the tool because there are no rows defined for their technology site, or they are not placeable in any power domain. To avoid this message, review the floorplan, msv setting, the library setting or set manualy those cells as dont_use.
	Cell FILL1_LL, site bcore.
	Cell FILL_NW_HH, site bcore.
	Cell FILL_NW_LL, site bcore.
	Cell GFILL, site gacore.
	Cell GFILL10, site gacore.
	Cell GFILL2, site gacore.
	Cell GFILL3, site gacore.
	Cell GFILL4, site gacore.
	Cell LVLLHCD1, site bcore.
	Cell LVLLHCD2, site bcore.
	Cell LVLLHCD4, site bcore.
	Cell LVLLHCD8, site bcore.
	Cell LVLLHD1, site bcore.
	Cell LVLLHD2, site bcore.
	Cell LVLLHD4, site bcore.
	Cell LVLLHD8, site bcore.
.
Initializing multi-corner capacitance tables ... 
Initializing multi-corner resistance tables ...
**WARN: (IMPOPT-7077):	Some of the LEF equivalent cells have different ANTENNAGATEAREA/ANTENNADIFFAREA/PINS etc... attributes. They will not be swapped for fixed instances and for lefsafe operations like optLeakagePower in postroute mode. To find out what cells are LEF equivalent use the findLefEquivalentCells command.
Type 'man IMPOPT-7077' for more detail.
**optDesign ... cpu = 0:00:00, real = 0:00:00, mem = 2539.9M, totSessionCpu=2:31:40 **
#Created 849 library cell signatures
#Created 56680 NETS and 0 SPECIALNETS signatures
#Created 94821 instance signatures
#Build design signature : cpu time = 00:00:00, elapsed time = 00:00:00, memory = 1697.80 (MB), peak = 2417.35 (MB)
#Save design signature : cpu time = 00:00:00, elapsed time = 00:00:00, memory = 1697.81 (MB), peak = 2417.35 (MB)
Begin checking placement ... (start mem=2539.9M, init mem=2539.9M)
*info: Placed = 94820          (Fixed = 108)
*info: Unplaced = 0           
Placement Density:95.00%(463032/487401)
Finished checkPlace (cpu: total=0:00:00.4, vio checks=0:00:00.2; mem=2539.9M)
 Initial DC engine is -> aae
 
 AAE-Opt:: Current number of nets in RC Memory -> 100 K
 
 
 AAE-Opt:: New number of nets in RC Memory -> 100 K
 
Reset EOS DB
Ignoring AAE DB Resetting ...
 Set Options for AAE Based Opt flow 
*** optDesign -postRoute ***
DRC Margin: user margin 0.0; extra margin 0
Setup Target Slack: user slack 0
Hold Target Slack: user slack 0
**INFO: setOptMode -powerEffort high -> Total Power Opt will be called for all Setup Timing optDesign commands, with leakageToDynamicRatio 0.5.
-powerEffort high                          # enums={none low high}, default=none, user setting
-leakageToDynamicRatio 0.5                 # float, default=1, user setting
-setupDynamicPowerViewAsDefaultView false
                                           # bool, default=false, private
Include MVT Delays for Hold Opt
** INFO : this run is activating 'postRoute' automaton

**WARN: (IMPOPT-3663):	Power view is not set. First setup analysis view (WC_VIEW) will be treated as power view and VT partitioning will be done on basis of leakage specified in this view. If this is incorrect, specify correct power view via command "set_power_analysis_mode -analysis_view <view_name>".

Type 'man IMPOPT-3663' for more detail.

Power view               = WC_VIEW
Number of VT partitions  = 2
Standard cells in design = 811
Instances in design      = 53213

Instance distribution across the VT partitions:

 LVT : inst = 14123 (26.5%), cells = 335 (41%)
   Lib tcbn65gpluswc        : inst = 14123 (26.5%)

 HVT : inst = 39085 (73.5%), cells = 457 (56%)
   Lib tcbn65gpluswc        : inst = 39085 (73.5%)

Reporting took 0 sec
**WARN: (IMPEXT-3518):	The lower process node is set (using command 'setDesignMode') but the technology file for TQRC extraction not specified. Therefore, going for postRoute (effortLevel low) extraction instead of recommended extractor 'TQRC' for lower nodes. Use command 'set_analysis_view/update_rc_corner' to specify the technology file for TQRC extraction to take place.
Extraction called for design 'core' of instances=94820 and nets=56680 using extraction engine 'postRoute' at effort level 'low' .
PostRoute (effortLevel low) RC Extraction called for design core.
RC Extraction called in multi-corner(2) mode.
**WARN: (IMPEXT-3442):	The version of the capacitance table file being used is obsolete and is no longer recommended. For improved accuracy, generate the capacitance table file using the generateCapTbl command.
Process corner(s) are loaded.
 Corner: Cmax
 Corner: Cmin
extractDetailRC Option : -outfile /tmp/innovus_temp_6701_ieng6-ece-02.ucsd.edu_zhbian_MVyadl/core_6701_lQYaKV.rcdb.d -maxResLength 200  -extended
RC Mode: PostRoute -effortLevel low [Extended CapTable, LEF Resistances]
      RC Corner Indexes            0       1   
Capacitance Scaling Factor   : 1.00000 1.00000 
Coupling Cap. Scaling Factor : 1.00000 1.00000 
Resistance Scaling Factor    : 1.00000 1.00000 
Clock Cap. Scaling Factor    : 1.00000 1.00000 
Clock Res. Scaling Factor    : 1.00000 1.00000 
Shrink Factor                : 1.00000
Initializing multi-corner capacitance tables ... 
Initializing multi-corner resistance tables ...
Checking LVS Completed (CPU Time= 0:00:00.2  MEM= 2531.9M)
Extracted 10.0002% (CPU Time= 0:00:01.8  MEM= 2601.8M)
Extracted 20.0003% (CPU Time= 0:00:02.2  MEM= 2601.8M)
Extracted 30.0004% (CPU Time= 0:00:02.8  MEM= 2605.8M)
Extracted 40.0002% (CPU Time= 0:00:03.7  MEM= 2605.8M)
Extracted 50.0003% (CPU Time= 0:00:05.1  MEM= 2605.8M)
Extracted 60.0003% (CPU Time= 0:00:05.5  MEM= 2605.8M)
Extracted 70.0002% (CPU Time= 0:00:06.0  MEM= 2605.8M)
Extracted 80.0003% (CPU Time= 0:00:06.6  MEM= 2605.8M)
Extracted 90.0003% (CPU Time= 0:00:07.5  MEM= 2605.8M)
Extracted 100% (CPU Time= 0:00:10.0  MEM= 2605.8M)
Number of Extracted Resistors     : 978676
Number of Extracted Ground Cap.   : 971706
Number of Extracted Coupling Cap. : 1682980
Filtering XCap in 'relativeAndCoupling' mode using values coupling_c_threshold=0.1fF, relative_c_threshold=1, and total_c_threshold=0fF.
 Corner: Cmax
 Corner: Cmin
Checking LVS Completed (CPU Time= 0:00:00.3  MEM= 2577.8M)
PostRoute (effortLevel low) RC Extraction DONE (CPU Time: 0:00:12.5  Real Time: 0:00:12.0  MEM: 2577.828M)
Initializing multi-corner capacitance tables ... 
Initializing multi-corner resistance tables ...
Cannot find current Dcalc in active list!
**INFO: Starting Blocking QThread with 8 CPU
   ____________________________________________________________________
__/ message from Blocking QThread
Multi-CPU acceleration using 8 CPU(s).
Multithreaded Timing Analysis is initialized with 8 threads

#################################################################################
# Design Stage: PostRoute
# Design Name: core
# Design Mode: 65nm
# Analysis Mode: MMMC OCV 
# Parasitics Mode: SPEF/RCDB
# Signoff Settings: SI Off 
#################################################################################
Calculate late delays in OCV mode...
Calculate early delays in OCV mode...
*** Calculating scaling factor for BC_LIB libraries using the default operating condition of each library.
End delay calculation. (MEM=345.477 CPU=0:00:09.8 REAL=0:00:01.0)
*** CDM Built up (cpu=0:00:10.5  real=0:00:02.0  mem= 345.5M) ***
*** Done Building Timing Graph (cpu=0:00:12.9 real=0:00:03.0 totSessionCpu=0:00:56.7 mem=345.5M)
Done building cte hold timing graph (HoldAware) cpu=0:00:15.5 real=0:00:04.0 totSessionCpu=0:00:56.7 mem=345.5M ***
_______________________________________________________________________
Starting SI iteration 1 using Infinite Timing Windows
Begin IPO call back ...
End IPO call back ...
#################################################################################
# Design Stage: PostRoute
# Design Name: core
# Design Mode: 65nm
# Analysis Mode: MMMC OCV 
# Parasitics Mode: SPEF/RCDB
# Signoff Settings: SI On 
#################################################################################
Calculate early delays in OCV mode...
Calculate late delays in OCV mode...
AAE_INFO-618: Total number of nets in the design is 56680,  100.0 percent of the nets selected for SI analysis
End delay calculation. (MEM=3099.95 CPU=0:00:17.9 REAL=0:00:03.0)
Save waveform /tmp/innovus_temp_6701_ieng6-ece-02.ucsd.edu_zhbian_MVyadl/.AAE_ihOGJe/.AAE_6701/waveform.data...
*** CDM Built up (cpu=0:00:19.9  real=0:00:04.0  mem= 3099.9M) ***
Add other clocks and setupCteToAAEClockMapping during iter 1

Executing IPO callback for view pruning ..
Starting SI iteration 2
Calculate early delays in OCV mode...
Calculate late delays in OCV mode...
AAE_INFO-618: Total number of nets in the design is 56680,  3.1 percent of the nets selected for SI analysis
End delay calculation. (MEM=3075.99 CPU=0:00:02.5 REAL=0:00:00.0)
*** CDM Built up (cpu=0:00:02.6  real=0:00:01.0  mem= 3076.0M) ***
*** Done Building Timing Graph (cpu=0:00:28.9 real=0:00:07.0 totSessionCpu=2:32:41 mem=3076.0M)
** Profile ** Start :  cpu=0:00:00.0, mem=3076.0M
** Profile ** Other data :  cpu=0:00:00.2, mem=3076.0M
** Profile ** Overall slacks :  cpu=0:00:00.5, mem=3084.0M
** Profile ** DRVs :  cpu=0:00:00.4, mem=3084.0M

------------------------------------------------------------
     Initial SI Timing Summary                             
------------------------------------------------------------

Setup views included:
 WC_VIEW 

+--------------------+---------+---------+---------+
|     Setup mode     |   all   | reg2reg | default |
+--------------------+---------+---------+---------+
|           WNS (ns):| -0.130  | -0.130  |  0.235  |
|           TNS (ns):| -16.027 | -16.027 |  0.000  |
|    Violating Paths:|   409   |   409   |    0    |
|          All Paths:|  8401   |  6831   |  3064   |
+--------------------+---------+---------+---------+

+----------------+-------------------------------+------------------+
|                |              Real             |       Total      |
|    DRVs        +------------------+------------+------------------|
|                |  Nr nets(terms)  | Worst Vio  |  Nr nets(terms)  |
+----------------+------------------+------------+------------------+
|   max_cap      |      0 (0)       |   0.000    |      0 (0)       |
|   max_tran     |      0 (0)       |   0.000    |      0 (0)       |
|   max_fanout   |      0 (0)       |     0      |      0 (0)       |
|   max_length   |      0 (0)       |     0      |      0 (0)       |
+----------------+------------------+------------+------------------+

Density: 39.213%
       (95.000% with Fillers)
Total number of glitch violations: 0
------------------------------------------------------------
**optDesign ... cpu = 0:01:03, real = 0:00:31, mem = 2569.8M, totSessionCpu=2:32:42 **
Setting latch borrow mode to budget during optimization.
Glitch fixing enabled
<optDesign CMD> fixdrv  all VT Cells
Leakage Power Opt: re-selecting buf/inv list 
**INFO: Num dontuse cells 99, Num usable cells 779
optDesignOneStep: Leakage Power Flow
**INFO: Num dontuse cells 99, Num usable cells 779
**INFO: Start fixing DRV (Mem = 2636.62M) ...
**INFO: Options = -postRoute -maxCap -maxTran -maxFanout -noSensitivity -backward -maxIter 1
**INFO: Start fixing DRV iteration 1 ...
Begin: GigaOpt DRV Optimization
Glitch fixing enabled
Info: 251 clock nets excluded from IPO operation.
DRV pessimism of 5.00% is used.
+----------------------------------------------------------------------------------------------------------------------------------------------------------------------------------+
|      max-tran     |      max-cap      |     max-fanout    |     max-length    |       glitch      |       |           |           |           |         |            |           |
+----------------------------------------------------------------------------------------------------------------------------------------------------------------------------------+
|  nets   |  terms  |  nets   |  terms  |  nets   |  terms  |  nets   |  terms  |  nets   |  terms  |  WNS  |  #Buffer  | #Inverter |  #Resize  | Density |    Real    |    Mem    |
+----------------------------------------------------------------------------------------------------------------------------------------------------------------------------------+
|     0   |     0   |     0   |      0  |     0   |     0   |     0   |     0   |     0   |     0   | -0.13 |          0|          0|          0|  95.00  |            |           |
|     0   |     0   |     0   |      0  |     0   |     0   |     0   |     0   |     0   |     0   | -0.13 |          0|          0|          0|  95.00  |   0:00:00.0|    3455.5M|
+----------------------------------------------------------------------------------------------------------------------------------------------------------------------------------+

*** Finish DRV Fixing (cpu=0:00:01.9 real=0:00:02.0 mem=3455.5M) ***

drv optimizer changes nothing and skips refinePlace
End: GigaOpt DRV Optimization
**optDesign ... cpu = 0:01:13, real = 0:00:38, mem = 2715.4M, totSessionCpu=2:32:53 **
*info:
**INFO: Completed fixing DRV (CPU Time = 0:00:06, Mem = 2715.40M).
Leakage Power Opt: resetting the buf/inv selection
** Profile ** Start :  cpu=0:00:00.0, mem=2715.4M
** Profile ** Other data :  cpu=0:00:00.2, mem=2715.4M
** Profile ** Overall slacks :  cpu=0:00:00.4, mem=2794.8M
** Profile ** DRVs :  cpu=0:00:01.0, mem=2794.8M

------------------------------------------------------------
     SI Timing Summary (cpu=0.10min real=0.08min mem=2715.4M)                             
------------------------------------------------------------

Setup views included:
 WC_VIEW 

+--------------------+---------+---------+---------+
|     Setup mode     |   all   | reg2reg | default |
+--------------------+---------+---------+---------+
|           WNS (ns):| -0.130  | -0.130  |  0.235  |
|           TNS (ns):| -16.027 | -16.027 |  0.000  |
|    Violating Paths:|   409   |   409   |    0    |
|          All Paths:|  8401   |  6831   |  3064   |
+--------------------+---------+---------+---------+

+----------------+-------------------------------+------------------+
|                |              Real             |       Total      |
|    DRVs        +------------------+------------+------------------|
|                |  Nr nets(terms)  | Worst Vio  |  Nr nets(terms)  |
+----------------+------------------+------------+------------------+
|   max_cap      |      0 (0)       |   0.000    |      0 (0)       |
|   max_tran     |      0 (0)       |   0.000    |      0 (0)       |
|   max_fanout   |      0 (0)       |     0      |      0 (0)       |
|   max_length   |      0 (0)       |     0      |      0 (0)       |
+----------------+------------------+------------+------------------+

Density: 39.213%
       (95.000% with Fillers)
Total number of glitch violations: 0
------------------------------------------------------------
** Profile ** Report data :  cpu=0:00:00.0, mem=2794.8M
**optDesign ... cpu = 0:01:15, real = 0:00:40, mem = 2715.4M, totSessionCpu=2:32:55 **
*** Timing NOT met, worst failing slack is -0.130
*** Check timing (0:00:00.0)
**INFO: Num dontuse cells 99, Num usable cells 779
optDesignOneStep: Leakage Power Flow
**INFO: Num dontuse cells 99, Num usable cells 779
Begin: GigaOpt Optimization in WNS mode
Info: 251 clock nets excluded from IPO operation.
*info: 251 clock nets excluded
*info: 2 special nets excluded.
*info: 159 no-driver nets excluded.
** GigaOpt Optimizer WNS Slack -0.130 TNS Slack -16.029 Density 95.00
Optimizer WNS Pass 0
Active Path Group: reg2reg  
+--------+---------+--------+---------+----------+------------+--------+----------+---------+----------------------------------------------------+
|  WNS   | All WNS |  TNS   | All TNS | Density  |    Real    |  Mem   |Worst View|Pathgroup|                     End Point                      |
+--------+---------+--------+---------+----------+------------+--------+----------+---------+----------------------------------------------------+
|  -0.130|   -0.130| -16.029|  -16.029|    95.00%|   0:00:00.0| 3341.2M|   WC_VIEW|  reg2reg| sfp_instance/R_8223/D                              |
|  -0.116|   -0.116| -14.020|  -14.020|    95.00%|   0:00:00.0| 3341.2M|   WC_VIEW|  reg2reg| sfp_instance/R_8514/D                              |
|  -0.107|   -0.107| -13.708|  -13.708|    95.00%|   0:00:01.0| 3350.7M|   WC_VIEW|  reg2reg| sfp_instance/R_7148/D                              |
|  -0.103|   -0.103| -13.715|  -13.715|    95.00%|   0:00:00.0| 3350.7M|   WC_VIEW|  reg2reg| sfp_instance/R_8514/D                              |
|  -0.104|   -0.104| -13.713|  -13.713|    95.00%|   0:00:00.0| 3350.7M|   WC_VIEW|  reg2reg| sfp_instance/R_8514/D                              |
|  -0.100|   -0.100| -13.522|  -13.522|    95.00%|   0:00:00.0| 3350.7M|   WC_VIEW|  reg2reg| sfp_instance/R_8514/D                              |
|  -0.100|   -0.100| -12.772|  -12.772|    95.00%|   0:00:01.0| 3350.7M|   WC_VIEW|  reg2reg| sfp_instance/R_8514/D                              |
|  -0.098|   -0.098| -12.545|  -12.545|    95.00%|   0:00:00.0| 3350.7M|   WC_VIEW|  reg2reg| sfp_instance/R_8514/D                              |
|  -0.099|   -0.099| -12.221|  -12.221|    95.00%|   0:00:01.0| 3350.7M|   WC_VIEW|  reg2reg| sfp_instance/R_8514/D                              |
+--------+---------+--------+---------+----------+------------+--------+----------+---------+----------------------------------------------------+
skewClock sized 5 and inserted 6 insts
+--------+---------+--------+---------+----------+------------+--------+----------+---------+----------------------------------------------------+
|  WNS   | All WNS |  TNS   | All TNS | Density  |    Real    |  Mem   |Worst View|Pathgroup|                     End Point                      |
+--------+---------+--------+---------+----------+------------+--------+----------+---------+----------------------------------------------------+
|  -0.047|   -0.047|  -2.053|   -2.053|    95.00%|   0:00:07.0| 3394.0M|   WC_VIEW|  reg2reg| sfp_instance/R_8514/D                              |
|  -0.047|   -0.047|  -1.680|   -1.680|    95.00%|   0:00:00.0| 3394.0M|   WC_VIEW|  reg2reg| sfp_instance/R_8514/D                              |
|  -0.047|   -0.047|  -1.639|   -1.639|    95.00%|   0:00:01.0| 3394.0M|   WC_VIEW|  reg2reg| sfp_instance/R_8514/D                              |
+--------+---------+--------+---------+----------+------------+--------+----------+---------+----------------------------------------------------+
skewClock sized 10 and inserted 5 insts
+--------+---------+--------+---------+----------+------------+--------+----------+---------+----------------------------------------------------+
|  WNS   | All WNS |  TNS   | All TNS | Density  |    Real    |  Mem   |Worst View|Pathgroup|                     End Point                      |
+--------+---------+--------+---------+----------+------------+--------+----------+---------+----------------------------------------------------+
|  -0.022|   -0.022|  -0.548|   -0.548|    95.00%|   0:00:05.0| 3416.0M|   WC_VIEW|  reg2reg| ofifo_inst/col_idx_0__fifo_instance/fifo_mem_reg_6 |
|        |         |        |         |          |            |        |          |         | __17_/D                                            |
|  -0.011|   -0.011|  -0.169|   -0.169|    95.00%|   0:00:00.0| 3416.0M|   WC_VIEW|  reg2reg| ofifo_inst/col_idx_0__fifo_instance/fifo_mem_reg_6 |
|        |         |        |         |          |            |        |          |         | __17_/D                                            |
|  -0.001|   -0.001|  -0.002|   -0.002|    95.00%|   0:00:01.0| 3416.0M|   WC_VIEW|  reg2reg| sfp_instance/R_7985/D                              |
|   0.000|    0.002|   0.000|    0.000|    95.00%|   0:00:00.0| 3416.0M|        NA|       NA| NA                                                 |
|   0.000|    0.002|   0.000|    0.000|    95.00%|   0:00:00.0| 3416.0M|   WC_VIEW|       NA| NA                                                 |
+--------+---------+--------+---------+----------+------------+--------+----------+---------+----------------------------------------------------+

*** Finish Core Optimize Step (cpu=0:00:38.3 real=0:00:17.0 mem=3416.0M) ***

*** Finished Optimize Step Cumulative (cpu=0:00:38.4 real=0:00:17.0 mem=3416.0M) ***
** GigaOpt Optimizer WNS Slack 0.000 TNS Slack 0.000 Density 95.00
Update Timing Windows (Threshold 0.014) ...
Re Calculate Delays on 4 Nets

*** Finish Post Route Setup Fixing (cpu=0:00:39.3 real=0:00:18.0 mem=3416.0M) ***
*** Starting refinePlace (2:33:41 mem=3206.5M) ***
Density distribution unevenness ratio = 1.355%
Move report: Detail placement moves 63 insts, mean move: 3.38 um, max move: 9.20 um
	Max move on inst (sfp_instance/FE_RC_1136_0): (499.20, 462.20) --> (504.80, 465.80)
	Runtime: CPU: 0:00:01.1 REAL: 0:00:02.0 MEM: 3206.5MB
Summary Report:
Instances move: 61 (out of 53142 movable)
Mean displacement: 3.40 um
Max displacement: 9.20 um (Instance: sfp_instance/FE_RC_1136_0) (499.2, 462.2) -> (504.8, 465.8)
	Length: 3 sites, height: 1 rows, site name: core, cell type: CKND0
Runtime: CPU: 0:00:01.2 REAL: 0:00:02.0 MEM: 3206.5MB
*** Finished refinePlace (2:33:42 mem=3206.5M) ***
Density distribution unevenness ratio = 1.557%
End: GigaOpt Optimization in WNS mode
**INFO: Num dontuse cells 99, Num usable cells 779
optDesignOneStep: Leakage Power Flow
**INFO: Num dontuse cells 99, Num usable cells 779
GigaOpt: target slack met, skip TNS optimization
** Profile ** Start :  cpu=0:00:00.0, mem=2691.4M
** Profile ** Other data :  cpu=0:00:00.1, mem=2691.4M
** Profile ** Overall slacks :  cpu=0:00:00.5, mem=2770.8M
** Profile ** DRVs :  cpu=0:00:01.0, mem=2770.8M

------------------------------------------------------------
        Before Power Reclaim                             
------------------------------------------------------------

Setup views included:
 WC_VIEW 

+--------------------+---------+---------+---------+
|     Setup mode     |   all   | reg2reg | default |
+--------------------+---------+---------+---------+
|           WNS (ns):|  0.002  |  0.002  |  0.404  |
|           TNS (ns):|  0.000  |  0.000  |  0.000  |
|    Violating Paths:|    0    |    0    |    0    |
|          All Paths:|  8401   |  6831   |  3064   |
+--------------------+---------+---------+---------+

+----------------+-------------------------------+------------------+
|                |              Real             |       Total      |
|    DRVs        +------------------+------------+------------------|
|                |  Nr nets(terms)  | Worst Vio  |  Nr nets(terms)  |
+----------------+------------------+------------+------------------+
|   max_cap      |      0 (0)       |   0.000    |      0 (0)       |
|   max_tran     |      0 (0)       |   0.000    |      0 (0)       |
|   max_fanout   |      0 (0)       |     0      |      0 (0)       |
|   max_length   |      0 (0)       |     0      |      0 (0)       |
+----------------+------------------+------------+------------------+

Density: 39.216%
       (95.003% with Fillers)
Total number of glitch violations: 0
------------------------------------------------------------
** Profile ** Report data :  cpu=0:00:00.0, mem=2770.8M
Info: 262 clock nets excluded from IPO operation.
Load RC corner of view WC_VIEW

Begin Power Analysis

    0.00V	    VSS
    0.90V	    VDD

Begin Processing Timing Library for Power Calculation

Begin Processing Timing Library for Power Calculation



Begin Processing Power Net/Grid for Power Calculation

Ended Processing Power Net/Grid for Power Calculation: (cpu=0:00:00, real=0:00:00, mem(process/total)=2028.88MB/2028.88MB)

Begin Processing Timing Window Data for Power Calculation

CK: assigning clock clk_o to net clk_o
CK: assigning clock clk to net clk
Ended Processing Timing Window Data for Power Calculation: (cpu=0:00:00, real=0:00:00, mem(process/total)=2028.88MB/2028.88MB)

Begin Processing User Attributes

Ended Processing User Attributes: (cpu=0:00:00, real=0:00:00, mem(process/total)=2028.88MB/2028.88MB)

Begin Processing Signal Activity


Starting Levelizing
2025-Mar-22 19:12:07 (2025-Mar-23 02:12:07 GMT)
2025-Mar-22 19:12:07 (2025-Mar-23 02:12:07 GMT): 10%
2025-Mar-22 19:12:07 (2025-Mar-23 02:12:07 GMT): 20%
2025-Mar-22 19:12:07 (2025-Mar-23 02:12:07 GMT): 30%
2025-Mar-22 19:12:07 (2025-Mar-23 02:12:07 GMT): 40%
2025-Mar-22 19:12:07 (2025-Mar-23 02:12:07 GMT): 50%
2025-Mar-22 19:12:07 (2025-Mar-23 02:12:07 GMT): 60%
2025-Mar-22 19:12:07 (2025-Mar-23 02:12:07 GMT): 70%
2025-Mar-22 19:12:07 (2025-Mar-23 02:12:07 GMT): 80%
2025-Mar-22 19:12:07 (2025-Mar-23 02:12:07 GMT): 90%

Finished Levelizing
2025-Mar-22 19:12:07 (2025-Mar-23 02:12:07 GMT)

Starting Activity Propagation
2025-Mar-22 19:12:07 (2025-Mar-23 02:12:07 GMT)
2025-Mar-22 19:12:08 (2025-Mar-23 02:12:08 GMT): 10%
2025-Mar-22 19:12:08 (2025-Mar-23 02:12:08 GMT): 20%

Finished Activity Propagation
2025-Mar-22 19:12:09 (2025-Mar-23 02:12:09 GMT)
Ended Processing Signal Activity: (cpu=0:00:03, real=0:00:03, mem(process/total)=2030.83MB/2030.83MB)

Begin Power Computation

      ----------------------------------------------------------
      # of cell(s) missing both power/leakage table: 0
      # of cell(s) missing power table: 4
      # of cell(s) missing leakage table: 2
      # of MSMV cell(s) missing power_level: 0
      ----------------------------------------------------------
CellName                                  Missing Table(s)
TIEH                                      internal power, 
TIEL                                      internal power, 
sram_w16_in                               internal power, leakge power, 
sram_w16_out                              internal power, leakge power, 



Starting Calculating power
2025-Mar-22 19:12:09 (2025-Mar-23 02:12:09 GMT)
2025-Mar-22 19:12:10 (2025-Mar-23 02:12:10 GMT): 10%
2025-Mar-22 19:12:10 (2025-Mar-23 02:12:10 GMT): 20%
2025-Mar-22 19:12:11 (2025-Mar-23 02:12:11 GMT): 30%
2025-Mar-22 19:12:11 (2025-Mar-23 02:12:11 GMT): 40%
2025-Mar-22 19:12:11 (2025-Mar-23 02:12:11 GMT): 50%
2025-Mar-22 19:12:11 (2025-Mar-23 02:12:11 GMT): 60%
2025-Mar-22 19:12:11 (2025-Mar-23 02:12:11 GMT): 70%
2025-Mar-22 19:12:11 (2025-Mar-23 02:12:11 GMT): 80%
2025-Mar-22 19:12:11 (2025-Mar-23 02:12:11 GMT): 90%

Finished Calculating power
2025-Mar-22 19:12:11 (2025-Mar-23 02:12:11 GMT)
Ended Power Computation: (cpu=0:00:04, real=0:00:01, mem(process/total)=2037.89MB/2037.89MB)

Begin Processing User Attributes

Ended Processing User Attributes: (cpu=0:00:00, real=0:00:00, mem(process/total)=2037.89MB/2037.89MB)

Ended Power Analysis: (cpu=0:00:09, real=0:00:05, mem(process/total)=2037.89MB/2037.89MB)

Begin Static Power Report Generation
*----------------------------------------------------------------------------------------
*	Innovus 15.23-s045_1 (64bit) 04/22/2016 12:32 (Linux 2.6.18-194.el5)
*	
*
* 	Date & Time:	2025-Mar-22 19:12:11 (2025-Mar-23 02:12:11 GMT)
*
*----------------------------------------------------------------------------------------
*
*	Design: core
*
*	Liberty Libraries used:
*	        WC_VIEW: /home/linux/ieng6/ee260bwi25/public/PDKdata/lib/tcbn65gpluswc.lib
*	        WC_VIEW: ./subckt/sram_w16_in_WC.lib
*	        WC_VIEW: ./subckt/sram_w16_out_WC.lib
*
*	Power Domain used:
*		Rail:        VDD 	Voltage:        0.9
*
*       Power View : WC_VIEW
*
*       User-Defined Activity : N.A.
*
*       Activity File: N.A.
*
*       Hierarchical Global Activity: N.A.
*
*       Global Activity: N.A.
*
*       Sequential Element Activity: 0.200000
*
*       Primary Input Activity: 0.200000
*
*       Default icg ratio: N.A.
*
*       Global Comb ClockGate Ratio: N.A.
*
*	Power Units = 1mW
*
*	Time Units = 1e-09 secs
*
*       report_power
*
-----------------------------------------------------------------------------------------


Total Power
-----------------------------------------------------------------------------------------
Total Internal Power:       28.96829415 	   56.1288%
Total Switching Power:      19.26557581 	   37.3289%
Total Leakage Power:         3.37652850 	    6.5423%
Total Power:                51.61039859
-----------------------------------------------------------------------------------------


Group                           Internal   Switching     Leakage       Total  Percentage 
                                Power      Power         Power         Power  (%)        
-----------------------------------------------------------------------------------------
Sequential                         13.46      0.8105      0.3669       14.64       28.37
Macro                                  0      0.2079       1.714       1.922       3.723
IO                                     0           0   1.457e-06   1.457e-06   2.823e-06
Combinational                         14       15.61        1.26       30.87       59.82
Clock (Combinational)              1.507       2.633     0.03585       4.177       8.093
Clock (Sequential)                     0           0           0           0           0
-----------------------------------------------------------------------------------------
Total                              28.97       19.27       3.377       51.61         100
-----------------------------------------------------------------------------------------


Rail                  Voltage   Internal   Switching     Leakage       Total  Percentage 
                                Power      Power         Power         Power  (%)        
-----------------------------------------------------------------------------------------
VDD                       0.9      28.97       19.27       3.377       51.61         100


Clock                           Internal   Switching     Leakage       Total  Percentage 
                                Power      Power         Power         Power  (%)        
-----------------------------------------------------------------------------------------
clk_o                            0.05577      0.1496    0.001283      0.2066      0.4003
clk                                1.452       2.484     0.03456        3.97       7.692
-----------------------------------------------------------------------------------------
Total                              1.507       2.633     0.03585       4.177       8.093
-----------------------------------------------------------------------------------------
 
 
-----------------------------------------------------------------------------------------
*	Power Distribution Summary: 
* 		Highest Average Power:         psum_mem_instance (sram_w16_out): 	    0.1274
* 		Highest Leakage Power:  sfp_instance/FE_RC_226_0 (ND3D8): 	 0.0003029
* 		Total Cap: 	3.6997e-10 F
* 		Total instances in design: 82067
* 		Total instances in design with no power:     0
*                Total instances in design with no activty:     0

* 		Total Fillers and Decap: 28824
-----------------------------------------------------------------------------------------
 
Ended Static Power Report Generation: (cpu=0:00:01, real=0:00:00,
mem(process/total)=2039.18MB/2039.18MB)

Begin: Power Optimization
Reclaim Optimization WNS Slack 0.000  TNS Slack 0.000 Density 95.00
+----------+---------+--------+--------+------------+--------+
| Density  | Commits |  WNS   |  TNS   |    Real    |  Mem   |
+----------+---------+--------+--------+------------+--------+
|    95.00%|        -|   0.000|   0.000|   0:00:00.0| 3599.6M|
Info: Power reclaim will skip 2959 instances with hold cells
|    94.01%|    13248|   0.000|   0.000|   0:00:48.0| 3599.6M|
Info: Power reclaim will skip 2959 instances with hold cells
|    93.69%|     2364|   0.000|   0.000|   0:00:11.0| 3599.6M|
+----------+---------+--------+--------+------------+--------+
Reclaim Optimization End WNS Slack 0.000  TNS Slack 0.000 Density 93.69
** Finished Core Power Optimization (cpu = 0:03:23) (real = 0:01:01) **
*** Starting refinePlace (2:37:20 mem=3381.3M) ***
Density distribution unevenness ratio = 1.764%
Move report: Detail placement moves 0 insts, mean move: 0.00 um, max move: 0.00 um
	Runtime: CPU: 0:00:00.9 REAL: 0:00:01.0 MEM: 3381.3MB
Summary Report:
Instances move: 0 (out of 53142 movable)
Mean displacement: 0.00 um
Max displacement: 0.00 um 
Runtime: CPU: 0:00:01.0 REAL: 0:00:01.0 MEM: 3381.3MB
*** Finished refinePlace (2:37:21 mem=3381.3M) ***
Density distribution unevenness ratio = 1.981%
Running setup recovery post routing.
**optDesign ... cpu = 0:05:43, real = 0:02:20, mem = 2694.4M, totSessionCpu=2:37:23 **
Checking setup slack degradation ...
Checking DRV degradation...
**INFO: Skipping DRV recovery as drv did not degrade beyond margin (100)
*** Finish setup-recovery (cpu=0:00:01, real=0:00:01, mem=2694.39M, totSessionCpu=2:37:24 .
**optDesign ... cpu = 0:05:44, real = 0:02:21, mem = 2694.4M, totSessionCpu=2:37:24 **

Info: 262 clock nets excluded from IPO operation.
Info: 262 clock nets excluded from IPO operation.
+--------+---------+--------+---------+----------+------------+--------+----------+---------+----------------------------------------------------+
|  WNS   | All WNS |  TNS   | All TNS | Density  |    Real    |  Mem   |Worst View|Pathgroup|                     End Point                      |
+--------+---------+--------+---------+----------+------------+--------+----------+---------+----------------------------------------------------+
|   0.003|    0.003|   0.000|    0.000|    93.69%|   0:00:00.0| 3417.5M|   WC_VIEW|  reg2reg| sfp_instance/R_7585/D                              |
|   0.003|    0.003|   0.000|    0.000|    93.69%|   0:00:01.0| 3417.5M|   WC_VIEW|  reg2reg| sfp_instance/R_7585/D                              |
+--------+---------+--------+---------+----------+------------+--------+----------+---------+----------------------------------------------------+

*** Finish post-Route Optimize Step (cpu=0:00:01.3 real=0:00:01.0 mem=3417.5M) ***

*** Finish post-Route Setup Fixing (cpu=0:00:01.9 real=0:00:02.0 mem=3417.5M) ***
Load RC corner of view WC_VIEW

Begin Power Analysis

    0.00V	    VSS
    0.90V	    VDD
Begin Processing Timing Library for Power Calculation

Begin Processing Timing Library for Power Calculation



Begin Processing Power Net/Grid for Power Calculation

Ended Processing Power Net/Grid for Power Calculation: (cpu=0:00:00, real=0:00:00, mem(process/total)=2165.70MB/2165.70MB)

Begin Processing Timing Window Data for Power Calculation

Ended Processing Timing Window Data for Power Calculation: (cpu=0:00:00, real=0:00:00, mem(process/total)=2165.70MB/2165.70MB)

Begin Processing User Attributes

Ended Processing User Attributes: (cpu=0:00:00, real=0:00:00, mem(process/total)=2165.70MB/2165.70MB)

Begin Processing Signal Activity


Starting Levelizing
2025-Mar-22 19:13:24 (2025-Mar-23 02:13:24 GMT)
2025-Mar-22 19:13:24 (2025-Mar-23 02:13:24 GMT): 10%
2025-Mar-22 19:13:25 (2025-Mar-23 02:13:25 GMT): 20%
2025-Mar-22 19:13:25 (2025-Mar-23 02:13:25 GMT): 30%
2025-Mar-22 19:13:25 (2025-Mar-23 02:13:25 GMT): 40%
2025-Mar-22 19:13:25 (2025-Mar-23 02:13:25 GMT): 50%
2025-Mar-22 19:13:25 (2025-Mar-23 02:13:25 GMT): 60%
2025-Mar-22 19:13:25 (2025-Mar-23 02:13:25 GMT): 70%
2025-Mar-22 19:13:25 (2025-Mar-23 02:13:25 GMT): 80%
2025-Mar-22 19:13:25 (2025-Mar-23 02:13:25 GMT): 90%

Finished Levelizing
2025-Mar-22 19:13:25 (2025-Mar-23 02:13:25 GMT)

Starting Activity Propagation
2025-Mar-22 19:13:25 (2025-Mar-23 02:13:25 GMT)
2025-Mar-22 19:13:26 (2025-Mar-23 02:13:26 GMT): 10%
2025-Mar-22 19:13:26 (2025-Mar-23 02:13:26 GMT): 20%
2025-Mar-22 19:13:26 (2025-Mar-23 02:13:26 GMT): 30%

Finished Activity Propagation
2025-Mar-22 19:13:27 (2025-Mar-23 02:13:27 GMT)
Ended Processing Signal Activity: (cpu=0:00:02, real=0:00:02, mem(process/total)=2166.96MB/2166.96MB)

Begin Power Computation

      ----------------------------------------------------------
      # of cell(s) missing both power/leakage table: 0
      # of cell(s) missing power table: 4
      # of cell(s) missing leakage table: 2
      # of MSMV cell(s) missing power_level: 0
      ----------------------------------------------------------
CellName                                  Missing Table(s)
TIEH                                      internal power, 
TIEL                                      internal power, 
sram_w16_in                               internal power, leakge power, 
sram_w16_out                              internal power, leakge power, 



Starting Calculating power
2025-Mar-22 19:13:27 (2025-Mar-23 02:13:27 GMT)
2025-Mar-22 19:13:28 (2025-Mar-23 02:13:28 GMT): 10%
2025-Mar-22 19:13:28 (2025-Mar-23 02:13:28 GMT): 20%
2025-Mar-22 19:13:28 (2025-Mar-23 02:13:28 GMT): 30%
2025-Mar-22 19:13:28 (2025-Mar-23 02:13:28 GMT): 40%
2025-Mar-22 19:13:28 (2025-Mar-23 02:13:28 GMT): 50%
2025-Mar-22 19:13:28 (2025-Mar-23 02:13:28 GMT): 60%
2025-Mar-22 19:13:28 (2025-Mar-23 02:13:28 GMT): 70%
2025-Mar-22 19:13:28 (2025-Mar-23 02:13:28 GMT): 80%
2025-Mar-22 19:13:28 (2025-Mar-23 02:13:28 GMT): 90%

Finished Calculating power
2025-Mar-22 19:13:29 (2025-Mar-23 02:13:29 GMT)
Ended Power Computation: (cpu=0:00:04, real=0:00:01, mem(process/total)=2189.76MB/2189.76MB)

Begin Processing User Attributes

Ended Processing User Attributes: (cpu=0:00:00, real=0:00:00, mem(process/total)=2189.76MB/2189.76MB)

Ended Power Analysis: (cpu=0:00:08, real=0:00:05, mem(process/total)=2189.76MB/2189.76MB)

Begin Static Power Report Generation
*----------------------------------------------------------------------------------------
*	Innovus 15.23-s045_1 (64bit) 04/22/2016 12:32 (Linux 2.6.18-194.el5)
*	
*
* 	Date & Time:	2025-Mar-22 19:13:29 (2025-Mar-23 02:13:29 GMT)
*
*----------------------------------------------------------------------------------------
*
*	Design: core
*
*	Liberty Libraries used:
*	        WC_VIEW: /home/linux/ieng6/ee260bwi25/public/PDKdata/lib/tcbn65gpluswc.lib
*	        WC_VIEW: ./subckt/sram_w16_in_WC.lib
*	        WC_VIEW: ./subckt/sram_w16_out_WC.lib
*
*	Power Domain used:
*		Rail:        VDD 	Voltage:        0.9
*
*       Power View : WC_VIEW
*
*       User-Defined Activity : N.A.
*
*       Activity File: N.A.
*
*       Hierarchical Global Activity: N.A.
*
*       Global Activity: N.A.
*
*       Sequential Element Activity: 0.200000
*
*       Primary Input Activity: 0.200000
*
*       Default icg ratio: N.A.
*
*       Global Comb ClockGate Ratio: N.A.
*
*	Power Units = 1mW
*
*	Time Units = 1e-09 secs
*
*       report_power
*
-----------------------------------------------------------------------------------------


Total Power
-----------------------------------------------------------------------------------------
Total Internal Power:       28.07398544 	   56.3083%
Total Switching Power:      18.53468199 	   37.1752%
Total Leakage Power:         3.24892335 	    6.5164%
Total Power:                49.85759093
-----------------------------------------------------------------------------------------


Group                           Internal   Switching     Leakage       Total  Percentage 
                                Power      Power         Power         Power  (%)        
-----------------------------------------------------------------------------------------
Sequential                         13.34       0.799      0.3472       14.48       29.05
Macro                                  0      0.2043       1.714       1.918       3.847
IO                                     0           0   1.457e-06   1.457e-06   2.922e-06
Combinational                      13.23       14.92       1.152        29.3       58.77
Clock (Combinational)              1.507       2.613     0.03585       4.156       8.336
Clock (Sequential)                     0           0           0           0           0
-----------------------------------------------------------------------------------------
Total                              28.07       18.53       3.249       49.86         100
-----------------------------------------------------------------------------------------


Rail                  Voltage   Internal   Switching     Leakage       Total  Percentage 
                                Power      Power         Power         Power  (%)        
-----------------------------------------------------------------------------------------
VDD                       0.9      28.07       18.53       3.249       49.86         100


Clock                           Internal   Switching     Leakage       Total  Percentage 
                                Power      Power         Power         Power  (%)        
-----------------------------------------------------------------------------------------
clk_o                            0.05577      0.1496    0.001283      0.2066      0.4144
clk                                1.451       2.464     0.03456        3.95       7.922
-----------------------------------------------------------------------------------------
Total                              1.507       2.613     0.03585       4.156       8.336
-----------------------------------------------------------------------------------------
 
 
-----------------------------------------------------------------------------------------
*	Power Distribution Summary: 
* 		Highest Average Power:         psum_mem_instance (sram_w16_out): 	    0.1238
* 		Highest Leakage Power:  sfp_instance/FE_RC_226_0 (ND3D8): 	 0.0003029
* 		Total Cap: 	3.55854e-10 F
* 		Total instances in design: 82067
* 		Total instances in design with no power:     0
*                Total instances in design with no activty:     0

* 		Total Fillers and Decap: 28824
-----------------------------------------------------------------------------------------
 
Ended Static Power Report Generation: (cpu=0:00:00, real=0:00:00,
mem(process/total)=2190.27MB/2190.27MB)

*** Finished Leakage Power Optimization (cpu=0:03:43, real=0:01:17, mem=2714.42M, totSessionCpu=2:37:40).
GigaOpt Hold Optimizer is used
Include MVT Delays for Hold Opt
<optDesign CMD> fixhold  no -lvt Cells
**INFO: Num dontuse cells 398, Num usable cells 480
optDesignOneStep: Leakage Power Flow
**INFO: Num dontuse cells 398, Num usable cells 480
Starting initialization (fixHold) cpu=0:00:00.0 real=0:00:00.0 totSessionCpu=2:37:40 mem=2714.4M ***
**INFO: Starting Blocking QThread with 8 CPU
   ____________________________________________________________________
__/ message from Blocking QThread
Multi-CPU acceleration using 8 CPU(s).
Multithreaded Timing Analysis is initialized with 8 threads

Latch borrow mode reset to max_borrow
Starting SI iteration 1 using Infinite Timing Windows
Begin IPO call back ...
End IPO call back ...
#################################################################################
# Design Stage: PostRoute
# Design Name: core
# Design Mode: 65nm
# Analysis Mode: MMMC OCV 
# Parasitics Mode: SPEF/RCDB
# Signoff Settings: SI On 
#################################################################################
Calculate late delays in OCV mode...
Calculate early delays in OCV mode...
*** Calculating scaling factor for BC_LIB libraries using the default operating condition of each library.
AAE_INFO-618: Total number of nets in the design is 56710,  100.0 percent of the nets selected for SI analysis
End delay calculation. (MEM=450.539 CPU=0:00:17.2 REAL=0:00:03.0)
Save waveform /tmp/innovus_temp_6701_ieng6-ece-02.ucsd.edu_zhbian_MVyadl/.AAE_ihOGJe/.AAE_6701/waveform.data...
*** CDM Built up (cpu=0:00:19.2  real=0:00:05.0  mem= 450.5M) ***
Add other clocks and setupCteToAAEClockMapping during iter 1

Executing IPO callback for view pruning ..
Starting SI iteration 2
Calculate late delays in OCV mode...
Calculate early delays in OCV mode...
AAE_INFO-618: Total number of nets in the design is 56710,  1.9 percent of the nets selected for SI analysis
End delay calculation. (MEM=417.043 CPU=0:00:01.6 REAL=0:00:00.0)
*** CDM Built up (cpu=0:00:01.8  real=0:00:00.0  mem= 417.0M) ***
*** Done Building Timing Graph (cpu=0:00:26.0 real=0:00:07.0 totSessionCpu=0:01:28 mem=417.0M)
Done building cte hold timing graph (fixHold) cpu=0:00:28.9 real=0:00:09.0 totSessionCpu=0:01:28 mem=417.0M ***
** Profile ** Start :  cpu=0:00:00.0, mem=417.0M
** Profile ** Overall slacks :  cpu=0:00:00.4, mem=425.0M
Done building hold timer [77850 node(s), 101391 edge(s), 1 view(s)] (fixHold) cpu=0:00:32.5 real=0:00:12.0 totSessionCpu=0:01:31 mem=425.0M ***
Timing Data dump into file /tmp/innovus_temp_6701_ieng6-ece-02.ucsd.edu_zhbian_MVyadl/coe_eosdata_h2PIb8/BC_VIEW.twf, for view: BC_VIEW 
	 Dumping view 1 BC_VIEW 
_______________________________________________________________________
Done building cte setup timing graph (fixHold) cpu=0:00:31.1 real=0:00:13.0 totSessionCpu=2:38:12 mem=2714.4M ***
** Profile ** Start :  cpu=0:00:00.0, mem=2714.4M
** Profile ** Overall slacks :  cpu=0:00:00.5, mem=2787.9M
Loading timing data from /tmp/innovus_temp_6701_ieng6-ece-02.ucsd.edu_zhbian_MVyadl/coe_eosdata_h2PIb8/BC_VIEW.twf 
	 Loading view 1 BC_VIEW 
** Profile ** Start :  cpu=0:00:00.0, mem=2787.9M
** Profile ** Other data :  cpu=0:00:00.2, mem=2787.9M
** Profile ** DRVs :  cpu=0:00:00.5, mem=2787.9M

------------------------------------------------------------
             Initial Summary                             
------------------------------------------------------------

Setup views included:
 WC_VIEW
Hold  views included:
 BC_VIEW

+--------------------+---------+---------+---------+
|     Setup mode     |   all   | reg2reg | default |
+--------------------+---------+---------+---------+
|           WNS (ns):|  0.003  |  0.003  |  0.400  |
|           TNS (ns):|  0.000  |  0.000  |  0.000  |
|    Violating Paths:|    0    |    0    |    0    |
|          All Paths:|  8401   |  6831   |  3064   |
+--------------------+---------+---------+---------+

+--------------------+---------+---------+---------+
|     Hold mode      |   all   | reg2reg | default |
+--------------------+---------+---------+---------+
|           WNS (ns):| -0.237  | -0.237  |  0.000  |
|           TNS (ns):| -48.274 | -48.274 |  0.000  |
|    Violating Paths:|   946   |   946   |    0    |
|          All Paths:|  6671   |  6671   |    0    |
+--------------------+---------+---------+---------+

+----------------+-------------------------------+------------------+
|                |              Real             |       Total      |
|    DRVs        +------------------+------------+------------------|
|                |  Nr nets(terms)  | Worst Vio  |  Nr nets(terms)  |
+----------------+------------------+------------+------------------+
|   max_cap      |      0 (0)       |   0.000    |      0 (0)       |
|   max_tran     |      0 (0)       |   0.000    |      0 (0)       |
|   max_fanout   |      0 (0)       |     0      |      0 (0)       |
|   max_length   |      0 (0)       |     0      |      0 (0)       |
+----------------+------------------+------------+------------------+

Density: 37.903%
       (93.690% with Fillers)
Total number of glitch violations: 0
------------------------------------------------------------

*Info: minBufDelay = 55.1 ps, libStdDelay = 14.2 ps, minBufSize = 5760000 (4.0)
*Info: worst delay setup view: WC_VIEW
**optDesign ... cpu = 0:06:35, real = 0:02:51, mem = 2722.0M, totSessionCpu=2:38:15 **
*info: Run optDesign holdfix with 8 threads.
Info: 262 clock nets excluded from IPO operation.

*** Starting Core Fixing (fixHold) cpu=0:00:35.5 real=0:00:17.0 totSessionCpu=2:38:16 mem=3414.6M density=93.690% ***

Phase I ......
Executing transform: ECO Safe Resize
===========================================================================================
  Phase 1 : Step 1 Iter 0 Summary (ECO Safe Resize)
------------------------------------------------------------------------------------------
 Hold WNS :      -0.2374
      TNS :     -48.2737
      #VP :          945
  Density :      93.690%
------------------------------------------------------------------------------------------
 cpu=0:00:36.7 real=0:00:18.0 totSessionCpu=2:38:17 mem=3446.6M
===========================================================================================

Starting Phase 1 Step 1 Iter 1 ...
===========================================================================================
  Phase 1 : Step 1 Iter 1 Summary (ECO Safe Resize)
------------------------------------------------------------------------------------------
 Hold WNS :      -0.2374
      TNS :     -48.2737
      #VP :          945
  Density :      93.690%
------------------------------------------------------------------------------------------
 cpu=0:00:37.7 real=0:00:19.0 totSessionCpu=2:38:18 mem=3449.1M
===========================================================================================

Executing transform: AddBuffer + LegalResize
===========================================================================================
  Phase 1 : Step 2 Iter 0 Summary (AddBuffer + LegalResize)
------------------------------------------------------------------------------------------
 Hold WNS :      -0.2374
      TNS :     -48.2737
      #VP :          945
  Density :      93.690%
------------------------------------------------------------------------------------------
 cpu=0:00:38.0 real=0:00:20.0 totSessionCpu=2:38:18 mem=3449.1M
===========================================================================================

Starting Phase 1 Step 2 Iter 1 ...
Committed on net mac_array_instance/col_idx_1__mac_col_inst/FE_PHN5697_n102
  Added inst mac_array_instance/col_idx_1__mac_col_inst/FE_PHC6798_n102 (BUFFD0)
Committed on net ofifo_inst/col_idx_7__fifo_instance/wr_ptr_gray_sync1[2]
  Added inst ofifo_inst/col_idx_7__fifo_instance/FE_PHC6799_wr_ptr_gray_sync1_2_ (BUFFD0)
Committed on net sfp_instance/div_19_u_div_u_add_PartRem_0_4_A_1_
  Added inst sfp_instance/FE_PHC6800_div_19_u_div_u_add_PartRem_0_4_A_1_ (BUFFD0)
Committed on net sfp_instance/fifo_inst_ext/FE_PHN5698_wr_ptr_gray_2_
  Added inst sfp_instance/fifo_inst_ext/FE_PHC6801_wr_ptr_gray_2_ (CKBD0)
Committed on net mac_array_instance/col_idx_8__mac_col_inst/FE_PHN5702_fifo_wr_6_
  Added inst mac_array_instance/col_idx_8__mac_col_inst/FE_PHC6802_fifo_wr_6_ (BUFFD0)
Committed on net sfp_instance/fifo_inst_ext/FE_PHN6741_wr_ptr_gray_1_
  Added inst sfp_instance/fifo_inst_ext/FE_PHC6803_wr_ptr_gray_1_ (CKBD0)
Committed on net sfp_instance/fifo_inst_ext/FE_PHN6742_N36
  Added inst sfp_instance/fifo_inst_ext/FE_PHC6804_N36 (CKBD0)
Committed on net sfp_instance/div_19_u_div_SumTmp_4__1__0_
  Added inst sfp_instance/FE_PHC6805_div_19_u_div_SumTmp_4__1__0_ (CKBD0)
Committed on net sfp_instance/FE_OFN1802_div_23_u_div_SumTmp_4__1__0_
  Added inst sfp_instance/FE_PHC6806_FE_OFN1802_div_23_u_div_SumTmp_4__1__0_ (CKBD0)
Committed on net ofifo_inst/col_idx_0__fifo_instance/wr_ptr[1]
  Added inst ofifo_inst/col_idx_0__fifo_instance/FE_PHC6807_wr_ptr_1_ (BUFFD0)
Committed on net sfp_instance/n22756
  Added inst sfp_instance/FE_PHC6808_n22756 (CKBD0)
Committed on net sfp_instance/FE_OFN1825_div_22_u_div_SumTmp_4__1__0_
  Added inst sfp_instance/FE_PHC6809_FE_OFN1825_div_22_u_div_SumTmp_4__1__0_ (BUFFD0)
Committed on net sfp_instance/FE_OFN1805_div_23_u_div_SumTmp_4__1__1_
  Added inst sfp_instance/FE_PHC6810_FE_OFN1805_div_23_u_div_SumTmp_4__1__1_ (BUFFD0)
Committed on net sfp_instance/div_19_u_div_u_add_PartRem_0_4_A_2_
  Added inst sfp_instance/FE_PHC6811_div_19_u_div_u_add_PartRem_0_4_A_2_ (CKBD0)
Committed on net sfp_instance/n22754
  Added inst sfp_instance/FE_PHC6812_n22754 (BUFFD0)
Committed on net sfp_instance/div_22_u_div_SumTmp_6__2__0_
  Added inst sfp_instance/FE_PHC6813_div_22_u_div_SumTmp_6__2__0_ (BUFFD0)
Committed on net sfp_instance/FE_OFN1817_div_22_u_div_SumTmp_4__1__1_
  Added inst sfp_instance/FE_PHC6814_FE_OFN1817_div_22_u_div_SumTmp_4__1__1_ (CKBD0)
Committed on net ofifo_inst/col_idx_0__fifo_instance/n431
  Added inst ofifo_inst/col_idx_0__fifo_instance/FE_PHC6815_n431 (BUFFD0)
Committed on net out[42]
  Added inst FE_PHC6816_out_42_ (CKBD0)
Committed on net sfp_instance/div_22_u_div_u_add_PartRem_2_7_A_2_
  Added inst sfp_instance/FE_PHC6817_div_22_u_div_u_add_PartRem_2_7_A_2_ (BUFFD0)
Committed on net sfp_instance/fifo_inst_int/n796
  Added inst sfp_instance/fifo_inst_int/FE_PHC6818_n796 (BUFFD0)
Committed on net FE_OCPN5010_out_120_
  Added inst sfp_instance/FE_PHC6819_FE_OCPN5010_out_120_ (CKBD0)
Committed on net sfp_instance/fifo_inst_int/n800
  Added inst sfp_instance/fifo_inst_int/FE_PHC6820_n800 (BUFFD0)
Committed on net sfp_instance/FE_PHN5712_div_23_u_div_u_add_PartRem_1_5_A_2_
  Added inst sfp_instance/FE_PHC6821_div_23_u_div_u_add_PartRem_1_5_A_2_ (CKBD0)
Committed on net sfp_instance/fifo_inst_int/FE_OCPN4874_n802
  Added inst sfp_instance/fifo_inst_int/FE_PHC6822_FE_OCPN4874_n802 (BUFFD0)
Committed on net sfp_instance/FE_OFN2045_div_23_u_div_SumTmp_4__2__1_
  Added inst sfp_instance/FE_PHC6823_FE_OFN2045_div_23_u_div_SumTmp_4__2__1_ (BUFFD0)
Committed on net FE_OFN1958_out_25_
  Added inst sfp_instance/FE_PHC6824_FE_OFN1958_out_25_ (CKBD0)
Committed on net sfp_instance/fifo_inst_ext/FE_PHN6746_wr_ptr_gray_4_
  Added inst sfp_instance/fifo_inst_ext/FE_PHC6825_wr_ptr_gray_4_ (CKBD0)
Committed on net out[79]
  Added inst sfp_instance/FE_PHC6826_out_79_ (CKBD0)
Committed on net FE_OCPN3849_out_140_
  Added inst sfp_instance/FE_PHC6827_FE_OCPN3849_out_140_ (BUFFD0)
Committed on net sfp_instance/div_23_u_div_SumTmp_6__2__0_
  Added inst sfp_instance/FE_PHC6828_div_23_u_div_SumTmp_6__2__0_ (BUFFD0)
Committed on net FE_OFN1916_out_1_
  Added inst sfp_instance/FE_PHC6829_FE_OFN1916_out_1_ (BUFFD0)
Committed on net sfp_instance/FE_OFN2661_div_23_u_div_u_add_PartRem_2_7_A_2_
  Added inst sfp_instance/FE_PHC6830_FE_OFN2661_div_23_u_div_u_add_PartRem_2_7_A_2_ (BUFFD0)
Committed on net sfp_instance/div_23_u_div_u_add_PartRem_3_6_A_2_
  Added inst sfp_instance/FE_PHC6831_div_23_u_div_u_add_PartRem_3_6_A_2_ (BUFFD0)
Committed on net sfp_instance/fifo_inst_int/rd_ptr[3]
  Added inst sfp_instance/fifo_inst_int/FE_PHC6832_rd_ptr_3_ (CKBD0)
Committed on net sfp_instance/fifo_inst_int/n480
  Added inst sfp_instance/fifo_inst_int/FE_PHC6833_n480 (BUFFD0)
Committed on net sfp_instance/fifo_inst_int/n76
  Added inst sfp_instance/fifo_inst_int/FE_PHC6834_n76 (BUFFD0)
Committed on net sfp_instance/fifo_inst_int/fifo_mem[11]
  Added inst sfp_instance/fifo_inst_int/FE_PHC6835_fifo_mem_11_ (BUFFD0)
Committed on net sfp_instance/fifo_inst_int/n379
  Added inst sfp_instance/fifo_inst_int/FE_PHC6836_n379 (BUFFD0)
Committed on net sfp_instance/FE_PHN6179_div_25_u_div_SumTmp_4__1__0_
  Added inst sfp_instance/FE_PHC6837_div_25_u_div_SumTmp_4__1__0_ (CKBD0)
Committed on net sfp_instance/fifo_inst_ext/FE_PHN6226_wr_ptr_gray_3_
  Added inst sfp_instance/fifo_inst_ext/FE_PHC6838_wr_ptr_gray_3_ (BUFFD0)
Committed on net sfp_instance/fifo_inst_int/FE_PHN6740_rd_ptr_gray_2_
  Added inst sfp_instance/fifo_inst_int/FE_PHC6839_rd_ptr_gray_2_ (CKBD0)
Committed on net sfp_instance/n25053
  Added inst sfp_instance/FE_PHC6840_n25053 (BUFFD0)
Committed on net sfp_instance/FE_OFN1803_div_19_u_div_u_add_PartRem_1_5_A_2_
  Added inst sfp_instance/FE_PHC6841_FE_OFN1803_div_19_u_div_u_add_PartRem_1_5_A_2_ (BUFFD0)
Committed on net sfp_instance/n25055
  Added inst sfp_instance/FE_PHC6842_n25055 (CKBD0)
Committed on net sfp_instance/div_18_u_div_u_add_PartRem_1_5_A_2_
  Added inst sfp_instance/FE_PHC6843_div_18_u_div_u_add_PartRem_1_5_A_2_ (CKBD0)
Committed on net sfp_instance/n26151
  Added inst sfp_instance/FE_PHC6844_n26151 (CKBD0)
Committed on net sfp_instance/FE_PHN6537_div_24_u_div_SumTmp_4__1__0_
  Added inst sfp_instance/FE_PHC6845_div_24_u_div_SumTmp_4__1__0_ (CKBD0)
Committed on net sfp_instance/div_24_u_div_u_add_PartRem_0_4_A_1_
  Added inst sfp_instance/FE_PHC6846_div_24_u_div_u_add_PartRem_0_4_A_1_ (BUFFD0)
Committed on net ofifo_inst/col_idx_0__fifo_instance/n509
  Added inst ofifo_inst/col_idx_0__fifo_instance/FE_PHC6847_n509 (BUFFD0)
Committed on net sfp_instance/div_18_u_div_u_add_PartRem_0_4_A_2_
  Added inst sfp_instance/FE_PHC6848_div_18_u_div_u_add_PartRem_0_4_A_2_ (CKBD0)
Committed on net sfp_instance/div_24_u_div_u_add_PartRem_1_5_A_2_
  Added inst sfp_instance/FE_PHC6849_div_24_u_div_u_add_PartRem_1_5_A_2_ (BUFFD0)
Committed on net sfp_instance/div_21_u_div_SumTmp_4__1__1_
  Added inst sfp_instance/FE_PHC6850_div_21_u_div_SumTmp_4__1__1_ (BUFFD0)
Committed on net sfp_instance/div_24_u_div_SumTmp_4__2__1_
  Added inst sfp_instance/FE_PHC6851_div_24_u_div_SumTmp_4__2__1_ (BUFFD0)
Committed on net sfp_instance/div_21_u_div_u_add_PartRem_1_5_A_2_
  Added inst sfp_instance/FE_PHC6852_div_21_u_div_u_add_PartRem_1_5_A_2_ (BUFFD0)
Committed on net sfp_instance/div_24_u_div_u_add_PartRem_2_7_A_2_
  Added inst sfp_instance/FE_PHC6853_div_24_u_div_u_add_PartRem_2_7_A_2_ (BUFFD0)
Committed on net sfp_instance/FE_PHN5717_n26515
  Added inst sfp_instance/FE_PHC6854_n26515 (CKBD0)
Committed on net sfp_instance/div_24_u_div_SumTmp_6__2__0_
  Added inst sfp_instance/FE_PHC6855_div_24_u_div_SumTmp_6__2__0_ (BUFFD0)
Committed on net sfp_instance/fifo_inst_int/FE_OCPN5674_n395
  Added inst sfp_instance/fifo_inst_int/FE_PHC6856_FE_OCPN5674_n395 (BUFFD0)
Committed on net sfp_instance/div_21_u_div_SumTmp_4__1__0_
  Added inst sfp_instance/FE_PHC6857_div_21_u_div_SumTmp_4__1__0_ (CKBD0)
Committed on net sfp_instance/div_21_u_div_SumTmp_6__2__0_
  Added inst sfp_instance/FE_PHC6858_div_21_u_div_SumTmp_6__2__0_ (CKBD0)
Committed on net sfp_instance/FE_PHN5720_div_25_u_div_u_add_PartRem_2_7_A_2_
  Added inst sfp_instance/FE_PHC6859_div_25_u_div_u_add_PartRem_2_7_A_2_ (BUFFD0)
Committed on net sfp_instance/div_25_u_div_u_add_PartRem_1_5_A_1_
  Added inst sfp_instance/FE_PHC6860_div_25_u_div_u_add_PartRem_1_5_A_1_ (CKBD0)
Committed on net sfp_instance/div_19_u_div_u_add_PartRem_2_7_A_2_
  Added inst sfp_instance/FE_PHC6861_div_19_u_div_u_add_PartRem_2_7_A_2_ (BUFFD0)
Committed on net sfp_instance/div_25_u_div_SumTmp_4__2__1_
  Added inst sfp_instance/FE_PHC6862_div_25_u_div_SumTmp_4__2__1_ (BUFFD0)
Committed on net sfp_instance/div_25_u_div_SumTmp_6__3__0_
  Added inst sfp_instance/FE_PHC6863_div_25_u_div_SumTmp_6__3__0_ (BUFFD0)
Committed on net sfp_instance/div_21_u_div_SumTmp_6__3__0_
  Added inst sfp_instance/FE_PHC6864_div_21_u_div_SumTmp_6__3__0_ (CKBD0)
Committed on net sfp_instance/fifo_inst_int/FE_RN_179_0
  Added inst sfp_instance/fifo_inst_int/FE_PHC6865_FE_RN_179_0 (BUFFD0)
Committed on net sfp_instance/fifo_inst_int/FE_RN_2249_0
  Added inst sfp_instance/fifo_inst_int/FE_PHC6866_FE_RN_2249_0 (BUFFD0)
Committed inst sfp_instance/fifo_inst_int/FE_OCPC5338_n347
  Resized cell BUFFD1 -> cell CKBD0
Committed inst sfp_instance/fifo_inst_int/FE_OCPC5500_n353
  Resized cell BUFFD1 -> cell CKBD0
Committed inst sfp_instance/fifo_inst_int/FE_OCPC5116_n812
  Resized cell CKBD1 -> cell CKBD0
Committed inst sfp_instance/fifo_inst_int/FE_OCPC4712_n332
  Resized cell CKBD1 -> cell CKBD0
Committed inst sfp_instance/fifo_inst_int/FE_OCPC4871_n352
  Resized cell BUFFD2 -> cell CKBD0
Committed inst sfp_instance/fifo_inst_int/FE_RC_5532_0
  Resized cell IAO21D1 -> cell IAO21D0
Committed inst sfp_instance/fifo_inst_int/FE_OCPC5138_n813
  Resized cell BUFFD1 -> cell CKBD0
Committed inst sfp_instance/fifo_inst_int/FE_OCPC4306_n134
  Resized cell CKBD1 -> cell CKBD0
Committed inst sfp_instance/fifo_inst_int/FE_RC_3393_0
  Resized cell IND2D4 -> cell IND2D1
Committed inst sfp_instance/fifo_inst_int/FE_OCPC5588_n341
  Resized cell CKBD1 -> cell CKBD0
Committed inst sfp_instance/fifo_inst_int/FE_RC_3387_0
  Resized cell IND2D4 -> cell IND2D1
Committed inst sfp_instance/fifo_inst_int/FE_OCPC5158_n813
  Resized cell BUFFD2 -> cell CKBD0
Committed inst sfp_instance/fifo_inst_int/FE_OCPC4302_n342
  Resized cell CKBD1 -> cell CKBD0
Committed inst sfp_instance/fifo_inst_int/FE_RC_3693_0
  Resized cell ND2D4 -> cell ND2D0
Committed inst sfp_instance/fifo_inst_int/FE_RC_4777_0
  Resized cell CKND1 -> cell CKND0
Committed inst sfp_instance/fifo_inst_int/FE_RC_1379_0
  Resized cell NR2D2 -> cell NR2XD0
Committed inst sfp_instance/fifo_inst_int/FE_RC_5288_0
  Resized cell OAI21D1 -> cell OAI21D0
Committed inst sfp_instance/fifo_inst_int/FE_RC_5439_0
  Resized cell IND2D1 -> cell IND2D0
Committed inst sfp_instance/fifo_inst_int/FE_RC_4118_0
  Resized cell CKND3 -> cell CKND1
Committed inst sfp_instance/fifo_inst_int/FE_RC_2743_0
  Resized cell CKND2 -> cell CKND0
Committed inst sfp_instance/fifo_inst_int/FE_RC_4034_0
  Resized cell CKND1 -> cell CKND0
Committed inst sfp_instance/fifo_inst_int/FE_RC_2934_0
  Resized cell ND2D1 -> cell ND2D0
Committed inst sfp_instance/fifo_inst_int/FE_RC_5274_0
  Resized cell IND2D1 -> cell IND2D0
Committed inst sfp_instance/fifo_inst_int/FE_RC_3769_0
  Resized cell IND2D1 -> cell IND2D0
Committed inst sfp_instance/fifo_inst_int/FE_RC_5132_0
  Resized cell INR2D4 -> cell INR2XD0
Committed inst sfp_instance/fifo_inst_int/FE_RC_5240_0
  Resized cell IND2D1 -> cell IND2D0
Committed inst sfp_instance/fifo_inst_int/FE_RC_5197_0
  Resized cell IND2D1 -> cell IND2D0
Committed inst sfp_instance/fifo_inst_int/FE_RC_3734_0
  Resized cell CKND1 -> cell CKND0
Committed inst sfp_instance/fifo_inst_int/FE_RC_3004_0
  Resized cell CKND2D1 -> cell CKND2D0
Committed inst sfp_instance/fifo_inst_int/FE_RC_3199_0
  Resized cell IND2D1 -> cell IND2D0
Committed inst sfp_instance/fifo_inst_int/FE_RC_4053_0
  Resized cell NR2D2 -> cell NR2XD0
Committed inst sfp_instance/fifo_inst_int/FE_RC_5495_0
  Resized cell NR2XD2 -> cell NR2XD1
Committed inst sfp_instance/fifo_inst_int/FE_RC_5503_0
  Resized cell NR2XD1 -> cell NR2XD0
Committed inst sfp_instance/fifo_inst_int/FE_RC_1510_0
  Resized cell CKND2D1 -> cell CKND2D0
Committed inst sfp_instance/fifo_inst_int/FE_RC_5516_0
  Resized cell NR2D2 -> cell NR2XD0
Committed inst sfp_instance/fifo_inst_int/FE_RC_1422_0
  Resized cell NR2D1 -> cell NR2D0
Committed inst sfp_instance/fifo_inst_int/FE_RC_5513_0
  Resized cell NR2D1 -> cell NR2D0
Committed inst sfp_instance/fifo_inst_int/FE_OCPC5338_n347
  Resized cell CKBD0 -> cell BUFFD1
Committed inst sfp_instance/fifo_inst_int/FE_OCPC5500_n353
  Resized cell CKBD0 -> cell BUFFD1
Committed inst sfp_instance/fifo_inst_int/FE_RC_5532_0
  Resized cell IAO21D0 -> cell IAO21D1
Committed inst sfp_instance/fifo_inst_int/FE_RC_3693_0
  Resized cell ND2D0 -> cell ND2D4
Committed inst sfp_instance/fifo_inst_int/FE_RC_4777_0
  Resized cell CKND0 -> cell CKND1
Committed inst sfp_instance/fifo_inst_int/FE_RC_5439_0
  Resized cell IND2D0 -> cell IND2D1
Committed inst sfp_instance/FE_OFC282_div_23_u_div_u_add_PartRem_1_5_A_2_
  Resized cell BUFFD1 -> cell CKBD0
Committed inst sfp_instance/fifo_inst_int/FE_RC_3074_0
  Resized cell NR2D3 -> cell NR2XD0
Committed inst sfp_instance/fifo_inst_int/FE_RC_5287_0
  Resized cell CKND2 -> cell CKND0
Committed inst sfp_instance/fifo_inst_int/FE_RC_1476_0
  Resized cell INVD3 -> cell CKND1
Committed inst sfp_instance/fifo_inst_int/FE_RC_2876_0
  Resized cell INVD2 -> cell CKND1
Committed inst sfp_instance/fifo_inst_int/FE_RC_139_0
  Resized cell CKND2D2 -> cell CKND2D0
Committed inst sfp_instance/fifo_inst_int/FE_RC_4032_0
  Resized cell ND2D1 -> cell ND2D0
Committed inst sfp_instance/fifo_inst_int/FE_RC_5207_0
  Resized cell NR2XD1 -> cell NR2XD0
Committed inst sfp_instance/fifo_inst_int/FE_RC_3060_0
  Resized cell CKND2D1 -> cell CKND2D0
Committed inst sfp_instance/fifo_inst_int/FE_RC_3256_0
  Resized cell INVD4 -> cell INVD1
Committed inst sfp_instance/fifo_inst_int/FE_RC_3196_0
  Resized cell CKND2D2 -> cell CKND2D0
Committed inst sfp_instance/fifo_inst_int/FE_RC_5159_0
  Resized cell NR2XD2 -> cell NR2XD1
Committed inst sfp_instance/fifo_inst_int/FE_RC_3669_0
  Resized cell CKND2D1 -> cell CKND2D0
Committed inst sfp_instance/fifo_inst_int/FE_RC_3169_0
  Resized cell ND2D2 -> cell CKND2D0
Committed inst sfp_instance/fifo_inst_int/FE_RC_3052_0
  Resized cell ND2D1 -> cell ND2D0
Committed inst sfp_instance/fifo_inst_int/FE_RC_4225_0
  Resized cell CKND2D1 -> cell CKND2D0
Committed inst sfp_instance/fifo_inst_int/FE_RC_3074_0
  Resized cell NR2XD0 -> cell NR2D3
Committed inst sfp_instance/fifo_inst_int/FE_RC_1476_0
  Resized cell CKND1 -> cell INVD3
Committed inst sfp_instance/fifo_inst_int/FE_RC_2876_0
  Resized cell CKND1 -> cell INVD2
Committed inst sfp_instance/fifo_inst_int/FE_RC_139_0
  Resized cell CKND2D0 -> cell CKND2D2
Committed inst sfp_instance/fifo_inst_int/FE_RC_5159_0
  Resized cell NR2XD1 -> cell NR2XD2
Committed on net sfp_instance/n22002
  Added inst sfp_instance/FE_PHC6867_n22002 (BUFFD0)
Committed on net sfp_instance/FE_PHN5862_div_22_u_div_u_add_PartRem_0_4_n125
  Added inst sfp_instance/FE_PHC6868_div_22_u_div_u_add_PartRem_0_4_n125 (CKBD0)
Committed on net sfp_instance/FE_PHN6233_FE_OFN2808_n502
  Added inst sfp_instance/FE_PHC6869_FE_OFN2808_n502 (CKBD0)
Committed on net sfp_instance/FE_OCPN4341_FE_OFN2739_n777
  Added inst sfp_instance/FE_PHC6870_FE_OCPN4341_FE_OFN2739_n777 (CKBD0)
Committed on net sfp_instance/FE_OFN2816_n502
  Added inst sfp_instance/FE_PHC6871_FE_OFN2816_n502 (BUFFD0)
Committed on net sfp_instance/FE_OFN3138_n502
  Added inst sfp_instance/FE_PHC6872_FE_OFN3138_n502 (BUFFD0)
Committed on net sfp_instance/FE_OCPN4084_FE_OFN2739_n777
  Added inst sfp_instance/FE_PHC6873_FE_OCPN4084_FE_OFN2739_n777 (BUFFD0)
Committed on net sfp_instance/n11490
  Added inst sfp_instance/FE_PHC6874_n11490 (BUFFD0)
Committed on net sfp_instance/n13481
  Added inst sfp_instance/FE_PHC6875_n13481 (CKBD0)
Committed on net sfp_instance/FE_OFN2745_n777
  Added inst sfp_instance/FE_PHC6876_FE_OFN2745_n777 (CKBD0)
Committed inst sfp_instance/fifo_inst_int/FE_RC_5540_0
  Resized cell NR4D2 -> cell NR4D1
Committed inst sfp_instance/fifo_inst_int/FE_RC_3486_0
  Resized cell CKND2 -> cell CKND1
Committed inst sfp_instance/fifo_inst_int/U278
  Resized cell OAI22D1 -> cell OAI22D0
Committed inst sfp_instance/fifo_inst_int/FE_RC_3083_0
  Resized cell NR2XD1 -> cell NR2XD0
Committed inst sfp_instance/fifo_inst_int/FE_RC_5540_0
  Resized cell NR4D1 -> cell NR4D2
Committed inst sfp_instance/fifo_inst_int/U278
  Resized cell OAI22D0 -> cell OAI22D1
Committed inst sfp_instance/fifo_inst_int/FE_RC_3083_0
  Resized cell NR2XD0 -> cell NR2XD1
Committed on net sfp_instance/div_22_u_div_SumTmp_2__1__1_
  Added inst sfp_instance/FE_PHC6877_div_22_u_div_SumTmp_2__1__1_ (CKBD0)
Committed on net sfp_instance/n12073
  Added inst sfp_instance/FE_PHC6878_n12073 (CKBD0)
Committed on net sfp_instance/FE_PHN5838_n26149
  Added inst sfp_instance/FE_PHC6879_n26149 (CKBD0)
Committed on net sfp_instance/FE_PHN6324_n16328
  Added inst sfp_instance/FE_PHC6880_n16328 (CKBD0)
Committed on net sfp_instance/FE_PHN5867_FE_OFN3215_n777
  Added inst sfp_instance/FE_PHC6881_FE_OFN3215_n777 (BUFFD0)
Committed on net sfp_instance/FE_OFN2966_n777
  Added inst sfp_instance/FE_PHC6882_FE_OFN2966_n777 (CKBD0)
Committed on net sfp_instance/FE_OFN2847_n22620
  Added inst sfp_instance/FE_PHC6883_FE_OFN2847_n22620 (BUFFD0)
Committed inst sfp_instance/U12080
  Resized cell CKND1 -> cell CKND0
Committed inst sfp_instance/U194
  Resized cell NR2XD2 -> cell NR2XD1
Committed inst sfp_instance/U4226
  Resized cell NR2XD4 -> cell NR2XD2
Committed inst sfp_instance/U392
  Resized cell NR2D3 -> cell NR2XD1
Committed inst sfp_instance/fifo_inst_int/FE_RC_3572_0
  Resized cell OAI21D1 -> cell OAI21D0
Committed inst sfp_instance/U12082
  Resized cell NR2XD2 -> cell NR2XD1
Committed inst sfp_instance/U194
  Resized cell NR2XD1 -> cell NR2XD2
Committed inst sfp_instance/fifo_inst_int/FE_RC_3572_0
  Resized cell OAI21D0 -> cell OAI21D1
Committed on net sfp_instance/n15914
  Added inst sfp_instance/FE_PHC6884_n15914 (CKBD0)
Committed on net sfp_instance/n19620
  Added inst sfp_instance/FE_PHC6885_n19620 (CKBD0)
Committed on net sfp_instance/n20960
  Added inst sfp_instance/FE_PHC6886_n20960 (CKBD0)
Committed on net sfp_instance/n22003
  Added inst sfp_instance/FE_PHC6887_n22003 (CKBD0)
Committed on net sfp_instance/FE_OCPN5124_FE_OFN878_n765
  Added inst sfp_instance/FE_PHC6888_FE_OCPN5124_FE_OFN878_n765 (CKBD0)
Committed on net sfp_instance/FE_OCPN3392_FE_OFN2672_n1406
  Added inst sfp_instance/FE_PHC6889_FE_OCPN3392_FE_OFN2672_n1406 (BUFFD0)
Committed on net sfp_instance/FE_OCPN4776_FE_OFN2672_n1406
  Added inst sfp_instance/FE_PHC6890_FE_OCPN4776_FE_OFN2672_n1406 (BUFFD0)
Committed on net sfp_instance/FE_OFN2678_n1406
  Added inst sfp_instance/FE_PHC6891_FE_OFN2678_n1406 (CKBD0)
Committed on net sfp_instance/n26164
  Added inst sfp_instance/FE_PHC6892_n26164 (BUFFD0)
Committed inst sfp_instance/U514
  Resized cell NR2XD4 -> cell NR2XD1
Committed inst sfp_instance/U5587
  Resized cell NR2D8 -> cell NR2XD2
Committed inst sfp_instance/U2082
  Resized cell NR2XD2 -> cell NR2XD1
Committed inst sfp_instance/U514
  Resized cell NR2XD1 -> cell NR2XD4
Committed inst sfp_instance/U5587
  Resized cell NR2XD2 -> cell NR2D8
Committed inst sfp_instance/U2082
  Resized cell NR2XD1 -> cell NR2XD2
Committed on net sfp_instance/FE_OFN3149_n26068
  Added inst sfp_instance/FE_PHC6893_FE_OFN3149_n26068 (BUFFD0)
Committed on net sfp_instance/FE_PHN6554_FE_OCPN4227_FE_OFN3045_n26065
  Added inst sfp_instance/FE_PHC6894_FE_OCPN4227_FE_OFN3045_n26065 (BUFFD0)
Committed on net sfp_instance/n19248
  Added inst sfp_instance/FE_PHC6895_n19248 (BUFFD0)
Committed on net sfp_instance/FE_PHN6317_FE_OFN2979_div_24_u_div_BInv_7__3_
  Added inst sfp_instance/FE_PHC6896_FE_OFN2979_div_24_u_div_BInv_7__3_ (CKBD0)
Committed on net sfp_instance/FE_PHN6684_div_24_u_div_BInv_5__3_
  Added inst sfp_instance/FE_PHC6897_div_24_u_div_BInv_5__3_ (CKBD0)
Committed on net sfp_instance/FE_PHN5742_FE_OFN2663_n732
  Added inst sfp_instance/FE_PHC6898_FE_OFN2663_n732 (CKBD0)
Committed on net sfp_instance/FE_OFN3093_div_20_u_div_u_add_PartRem_1_6_3_B_1_
  Added inst sfp_instance/FE_PHC6899_FE_OFN3093_div_20_u_div_u_add_PartRem_1_6_3_B_1_ (CKBD0)
Committed on net sfp_instance/n19733
  Added inst sfp_instance/FE_PHC6900_n19733 (BUFFD0)
Committed on net sfp_instance/FE_PHN5762_FE_OCPN4453_FE_OFN3028_n739
  Added inst sfp_instance/FE_PHC6901_FE_OCPN4453_FE_OFN3028_n739 (CKBD0)
Committed on net sfp_instance/FE_OFN2152_div_25_u_div_BInv_6__3_
  Added inst sfp_instance/FE_PHC6902_FE_OFN2152_div_25_u_div_BInv_6__3_ (BUFFD0)
Committed on net sfp_instance/FE_OFN2013_div_22_u_div_BInv_6__4_
  Added inst sfp_instance/FE_PHC6903_FE_OFN2013_div_22_u_div_BInv_6__4_ (CKBD0)
Committed on net sfp_instance/FE_PHN5800_FE_OCPN5482_FE_RN_974_0
  Added inst sfp_instance/FE_PHC6904_FE_OCPN5482_FE_RN_974_0 (CKBD0)
Committed on net sfp_instance/div_22_u_div_u_add_PartRem_0_1_n1
  Added inst sfp_instance/FE_PHC6905_div_22_u_div_u_add_PartRem_0_1_n1 (BUFFD0)
Committed on net sfp_instance/FE_PHN6218_FE_OCPN4437_FE_OFN3026_n739
  Added inst sfp_instance/FE_PHC6906_FE_OCPN4437_FE_OFN3026_n739 (CKBD0)
Committed on net sfp_instance/FE_PHN5741_FE_OCPN4894_FE_RN_974_0
  Added inst sfp_instance/FE_PHC6907_FE_OCPN4894_FE_RN_974_0 (CKBD0)
Committed on net sfp_instance/FE_OFN3153_sum_2core_18_
  Added inst sfp_instance/FE_PHC6908_FE_OFN3153_sum_2core_18_ (BUFFD0)
Committed on net sfp_instance/FE_OFN3032_n739
  Added inst sfp_instance/FE_PHC6909_FE_OFN3032_n739 (CKBD0)
Committed on net sfp_instance/FE_OFN3033_n739
  Added inst sfp_instance/FE_PHC6910_FE_OFN3033_n739 (BUFFD0)
Committed on net sfp_instance/n15739
  Added inst sfp_instance/FE_PHC6911_n15739 (CKBD0)
Committed on net sfp_instance/FE_OFN3198_sum_2core_18_
  Added inst sfp_instance/FE_PHC6912_FE_OFN3198_sum_2core_18_ (CKBD0)
Committed on net sfp_instance/FE_OFN3023_div_23_u_div_BInv_7__3_
  Added inst sfp_instance/FE_PHC6913_FE_OFN3023_div_23_u_div_BInv_7__3_ (CKBD0)
Committed on net sfp_instance/FE_OFN1539_div_21_u_div_BInv_6__3_
  Added inst sfp_instance/FE_PHC6914_FE_OFN1539_div_21_u_div_BInv_6__3_ (BUFFD0)
Committed on net sfp_instance/FE_OFN3092_div_20_u_div_u_add_PartRem_1_6_3_B_1_
  Added inst sfp_instance/FE_PHC6915_FE_OFN3092_div_20_u_div_u_add_PartRem_1_6_3_B_1_ (BUFFD0)
Committed on net sfp_instance/FE_OFN3111_div_22_u_div_BInv_6__3_
  Added inst sfp_instance/FE_PHC6916_FE_OFN3111_div_22_u_div_BInv_6__3_ (BUFFD0)
Committed on net sfp_instance/FE_OFN2987_n26067
  Added inst sfp_instance/FE_PHC6917_FE_OFN2987_n26067 (CKBD0)
Committed on net sfp_instance/FE_PHN5836_FE_OCPN5342_FE_OFN3036_sum_2core_16_
  Added inst sfp_instance/FE_PHC6918_FE_OCPN5342_FE_OFN3036_sum_2core_16_ (CKBD0)
Committed on net sfp_instance/FE_OFN3088_div_20_u_div_u_add_PartRem_1_6_3_B_1_
  Added inst sfp_instance/FE_PHC6919_FE_OFN3088_div_20_u_div_u_add_PartRem_1_6_3_B_1_ (BUFFD0)
Committed on net sfp_instance/div_18_u_div_BInv_6__3_
  Added inst sfp_instance/FE_PHC6920_div_18_u_div_BInv_6__3_ (CKBD0)
Committed on net sfp_instance/FE_OCPN4425_FE_OFN2102_n647
  Added inst sfp_instance/FE_PHC6921_FE_OCPN4425_FE_OFN2102_n647 (CKBD0)
Committed on net sfp_instance/FE_PHN6625_FE_OCPN4419_FE_OFN2914_n732
  Added inst sfp_instance/FE_PHC6922_FE_OCPN4419_FE_OFN2914_n732 (CKBD0)
Committed on net sfp_instance/FE_PHN6596_FE_OCPN5053_FE_OFN2801_n705
  Added inst sfp_instance/FE_PHC6923_FE_OCPN5053_FE_OFN2801_n705 (CKBD0)
Committed on net sfp_instance/n25057
  Added inst sfp_instance/FE_PHC6924_n25057 (BUFFD0)
Committed on net sfp_instance/FE_OFN2806_n705
  Added inst sfp_instance/FE_PHC6925_FE_OFN2806_n705 (CKBD0)
Committed on net sfp_instance/FE_OCPN5631_n26067
  Added inst sfp_instance/FE_PHC6926_FE_OCPN5631_n26067 (CKBD0)
Committed on net sfp_instance/div_22_u_div_BInv_5__3_
  Added inst sfp_instance/FE_PHC6927_div_22_u_div_BInv_5__3_ (CKBD0)
Committed on net sfp_instance/FE_OFN3041_sum_2core_16_
  Added inst sfp_instance/FE_PHC6928_FE_OFN3041_sum_2core_16_ (CKBD0)
Committed on net sfp_instance/FE_OFN3124_sum_2core_16_
  Added inst sfp_instance/FE_PHC6929_FE_OFN3124_sum_2core_16_ (CKBD0)
Committed on net sfp_instance/FE_OCPN4841_n705
  Added inst sfp_instance/FE_PHC6930_FE_OCPN4841_n705 (CKBD0)
Committed on net sfp_instance/FE_OFN2418_sum_2core_13_
  Added inst sfp_instance/FE_PHC6931_FE_OFN2418_sum_2core_13_ (CKBD0)
Committed on net sfp_instance/FE_OCPN5632_n26067
  Added inst sfp_instance/FE_PHC6932_FE_OCPN5632_n26067 (CKBD0)
Committed on net sfp_instance/FE_OCPN4540_n10835
  Added inst sfp_instance/FE_PHC6933_FE_OCPN4540_n10835 (BUFFD0)
Committed on net sfp_instance/FE_OCPN5257_FE_OFN2914_n732
  Added inst sfp_instance/FE_PHC6934_FE_OCPN5257_FE_OFN2914_n732 (BUFFD0)
Committed on net sfp_instance/FE_PHN6258_FE_OCPN4585_FE_RN_127
  Added inst sfp_instance/FE_PHC6935_FE_OCPN4585_FE_RN_127 (BUFFD0)
Committed on net sfp_instance/FE_OCPN4592_FE_OFN2108_sum_2core_18_
  Added inst sfp_instance/FE_PHC6936_FE_OCPN4592_FE_OFN2108_sum_2core_18_ (CKBD0)
Committed on net sfp_instance/FE_OCPN3786_n13863
  Added inst sfp_instance/FE_PHC6937_FE_OCPN3786_n13863 (CKBD0)
Committed on net sfp_instance/FE_OCPN3874_n3558
  Added inst sfp_instance/FE_PHC6938_FE_OCPN3874_n3558 (BUFFD0)
Committed on net sfp_instance/FE_OCPN4752_FE_OFN2102_n647
  Added inst sfp_instance/FE_PHC6939_FE_OCPN4752_FE_OFN2102_n647 (CKBD0)
Committed on net sfp_instance/n21615
  Added inst sfp_instance/FE_PHC6940_n21615 (CKBD0)
Committed on net sfp_instance/FE_PHN6254_n15793
  Added inst sfp_instance/FE_PHC6941_n15793 (CKBD0)
Committed on net sfp_instance/FE_OCPN4176_sum_2core_13_
  Added inst sfp_instance/FE_PHC6942_FE_OCPN4176_sum_2core_13_ (CKBD0)
Committed on net sfp_instance/n9750
  Added inst sfp_instance/FE_PHC6943_n9750 (CKBD0)
Committed on net sfp_instance/n4041
  Added inst sfp_instance/FE_PHC6944_n4041 (BUFFD0)
Committed on net sfp_instance/FE_OCPN5490_FE_RN_974_0
  Added inst sfp_instance/FE_PHC6945_FE_OCPN5490_FE_RN_974_0 (BUFFD0)
Committed on net sfp_instance/FE_OCPN4472_n705
  Added inst sfp_instance/FE_PHC6946_FE_OCPN4472_n705 (CKBD0)
Committed on net sfp_instance/div_22_u_div_BInv_7__3_
  Added inst sfp_instance/FE_PHC6947_div_22_u_div_BInv_7__3_ (CKBD0)
Committed on net sfp_instance/n11517
  Added inst sfp_instance/FE_PHC6948_n11517 (BUFFD0)
Committed on net sfp_instance/FE_OCPN5111_n13909
  Added inst sfp_instance/FE_PHC6949_FE_OCPN5111_n13909 (CKBD0)
Committed on net sfp_instance/FE_OCPN4223_FE_OFN2139_n26066
  Added inst sfp_instance/FE_PHC6950_FE_OCPN4223_FE_OFN2139_n26066 (CKBD0)
Committed on net sfp_instance/FE_PHN5876_FE_OCPN5485_FE_RN_974_0
  Added inst sfp_instance/FE_PHC6951_FE_OCPN5485_FE_RN_974_0 (CKBD0)
Committed on net sfp_instance/n15801
  Added inst sfp_instance/FE_PHC6952_n15801 (CKBD0)
Committed on net sfp_instance/FE_OFN2564_n26066
  Added inst sfp_instance/FE_PHC6953_FE_OFN2564_n26066 (CKBD0)
Committed on net sfp_instance/FE_RN_77
  Added inst sfp_instance/FE_PHC6954_FE_RN_77 (CKBD0)
Committed on net sfp_instance/FE_OFN621_n697
  Added inst sfp_instance/FE_PHC6955_FE_OFN621_n697 (CKBD0)
Committed on net sfp_instance/FE_OCPN3395_FE_OFN3036_sum_2core_16_
  Added inst sfp_instance/FE_PHC6956_FE_OCPN3395_FE_OFN3036_sum_2core_16_ (CKBD0)
Committed on net sfp_instance/FE_OFN3013_n1299
  Added inst sfp_instance/FE_PHC6957_FE_OFN3013_n1299 (CKBD0)
Committed on net sfp_instance/FE_OCPN4589_FE_OFN2108_sum_2core_18_
  Added inst sfp_instance/FE_PHC6958_FE_OCPN4589_FE_OFN2108_sum_2core_18_ (BUFFD0)
Committed on net sfp_instance/FE_OFN2668_n732
  Added inst sfp_instance/FE_PHC6959_FE_OFN2668_n732 (BUFFD0)
Committed on net sfp_instance/FE_OFN3018_n1299
  Added inst sfp_instance/FE_PHC6960_FE_OFN3018_n1299 (CKBD0)
Committed inst sfp_instance/FE_OCPC4435_n595
  Resized cell INVD2 -> cell INVD1
Committed inst sfp_instance/FE_OCPC4435_n595
  Resized cell INVD1 -> cell INVD2
Committed on net sfp_instance/FE_OFN2832_div_20_u_div_BInv_3__8_
  Added inst sfp_instance/FE_PHC6961_FE_OFN2832_div_20_u_div_BInv_3__8_ (CKBD0)
Committed on net sfp_instance/FE_OFN2908_div_20_u_div_BInv_3__16_
  Added inst sfp_instance/FE_PHC6962_FE_OFN2908_div_20_u_div_BInv_3__16_ (CKBD0)
Committed on net sfp_instance/FE_PHN6655_FE_OCPN3751_N643
  Added inst sfp_instance/FE_PHC6963_FE_OCPN3751_N643 (CKBD0)
Committed on net sfp_instance/FE_PHN6679_N603
  Added inst sfp_instance/FE_PHC6964_N603 (BUFFD0)
Committed on net sfp_instance/FE_PHN6611_FE_OFN3023_div_23_u_div_BInv_7__3_
  Added inst sfp_instance/FE_PHC6965_FE_OFN3023_div_23_u_div_BInv_7__3_ (CKBD0)
Committed on net sfp_instance/FE_PHN6638_FE_OCPN3395_FE_OFN3036_sum_2core_16_
  Added inst sfp_instance/FE_PHC6966_FE_OCPN3395_FE_OFN3036_sum_2core_16_ (CKBD0)
Committed on net sfp_instance/FE_PHN6322_FE_OFN2073_div_24_u_div_BInv_5__4_
  Added inst sfp_instance/FE_PHC6967_FE_OFN2073_div_24_u_div_BInv_5__4_ (CKBD0)
Committed on net sfp_instance/FE_OCPN5538_N644
  Added inst sfp_instance/FE_PHC6968_FE_OCPN5538_N644 (BUFFD0)
Committed on net sfp_instance/FE_OFN2407_div_22_u_div_BInv_7__3_
  Added inst sfp_instance/FE_PHC6969_FE_OFN2407_div_22_u_div_BInv_7__3_ (CKBD0)
Committed on net sfp_instance/div_22_u_div_BInv_7__5_
  Added inst sfp_instance/FE_PHC6970_div_22_u_div_BInv_7__5_ (CKBD0)
Committed on net sfp_instance/FE_OFN2861_div_24_u_div_BInv_3__10_
  Added inst sfp_instance/FE_PHC6971_FE_OFN2861_div_24_u_div_BInv_3__10_ (BUFFD0)
Committed on net sfp_instance/n15809
  Added inst sfp_instance/FE_PHC6972_n15809 (CKBD0)
Committed on net sfp_instance/FE_PHN6510_FE_OCPN5585_div_20_u_div_u_add_PartRem_1_5_3_B_7_
  Added inst sfp_instance/FE_PHC6973_FE_OCPN5585_div_20_u_div_u_add_PartRem_1_5_3_B_7_ (CKBD0)
Committed on net sfp_instance/FE_OFN3004_n803
  Added inst sfp_instance/FE_PHC6974_FE_OFN3004_n803 (BUFFD0)
Committed on net sfp_instance/FE_OCPN3623_N621
  Added inst sfp_instance/FE_PHC6975_FE_OCPN3623_N621 (CKBD0)
Committed on net sfp_instance/FE_PHN6063_div_18_u_div_BInv_7__6_
  Added inst sfp_instance/FE_PHC6976_div_18_u_div_BInv_7__6_ (CKBD0)
Committed on net sfp_instance/FE_PHN6601_FE_OCPN3790_n3278
  Added inst sfp_instance/FE_PHC6977_FE_OCPN3790_n3278 (CKBD0)
Committed on net sfp_instance/div_23_u_div_u_add_PartRem_0_7_n1
  Added inst sfp_instance/FE_PHC6978_div_23_u_div_u_add_PartRem_0_7_n1 (CKBD0)
Committed on net sfp_instance/n16550
  Added inst sfp_instance/FE_PHC6979_n16550 (BUFFD0)
Committed on net sfp_instance/FE_OCPN3586_N663
  Added inst sfp_instance/FE_PHC6980_FE_OCPN3586_N663 (CKBD0)
Committed on net sfp_instance/FE_OCPN3704_N543
  Added inst sfp_instance/FE_PHC6981_FE_OCPN3704_N543 (CKBD0)
Committed on net sfp_instance/FE_PHN5918_FE_OFN1275_div_24_u_div_BInv_3__11_
  Added inst sfp_instance/FE_PHC6982_FE_OFN1275_div_24_u_div_BInv_3__11_ (CKBD0)
Committed on net sfp_instance/FE_PHN6604_FE_OFN3075_div_20_u_div_u_add_PartRem_1_5_3_B_7_
  Added inst sfp_instance/FE_PHC6983_FE_OFN3075_div_20_u_div_u_add_PartRem_1_5_3_B_7_ (CKBD0)
Committed on net sfp_instance/div_20_u_div_BInv_3__18_
  Added inst sfp_instance/FE_PHC6984_div_20_u_div_BInv_3__18_ (CKBD0)
Committed on net sfp_instance/FE_PHN5772_FE_OFN3020_n1299
  Added inst sfp_instance/FE_PHC6985_FE_OFN3020_n1299 (CKBD0)
Committed on net sfp_instance/FE_PHN6514_div_20_u_div_BInv_3__19_
  Added inst sfp_instance/FE_PHC6986_div_20_u_div_BInv_3__19_ (CKBD0)
Committed on net sfp_instance/div_24_u_div_BInv_7__6_
  Added inst sfp_instance/FE_PHC6987_div_24_u_div_BInv_7__6_ (BUFFD0)
Committed on net sfp_instance/FE_PHN6107_n26493
  Added inst sfp_instance/FE_PHC6988_n26493 (CKBD0)
Committed on net sfp_instance/FE_RN_1125_0
  Added inst sfp_instance/FE_PHC6989_FE_RN_1125_0 (CKBD0)
Committed on net sfp_instance/FE_OCPN5478_n24786
  Added inst sfp_instance/FE_PHC6990_FE_OCPN5478_n24786 (CKBD0)
Committed on net sfp_instance/FE_OCPN4351_sum_2core_13_
  Added inst sfp_instance/FE_PHC6991_FE_OCPN4351_sum_2core_13_ (CKBD0)
Committed on net sfp_instance/FE_PHN6563_FE_OFN2560_div_20_u_div_u_add_PartRem_1_0_3_B_9_
  Added inst sfp_instance/FE_PHC6992_FE_OFN2560_div_20_u_div_u_add_PartRem_1_0_3_B_9_ (CKBD0)
Committed on net sfp_instance/div_24_u_div_BInv_7__5_
  Added inst sfp_instance/FE_PHC6993_div_24_u_div_BInv_7__5_ (CKBD0)
Committed on net sfp_instance/div_24_u_div_BInv_3__14_
  Added inst sfp_instance/FE_PHC6994_div_24_u_div_BInv_3__14_ (CKBD0)
Committed on net sfp_instance/FE_OCPN3721_div_20_u_div_u_add_PartRem_1_0_3_B_15_
  Added inst sfp_instance/FE_PHC6995_FE_OCPN3721_div_20_u_div_u_add_PartRem_1_0_3_B_15_ (CKBD0)
Committed on net sfp_instance/FE_OFN1701_n2629
  Added inst sfp_instance/FE_PHC6996_FE_OFN1701_n2629 (CKBD0)
Committed on net sfp_instance/FE_OCPN5307_FE_RN_2307_0
  Added inst sfp_instance/FE_PHC6997_FE_OCPN5307_FE_RN_2307_0 (CKBD0)
Committed on net sfp_instance/FE_OCPN3278_N662
  Added inst sfp_instance/FE_PHC6998_FE_OCPN3278_N662 (BUFFD0)
Committed on net sfp_instance/FE_OCPN5075_n14599
  Added inst sfp_instance/FE_PHC6999_FE_OCPN5075_n14599 (CKBD0)
Committed on net sfp_instance/FE_OCPN4225_FE_OFN2139_n26066
  Added inst sfp_instance/FE_PHC7000_FE_OCPN4225_FE_OFN2139_n26066 (CKBD0)
Committed on net sfp_instance/N544
  Added inst sfp_instance/FE_PHC7001_N544 (BUFFD0)
Committed on net sfp_instance/FE_OFN2927_n732
  Added inst sfp_instance/FE_PHC7002_FE_OFN2927_n732 (CKBD0)
Committed on net sfp_instance/FE_OCPN4721_n9086
  Added inst sfp_instance/FE_PHC7003_FE_OCPN4721_n9086 (CKBD0)
Committed on net sfp_instance/N583
  Added inst sfp_instance/FE_PHC7004_N583 (CKBD0)
Committed on net sfp_instance/N524
  Added inst sfp_instance/FE_PHC7005_N524 (BUFFD0)
Committed on net sfp_instance/FE_PHN5791_FE_OCPN5602_FE_OFN1304_n803
  Added inst sfp_instance/FE_PHC7006_FE_OCPN5602_FE_OFN1304_n803 (CKBD0)
Committed on net sfp_instance/FE_OFN1826_n697
  Added inst sfp_instance/FE_PHC7007_FE_OFN1826_n697 (CKBD0)
Committed on net sfp_instance/FE_PHN5788_FE_OCPN4841_n705
  Added inst sfp_instance/FE_PHC7008_FE_OCPN4841_n705 (CKBD0)
Committed on net sfp_instance/FE_OFN1434_div_24_u_div_BInv_3__20_
  Added inst sfp_instance/FE_PHC7009_FE_OFN1434_div_24_u_div_BInv_3__20_ (CKBD0)
Committed on net sfp_instance/FE_OCPN4812_div_20_u_div_BInv_3__12_
  Added inst sfp_instance/FE_PHC7010_FE_OCPN4812_div_20_u_div_BInv_3__12_ (BUFFD0)
Committed on net sfp_instance/div_24_u_div_BInv_7__4_
  Added inst sfp_instance/FE_PHC7011_div_24_u_div_BInv_7__4_ (CKBD0)
Committed on net sfp_instance/n956
  Added inst sfp_instance/FE_PHC7012_n956 (CKBD0)
Committed on net sfp_instance/n13972
  Added inst sfp_instance/FE_PHC7013_n13972 (CKBD0)
Committed on net sfp_instance/FE_OCPN5259_FE_OFN2191_n1022
  Added inst sfp_instance/FE_PHC7014_FE_OCPN5259_FE_OFN2191_n1022 (BUFFD0)
Committed on net sfp_instance/n11925
  Added inst sfp_instance/FE_PHC7015_n11925 (CKBD0)
Committed on net sfp_instance/FE_OFN1021_div_23_u_div_BInv_7__6_
  Added inst sfp_instance/FE_PHC7016_FE_OFN1021_div_23_u_div_BInv_7__6_ (BUFFD0)
Committed on net sfp_instance/FE_OCPN5256_FE_OFN1304_n803
  Added inst sfp_instance/FE_PHC7017_FE_OCPN5256_FE_OFN1304_n803 (CKBD0)
Committed on net sfp_instance/FE_OFN1816_n803
  Added inst sfp_instance/FE_PHC7018_FE_OFN1816_n803 (BUFFD0)
Committed on net sfp_instance/div_22_u_div_BInv_7__4_
  Added inst sfp_instance/FE_PHC7019_div_22_u_div_BInv_7__4_ (BUFFD0)
Committed on net sfp_instance/FE_OCPN4348_div_20_u_div_u_add_PartRem_1_0_3_B_11_
  Added inst sfp_instance/FE_PHC7020_FE_OCPN4348_div_20_u_div_u_add_PartRem_1_0_3_B_11_ (CKBD0)
Committed on net sfp_instance/div_24_u_div_BInv_3__12_
  Added inst sfp_instance/FE_PHC7021_div_24_u_div_BInv_3__12_ (BUFFD0)
Committed on net sfp_instance/N601
  Added inst sfp_instance/FE_PHC7022_N601 (CKBD0)
Committed on net sfp_instance/FE_OFN3178_n24786
  Added inst sfp_instance/FE_PHC7023_FE_OFN3178_n24786 (BUFFD0)
Committed inst sfp_instance/FE_OFC2807_n705
  Resized cell CKBD2 -> cell CKBD0
Committed inst sfp_instance/FE_OCPC3670_FE_OFN2797_n705
  Resized cell BUFFD1 -> cell CKBD0
Committed inst sfp_instance/U11071
  Resized cell CKND2 -> cell CKND1
Committed inst sfp_instance/FE_OFC2807_n705
  Resized cell CKBD0 -> cell CKBD2
Committed inst sfp_instance/FE_OCPC3670_FE_OFN2797_n705
  Resized cell CKBD0 -> cell BUFFD1
Committed inst sfp_instance/U11071
  Resized cell CKND1 -> cell CKND2
Committed on net sfp_instance/div_22_u_div_BInv_5__5_
  Added inst sfp_instance/FE_PHC7024_div_22_u_div_BInv_5__5_ (BUFFD0)
Committed on net sfp_instance/FE_PHN6003_div_23_u_div_BInv_6__18_
  Added inst sfp_instance/FE_PHC7025_div_23_u_div_BInv_6__18_ (BUFFD0)
Committed on net sfp_instance/div_22_u_div_BInv_5__6_
  Added inst sfp_instance/FE_PHC7026_div_22_u_div_BInv_5__6_ (CKBD0)
Committed on net sfp_instance/FE_PHN6648_div_23_u_div_BInv_7__9_
  Added inst sfp_instance/FE_PHC7027_div_23_u_div_BInv_7__9_ (CKBD0)
Committed on net sfp_instance/div_22_u_div_BInv_6__19_
  Added inst sfp_instance/FE_PHC7028_div_22_u_div_BInv_6__19_ (CKBD0)
Committed on net sfp_instance/FE_PHN6367_div_22_u_div_BInv_6__17_
  Added inst sfp_instance/FE_PHC7029_div_22_u_div_BInv_6__17_ (CKBD0)
Committed on net sfp_instance/FE_PHN6304_div_18_u_div_BInv_6__7_
  Added inst sfp_instance/FE_PHC7030_div_18_u_div_BInv_6__7_ (BUFFD0)
Committed on net sfp_instance/FE_PHN5889_div_22_u_div_BInv_7__16_
  Added inst sfp_instance/FE_PHC7031_div_22_u_div_BInv_7__16_ (CKBD0)
Committed on net sfp_instance/div_24_u_div_BInv_5__11_
  Added inst sfp_instance/FE_PHC7032_div_24_u_div_BInv_5__11_ (BUFFD0)
Committed on net sfp_instance/FE_PHN6028_FE_OFN1892_div_18_u_div_BInv_7__7_
  Added inst sfp_instance/FE_PHC7033_FE_OFN1892_div_18_u_div_BInv_7__7_ (BUFFD0)
Committed on net sfp_instance/div_23_u_div_BInv_6__10_
  Added inst sfp_instance/FE_PHC7034_div_23_u_div_BInv_6__10_ (BUFFD0)
Committed on net sfp_instance/div_23_u_div_BInv_6__20_
  Added inst sfp_instance/FE_PHC7035_div_23_u_div_BInv_6__20_ (CKBD0)
Committed on net sfp_instance/FE_PHN5965_div_25_u_div_BInv_5__15_
  Added inst sfp_instance/FE_PHC7036_div_25_u_div_BInv_5__15_ (BUFFD0)
Committed on net sfp_instance/FE_PHN6436_div_19_u_div_BInv_5__19_
  Added inst sfp_instance/FE_PHC7037_div_19_u_div_BInv_5__19_ (BUFFD0)
Committed on net sfp_instance/div_25_u_div_BInv_6__18_
  Added inst sfp_instance/FE_PHC7038_div_25_u_div_BInv_6__18_ (CKBD0)
Committed on net sfp_instance/div_21_u_div_BInv_6__19_
  Added inst sfp_instance/FE_PHC7039_div_21_u_div_BInv_6__19_ (CKBD0)
Committed on net sfp_instance/FE_PHN6118_div_18_u_div_BInv_6__18_
  Added inst sfp_instance/FE_PHC7040_div_18_u_div_BInv_6__18_ (CKBD0)
Committed on net sfp_instance/div_21_u_div_BInv_6__17_
  Added inst sfp_instance/FE_PHC7041_div_21_u_div_BInv_6__17_ (CKBD0)
Committed on net sfp_instance/FE_PHN5884_div_23_u_div_BInv_5__12_
  Added inst sfp_instance/FE_PHC7042_div_23_u_div_BInv_5__12_ (CKBD0)
Committed on net sfp_instance/FE_PHN5946_div_25_u_div_BInv_5__14_
  Added inst sfp_instance/FE_PHC7043_div_25_u_div_BInv_5__14_ (BUFFD0)
Committed on net sfp_instance/FE_PHN6424_div_19_u_div_BInv_5__20_
  Added inst sfp_instance/FE_PHC7044_div_19_u_div_BInv_5__20_ (BUFFD0)
Committed on net sfp_instance/FE_PHN5914_div_22_u_div_BInv_7__15_
  Added inst sfp_instance/FE_PHC7045_div_22_u_div_BInv_7__15_ (CKBD0)
Committed on net sfp_instance/FE_PHN6131_div_19_u_div_BInv_6__20_
  Added inst sfp_instance/FE_PHC7046_div_19_u_div_BInv_6__20_ (CKBD0)
Committed on net sfp_instance/FE_PHN5924_div_23_u_div_BInv_5__15_
  Added inst sfp_instance/FE_PHC7047_div_23_u_div_BInv_5__15_ (BUFFD0)
Committed on net sfp_instance/FE_PHN6112_FE_OCPN3257_n26070
  Added inst sfp_instance/FE_PHC7048_FE_OCPN3257_n26070 (CKBD0)
Committed on net sfp_instance/div_21_u_div_BInv_6__8_
  Added inst sfp_instance/FE_PHC7049_div_21_u_div_BInv_6__8_ (BUFFD0)
Committed on net sfp_instance/div_23_u_div_BInv_6__17_
  Added inst sfp_instance/FE_PHC7050_div_23_u_div_BInv_6__17_ (BUFFD0)
Committed on net sfp_instance/div_18_u_div_BInv_5__18_
  Added inst sfp_instance/FE_PHC7051_div_18_u_div_BInv_5__18_ (CKBD0)
Committed on net sfp_instance/FE_PHN5926_div_22_u_div_BInv_6__15_
  Added inst sfp_instance/FE_PHC7052_div_22_u_div_BInv_6__15_ (CKBD0)
Committed on net sfp_instance/FE_PHN6047_div_23_u_div_BInv_5__19_
  Added inst sfp_instance/FE_PHC7053_div_23_u_div_BInv_5__19_ (CKBD0)
Committed on net sfp_instance/div_21_u_div_BInv_5__17_
  Added inst sfp_instance/FE_PHC7054_div_21_u_div_BInv_5__17_ (CKBD0)
Committed on net sfp_instance/div_24_u_div_BInv_5__18_
  Added inst sfp_instance/FE_PHC7055_div_24_u_div_BInv_5__18_ (CKBD0)
Committed on net sfp_instance/div_22_u_div_BInv_5__17_
  Added inst sfp_instance/FE_PHC7056_div_22_u_div_BInv_5__17_ (BUFFD0)
Committed on net sfp_instance/FE_PHN6372_div_19_u_div_BInv_7__20_
  Added inst sfp_instance/FE_PHC7057_div_19_u_div_BInv_7__20_ (CKBD0)
Committed on net sfp_instance/FE_PHN6478_div_24_u_div_BInv_7__18_
  Added inst sfp_instance/FE_PHC7058_div_24_u_div_BInv_7__18_ (CKBD0)
Committed on net sfp_instance/div_23_u_div_BInv_5__18_
  Added inst sfp_instance/FE_PHC7059_div_23_u_div_BInv_5__18_ (CKBD0)
Committed on net sfp_instance/FE_PHN6384_div_19_u_div_BInv_7__19_
  Added inst sfp_instance/FE_PHC7060_div_19_u_div_BInv_7__19_ (CKBD0)
Committed on net sfp_instance/FE_PHN6391_div_23_u_div_u_add_PartRem_0_5_n25
  Added inst sfp_instance/FE_PHC7061_div_23_u_div_u_add_PartRem_0_5_n25 (CKBD0)
Committed on net sfp_instance/div_24_u_div_BInv_5__17_
  Added inst sfp_instance/FE_PHC7062_div_24_u_div_BInv_5__17_ (CKBD0)
Committed on net sfp_instance/div_19_u_div_u_add_PartRem_0_7_n25
  Added inst sfp_instance/FE_PHC7063_div_19_u_div_u_add_PartRem_0_7_n25 (CKBD0)
Committed on net sfp_instance/FE_PHN5887_div_23_u_div_BInv_5__11_
  Added inst sfp_instance/FE_PHC7064_div_23_u_div_BInv_5__11_ (CKBD0)
Committed on net sfp_instance/FE_PHN6459_div_18_u_div_BInv_6__8_
  Added inst sfp_instance/FE_PHC7065_div_18_u_div_BInv_6__8_ (BUFFD0)
Committed on net sfp_instance/n16525
  Added inst sfp_instance/FE_PHC7066_n16525 (CKBD0)
Committed on net sfp_instance/FE_PHN5935_div_19_u_div_BInv_5__16_
  Added inst sfp_instance/FE_PHC7067_div_19_u_div_BInv_5__16_ (BUFFD0)
Committed on net sfp_instance/FE_PHN6272_div_22_u_div_BInv_6__5_
  Added inst sfp_instance/FE_PHC7068_div_22_u_div_BInv_6__5_ (CKBD0)
Committed on net sfp_instance/FE_PHN5960_n16484
  Added inst sfp_instance/FE_PHC7069_n16484 (CKBD0)
Committed on net sfp_instance/FE_PHN5929_div_19_u_div_BInv_5__17_
  Added inst sfp_instance/FE_PHC7070_div_19_u_div_BInv_5__17_ (CKBD0)
Committed on net sfp_instance/div_25_u_div_BInv_5__17_
  Added inst sfp_instance/FE_PHC7071_div_25_u_div_BInv_5__17_ (CKBD0)
Committed on net sfp_instance/div_25_u_div_BInv_5__18_
  Added inst sfp_instance/FE_PHC7072_div_25_u_div_BInv_5__18_ (CKBD0)
Committed on net sfp_instance/FE_PHN6271_div_24_u_div_BInv_5__5_
  Added inst sfp_instance/FE_PHC7073_div_24_u_div_BInv_5__5_ (CKBD0)
Committed on net sfp_instance/FE_OFN2462_n16547
  Added inst sfp_instance/FE_PHC7074_FE_OFN2462_n16547 (CKBD0)
Committed on net sfp_instance/div_25_u_div_BInv_6__13_
  Added inst sfp_instance/FE_PHC7075_div_25_u_div_BInv_6__13_ (CKBD0)
Committed on net sfp_instance/FE_PHN5921_div_22_u_div_BInv_5__14_
  Added inst sfp_instance/FE_PHC7076_div_22_u_div_BInv_5__14_ (CKBD0)
Committed on net sfp_instance/div_22_u_div_BInv_5__18_
  Added inst sfp_instance/FE_PHC7077_div_22_u_div_BInv_5__18_ (CKBD0)
Committed on net sfp_instance/div_22_u_div_BInv_7__8_
  Added inst sfp_instance/FE_PHC7078_div_22_u_div_BInv_7__8_ (BUFFD0)
Committed on net sfp_instance/FE_PHN6515_div_25_u_div_BInv_7__20_
  Added inst sfp_instance/FE_PHC7079_div_25_u_div_BInv_7__20_ (CKBD0)
Committed on net sfp_instance/div_22_u_div_BInv_7__9_
  Added inst sfp_instance/FE_PHC7080_div_22_u_div_BInv_7__9_ (CKBD0)
Committed on net sfp_instance/FE_PHN5911_div_22_u_div_BInv_6__11_
  Added inst sfp_instance/FE_PHC7081_div_22_u_div_BInv_6__11_ (BUFFD0)
Committed on net sfp_instance/FE_OFN3512_div_21_u_div_BInv_6__16_
  Added inst sfp_instance/FE_PHC7082_FE_OFN3512_div_21_u_div_BInv_6__16_ (CKBD0)
Committed on net sfp_instance/FE_PHN6362_div_24_u_div_BInv_7__12_
  Added inst sfp_instance/FE_PHC7083_div_24_u_div_BInv_7__12_ (CKBD0)
Committed on net sfp_instance/FE_PHN6492_div_24_u_div_BInv_7__19_
  Added inst sfp_instance/FE_PHC7084_div_24_u_div_BInv_7__19_ (CKBD0)
Committed on net sfp_instance/div_21_u_div_BInv_7__17_
  Added inst sfp_instance/FE_PHC7085_div_21_u_div_BInv_7__17_ (CKBD0)
Committed on net sfp_instance/div_18_u_div_BInv_5__9_
  Added inst sfp_instance/FE_PHC7086_div_18_u_div_BInv_5__9_ (CKBD0)
Committed on net sfp_instance/FE_PHN5931_div_22_u_div_BInv_6__13_
  Added inst sfp_instance/FE_PHC7087_div_22_u_div_BInv_6__13_ (CKBD0)
Committed on net sfp_instance/FE_PHN5900_div_19_u_div_BInv_5__15_
  Added inst sfp_instance/FE_PHC7088_div_19_u_div_BInv_5__15_ (CKBD0)
Committed on net sfp_instance/div_25_u_div_BInv_6__17_
  Added inst sfp_instance/FE_PHC7089_div_25_u_div_BInv_6__17_ (CKBD0)
Committed on net sfp_instance/div_23_u_div_BInv_3__17_
  Added inst sfp_instance/FE_PHC7090_div_23_u_div_BInv_3__17_ (CKBD0)
Committed on net sfp_instance/FE_PHN6085_div_24_u_div_BInv_3__18_
  Added inst sfp_instance/FE_PHC7091_div_24_u_div_BInv_3__18_ (CKBD0)
Committed on net sfp_instance/div_19_u_div_BInv_7__16_
  Added inst sfp_instance/FE_PHC7092_div_19_u_div_BInv_7__16_ (BUFFD0)
Committed on net sfp_instance/div_18_u_div_BInv_5__17_
  Added inst sfp_instance/FE_PHC7093_div_18_u_div_BInv_5__17_ (CKBD0)
Committed on net sfp_instance/FE_PHN6017_FE_OFN999_n16480
  Added inst sfp_instance/FE_PHC7094_FE_OFN999_n16480 (CKBD0)
Committed on net sfp_instance/div_19_u_div_BInv_7__18_
  Added inst sfp_instance/FE_PHC7095_div_19_u_div_BInv_7__18_ (CKBD0)
Committed on net sfp_instance/div_19_u_div_u_add_PartRem_0_6_n25
  Added inst sfp_instance/FE_PHC7096_div_19_u_div_u_add_PartRem_0_6_n25 (CKBD0)
Committed on net sfp_instance/div_18_u_div_BInv_5__15_
  Added inst sfp_instance/FE_PHC7097_div_18_u_div_BInv_5__15_ (CKBD0)
Committed on net sfp_instance/FE_PHN5882_div_18_u_div_BInv_6__10_
  Added inst sfp_instance/FE_PHC7098_div_18_u_div_BInv_6__10_ (CKBD0)
Committed on net sfp_instance/FE_PHN6584_FE_OFN2080_div_20_u_div_u_add_PartRem_1_0_3_B_11_
  Added inst sfp_instance/FE_PHC7099_FE_OFN2080_div_20_u_div_u_add_PartRem_1_0_3_B_11_ (CKBD0)
Committed on net sfp_instance/FE_PHN6667_div_18_u_div_BInv_7__10_
  Added inst sfp_instance/FE_PHC7100_div_18_u_div_BInv_7__10_ (CKBD0)
Committed on net sfp_instance/FE_PHN6645_div_18_u_div_BInv_6__17_
  Added inst sfp_instance/FE_PHC7101_div_18_u_div_BInv_6__17_ (CKBD0)
Committed on net sfp_instance/FE_PHN6660_div_22_u_div_BInv_7__18_
  Added inst sfp_instance/FE_PHC7102_div_22_u_div_BInv_7__18_ (CKBD0)
Committed on net sfp_instance/div_18_u_div_BInv_6__9_
  Added inst sfp_instance/FE_PHC7103_div_18_u_div_BInv_6__9_ (CKBD0)
Committed on net sfp_instance/FE_OFN1022_n16477
  Added inst sfp_instance/FE_PHC7104_FE_OFN1022_n16477 (CKBD0)
Committed on net sfp_instance/div_21_u_div_BInv_5__18_
  Added inst sfp_instance/FE_PHC7105_div_21_u_div_BInv_5__18_ (CKBD0)
Committed on net sfp_instance/FE_PHN6382_div_24_u_div_BInv_5__20_
  Added inst sfp_instance/FE_PHC7106_div_24_u_div_BInv_5__20_ (CKBD0)
Committed on net sfp_instance/div_21_u_div_BInv_7__18_
  Added inst sfp_instance/FE_PHC7107_div_21_u_div_BInv_7__18_ (CKBD0)
Committed on net sfp_instance/div_19_u_div_BInv_5__18_
  Added inst sfp_instance/FE_PHC7108_div_19_u_div_BInv_5__18_ (CKBD0)
Committed on net sfp_instance/FE_PHN5956_div_25_u_div_BInv_7__18_
  Added inst sfp_instance/FE_PHC7109_div_25_u_div_BInv_7__18_ (CKBD0)
Committed on net sfp_instance/div_23_u_div_BInv_5__17_
  Added inst sfp_instance/FE_PHC7110_div_23_u_div_BInv_5__17_ (CKBD0)
Committed on net sfp_instance/div_25_u_div_BInv_7__17_
  Added inst sfp_instance/FE_PHC7111_div_25_u_div_BInv_7__17_ (CKBD0)
Committed on net sfp_instance/FE_OFN2166_div_23_u_div_BInv_5__7_
  Added inst sfp_instance/FE_PHC7112_FE_OFN2166_div_23_u_div_BInv_5__7_ (CKBD0)
Committed on net sfp_instance/FE_PHN6491_div_24_u_div_BInv_7__20_
  Added inst sfp_instance/FE_PHC7113_div_24_u_div_BInv_7__20_ (CKBD0)
Committed on net sfp_instance/div_18_u_div_BInv_7__9_
  Added inst sfp_instance/FE_PHC7114_div_18_u_div_BInv_7__9_ (CKBD0)
Committed on net sfp_instance/FE_PHN5976_div_19_u_div_BInv_7__17_
  Added inst sfp_instance/FE_PHC7115_div_19_u_div_BInv_7__17_ (CKBD0)
Committed on net sfp_instance/FE_PHN5993_n16479
  Added inst sfp_instance/FE_PHC7116_n16479 (BUFFD0)
Committed on net sfp_instance/FE_OFN3067_div_24_u_div_BInv_3__4_
  Added inst sfp_instance/FE_PHC7117_FE_OFN3067_div_24_u_div_BInv_3__4_ (BUFFD0)
Committed on net sfp_instance/div_22_u_div_BInv_6__10_
  Added inst sfp_instance/FE_PHC7118_div_22_u_div_BInv_6__10_ (CKBD0)
Committed on net sfp_instance/FE_PHN6509_FE_OCPN3525_N561
  Added inst sfp_instance/FE_PHC7119_FE_OCPN3525_N561 (CKBD0)
Committed on net sfp_instance/FE_PHN6487_n213
  Added inst sfp_instance/FE_PHC7120_n213 (CKBD0)
Committed on net sfp_instance/FE_PHN6686_div_24_u_div_BInv_7__4_
  Added inst sfp_instance/FE_PHC7121_div_24_u_div_BInv_7__4_ (CKBD0)
Committed on net sfp_instance/FE_PHN6105_div_22_u_div_BInv_5__19_
  Added inst sfp_instance/FE_PHC7122_div_22_u_div_BInv_5__19_ (CKBD0)
Committed on net sfp_instance/div_23_u_div_BInv_5__8_
  Added inst sfp_instance/FE_PHC7123_div_23_u_div_BInv_5__8_ (CKBD0)
Committed on net sfp_instance/FE_PHN6433_FE_OFN2323_n16463
  Added inst sfp_instance/FE_PHC7124_FE_OFN2323_n16463 (CKBD0)
Committed on net sfp_instance/FE_PHN5933_FE_OCPN3721_div_20_u_div_u_add_PartRem_1_0_3_B_15_
  Added inst sfp_instance/FE_PHC7125_FE_OCPN3721_div_20_u_div_u_add_PartRem_1_0_3_B_15_ (CKBD0)
Committed on net sfp_instance/FE_PHN6693_div_24_u_div_BInv_7__5_
  Added inst sfp_instance/FE_PHC7126_div_24_u_div_BInv_7__5_ (CKBD0)
Committed on net sfp_instance/FE_PHN6388_FE_OCPN4157_div_23_u_div_BInv_5__20_
  Added inst sfp_instance/FE_PHC7127_FE_OCPN4157_div_23_u_div_BInv_5__20_ (CKBD0)
Committed on net sfp_instance/n16510
  Added inst sfp_instance/FE_PHC7128_n16510 (CKBD0)
Committed on net sfp_instance/div_18_u_div_u_add_PartRem_0_7_n33
  Added inst sfp_instance/FE_PHC7129_div_18_u_div_u_add_PartRem_0_7_n33 (CKBD0)
Committed on net sfp_instance/div_22_u_div_BInv_6__20_
  Added inst sfp_instance/FE_PHC7130_div_22_u_div_BInv_6__20_ (CKBD0)
Committed on net sfp_instance/FE_OFN3096_div_21_u_div_BInv_6__7_
  Added inst sfp_instance/FE_PHC7131_FE_OFN3096_div_21_u_div_BInv_6__7_ (BUFFD0)
Committed on net sfp_instance/FE_PHN6244_FE_OCPN4812_div_20_u_div_BInv_3__12_
  Added inst sfp_instance/FE_PHC7132_FE_OCPN4812_div_20_u_div_BInv_3__12_ (CKBD0)
Committed on net sfp_instance/FE_PHN5892_div_22_u_div_BInv_7__17_
  Added inst sfp_instance/FE_PHC7133_div_22_u_div_BInv_7__17_ (CKBD0)
Committed on net sfp_instance/div_23_u_div_BInv_6__11_
  Added inst sfp_instance/FE_PHC7134_div_23_u_div_BInv_6__11_ (CKBD0)
Committed on net sfp_instance/FE_PHN6500_div_22_u_div_BInv_7__19_
  Added inst sfp_instance/FE_PHC7135_div_22_u_div_BInv_7__19_ (CKBD0)
Committed on net sfp_instance/FE_PHN6053_n16466
  Added inst sfp_instance/FE_PHC7136_n16466 (CKBD0)
Committed on net sfp_instance/FE_PHN5880_div_18_u_div_BInv_7__8_
  Added inst sfp_instance/FE_PHC7137_div_18_u_div_BInv_7__8_ (CKBD0)
Committed on net sfp_instance/div_22_u_div_BInv_6__6_
  Added inst sfp_instance/FE_PHC7138_div_22_u_div_BInv_6__6_ (CKBD0)
Committed on net sfp_instance/FE_PHN6735_FE_OCPN5302_n26508
  Added inst sfp_instance/FE_PHC7139_FE_OCPN5302_n26508 (CKBD0)
Committed on net sfp_instance/FE_OFN1722_div_22_u_div_BInv_5__4_
  Added inst sfp_instance/FE_PHC7140_FE_OFN1722_div_22_u_div_BInv_5__4_ (CKBD0)
Committed on net sfp_instance/div_24_u_div_BInv_7__10_
  Added inst sfp_instance/FE_PHC7141_div_24_u_div_BInv_7__10_ (CKBD0)
Committed on net sfp_instance/div_22_u_div_BInv_5__20_
  Added inst sfp_instance/FE_PHC7142_div_22_u_div_BInv_5__20_ (CKBD0)
Committed on net sfp_instance/div_21_u_div_BInv_7__19_
  Added inst sfp_instance/FE_PHC7143_div_21_u_div_BInv_7__19_ (CKBD0)
Committed on net sfp_instance/div_18_u_div_BInv_6__6_
  Added inst sfp_instance/FE_PHC7144_div_18_u_div_BInv_6__6_ (BUFFD0)
Committed on net sfp_instance/div_24_u_div_BInv_7__13_
  Added inst sfp_instance/FE_PHC7145_div_24_u_div_BInv_7__13_ (CKBD0)
Committed on net sfp_instance/div_25_u_div_BInv_7__19_
  Added inst sfp_instance/FE_PHC7146_div_25_u_div_BInv_7__19_ (CKBD0)
Committed on net sfp_instance/FE_OFN2945_div_21_u_div_BInv_7__8_
  Added inst sfp_instance/FE_PHC7147_FE_OFN2945_div_21_u_div_BInv_7__8_ (BUFFD0)
Committed on net sfp_instance/div_24_u_div_BInv_7__14_
  Added inst sfp_instance/FE_PHC7148_div_24_u_div_BInv_7__14_ (CKBD0)
Committed on net sfp_instance/div_24_u_div_BInv_5__9_
  Added inst sfp_instance/FE_PHC7149_div_24_u_div_BInv_5__9_ (BUFFD0)
Committed on net sfp_instance/div_22_u_div_BInv_5__15_
  Added inst sfp_instance/FE_PHC7150_div_22_u_div_BInv_5__15_ (CKBD0)
Committed on net sfp_instance/div_18_u_div_BInv_7__18_
  Added inst sfp_instance/FE_PHC7151_div_18_u_div_BInv_7__18_ (CKBD0)
Committed on net sfp_instance/div_21_u_div_BInv_7__20_
  Added inst sfp_instance/FE_PHC7152_div_21_u_div_BInv_7__20_ (CKBD0)
Committed on net sfp_instance/n5039
  Added inst sfp_instance/FE_PHC7153_n5039 (CKBD0)
Committed on net sfp_instance/div_24_u_div_BInv_5__15_
  Added inst sfp_instance/FE_PHC7154_div_24_u_div_BInv_5__15_ (CKBD0)
Committed on net sfp_instance/div_23_u_div_BInv_5__16_
  Added inst sfp_instance/FE_PHC7155_div_23_u_div_BInv_5__16_ (CKBD0)
Committed on net sfp_instance/div_23_u_div_BInv_5__9_
  Added inst sfp_instance/FE_PHC7156_div_23_u_div_BInv_5__9_ (CKBD0)
Committed on net sfp_instance/div_24_u_div_BInv_7__9_
  Added inst sfp_instance/FE_PHC7157_div_24_u_div_BInv_7__9_ (CKBD0)
Committed on net sfp_instance/div_19_u_div_BInv_6__11_
  Added inst sfp_instance/FE_PHC7158_div_19_u_div_BInv_6__11_ (BUFFD0)
Committed on net sfp_instance/div_21_u_div_BInv_5__12_
  Added inst sfp_instance/FE_PHC7159_div_21_u_div_BInv_5__12_ (BUFFD0)
Committed on net sfp_instance/div_24_u_div_BInv_5__16_
  Added inst sfp_instance/FE_PHC7160_div_24_u_div_BInv_5__16_ (CKBD0)
Committed on net sfp_instance/div_25_u_div_BInv_7__15_
  Added inst sfp_instance/FE_PHC7161_div_25_u_div_BInv_7__15_ (BUFFD0)
Committed on net sfp_instance/div_19_u_div_BInv_6__12_
  Added inst sfp_instance/FE_PHC7162_div_19_u_div_BInv_6__12_ (CKBD0)
Committed on net sfp_instance/div_24_u_div_BInv_7__16_
  Added inst sfp_instance/FE_PHC7163_div_24_u_div_BInv_7__16_ (CKBD0)
Committed on net sfp_instance/div_24_u_div_BInv_3__15_
  Added inst sfp_instance/FE_PHC7164_div_24_u_div_BInv_3__15_ (CKBD0)
Committed on net sfp_instance/div_24_u_div_BInv_6__16_
  Added inst sfp_instance/FE_PHC7165_div_24_u_div_BInv_6__16_ (CKBD0)
Committed on net sfp_instance/div_24_u_div_BInv_6__17_
  Added inst sfp_instance/FE_PHC7166_div_24_u_div_BInv_6__17_ (CKBD0)
Committed on net sfp_instance/div_21_u_div_BInv_7__14_
  Added inst sfp_instance/FE_PHC7167_div_21_u_div_BInv_7__14_ (BUFFD0)
Committed on net sfp_instance/FE_OFN1851_div_21_u_div_BInv_5__9_
  Added inst sfp_instance/FE_PHC7168_FE_OFN1851_div_21_u_div_BInv_5__9_ (BUFFD0)
Committed on net sfp_instance/div_24_u_div_BInv_7__15_
  Added inst sfp_instance/FE_PHC7169_div_24_u_div_BInv_7__15_ (CKBD0)
Committed on net sfp_instance/div_22_u_div_BInv_5__16_
  Added inst sfp_instance/FE_PHC7170_div_22_u_div_BInv_5__16_ (CKBD0)
Committed on net sfp_instance/div_18_u_div_BInv_7__17_
  Added inst sfp_instance/FE_PHC7171_div_18_u_div_BInv_7__17_ (CKBD0)
Committed on net sfp_instance/div_22_u_div_BInv_6__16_
  Added inst sfp_instance/FE_PHC7172_div_22_u_div_BInv_6__16_ (CKBD0)
Committed on net sfp_instance/FE_OFN2896_div_20_u_div_u_add_PartRem_1_6_3_B_3_
  Added inst sfp_instance/FE_PHC7173_FE_OFN2896_div_20_u_div_u_add_PartRem_1_6_3_B_3_ (BUFFD0)
Committed on net sfp_instance/FE_PHN6714_div_22_u_div_BInv_7__13_
  Added inst sfp_instance/FE_PHC7174_div_22_u_div_BInv_7__13_ (BUFFD0)
Committed on net sfp_instance/div_22_u_div_BInv_7__20_
  Added inst sfp_instance/FE_PHC7175_div_22_u_div_BInv_7__20_ (CKBD0)
Committed on net sfp_instance/div_21_u_div_BInv_7__16_
  Added inst sfp_instance/FE_PHC7176_div_21_u_div_BInv_7__16_ (CKBD0)
Committed on net sfp_instance/div_25_u_div_BInv_7__16_
  Added inst sfp_instance/FE_PHC7177_div_25_u_div_BInv_7__16_ (CKBD0)
Committed on net sfp_instance/div_23_u_div_BInv_7__8_
  Added inst sfp_instance/FE_PHC7178_div_23_u_div_BInv_7__8_ (BUFFD0)
Committed on net sfp_instance/div_22_u_div_BInv_5__7_
  Added inst sfp_instance/FE_PHC7179_div_22_u_div_BInv_5__7_ (CKBD0)
Committed on net sfp_instance/N582
  Added inst sfp_instance/FE_PHC7180_N582 (BUFFD0)
Committed on net sfp_instance/div_21_u_div_BInv_5__11_
  Added inst sfp_instance/FE_PHC7181_div_21_u_div_BInv_5__11_ (BUFFD0)
Committed on net sfp_instance/FE_OCPN4270_n26490
  Added inst sfp_instance/FE_PHC7182_FE_OCPN4270_n26490 (CKBD0)
Committed on net sfp_instance/n14775
  Added inst sfp_instance/FE_PHC7183_n14775 (CKBD0)
Committed on net sfp_instance/div_18_u_div_BInv_5__16_
  Added inst sfp_instance/FE_PHC7184_div_18_u_div_BInv_5__16_ (CKBD0)
Committed on net sfp_instance/div_18_u_div_BInv_7__16_
  Added inst sfp_instance/FE_PHC7185_div_18_u_div_BInv_7__16_ (CKBD0)
Committed on net sfp_instance/n16473
  Added inst sfp_instance/FE_PHC7186_n16473 (CKBD0)
Committed on net sfp_instance/div_18_u_div_BInv_7__15_
  Added inst sfp_instance/FE_PHC7187_div_18_u_div_BInv_7__15_ (CKBD0)
Committed on net sfp_instance/FE_OFN3060_div_24_u_div_BInv_3__19_
  Added inst sfp_instance/FE_PHC7188_FE_OFN3060_div_24_u_div_BInv_3__19_ (CKBD0)
Committed on net sfp_instance/div_24_u_div_BInv_7__11_
  Added inst sfp_instance/FE_PHC7189_div_24_u_div_BInv_7__11_ (CKBD0)
Committed on net sfp_instance/div_24_u_div_BInv_5__8_
  Added inst sfp_instance/FE_PHC7190_div_24_u_div_BInv_5__8_ (BUFFD0)
Committed on net sfp_instance/div_18_u_div_BInv_5__14_
  Added inst sfp_instance/FE_PHC7191_div_18_u_div_BInv_5__14_ (CKBD0)
Committed on net sfp_instance/n15571
  Added inst sfp_instance/FE_PHC7192_n15571 (CKBD0)
Committed on net sfp_instance/div_18_u_div_BInv_7__13_
  Added inst sfp_instance/FE_PHC7193_div_18_u_div_BInv_7__13_ (CKBD0)
Committed on net sfp_instance/div_23_u_div_BInv_5__10_
  Added inst sfp_instance/FE_PHC7194_div_23_u_div_BInv_5__10_ (BUFFD0)
Committed on net sfp_instance/div_21_u_div_BInv_5__10_
  Added inst sfp_instance/FE_PHC7195_div_21_u_div_BInv_5__10_ (CKBD0)
Committed on net sfp_instance/div_23_u_div_BInv_7__10_
  Added inst sfp_instance/FE_PHC7196_div_23_u_div_BInv_7__10_ (BUFFD0)
Committed on net sfp_instance/div_21_u_div_BInv_5__8_
  Added inst sfp_instance/FE_PHC7197_div_21_u_div_BInv_5__8_ (BUFFD0)
Committed on net sfp_instance/FE_OFN2780_div_24_u_div_BInv_3__7_
  Added inst sfp_instance/FE_PHC7198_FE_OFN2780_div_24_u_div_BInv_3__7_ (CKBD0)
Committed on net sfp_instance/FE_OFN1615_div_18_u_div_BInv_5__10_
  Added inst sfp_instance/FE_PHC7199_FE_OFN1615_div_18_u_div_BInv_5__10_ (CKBD0)
Committed on net sfp_instance/div_22_u_div_BInv_5__12_
  Added inst sfp_instance/FE_PHC7200_div_22_u_div_BInv_5__12_ (CKBD0)
Committed on net sfp_instance/div_22_u_div_BInv_6__8_
  Added inst sfp_instance/FE_PHC7201_div_22_u_div_BInv_6__8_ (BUFFD0)
Committed on net sfp_instance/div_18_u_div_BInv_7__12_
  Added inst sfp_instance/FE_PHC7202_div_18_u_div_BInv_7__12_ (CKBD0)
Committed on net sfp_instance/div_21_u_div_BInv_7__10_
  Added inst sfp_instance/FE_PHC7203_div_21_u_div_BInv_7__10_ (BUFFD0)
Committed on net sfp_instance/div_18_u_div_BInv_7__11_
  Added inst sfp_instance/FE_PHC7204_div_18_u_div_BInv_7__11_ (CKBD0)
Committed on net sfp_instance/div_18_u_div_BInv_5__11_
  Added inst sfp_instance/FE_PHC7205_div_18_u_div_BInv_5__11_ (CKBD0)
Committed on net sfp_instance/div_18_u_div_BInv_6__13_
  Added inst sfp_instance/FE_PHC7206_div_18_u_div_BInv_6__13_ (CKBD0)
Committed on net sfp_instance/div_24_u_div_BInv_6__9_
  Added inst sfp_instance/FE_PHC7207_div_24_u_div_BInv_6__9_ (CKBD0)
Committed on net sfp_instance/FE_PHN6052_div_24_u_div_BInv_6__19_
  Added inst sfp_instance/FE_PHC7208_div_24_u_div_BInv_6__19_ (CKBD0)
Committed on net sfp_instance/FE_PHN5920_div_22_u_div_BInv_5__15_
  Added inst sfp_instance/FE_PHC7209_div_22_u_div_BInv_5__15_ (CKBD0)
Committed on net sfp_instance/FE_PHN6016_div_24_u_div_BInv_7__15_
  Added inst sfp_instance/FE_PHC7210_div_24_u_div_BInv_7__15_ (CKBD0)
Committed on net sfp_instance/n251
  Added inst sfp_instance/FE_PHC7211_n251 (CKBD0)
Committed on net sfp_instance/FE_PHN6649_div_24_u_div_BInv_7__9_
  Added inst sfp_instance/FE_PHC7212_div_24_u_div_BInv_7__9_ (CKBD0)
Committed on net sfp_instance/FE_PHN6010_div_22_u_div_BInv_6__10_
  Added inst sfp_instance/FE_PHC7213_div_22_u_div_BInv_6__10_ (CKBD0)
Committed on net sfp_instance/FE_PHN6337_FE_OFN3067_div_24_u_div_BInv_3__4_
  Added inst sfp_instance/FE_PHC7214_FE_OFN3067_div_24_u_div_BInv_3__4_ (CKBD0)
Committed on net sfp_instance/div_24_u_div_BInv_6__20_
  Added inst sfp_instance/FE_PHC7215_div_24_u_div_BInv_6__20_ (CKBD0)
Committed on net sfp_instance/div_21_u_div_BInv_6__20_
  Added inst sfp_instance/FE_PHC7216_div_21_u_div_BInv_6__20_ (CKBD0)
Committed on net sfp_instance/div_21_u_div_u_add_PartRem_0_6_n25
  Added inst sfp_instance/FE_PHC7217_div_21_u_div_u_add_PartRem_0_6_n25 (CKBD0)
Committed on net sfp_instance/n240
  Added inst sfp_instance/FE_PHC7218_n240 (CKBD0)
Committed on net sfp_instance/div_23_u_div_BInv_7__17_
  Added inst sfp_instance/FE_PHC7219_div_23_u_div_BInv_7__17_ (CKBD0)
Committed on net sfp_instance/FE_PHN5898_div_22_u_div_BInv_5__16_
  Added inst sfp_instance/FE_PHC7220_div_22_u_div_BInv_5__16_ (CKBD0)
Committed on net sfp_instance/FE_PHN5922_div_22_u_div_BInv_5__10_
  Added inst sfp_instance/FE_PHC7221_div_22_u_div_BInv_5__10_ (CKBD0)
Committed on net sfp_instance/FE_PHN6377_FE_OCPN3320_div_23_u_div_BInv_7__20_
  Added inst sfp_instance/FE_PHC7222_FE_OCPN3320_div_23_u_div_BInv_7__20_ (CKBD0)
Committed on net sfp_instance/FE_PHN6043_div_24_u_div_BInv_7__11_
  Added inst sfp_instance/FE_PHC7223_div_24_u_div_BInv_7__11_ (CKBD0)
Committed on net sfp_instance/FE_OFN607_n7599
  Added inst sfp_instance/FE_PHC7224_FE_OFN607_n7599 (CKBD0)
Committed on net sfp_instance/FE_PHN6506_N598
  Added inst sfp_instance/FE_PHC7225_N598 (CKBD0)
Committed on net sfp_instance/FE_PHN5909_div_23_u_div_BInv_6__11_
  Added inst sfp_instance/FE_PHC7226_div_23_u_div_BInv_6__11_ (CKBD0)
Committed on net sfp_instance/FE_PHN6087_div_22_u_div_BInv_5__20_
  Added inst sfp_instance/FE_PHC7227_div_22_u_div_BInv_5__20_ (CKBD0)
Committed on net sfp_instance/FE_PHN6489_FE_OCPN3712_N600
  Added inst sfp_instance/FE_PHC7228_FE_OCPN3712_N600 (CKBD0)
Committed on net sfp_instance/FE_OFN973_n16554
  Added inst sfp_instance/FE_PHC7229_FE_OFN973_n16554 (CKBD0)
Committed on net sfp_instance/FE_PHN6496_FE_OFN3060_div_24_u_div_BInv_3__19_
  Added inst sfp_instance/FE_PHC7230_FE_OFN3060_div_24_u_div_BInv_3__19_ (CKBD0)
Committed on net sfp_instance/FE_PHN6497_FE_OCPN3338_n26230
  Added inst sfp_instance/FE_PHC7231_FE_OCPN3338_n26230 (CKBD0)
Committed on net sfp_instance/n20467
  Added inst sfp_instance/FE_PHC7232_n20467 (BUFFD0)
Committed on net sfp_instance/div_23_u_div_BInv_7__15_
  Added inst sfp_instance/FE_PHC7233_div_23_u_div_BInv_7__15_ (CKBD0)
Committed on net sfp_instance/FE_PHN6467_div_18_u_div_BInv_7__13_
  Added inst sfp_instance/FE_PHC7234_div_18_u_div_BInv_7__13_ (CKBD0)
Committed on net sfp_instance/n25470
  Added inst sfp_instance/FE_PHC7235_n25470 (CKBD0)
Committed on net sfp_instance/FE_OCPN4221_N559
  Added inst sfp_instance/FE_PHC7236_FE_OCPN4221_N559 (CKBD0)
Committed on net sfp_instance/FE_OCPN3950_n153
  Added inst sfp_instance/FE_PHC7237_FE_OCPN3950_n153 (CKBD0)
Committed on net sfp_instance/n1503
  Added inst sfp_instance/FE_PHC7238_n1503 (BUFFD0)
Committed inst sfp_instance/U17573
  Resized cell CKXOR2D2 -> cell XOR2D0
Committed inst sfp_instance/U1868
  Resized cell XOR2D2 -> cell CKXOR2D0
Committed inst sfp_instance/U17548
  Resized cell CKXOR2D1 -> cell XOR2D0
Committed inst sfp_instance/U9199
  Resized cell XNR2D1 -> cell XNR2D0
Committed inst sfp_instance/U12656
  Resized cell CKXOR2D1 -> cell CKXOR2D0
Committed inst sfp_instance/U12649
  Resized cell CKXOR2D1 -> cell CKXOR2D0
Committed inst sfp_instance/U17545
  Resized cell CKXOR2D2 -> cell CKXOR2D0
Committed inst sfp_instance/U12405
  Resized cell CKXOR2D2 -> cell XOR2D0
Committed inst sfp_instance/U1921
  Resized cell CKXOR2D2 -> cell XOR2D0
Committed inst sfp_instance/U1933
  Resized cell CKXOR2D1 -> cell XOR2D0
Committed inst sfp_instance/U17345
  Resized cell CKXOR2D1 -> cell XOR2D0
Committed on net sfp_instance/FE_PHN6358_div_24_u_div_BInv_5__10_
  Added inst sfp_instance/FE_PHC7239_div_24_u_div_BInv_5__10_ (CKBD0)
Committed on net sfp_instance/FE_PHN6139_N631
  Added inst sfp_instance/FE_PHC7240_N631 (CKBD0)
Committed on net sfp_instance/FE_OCPN4975_n21429
  Added inst sfp_instance/FE_PHC7241_FE_OCPN4975_n21429 (BUFFD0)
Committed on net sfp_instance/FE_OCPN3700_n26231
  Added inst sfp_instance/FE_PHC7242_FE_OCPN3700_n26231 (CKBD0)
Committed on net sfp_instance/FE_OCPN5655_FE_RN_232_0
  Added inst sfp_instance/FE_PHC7243_FE_OCPN5655_FE_RN_232_0 (CKBD0)
Committed on net sfp_instance/FE_OCPN4860_n26507
  Added inst sfp_instance/FE_PHC7244_FE_OCPN4860_n26507 (CKBD0)
Committed on net sfp_instance/n14129
  Added inst sfp_instance/FE_PHC7245_n14129 (BUFFD0)
Committed on net sfp_instance/FE_OCPN3381_N593
  Added inst sfp_instance/FE_PHC7246_FE_OCPN3381_N593 (CKBD0)
Committed on net sfp_instance/FE_OCPN4832_FE_RN_104
  Added inst sfp_instance/FE_PHC7247_FE_OCPN4832_FE_RN_104 (BUFFD0)
Committed on net sfp_instance/FE_PHN6149_FE_OCPN4524_div_20_u_div_PartRem_2__9_
  Added inst sfp_instance/FE_PHC7248_FE_OCPN4524_div_20_u_div_PartRem_2__9_ (CKBD0)
Committed on net sfp_instance/FE_PHN6522_FE_OCPN5527_div_20_u_div_PartRem_2__13_
  Added inst sfp_instance/FE_PHC7249_FE_OCPN5527_div_20_u_div_PartRem_2__13_ (BUFFD0)
Committed on net sfp_instance/FE_RN_1875_0
  Added inst sfp_instance/FE_PHC7250_FE_RN_1875_0 (BUFFD0)
Committed on net sfp_instance/FE_OCPN4398_div_20_u_div_PartRem_2__2_
  Added inst sfp_instance/FE_PHC7251_FE_OCPN4398_div_20_u_div_PartRem_2__2_ (CKBD0)
Committed on net sfp_instance/n16614
  Added inst sfp_instance/FE_PHC7252_n16614 (CKBD0)
Committed on net sfp_instance/FE_PHN6146_FE_RN_1611_0
  Added inst sfp_instance/FE_PHC7253_FE_RN_1611_0 (BUFFD0)
Committed on net sfp_instance/FE_PHN6148_n24766
  Added inst sfp_instance/FE_PHC7254_n24766 (BUFFD0)
Committed on net sfp_instance/n16011
  Added inst sfp_instance/FE_PHC7255_n16011 (BUFFD0)
Committed on net sfp_instance/FE_RN_228
  Added inst sfp_instance/FE_PHC7256_FE_RN_228 (CKBD0)
Committed on net sfp_instance/FE_OCPN3869_n16127
  Added inst sfp_instance/FE_PHC7257_FE_OCPN3869_n16127 (CKBD0)
Committed on net sfp_instance/n24701
  Added inst sfp_instance/FE_PHC7258_n24701 (BUFFD0)
Committed on net sfp_instance/div_20_u_div_PartRem_2__3_
  Added inst sfp_instance/FE_PHC7259_div_20_u_div_PartRem_2__3_ (CKBD0)
Committed on net sfp_instance/n26494
  Added inst sfp_instance/FE_PHC7260_n26494 (CKBD0)
Committed on net sfp_instance/FE_OCPN3366_n16804
  Added inst sfp_instance/FE_PHC7261_FE_OCPN3366_n16804 (CKBD0)
Committed on net sfp_instance/n16753
  Added inst sfp_instance/FE_PHC7262_n16753 (CKBD0)
Committed on net sfp_instance/n24737
  Added inst sfp_instance/FE_PHC7263_n24737 (BUFFD0)
Committed on net sfp_instance/n16646
  Added inst sfp_instance/FE_PHC7264_n16646 (CKBD0)
Committed on net sfp_instance/FE_OCPN3309_div_20_u_div_PartRem_2__6_
  Added inst sfp_instance/FE_PHC7265_FE_OCPN3309_div_20_u_div_PartRem_2__6_ (CKBD0)
Committed on net sfp_instance/n16647
  Added inst sfp_instance/FE_PHC7266_n16647 (CKBD0)
Committed on net sfp_instance/FE_OCPN5230_div_20_u_div_PartRem_2__14_
  Added inst sfp_instance/FE_PHC7267_FE_OCPN5230_div_20_u_div_PartRem_2__14_ (CKBD0)
Committed on net sfp_instance/n16788
  Added inst sfp_instance/FE_PHC7268_n16788 (CKBD0)
Committed on net sfp_instance/FE_RN_186
  Added inst sfp_instance/FE_PHC7269_FE_RN_186 (CKBD0)
Committed on net sfp_instance/n567
  Added inst sfp_instance/FE_PHC7270_n567 (BUFFD0)
Committed on net sfp_instance/n16669
  Added inst sfp_instance/FE_PHC7271_n16669 (CKBD0)
Committed on net sfp_instance/FE_RN_88
  Added inst sfp_instance/FE_PHC7272_FE_RN_88 (CKBD0)
Committed on net sfp_instance/div_20_u_div_PartRem_2__15_
  Added inst sfp_instance/FE_PHC7273_div_20_u_div_PartRem_2__15_ (CKBD0)
Committed on net sfp_instance/n24765
  Added inst sfp_instance/FE_PHC7274_n24765 (CKBD0)
Committed on net sfp_instance/div_20_u_div_PartRem_2__11_
  Added inst sfp_instance/FE_PHC7275_div_20_u_div_PartRem_2__11_ (CKBD0)
Committed on net sfp_instance/div_20_u_div_PartRem_2__7_
  Added inst sfp_instance/FE_PHC7276_div_20_u_div_PartRem_2__7_ (CKBD0)
Committed on net sfp_instance/div_20_u_div_PartRem_2__5_
  Added inst sfp_instance/FE_PHC7277_div_20_u_div_PartRem_2__5_ (BUFFD0)
Committed on net sfp_instance/FE_PHN6129_FE_OFN1041_n21288
  Added inst sfp_instance/FE_PHC7278_FE_OFN1041_n21288 (CKBD0)
Committed on net sfp_instance/n21258
  Added inst sfp_instance/FE_PHC7279_n21258 (BUFFD0)
Committed on net sfp_instance/n19444
  Added inst sfp_instance/FE_PHC7280_n19444 (BUFFD0)
Committed on net sfp_instance/n16596
  Added inst sfp_instance/FE_PHC7281_n16596 (BUFFD0)
Committed on net sfp_instance/FE_RN_37_0
  Added inst sfp_instance/FE_PHC7282_FE_RN_37_0 (BUFFD0)
Committed on net sfp_instance/n24744
  Added inst sfp_instance/FE_PHC7283_n24744 (CKBD0)
Committed on net sfp_instance/FE_OCPN4998_n22746
  Added inst sfp_instance/FE_PHC7284_FE_OCPN4998_n22746 (BUFFD0)
Committed on net sfp_instance/FE_RN_1365_0
  Added inst sfp_instance/FE_PHC7285_FE_RN_1365_0 (CKBD0)
Committed on net sfp_instance/n24738
  Added inst sfp_instance/FE_PHC7286_n24738 (BUFFD0)
Committed on net sfp_instance/FE_RN_33_0
  Added inst sfp_instance/FE_PHC7287_FE_RN_33_0 (BUFFD0)
Committed on net sfp_instance/N510
  Added inst sfp_instance/FE_PHC7288_N510 (CKBD0)
Committed on net sfp_instance/FE_RN_240
  Added inst sfp_instance/FE_PHC7289_FE_RN_240 (CKBD0)
Committed on net sfp_instance/n16656
  Added inst sfp_instance/FE_PHC7290_n16656 (CKBD0)
Committed on net sfp_instance/n21243
  Added inst sfp_instance/FE_PHC7291_n21243 (CKBD0)
Committed on net sfp_instance/n21268
  Added inst sfp_instance/FE_PHC7292_n21268 (CKBD0)
Committed on net sfp_instance/FE_OFN998_n21217
  Added inst sfp_instance/FE_PHC7293_FE_OFN998_n21217 (BUFFD0)
Committed on net sfp_instance/n16744
  Added inst sfp_instance/FE_PHC7294_n16744 (CKBD0)
Committed on net sfp_instance/n24755
  Added inst sfp_instance/FE_PHC7295_n24755 (CKBD0)
Committed on net sfp_instance/FE_OFN972_n21308
  Added inst sfp_instance/FE_PHC7296_FE_OFN972_n21308 (CKBD0)
Committed on net sfp_instance/FE_OCPN5128_n24704
  Added inst sfp_instance/FE_PHC7297_FE_OCPN5128_n24704 (CKBD0)
Committed on net sfp_instance/FE_OCPN5432_n22305
  Added inst sfp_instance/FE_PHC7298_FE_OCPN5432_n22305 (BUFFD0)
Committed on net sfp_instance/n16625
  Added inst sfp_instance/FE_PHC7299_n16625 (CKBD0)
Committed on net sfp_instance/n16658
  Added inst sfp_instance/FE_PHC7300_n16658 (CKBD0)
Committed on net sfp_instance/n24780
  Added inst sfp_instance/FE_PHC7301_n24780 (BUFFD0)
Committed inst sfp_instance/U5029
  Resized cell NR2XD4 -> cell NR2XD1
Committed inst sfp_instance/U5029
  Resized cell NR2XD1 -> cell NR2XD4
Committed on net sfp_instance/n21244
  Added inst sfp_instance/FE_PHC7302_n21244 (BUFFD0)
Committed on net sfp_instance/FE_RN_483_0
  Added inst sfp_instance/FE_PHC7303_FE_RN_483_0 (CKBD0)
Committed on net sfp_instance/n18660
  Added inst sfp_instance/FE_PHC7304_n18660 (BUFFD0)
Committed on net sfp_instance/FE_RN_2272_0
  Added inst sfp_instance/FE_PHC7305_FE_RN_2272_0 (CKBD0)
Committed on net sfp_instance/n16746
  Added inst sfp_instance/FE_PHC7306_n16746 (BUFFD0)
Committed on net sfp_instance/n18587
  Added inst sfp_instance/FE_PHC7307_n18587 (BUFFD0)
Committed on net sfp_instance/n16617
  Added inst sfp_instance/FE_PHC7308_n16617 (CKBD0)
Committed on net sfp_instance/FE_OCPN5443_FE_RN_21_0
  Added inst sfp_instance/FE_PHC7309_FE_OCPN5443_FE_RN_21_0 (BUFFD0)
Committed on net sfp_instance/n16731
  Added inst sfp_instance/FE_PHC7310_n16731 (CKBD0)
Committed on net sfp_instance/n16661
  Added inst sfp_instance/FE_PHC7311_n16661 (CKBD0)
Committed on net sfp_instance/n26144
  Added inst sfp_instance/FE_PHC7312_n26144 (CKBD0)
Committed on net sfp_instance/FE_RN_189
  Added inst sfp_instance/FE_PHC7313_FE_RN_189 (CKBD0)
Committed on net sfp_instance/N590
  Added inst sfp_instance/FE_PHC7314_N590 (CKBD0)
Committed on net sfp_instance/n16756
  Added inst sfp_instance/FE_PHC7315_n16756 (BUFFD0)
Committed on net sfp_instance/FE_RN_1998_0
  Added inst sfp_instance/FE_PHC7316_FE_RN_1998_0 (BUFFD0)
Committed on net sfp_instance/n26280
  Added inst sfp_instance/FE_PHC7317_n26280 (BUFFD0)
Committed on net sfp_instance/n26289
  Added inst sfp_instance/FE_PHC7318_n26289 (BUFFD0)
Committed on net sfp_instance/n21337
  Added inst sfp_instance/FE_PHC7319_n21337 (CKBD0)
Committed on net sfp_instance/n26158
  Added inst sfp_instance/FE_PHC7320_n26158 (CKBD0)
Committed inst sfp_instance/FE_RC_4987_0
  Resized cell IND3D1 -> cell IND3D0
Committed inst sfp_instance/FE_OCPC3527_n24769_dup
  Resized cell BUFFD2 -> cell CKBD0
Committed inst sfp_instance/U10408
  Resized cell CKND2D1 -> cell CKND2D0
Committed inst sfp_instance/FE_RC_98_0
  Resized cell IND2D2 -> cell IND2D1
Committed inst sfp_instance/FE_RC_4987_0
  Resized cell IND3D0 -> cell IND3D1
Committed inst sfp_instance/FE_OCPC3527_n24769_dup
  Resized cell CKBD0 -> cell BUFFD2
Committed inst sfp_instance/U10408
  Resized cell CKND2D0 -> cell CKND2D1
Committed inst sfp_instance/FE_RC_98_0
  Resized cell IND2D1 -> cell IND2D2
Committed on net sfp_instance/n26285
  Added inst sfp_instance/FE_PHC7321_n26285 (BUFFD0)
Committed inst sfp_instance/FE_OCPC5511_FE_RN_1067_0
  Resized cell INVD3 -> cell CKND1
Committed inst sfp_instance/U10402
  Resized cell CKND2D1 -> cell CKND2D0
Committed inst sfp_instance/FE_RC_5572_0
  Resized cell OAI21D1 -> cell OAI21D0
Committed inst sfp_instance/FE_OCPC5511_FE_RN_1067_0
  Resized cell CKND1 -> cell INVD3
Committed inst sfp_instance/U10402
  Resized cell CKND2D0 -> cell CKND2D1
Committed inst sfp_instance/FE_RC_5572_0
  Resized cell OAI21D0 -> cell OAI21D1
Committed inst sfp_instance/FE_OCPC5513_FE_RN_1067_0
  Resized cell INVD2 -> cell CKND1
Committed inst sfp_instance/FE_OCPC5513_FE_RN_1067_0
  Resized cell CKND1 -> cell INVD2
===========================================================================================
  Phase 1 : Step 2 Iter 1 Summary (AddBuffer + LegalResize)
------------------------------------------------------------------------------------------
 Hold WNS :      -0.2401
      TNS :     -31.4013
      #VP :          708
      TNS+:      16.8724/582 improved (0.0290 per commit, 34.952%)
  Density :      93.838%
------------------------------------------------------------------------------------------
 524 buffer added (phase total 524, total 524)
 58 inst resized (phase total 58, total 58)
 cpu=0:01:13 real=0:00:29.0 totSessionCpu=2:38:53 mem=3463.7M
===========================================================================================

Starting Phase 1 Step 2 Iter 2 ...
Committed on net sfp_instance/fifo_inst_ext/FE_PHN6801_wr_ptr_gray_2_
  Added inst sfp_instance/fifo_inst_ext/FE_PHC7322_wr_ptr_gray_2_ (BUFFD0)
Committed on net sfp_instance/FE_PHN5701_div_25_u_div_SumTmp_4__1__0_
  Added inst sfp_instance/FE_PHC7323_div_25_u_div_SumTmp_4__1__0_ (BUFFD0)
Committed on net sfp_instance/fifo_inst_ext/FE_PHN6803_wr_ptr_gray_1_
  Added inst sfp_instance/fifo_inst_ext/FE_PHC7324_wr_ptr_gray_1_ (CKBD0)
Committed on net sfp_instance/fifo_inst_ext/FE_PHN6804_N36
  Added inst sfp_instance/fifo_inst_ext/FE_PHC7325_N36 (CKBD0)
Committed on net sfp_instance/FE_OFN1791_div_22_u_div_u_add_PartRem_1_5_A_2_
  Added inst sfp_instance/FE_PHC7326_FE_OFN1791_div_22_u_div_u_add_PartRem_1_5_A_2_ (CKBD0)
Committed on net sfp_instance/FE_PHN6814_FE_OFN1817_div_22_u_div_SumTmp_4__1__1_
  Added inst sfp_instance/FE_PHC7327_FE_OFN1817_div_22_u_div_SumTmp_4__1__1_ (BUFFD0)
Committed on net sfp_instance/FE_PHN6526_div_18_u_div_SumTmp_4__1__1_
  Added inst sfp_instance/FE_PHC7328_div_18_u_div_SumTmp_4__1__1_ (BUFFD0)
Committed on net sfp_instance/FE_PHN6808_n22756
  Added inst sfp_instance/FE_PHC7329_n22756 (BUFFD0)
Committed on net sfp_instance/div_21_u_div_SumTmp_4__1__1_
  Added inst sfp_instance/FE_PHC7330_div_21_u_div_SumTmp_4__1__1_ (CKBD0)
Committed on net ofifo_inst/col_idx_0__fifo_instance/n509
  Added inst ofifo_inst/col_idx_0__fifo_instance/FE_PHC7331_n509 (BUFFD0)
Committed on net sfp_instance/FE_PHN6857_div_21_u_div_SumTmp_4__1__0_
  Added inst sfp_instance/FE_PHC7332_div_21_u_div_SumTmp_4__1__0_ (CKBD0)
Committed on net sfp_instance/FE_PHN6806_FE_OFN1802_div_23_u_div_SumTmp_4__1__0_
  Added inst sfp_instance/FE_PHC7333_FE_OFN1802_div_23_u_div_SumTmp_4__1__0_ (CKBD0)
Committed on net sfp_instance/div_18_u_div_u_add_PartRem_1_5_A_2_
  Added inst sfp_instance/FE_PHC7334_div_18_u_div_u_add_PartRem_1_5_A_2_ (BUFFD0)
Committed on net sfp_instance/div_18_u_div_u_add_PartRem_0_4_A_2_
  Added inst sfp_instance/FE_PHC7335_div_18_u_div_u_add_PartRem_0_4_A_2_ (CKBD0)
Committed on net sfp_instance/div_19_u_div_u_add_PartRem_0_4_A_2_
  Added inst sfp_instance/FE_PHC7336_div_19_u_div_u_add_PartRem_0_4_A_2_ (BUFFD0)
Committed on net sfp_instance/FE_PHN6821_div_23_u_div_u_add_PartRem_1_5_A_2_
  Added inst sfp_instance/FE_PHC7337_div_23_u_div_u_add_PartRem_1_5_A_2_ (CKBD0)
Committed on net FE_OCPN5010_out_120_
  Added inst sfp_instance/FE_PHC7338_FE_OCPN5010_out_120_ (BUFFD0)
Committed on net sfp_instance/FE_PHN6858_div_21_u_div_SumTmp_6__2__0_
  Added inst sfp_instance/FE_PHC7339_div_21_u_div_SumTmp_6__2__0_ (CKBD0)
Committed on net FE_PHN6816_out_42_
  Added inst FE_PHC7340_out_42_ (CKBD0)
Committed on net sfp_instance/FE_PHN6241_div_19_u_div_SumTmp_6__2__0_
  Added inst sfp_instance/FE_PHC7341_div_19_u_div_SumTmp_6__2__0_ (CKBD0)
Committed on net sfp_instance/fifo_inst_ext/FE_PHN6825_wr_ptr_gray_4_
  Added inst sfp_instance/fifo_inst_ext/FE_PHC7342_wr_ptr_gray_4_ (CKBD0)
Committed on net sfp_instance/FE_OFN2034_div_18_u_div_SumTmp_4__2__1_
  Added inst sfp_instance/FE_PHC7343_FE_OFN2034_div_18_u_div_SumTmp_4__2__1_ (BUFFD0)
Committed on net sfp_instance/FE_OFN2077_div_22_u_div_SumTmp_4__2__1_
  Added inst sfp_instance/FE_PHC7344_FE_OFN2077_div_22_u_div_SumTmp_4__2__1_ (BUFFD0)
Committed on net sfp_instance/FE_PHN6864_div_21_u_div_SumTmp_6__3__0_
  Added inst sfp_instance/FE_PHC7345_div_21_u_div_SumTmp_6__3__0_ (BUFFD0)
Committed on net sfp_instance/div_23_u_div_SumTmp_6__3__0_
  Added inst sfp_instance/FE_PHC7346_div_23_u_div_SumTmp_6__3__0_ (BUFFD0)
Committed on net sfp_instance/fifo_inst_int/n796
  Added inst sfp_instance/fifo_inst_int/FE_PHC7347_n796 (BUFFD0)
Committed on net sfp_instance/FE_PHN6844_n26151
  Added inst sfp_instance/FE_PHC7348_n26151 (CKBD0)
Committed on net sfp_instance/FE_PHN6187_div_24_u_div_u_add_PartRem_1_5_A_2_
  Added inst sfp_instance/FE_PHC7349_div_24_u_div_u_add_PartRem_1_5_A_2_ (BUFFD0)
Committed on net sfp_instance/n26515
  Added inst sfp_instance/FE_PHC7350_n26515 (CKBD0)
Committed on net sfp_instance/FE_PHN6853_div_24_u_div_u_add_PartRem_2_7_A_2_
  Added inst sfp_instance/FE_PHC7351_div_24_u_div_u_add_PartRem_2_7_A_2_ (BUFFD0)
Committed on net sfp_instance/fifo_inst_int/FE_OCPN5674_n395
  Added inst sfp_instance/fifo_inst_int/FE_PHC7352_FE_OCPN5674_n395 (CKBD0)
Committed inst sfp_instance/fifo_inst_int/FE_OCPC4315_n362
  Resized cell BUFFD1 -> cell CKBD0
Committed inst sfp_instance/fifo_inst_int/FE_OCPC5100_n352
  Resized cell CKBD4 -> cell BUFFD0
Committed inst sfp_instance/fifo_inst_int/FE_RC_345_0
  Resized cell AOI22D1 -> cell AOI22D0
Committed inst sfp_instance/fifo_inst_int/FE_RC_464_0
  Resized cell OAI21D1 -> cell OAI21D0
Committed inst sfp_instance/fifo_inst_int/FE_RC_2711_0
  Resized cell NR2XD1 -> cell NR2XD0
Committed inst sfp_instance/fifo_inst_int/FE_RC_1569_0
  Resized cell CKND2D1 -> cell CKND2D0
Committed inst sfp_instance/fifo_inst_int/FE_RC_5440_0
  Resized cell INR2D2 -> cell INR2XD0
Committed inst sfp_instance/fifo_inst_int/FE_RC_5453_0
  Resized cell NR2D2 -> cell NR2XD0
Committed inst sfp_instance/fifo_inst_int/FE_RC_1547_0
  Resized cell OAI22D1 -> cell OAI22D0
Committed inst sfp_instance/fifo_inst_int/FE_RC_4250_0
  Resized cell OAI22D1 -> cell OAI22D0
Committed inst sfp_instance/fifo_inst_int/FE_RC_3789_0
  Resized cell OAI22D1 -> cell OAI22D0
Committed inst sfp_instance/fifo_inst_int/FE_RC_5525_0
  Resized cell INR2XD1 -> cell INR2XD0
Committed inst sfp_instance/fifo_inst_int/FE_RC_1628_0
  Resized cell NR2XD2 -> cell NR2XD3
Committed inst sfp_instance/fifo_inst_int/FE_RC_345_0
  Resized cell AOI22D0 -> cell AOI22D1
Committed inst sfp_instance/fifo_inst_int/FE_RC_464_0
  Resized cell OAI21D0 -> cell OAI21D1
Committed inst sfp_instance/fifo_inst_int/FE_RC_5525_0
  Resized cell INR2XD0 -> cell INR2XD1
Committed on net sfp_instance/FE_PHN5838_n26149
  Added inst sfp_instance/FE_PHC7353_n26149 (BUFFD0)
Committed on net sfp_instance/FE_PHN6898_FE_OFN2663_n732
  Added inst sfp_instance/FE_PHC7354_FE_OFN2663_n732 (BUFFD0)
Committed on net sfp_instance/FE_PHN6868_div_22_u_div_u_add_PartRem_0_4_n125
  Added inst sfp_instance/FE_PHC7355_div_22_u_div_u_add_PartRem_0_4_n125 (BUFFD0)
Committed on net sfp_instance/FE_PHN6257_n26164
  Added inst sfp_instance/FE_PHC7356_n26164 (BUFFD0)
Committed on net sfp_instance/FE_OFN3155_n732
  Added inst sfp_instance/FE_PHC7357_FE_OFN3155_n732 (CKBD0)
Committed on net sfp_instance/FE_OFN3003_n803
  Added inst sfp_instance/FE_PHC7358_FE_OFN3003_n803 (CKBD0)
Committed on net sfp_instance/FE_OFN2747_n777
  Added inst sfp_instance/FE_PHC7359_FE_OFN2747_n777 (BUFFD0)
Committed on net sfp_instance/FE_PHN6761_FE_OFN2748_n777
  Added inst sfp_instance/FE_PHC7360_FE_OFN2748_n777 (CKBD0)
Committed on net sfp_instance/FE_PHN6591_FE_OFN2745_n777
  Added inst sfp_instance/FE_PHC7361_FE_OFN2745_n777 (CKBD0)
Committed on net sfp_instance/FE_OFN3138_n502
  Added inst sfp_instance/FE_PHC7362_FE_OFN3138_n502 (BUFFD0)
Committed on net sfp_instance/FE_OFN2668_n732
  Added inst sfp_instance/FE_PHC7363_FE_OFN2668_n732 (BUFFD0)
Committed on net sfp_instance/FE_PHN6876_FE_OFN2745_n777
  Added inst sfp_instance/FE_PHC7364_FE_OFN2745_n777 (CKBD0)
Committed on net sfp_instance/FE_OFN2683_n1406
  Added inst sfp_instance/FE_PHC7365_FE_OFN2683_n1406 (CKBD0)
Committed on net sfp_instance/FE_OFN2104_n647
  Added inst sfp_instance/FE_PHC7366_FE_OFN2104_n647 (BUFFD0)
Committed on net sfp_instance/FE_OFN2682_n1406
  Added inst sfp_instance/FE_PHC7367_FE_OFN2682_n1406 (CKBD0)
Committed on net sfp_instance/FE_PHN6891_FE_OFN2678_n1406
  Added inst sfp_instance/FE_PHC7368_FE_OFN2678_n1406 (CKBD0)
Committed on net sfp_instance/FE_PHN6922_FE_OCPN4419_FE_OFN2914_n732
  Added inst sfp_instance/FE_PHC7369_FE_OCPN4419_FE_OFN2914_n732 (CKBD0)
Committed on net sfp_instance/FE_OCPN5256_FE_OFN1304_n803
  Added inst sfp_instance/FE_PHC7370_FE_OCPN5256_FE_OFN1304_n803 (CKBD0)
Committed on net sfp_instance/FE_OCPN5257_FE_OFN2914_n732
  Added inst sfp_instance/FE_PHC7371_FE_OCPN5257_FE_OFN2914_n732 (CKBD0)
Committed on net sfp_instance/FE_OFN3215_n777
  Added inst sfp_instance/FE_PHC7372_FE_OFN3215_n777 (CKBD0)
Committed on net sfp_instance/FE_OCPN4341_FE_OFN2739_n777
  Added inst sfp_instance/FE_PHC7373_FE_OCPN4341_FE_OFN2739_n777 (CKBD0)
Committed on net sfp_instance/n26167
  Added inst sfp_instance/FE_PHC7374_n26167 (CKBD0)
Committed on net sfp_instance/FE_OFN2807_n705
  Added inst sfp_instance/FE_PHC7375_FE_OFN2807_n705 (BUFFD0)
Committed on net sfp_instance/FE_OCPN4084_FE_OFN2739_n777
  Added inst sfp_instance/FE_PHC7376_FE_OCPN4084_FE_OFN2739_n777 (CKBD0)
Committed on net sfp_instance/FE_OCPN3670_FE_OFN2797_n705
  Added inst sfp_instance/FE_PHC7377_FE_OCPN3670_FE_OFN2797_n705 (CKBD0)
Committed on net sfp_instance/FE_PHN6946_FE_OCPN4472_n705
  Added inst sfp_instance/FE_PHC7378_FE_OCPN4472_n705 (BUFFD0)
Committed on net sfp_instance/FE_PHN5775_FE_OFN2678_n1406
  Added inst sfp_instance/FE_PHC7379_FE_OFN2678_n1406 (CKBD0)
Committed on net sfp_instance/FE_OCPN4647_n502
  Added inst sfp_instance/FE_PHC7380_FE_OCPN4647_n502 (CKBD0)
Committed on net sfp_instance/FE_PHN7006_FE_OCPN5602_FE_OFN1304_n803
  Added inst sfp_instance/FE_PHC7381_FE_OCPN5602_FE_OFN1304_n803 (CKBD0)
Committed on net sfp_instance/FE_PHN6923_FE_OCPN5053_FE_OFN2801_n705
  Added inst sfp_instance/FE_PHC7382_FE_OCPN5053_FE_OFN2801_n705 (BUFFD0)
Committed on net sfp_instance/FE_OFN2989_n803
  Added inst sfp_instance/FE_PHC7383_FE_OFN2989_n803 (BUFFD0)
Committed on net sfp_instance/FE_OFN2806_n705
  Added inst sfp_instance/FE_PHC7384_FE_OFN2806_n705 (BUFFD0)
Committed on net sfp_instance/FE_OFN621_n697
  Added inst sfp_instance/FE_PHC7385_FE_OFN621_n697 (BUFFD0)
Committed on net sfp_instance/FE_OFN1816_n803
  Added inst sfp_instance/FE_PHC7386_FE_OFN1816_n803 (BUFFD0)
Committed on net sfp_instance/FE_PHN6889_FE_OCPN3392_FE_OFN2672_n1406
  Added inst sfp_instance/FE_PHC7387_FE_OCPN3392_FE_OFN2672_n1406 (BUFFD0)
Committed on net sfp_instance/FE_OCPN4752_FE_OFN2102_n647
  Added inst sfp_instance/FE_PHC7388_FE_OCPN4752_FE_OFN2102_n647 (BUFFD0)
Committed on net sfp_instance/FE_OCPN4776_FE_OFN2672_n1406
  Added inst sfp_instance/FE_PHC7389_FE_OCPN4776_FE_OFN2672_n1406 (CKBD0)
Committed on net sfp_instance/n11516
  Added inst sfp_instance/FE_PHC7390_n11516 (BUFFD0)
Committed on net sfp_instance/FE_OCPN5124_FE_OFN878_n765
  Added inst sfp_instance/FE_PHC7391_FE_OCPN5124_FE_OFN878_n765 (CKBD0)
Committed on net sfp_instance/FE_OFN3180_n502
  Added inst sfp_instance/FE_PHC7392_FE_OFN3180_n502 (CKBD0)
Committed inst sfp_instance/FE_OCPC3802_n706
  Resized cell BUFFD1 -> cell CKBD0
Committed inst sfp_instance/U9423
  Resized cell CKND1 -> cell CKND0
Committed inst sfp_instance/FE_RC_5671_0
  Resized cell IND2D1 -> cell IND2D0
Committed inst sfp_instance/FE_RC_2216_0
  Resized cell CKND2 -> cell CKND1
Committed on net sfp_instance/FE_OFN2883_div_20_u_div_BInv_3__10_
  Added inst sfp_instance/FE_PHC7393_FE_OFN2883_div_20_u_div_BInv_3__10_ (BUFFD0)
Committed on net sfp_instance/FE_PHN5762_FE_OCPN4453_FE_OFN3028_n739
  Added inst sfp_instance/FE_PHC7394_FE_OCPN4453_FE_OFN3028_n739 (BUFFD0)
Committed on net sfp_instance/FE_PHN6510_FE_OCPN5585_div_20_u_div_u_add_PartRem_1_5_3_B_7_
  Added inst sfp_instance/FE_PHC7395_FE_OCPN5585_div_20_u_div_u_add_PartRem_1_5_3_B_7_ (BUFFD0)
Committed on net sfp_instance/div_22_u_div_BInv_5__5_
  Added inst sfp_instance/FE_PHC7396_div_22_u_div_BInv_5__5_ (CKBD0)
Committed on net sfp_instance/FE_OFN2642_n697
  Added inst sfp_instance/FE_PHC7397_FE_OFN2642_n697 (CKBD0)
Committed on net sfp_instance/FE_PHN7100_div_18_u_div_BInv_7__10_
  Added inst sfp_instance/FE_PHC7398_div_18_u_div_BInv_7__10_ (CKBD0)
Committed on net sfp_instance/FE_PHN7112_FE_OFN2166_div_23_u_div_BInv_5__7_
  Added inst sfp_instance/FE_PHC7399_FE_OFN2166_div_23_u_div_BInv_5__7_ (BUFFD0)
Committed on net sfp_instance/div_22_u_div_u_add_PartRem_0_1_n1
  Added inst sfp_instance/FE_PHC7400_div_22_u_div_u_add_PartRem_0_1_n1 (CKBD0)
Committed on net sfp_instance/n14869
  Added inst sfp_instance/FE_PHC7401_n14869 (CKBD0)
Committed on net sfp_instance/FE_PHN7068_div_22_u_div_BInv_6__5_
  Added inst sfp_instance/FE_PHC7402_div_22_u_div_BInv_6__5_ (BUFFD0)
Committed on net sfp_instance/FE_PHN6601_FE_OCPN3790_n3278
  Added inst sfp_instance/FE_PHC7403_FE_OCPN3790_n3278 (CKBD0)
Committed on net sfp_instance/FE_PHN6296_div_22_u_div_BInv_7__3_
  Added inst sfp_instance/FE_PHC7404_div_22_u_div_BInv_7__3_ (BUFFD0)
Committed on net sfp_instance/FE_PHN7201_div_22_u_div_BInv_6__8_
  Added inst sfp_instance/FE_PHC7405_div_22_u_div_BInv_6__8_ (BUFFD0)
Committed on net sfp_instance/FE_OFN2832_div_20_u_div_BInv_3__8_
  Added inst sfp_instance/FE_PHC7406_FE_OFN2832_div_20_u_div_BInv_3__8_ (BUFFD0)
Committed on net sfp_instance/FE_PHN7140_FE_OFN1722_div_22_u_div_BInv_5__4_
  Added inst sfp_instance/FE_PHC7407_FE_OFN1722_div_22_u_div_BInv_5__4_ (CKBD0)
Committed on net sfp_instance/FE_PHN7073_div_24_u_div_BInv_5__5_
  Added inst sfp_instance/FE_PHC7408_div_24_u_div_BInv_5__5_ (BUFFD0)
Committed on net sfp_instance/FE_OFN3093_div_20_u_div_u_add_PartRem_1_6_3_B_1_
  Added inst sfp_instance/FE_PHC7409_FE_OFN3093_div_20_u_div_u_add_PartRem_1_6_3_B_1_ (CKBD0)
Committed on net sfp_instance/FE_OFN3166_n697
  Added inst sfp_instance/FE_PHC7410_FE_OFN3166_n697 (BUFFD0)
Committed on net sfp_instance/FE_OFN2195_n1022
  Added inst sfp_instance/FE_PHC7411_FE_OFN2195_n1022 (BUFFD0)
Committed on net sfp_instance/FE_OFN3018_n1299
  Added inst sfp_instance/FE_PHC7412_FE_OFN3018_n1299 (CKBD0)
Committed on net sfp_instance/FE_PHN7080_div_22_u_div_BInv_7__9_
  Added inst sfp_instance/FE_PHC7413_div_22_u_div_BInv_7__9_ (BUFFD0)
Committed on net sfp_instance/FE_PHN7114_div_18_u_div_BInv_7__9_
  Added inst sfp_instance/FE_PHC7414_div_18_u_div_BInv_7__9_ (CKBD0)
Committed on net sfp_instance/FE_PHN7138_div_22_u_div_BInv_6__6_
  Added inst sfp_instance/FE_PHC7415_div_22_u_div_BInv_6__6_ (BUFFD0)
Committed on net sfp_instance/FE_OFN3013_n1299
  Added inst sfp_instance/FE_PHC7416_FE_OFN3013_n1299 (CKBD0)
Committed on net sfp_instance/FE_PHN6604_FE_OFN3075_div_20_u_div_u_add_PartRem_1_5_3_B_7_
  Added inst sfp_instance/FE_PHC7417_FE_OFN3075_div_20_u_div_u_add_PartRem_1_5_3_B_7_ (CKBD0)
Committed on net sfp_instance/FE_OFN3195_n1406
  Added inst sfp_instance/FE_PHC7418_FE_OFN3195_n1406 (BUFFD0)
Committed on net sfp_instance/FE_PHN5811_FE_OCPN4419_FE_OFN2914_n732
  Added inst sfp_instance/FE_PHC7419_FE_OCPN4419_FE_OFN2914_n732 (CKBD0)
Committed on net sfp_instance/div_22_u_div_BInv_7__5_
  Added inst sfp_instance/FE_PHC7420_div_22_u_div_BInv_7__5_ (CKBD0)
Committed on net sfp_instance/div_22_u_div_BInv_7__6_
  Added inst sfp_instance/FE_PHC7421_div_22_u_div_BInv_7__6_ (CKBD0)
Committed on net sfp_instance/FE_PHN5880_div_18_u_div_BInv_7__8_
  Added inst sfp_instance/FE_PHC7422_div_18_u_div_BInv_7__8_ (CKBD0)
Committed on net sfp_instance/FE_OCPN4437_FE_OFN3026_n739
  Added inst sfp_instance/FE_PHC7423_FE_OCPN4437_FE_OFN3026_n739 (CKBD0)
Committed on net sfp_instance/FE_PHN7121_div_24_u_div_BInv_7__4_
  Added inst sfp_instance/FE_PHC7424_div_24_u_div_BInv_7__4_ (BUFFD0)
Committed on net sfp_instance/FE_PHN6897_div_24_u_div_BInv_5__3_
  Added inst sfp_instance/FE_PHC7425_div_24_u_div_BInv_5__3_ (BUFFD0)
Committed on net sfp_instance/FE_OFN2193_n1022
  Added inst sfp_instance/FE_PHC7426_FE_OFN2193_n1022 (BUFFD0)
Committed on net sfp_instance/FE_PHN5978_FE_OFN2013_div_22_u_div_BInv_6__4_
  Added inst sfp_instance/FE_PHC7427_FE_OFN2013_div_22_u_div_BInv_6__4_ (CKBD0)
Committed on net sfp_instance/FE_OFN3023_div_23_u_div_BInv_7__3_
  Added inst sfp_instance/FE_PHC7428_FE_OFN3023_div_23_u_div_BInv_7__3_ (BUFFD0)
Committed on net sfp_instance/FE_OFN2847_n22620
  Added inst sfp_instance/FE_PHC7429_FE_OFN2847_n22620 (CKBD0)
Committed on net sfp_instance/FE_OFN3067_div_24_u_div_BInv_3__4_
  Added inst sfp_instance/FE_PHC7430_FE_OFN3067_div_24_u_div_BInv_3__4_ (CKBD0)
Committed on net sfp_instance/FE_OFN1792_n3278
  Added inst sfp_instance/FE_PHC7431_FE_OFN1792_n3278 (CKBD0)
Committed on net sfp_instance/div_22_u_div_BInv_5__3_
  Added inst sfp_instance/FE_PHC7432_div_22_u_div_BInv_5__3_ (CKBD0)
Committed on net sfp_instance/FE_PHN5825_FE_OFN2979_div_24_u_div_BInv_7__3_
  Added inst sfp_instance/FE_PHC7433_FE_OFN2979_div_24_u_div_BInv_7__3_ (BUFFD0)
Committed on net sfp_instance/FE_PHN6967_FE_OFN2073_div_24_u_div_BInv_5__4_
  Added inst sfp_instance/FE_PHC7434_FE_OFN2073_div_24_u_div_BInv_5__4_ (BUFFD0)
Committed on net sfp_instance/FE_PHN6324_n16328
  Added inst sfp_instance/FE_PHC7435_n16328 (CKBD0)
Committed on net sfp_instance/FE_PHN6309_FE_OFN2746_n777
  Added inst sfp_instance/FE_PHC7436_FE_OFN2746_n777 (CKBD0)
Committed on net sfp_instance/div_24_u_div_BInv_7__7_
  Added inst sfp_instance/FE_PHC7437_div_24_u_div_BInv_7__7_ (BUFFD0)
Committed on net sfp_instance/div_19_u_div_BInv_6__10_
  Added inst sfp_instance/FE_PHC7438_div_19_u_div_BInv_6__10_ (BUFFD0)
Committed on net sfp_instance/div_22_u_div_BInv_7__10_
  Added inst sfp_instance/FE_PHC7439_div_22_u_div_BInv_7__10_ (BUFFD0)
Committed on net sfp_instance/div_23_u_div_BInv_5__8_
  Added inst sfp_instance/FE_PHC7440_div_23_u_div_BInv_5__8_ (BUFFD0)
Committed on net sfp_instance/FE_OFN3032_n739
  Added inst sfp_instance/FE_PHC7441_FE_OFN3032_n739 (BUFFD0)
Committed on net sfp_instance/FE_PHN5803_FE_OCPN5259_FE_OFN2191_n1022
  Added inst sfp_instance/FE_PHC7442_FE_OCPN5259_FE_OFN2191_n1022 (BUFFD0)
Committed on net sfp_instance/n8499
  Added inst sfp_instance/FE_PHC7443_n8499 (CKBD0)
Committed on net sfp_instance/n8502
  Added inst sfp_instance/FE_PHC7444_n8502 (BUFFD0)
Committed on net sfp_instance/FE_PHN5871_FE_OFN623_n697
  Added inst sfp_instance/FE_PHC7445_FE_OFN623_n697 (CKBD0)
Committed on net sfp_instance/n10538
  Added inst sfp_instance/FE_PHC7446_n10538 (BUFFD0)
Committed on net sfp_instance/FE_PHN6920_div_18_u_div_BInv_6__3_
  Added inst sfp_instance/FE_PHC7447_div_18_u_div_BInv_6__3_ (BUFFD0)
Committed on net sfp_instance/FE_OFN2475_n647
  Added inst sfp_instance/FE_PHC7448_FE_OFN2475_n647 (CKBD0)
Committed on net sfp_instance/div_23_u_div_BInv_6__11_
  Added inst sfp_instance/FE_PHC7449_div_23_u_div_BInv_6__11_ (CKBD0)
Committed on net sfp_instance/div_18_u_div_BInv_6__6_
  Added inst sfp_instance/FE_PHC7450_div_18_u_div_BInv_6__6_ (BUFFD0)
Committed on net sfp_instance/div_18_u_div_BInv_7__6_
  Added inst sfp_instance/FE_PHC7451_div_18_u_div_BInv_7__6_ (BUFFD0)
Committed on net sfp_instance/div_24_u_div_BInv_5__6_
  Added inst sfp_instance/FE_PHC7452_div_24_u_div_BInv_5__6_ (BUFFD0)
Committed on net sfp_instance/n25057
  Added inst sfp_instance/FE_PHC7453_n25057 (BUFFD0)
Committed on net sfp_instance/FE_OFN3020_n1299
  Added inst sfp_instance/FE_PHC7454_FE_OFN3020_n1299 (BUFFD0)
Committed on net sfp_instance/FE_PHN7198_FE_OFN2780_div_24_u_div_BInv_3__7_
  Added inst sfp_instance/FE_PHC7455_FE_OFN2780_div_24_u_div_BInv_3__7_ (BUFFD0)
Committed on net sfp_instance/FE_PHN7207_div_24_u_div_BInv_6__9_
  Added inst sfp_instance/FE_PHC7456_div_24_u_div_BInv_6__9_ (CKBD0)
Committed on net sfp_instance/FE_OFN3033_n739
  Added inst sfp_instance/FE_PHC7457_FE_OFN3033_n739 (CKBD0)
Committed on net sfp_instance/FE_PHN6949_FE_OCPN5111_n13909
  Added inst sfp_instance/FE_PHC7458_FE_OCPN5111_n13909 (CKBD0)
Committed on net sfp_instance/FE_OFN3111_div_22_u_div_BInv_6__3_
  Added inst sfp_instance/FE_PHC7459_FE_OFN3111_div_22_u_div_BInv_6__3_ (CKBD0)
Committed inst sfp_instance/FE_OFC2679_n1406
  Resized cell BUFFD1 -> cell BUFFD0
Committed inst sfp_instance/FE_OCPC5211_n699
  Resized cell CKBD1 -> cell CKBD0
Committed inst sfp_instance/FE_OCPC5118_n661
  Resized cell CKBD1 -> cell CKBD0
Committed inst sfp_instance/fifo_inst_int/FE_RC_1608_0
  Resized cell CKND2 -> cell INVD1
Committed inst sfp_instance/FE_OFC2679_n1406
  Resized cell BUFFD0 -> cell BUFFD1
Committed inst sfp_instance/FE_OCPC5211_n699
  Resized cell CKBD0 -> cell CKBD1
Committed inst sfp_instance/fifo_inst_int/FE_RC_1608_0
  Resized cell INVD1 -> cell CKND2
Committed on net sfp_instance/div_23_u_div_BInv_6__12_
  Added inst sfp_instance/FE_PHC7460_div_23_u_div_BInv_6__12_ (CKBD0)
Committed on net sfp_instance/n16792
  Added inst sfp_instance/FE_PHC7461_n16792 (CKBD0)
Committed on net sfp_instance/FE_PHN6402_n19483
  Added inst sfp_instance/FE_PHC7462_n19483 (BUFFD0)
Committed on net sfp_instance/FE_PHN6904_FE_OCPN5482_FE_RN_974_0
  Added inst sfp_instance/FE_PHC7463_FE_OCPN5482_FE_RN_974_0 (CKBD0)
Committed on net sfp_instance/FE_PHN7214_FE_OFN3067_div_24_u_div_BInv_3__4_
  Added inst sfp_instance/FE_PHC7464_FE_OFN3067_div_24_u_div_BInv_3__4_ (CKBD0)
Committed on net sfp_instance/n15806
  Added inst sfp_instance/FE_PHC7465_n15806 (CKBD0)
Committed on net sfp_instance/FE_PHN6976_div_18_u_div_BInv_7__6_
  Added inst sfp_instance/FE_PHC7466_div_18_u_div_BInv_7__6_ (CKBD0)
Committed on net sfp_instance/FE_OFN3145_n26065
  Added inst sfp_instance/FE_PHC7467_FE_OFN3145_n26065 (BUFFD0)
Committed on net sfp_instance/FE_PHN6294_FE_OCPN5490_FE_RN_974_0
  Added inst sfp_instance/FE_PHC7468_FE_OCPN5490_FE_RN_974_0 (CKBD0)
Committed on net sfp_instance/FE_PHN7083_div_24_u_div_BInv_7__12_
  Added inst sfp_instance/FE_PHC7469_div_24_u_div_BInv_7__12_ (BUFFD0)
Committed on net sfp_instance/n15739
  Added inst sfp_instance/FE_PHC7470_n15739 (CKBD0)
Committed on net sfp_instance/FE_PHN7123_div_23_u_div_BInv_5__8_
  Added inst sfp_instance/FE_PHC7471_div_23_u_div_BInv_5__8_ (CKBD0)
Committed on net sfp_instance/FE_PHN6956_FE_OCPN3395_FE_OFN3036_sum_2core_16_
  Added inst sfp_instance/FE_PHC7472_FE_OCPN3395_FE_OFN3036_sum_2core_16_ (CKBD0)
Committed on net sfp_instance/FE_OFN3153_sum_2core_18_
  Added inst sfp_instance/FE_PHC7473_FE_OFN3153_sum_2core_18_ (CKBD0)
Committed on net sfp_instance/FE_PHN6990_FE_OCPN5478_n24786
  Added inst sfp_instance/FE_PHC7474_FE_OCPN5478_n24786 (CKBD0)
Committed on net sfp_instance/FE_PHN6753_FE_OCPN4444_FE_OFN2564_n26066
  Added inst sfp_instance/FE_PHC7475_FE_OCPN4444_FE_OFN2564_n26066 (CKBD0)
Committed on net sfp_instance/FE_OFN2560_div_20_u_div_u_add_PartRem_1_0_3_B_9_
  Added inst sfp_instance/FE_PHC7476_FE_OFN2560_div_20_u_div_u_add_PartRem_1_0_3_B_9_ (BUFFD0)
Committed on net sfp_instance/FE_PHN6728_div_22_u_div_BInv_5__3_
  Added inst sfp_instance/FE_PHC7477_div_22_u_div_BInv_5__3_ (CKBD0)
Committed on net sfp_instance/FE_PHN5741_FE_OCPN4894_FE_RN_974_0
  Added inst sfp_instance/FE_PHC7478_FE_OCPN4894_FE_RN_974_0 (CKBD0)
Committed on net sfp_instance/div_21_u_div_BInv_7__11_
  Added inst sfp_instance/FE_PHC7479_div_21_u_div_BInv_7__11_ (BUFFD0)
Committed on net sfp_instance/FE_PHN7013_n13972
  Added inst sfp_instance/FE_PHC7480_n13972 (CKBD0)
Committed on net sfp_instance/FE_OFN2987_n26067
  Added inst sfp_instance/FE_PHC7481_FE_OFN2987_n26067 (BUFFD0)
Committed on net sfp_instance/FE_OFN2978_n1406
  Added inst sfp_instance/FE_PHC7482_FE_OFN2978_n1406 (BUFFD0)
Committed on net sfp_instance/FE_OCPN4721_n9086
  Added inst sfp_instance/FE_PHC7483_FE_OCPN4721_n9086 (BUFFD0)
Committed on net sfp_instance/FE_OFN3137_n739
  Added inst sfp_instance/FE_PHC7484_FE_OFN3137_n739 (CKBD0)
Committed on net sfp_instance/FE_PHN6936_FE_OCPN4592_FE_OFN2108_sum_2core_18_
  Added inst sfp_instance/FE_PHC7485_FE_OCPN4592_FE_OFN2108_sum_2core_18_ (BUFFD0)
Committed on net sfp_instance/FE_PHN6918_FE_OCPN5342_FE_OFN3036_sum_2core_16_
  Added inst sfp_instance/FE_PHC7486_FE_OCPN5342_FE_OFN3036_sum_2core_16_ (CKBD0)
Committed on net sfp_instance/FE_PHN6950_FE_OCPN4223_FE_OFN2139_n26066
  Added inst sfp_instance/FE_PHC7487_FE_OCPN4223_FE_OFN2139_n26066 (BUFFD0)
Committed on net sfp_instance/FE_OCPN4225_FE_OFN2139_n26066
  Added inst sfp_instance/FE_PHC7488_FE_OCPN4225_FE_OFN2139_n26066 (CKBD0)
Committed on net sfp_instance/FE_PHN6932_FE_OCPN5632_n26067
  Added inst sfp_instance/FE_PHC7489_FE_OCPN5632_n26067 (CKBD0)
Committed on net sfp_instance/FE_PHN6954_FE_RN_77
  Added inst sfp_instance/FE_PHC7490_FE_RN_77 (CKBD0)
Committed on net sfp_instance/FE_OCPN5631_n26067
  Added inst sfp_instance/FE_PHC7491_FE_OCPN5631_n26067 (CKBD0)
Committed on net sfp_instance/FE_OFN3041_sum_2core_16_
  Added inst sfp_instance/FE_PHC7492_FE_OFN3041_sum_2core_16_ (CKBD0)
Committed on net sfp_instance/FE_OFN3178_n24786
  Added inst sfp_instance/FE_PHC7493_FE_OFN3178_n24786 (CKBD0)
Committed on net sfp_instance/n1780
  Added inst sfp_instance/FE_PHC7494_n1780 (BUFFD0)
Committed on net sfp_instance/div_22_u_div_BInv_7__11_
  Added inst sfp_instance/FE_PHC7495_div_22_u_div_BInv_7__11_ (CKBD0)
Committed on net sfp_instance/FE_OFN3198_sum_2core_18_
  Added inst sfp_instance/FE_PHC7496_FE_OFN3198_sum_2core_18_ (CKBD0)
Committed on net sfp_instance/FE_OCPN4589_FE_OFN2108_sum_2core_18_
  Added inst sfp_instance/FE_PHC7497_FE_OCPN4589_FE_OFN2108_sum_2core_18_ (CKBD0)
Committed on net sfp_instance/FE_OCPN5254_FE_OFN2564_n26066
  Added inst sfp_instance/FE_PHC7498_FE_OCPN5254_FE_OFN2564_n26066 (BUFFD0)
Committed on net sfp_instance/n12705
  Added inst sfp_instance/FE_PHC7499_n12705 (BUFFD0)
Committed inst sfp_instance/FE_OCPC5464_n13345
  Resized cell BUFFD1 -> cell CKBD0
Committed inst sfp_instance/U3977
  Resized cell CKND3 -> cell CKND1
Committed inst sfp_instance/U10862
  Resized cell CKND2 -> cell INVD1
Committed inst sfp_instance/U10862
  Resized cell INVD1 -> cell CKND2
Committed on net sfp_instance/FE_PHN6992_FE_OFN2560_div_20_u_div_u_add_PartRem_1_0_3_B_9_
  Added inst sfp_instance/FE_PHC7500_FE_OFN2560_div_20_u_div_u_add_PartRem_1_0_3_B_9_ (BUFFD0)
Committed on net sfp_instance/FE_PHN5786_FE_OFN3052_n26065
  Added inst sfp_instance/FE_PHC7501_FE_OFN3052_n26065 (CKBD0)
Committed on net sfp_instance/div_21_u_div_BInv_5__11_
  Added inst sfp_instance/FE_PHC7502_div_21_u_div_BInv_5__11_ (BUFFD0)
Committed on net sfp_instance/FE_PHN6683_div_18_u_div_BInv_6__11_
  Added inst sfp_instance/FE_PHC7503_div_18_u_div_BInv_6__11_ (BUFFD0)
Committed on net sfp_instance/FE_PHN6982_FE_OFN1275_div_24_u_div_BInv_3__11_
  Added inst sfp_instance/FE_PHC7504_FE_OFN1275_div_24_u_div_BInv_3__11_ (CKBD0)
Committed on net sfp_instance/FE_PHN6928_FE_OFN3041_sum_2core_16_
  Added inst sfp_instance/FE_PHC7505_FE_OFN3041_sum_2core_16_ (BUFFD0)
Committed on net sfp_instance/FE_PHN5931_div_22_u_div_BInv_6__13_
  Added inst sfp_instance/FE_PHC7506_div_22_u_div_BInv_6__13_ (BUFFD0)
Committed on net sfp_instance/FE_PHN5927_div_18_u_div_BInv_6__13_
  Added inst sfp_instance/FE_PHC7507_div_18_u_div_BInv_6__13_ (CKBD0)
Committed on net sfp_instance/FE_PHN5902_FE_OFN1615_div_18_u_div_BInv_5__10_
  Added inst sfp_instance/FE_PHC7508_FE_OFN1615_div_18_u_div_BInv_5__10_ (CKBD0)
Committed on net sfp_instance/div_22_u_div_BInv_5__10_
  Added inst sfp_instance/FE_PHC7509_div_22_u_div_BInv_5__10_ (CKBD0)
Committed on net sfp_instance/FE_PHN7086_div_18_u_div_BInv_5__9_
  Added inst sfp_instance/FE_PHC7510_div_18_u_div_BInv_5__9_ (BUFFD0)
Committed on net sfp_instance/FE_PHN5882_div_18_u_div_BInv_6__10_
  Added inst sfp_instance/FE_PHC7511_div_18_u_div_BInv_6__10_ (BUFFD0)
Committed on net sfp_instance/FE_PHN5895_n16478
  Added inst sfp_instance/FE_PHC7512_n16478 (BUFFD0)
Committed on net sfp_instance/FE_OFN3006_n24786
  Added inst sfp_instance/FE_PHC7513_FE_OFN3006_n24786 (CKBD0)
Committed on net sfp_instance/FE_PHN7081_div_22_u_div_BInv_6__11_
  Added inst sfp_instance/FE_PHC7514_div_22_u_div_BInv_6__11_ (BUFFD0)
Committed on net sfp_instance/FE_PHN6635_FE_OFN2987_n26067
  Added inst sfp_instance/FE_PHC7515_FE_OFN2987_n26067 (CKBD0)
Committed on net sfp_instance/div_18_u_div_BInv_6__9_
  Added inst sfp_instance/FE_PHC7516_div_18_u_div_BInv_6__9_ (CKBD0)
Committed on net sfp_instance/div_24_u_div_BInv_3__12_
  Added inst sfp_instance/FE_PHC7517_div_24_u_div_BInv_3__12_ (BUFFD0)
Committed on net sfp_instance/FE_OFN3124_sum_2core_16_
  Added inst sfp_instance/FE_PHC7518_FE_OFN3124_sum_2core_16_ (BUFFD0)
Committed on net sfp_instance/n15714
  Added inst sfp_instance/FE_PHC7519_n15714 (BUFFD0)
Committed on net sfp_instance/n13942
  Added inst sfp_instance/FE_PHC7520_n13942 (BUFFD0)
Committed on net sfp_instance/div_22_u_div_BInv_5__12_
  Added inst sfp_instance/FE_PHC7521_div_22_u_div_BInv_5__12_ (BUFFD0)
Committed on net sfp_instance/FE_PHN7195_div_21_u_div_BInv_5__10_
  Added inst sfp_instance/FE_PHC7522_div_21_u_div_BInv_5__10_ (BUFFD0)
Committed on net sfp_instance/div_24_u_div_BInv_5__12_
  Added inst sfp_instance/FE_PHC7523_div_24_u_div_BInv_5__12_ (BUFFD0)
Committed on net sfp_instance/div_18_u_div_BInv_5__11_
  Added inst sfp_instance/FE_PHC7524_div_18_u_div_BInv_5__11_ (CKBD0)
Committed on net sfp_instance/div_22_u_div_BInv_6__12_
  Added inst sfp_instance/FE_PHC7525_div_22_u_div_BInv_6__12_ (BUFFD0)
Committed inst sfp_instance/FE_OFC3214_n26068
  Resized cell CKBD2 -> cell CKBD0
Committed inst sfp_instance/FE_RC_5669_0
  Resized cell IND2D1 -> cell IND2D0
Committed inst sfp_instance/FE_RC_5669_0
  Resized cell IND2D0 -> cell IND2D1
Committed on net sfp_instance/FE_PHN6498_div_20_u_div_BInv_3__18_
  Added inst sfp_instance/FE_PHC7526_div_20_u_div_BInv_3__18_ (CKBD0)
Committed on net sfp_instance/FE_PHN6986_div_20_u_div_BInv_3__19_
  Added inst sfp_instance/FE_PHC7527_div_20_u_div_BInv_3__19_ (CKBD0)
Committed on net sfp_instance/FE_PHN6446_N583
  Added inst sfp_instance/FE_PHC7528_N583 (BUFFD0)
Committed on net sfp_instance/FE_OFN2908_div_20_u_div_BInv_3__16_
  Added inst sfp_instance/FE_PHC7529_FE_OFN2908_div_20_u_div_BInv_3__16_ (CKBD0)
Committed on net sfp_instance/FE_PHN5922_div_22_u_div_BInv_5__10_
  Added inst sfp_instance/FE_PHC7530_div_22_u_div_BInv_5__10_ (CKBD0)
Committed on net sfp_instance/FE_PHN6980_FE_OCPN3586_N663
  Added inst sfp_instance/FE_PHC7531_FE_OCPN3586_N663 (CKBD0)
Committed on net sfp_instance/FE_PHN6981_FE_OCPN3704_N543
  Added inst sfp_instance/FE_PHC7532_FE_OCPN3704_N543 (CKBD0)
Committed on net sfp_instance/FE_PHN7187_div_18_u_div_BInv_7__15_
  Added inst sfp_instance/FE_PHC7533_div_18_u_div_BInv_7__15_ (CKBD0)
Committed on net sfp_instance/FE_PHN6975_FE_OCPN3623_N621
  Added inst sfp_instance/FE_PHC7534_FE_OCPN3623_N621 (CKBD0)
Committed on net sfp_instance/FE_PHN7139_FE_OCPN5302_n26508
  Added inst sfp_instance/FE_PHC7535_FE_OCPN5302_n26508 (CKBD0)
Committed on net sfp_instance/FE_PHN7022_N601
  Added inst sfp_instance/FE_PHC7536_N601 (BUFFD0)
Committed on net sfp_instance/FE_PHN6997_FE_OCPN5307_FE_RN_2307_0
  Added inst sfp_instance/FE_PHC7537_FE_OCPN5307_FE_RN_2307_0 (CKBD0)
Committed on net sfp_instance/FE_PHN6988_n26493
  Added inst sfp_instance/FE_PHC7538_n26493 (CKBD0)
Committed on net sfp_instance/FE_OFN2080_div_20_u_div_u_add_PartRem_1_0_3_B_11_
  Added inst sfp_instance/FE_PHC7539_FE_OFN2080_div_20_u_div_u_add_PartRem_1_0_3_B_11_ (BUFFD0)
Committed on net sfp_instance/FE_PHN7148_div_24_u_div_BInv_7__14_
  Added inst sfp_instance/FE_PHC7540_div_24_u_div_BInv_7__14_ (BUFFD0)
Committed on net sfp_instance/FE_PHN7153_n5039
  Added inst sfp_instance/FE_PHC7541_n5039 (BUFFD0)
Committed on net sfp_instance/FE_OCPN3721_div_20_u_div_u_add_PartRem_1_0_3_B_15_
  Added inst sfp_instance/FE_PHC7542_FE_OCPN3721_div_20_u_div_u_add_PartRem_1_0_3_B_15_ (CKBD0)
Committed on net sfp_instance/FE_OFN2425_sum_2core_13_
  Added inst sfp_instance/FE_PHC7543_FE_OFN2425_sum_2core_13_ (CKBD0)
Committed on net sfp_instance/div_23_u_div_BInv_7__15_
  Added inst sfp_instance/FE_PHC7544_div_23_u_div_BInv_7__15_ (BUFFD0)
Committed on net sfp_instance/FE_OCPN3284_N602
  Added inst sfp_instance/FE_PHC7545_FE_OCPN3284_N602 (CKBD0)
Committed on net sfp_instance/n15765
  Added inst sfp_instance/FE_PHC7546_n15765 (CKBD0)
Committed on net sfp_instance/n746
  Added inst sfp_instance/FE_PHC7547_n746 (BUFFD0)
Committed on net sfp_instance/FE_OCPN4339_n10829
  Added inst sfp_instance/FE_PHC7548_FE_OCPN4339_n10829 (BUFFD0)
Committed on net sfp_instance/n3559
  Added inst sfp_instance/FE_PHC7549_n3559 (CKBD0)
Committed on net sfp_instance/FE_OFN2417_sum_2core_13_
  Added inst sfp_instance/FE_PHC7550_FE_OFN2417_sum_2core_13_ (BUFFD0)
Committed on net sfp_instance/FE_OCPN4351_sum_2core_13_
  Added inst sfp_instance/FE_PHC7551_FE_OCPN4351_sum_2core_13_ (CKBD0)
Committed on net sfp_instance/FE_OFN2418_sum_2core_13_
  Added inst sfp_instance/FE_PHC7552_FE_OFN2418_sum_2core_13_ (CKBD0)
Committed on net sfp_instance/FE_OFN2453_n2609
  Added inst sfp_instance/FE_PHC7553_FE_OFN2453_n2609 (BUFFD0)
Committed on net sfp_instance/FE_OCPN5676_n12869
  Added inst sfp_instance/FE_PHC7554_FE_OCPN5676_n12869 (BUFFD0)
Committed inst sfp_instance/FE_OFC2098_n26067
  Resized cell CKND2 -> cell CKND1
Committed on net sfp_instance/FE_PHN7217_div_21_u_div_u_add_PartRem_0_6_n25
  Added inst sfp_instance/FE_PHC7555_div_21_u_div_u_add_PartRem_0_6_n25 (BUFFD0)
Committed on net sfp_instance/FE_PHN7216_div_21_u_div_BInv_6__20_
  Added inst sfp_instance/FE_PHC7556_div_21_u_div_BInv_6__20_ (BUFFD0)
Committed on net sfp_instance/n16500
  Added inst sfp_instance/FE_PHC7557_n16500 (BUFFD0)
Committed on net sfp_instance/FE_PHN7102_div_22_u_div_BInv_7__18_
  Added inst sfp_instance/FE_PHC7558_div_22_u_div_BInv_7__18_ (CKBD0)
Committed on net sfp_instance/div_21_u_div_BInv_6__19_
  Added inst sfp_instance/FE_PHC7559_div_21_u_div_BInv_6__19_ (BUFFD0)
Committed on net sfp_instance/FE_PHN7128_n16510
  Added inst sfp_instance/FE_PHC7560_n16510 (BUFFD0)
Committed on net sfp_instance/div_18_u_div_BInv_6__17_
  Added inst sfp_instance/FE_PHC7561_div_18_u_div_BInv_6__17_ (CKBD0)
Committed on net sfp_instance/div_21_u_div_BInv_6__18_
  Added inst sfp_instance/FE_PHC7562_div_21_u_div_BInv_6__18_ (BUFFD0)
Committed on net sfp_instance/div_21_u_div_BInv_6__17_
  Added inst sfp_instance/FE_PHC7563_div_21_u_div_BInv_6__17_ (BUFFD0)
Committed on net sfp_instance/FE_PHN7079_div_25_u_div_BInv_7__20_
  Added inst sfp_instance/FE_PHC7564_div_25_u_div_BInv_7__20_ (CKBD0)
Committed on net sfp_instance/FE_PHN7129_div_18_u_div_u_add_PartRem_0_7_n33
  Added inst sfp_instance/FE_PHC7565_div_18_u_div_u_add_PartRem_0_7_n33 (BUFFD0)
Committed on net sfp_instance/FE_PHN7113_div_24_u_div_BInv_7__20_
  Added inst sfp_instance/FE_PHC7566_div_24_u_div_BInv_7__20_ (BUFFD0)
Committed on net sfp_instance/FE_PHN6372_div_19_u_div_BInv_7__20_
  Added inst sfp_instance/FE_PHC7567_div_19_u_div_BInv_7__20_ (BUFFD0)
Committed on net sfp_instance/FE_PHN7135_div_22_u_div_BInv_7__19_
  Added inst sfp_instance/FE_PHC7568_div_22_u_div_BInv_7__19_ (BUFFD0)
Committed on net sfp_instance/FE_PHN7063_div_19_u_div_u_add_PartRem_0_7_n25
  Added inst sfp_instance/FE_PHC7569_div_19_u_div_u_add_PartRem_0_7_n25 (BUFFD0)
Committed on net sfp_instance/FE_PHN7186_n16473
  Added inst sfp_instance/FE_PHC7570_n16473 (CKBD0)
Committed on net sfp_instance/FE_PHN7085_div_21_u_div_BInv_7__17_
  Added inst sfp_instance/FE_PHC7571_div_21_u_div_BInv_7__17_ (CKBD0)
Committed on net sfp_instance/div_25_u_div_BInv_7__17_
  Added inst sfp_instance/FE_PHC7572_div_25_u_div_BInv_7__17_ (CKBD0)
Committed on net sfp_instance/FE_OFN973_n16554
  Added inst sfp_instance/FE_PHC7573_FE_OFN973_n16554 (CKBD0)
Committed on net sfp_instance/div_19_u_div_BInv_7__18_
  Added inst sfp_instance/FE_PHC7574_div_19_u_div_BInv_7__18_ (CKBD0)
Committed on net sfp_instance/FE_PHN7222_FE_OCPN3320_div_23_u_div_BInv_7__20_
  Added inst sfp_instance/FE_PHC7575_FE_OCPN3320_div_23_u_div_BInv_7__20_ (CKBD0)
Committed on net sfp_instance/FE_PHN7152_div_21_u_div_BInv_7__20_
  Added inst sfp_instance/FE_PHC7576_div_21_u_div_BInv_7__20_ (BUFFD0)
Committed on net sfp_instance/FE_PHN7143_div_21_u_div_BInv_7__19_
  Added inst sfp_instance/FE_PHC7577_div_21_u_div_BInv_7__19_ (CKBD0)
Committed on net sfp_instance/FE_PHN7146_div_25_u_div_BInv_7__19_
  Added inst sfp_instance/FE_PHC7578_div_25_u_div_BInv_7__19_ (CKBD0)
Committed on net sfp_instance/FE_PHN5962_div_19_u_div_BInv_7__19_
  Added inst sfp_instance/FE_PHC7579_div_19_u_div_BInv_7__19_ (BUFFD0)
Committed on net sfp_instance/FE_PHN7109_div_25_u_div_BInv_7__18_
  Added inst sfp_instance/FE_PHC7580_div_25_u_div_BInv_7__18_ (CKBD0)
Committed on net sfp_instance/FE_PHN7219_div_23_u_div_BInv_7__17_
  Added inst sfp_instance/FE_PHC7581_div_23_u_div_BInv_7__17_ (CKBD0)
Committed on net sfp_instance/FE_OFN977_n16540
  Added inst sfp_instance/FE_PHC7582_FE_OFN977_n16540 (BUFFD0)
Committed on net sfp_instance/FE_PHN5976_div_19_u_div_BInv_7__17_
  Added inst sfp_instance/FE_PHC7583_div_19_u_div_BInv_7__17_ (BUFFD0)
Committed on net sfp_instance/FE_PHN7107_div_21_u_div_BInv_7__18_
  Added inst sfp_instance/FE_PHC7584_div_21_u_div_BInv_7__18_ (CKBD0)
Committed on net sfp_instance/div_19_u_div_BInv_6__18_
  Added inst sfp_instance/FE_PHC7585_div_19_u_div_BInv_6__18_ (BUFFD0)
Committed on net sfp_instance/FE_PHN6678_div_23_u_div_BInv_6__16_
  Added inst sfp_instance/FE_PHC7586_div_23_u_div_BInv_6__16_ (BUFFD0)
Committed on net sfp_instance/div_25_u_div_BInv_6__17_
  Added inst sfp_instance/FE_PHC7587_div_25_u_div_BInv_6__17_ (BUFFD0)
Committed on net sfp_instance/FE_PHN7136_n16466
  Added inst sfp_instance/FE_PHC7588_n16466 (CKBD0)
Committed on net sfp_instance/FE_PHN6499_div_19_u_div_BInv_6__19_
  Added inst sfp_instance/FE_PHC7589_div_19_u_div_BInv_6__19_ (BUFFD0)
Committed on net sfp_instance/div_25_u_div_BInv_6__19_
  Added inst sfp_instance/FE_PHC7590_div_25_u_div_BInv_6__19_ (BUFFD0)
Committed on net sfp_instance/FE_PHN7133_div_22_u_div_BInv_7__17_
  Added inst sfp_instance/FE_PHC7591_div_22_u_div_BInv_7__17_ (CKBD0)
Committed on net sfp_instance/FE_PHN7151_div_18_u_div_BInv_7__18_
  Added inst sfp_instance/FE_PHC7592_div_18_u_div_BInv_7__18_ (CKBD0)
Committed on net sfp_instance/div_22_u_div_BInv_6__18_
  Added inst sfp_instance/FE_PHC7593_div_22_u_div_BInv_6__18_ (BUFFD0)
Committed on net sfp_instance/FE_PHN6118_div_18_u_div_BInv_6__18_
  Added inst sfp_instance/FE_PHC7594_div_18_u_div_BInv_6__18_ (BUFFD0)
Committed on net sfp_instance/FE_PHN7177_div_25_u_div_BInv_7__16_
  Added inst sfp_instance/FE_PHC7595_div_25_u_div_BInv_7__16_ (CKBD0)
Committed on net sfp_instance/div_23_u_div_BInv_7__16_
  Added inst sfp_instance/FE_PHC7596_div_23_u_div_BInv_7__16_ (CKBD0)
Committed on net sfp_instance/FE_PHN7183_n14775
  Added inst sfp_instance/FE_PHC7597_n14775 (CKBD0)
Committed on net sfp_instance/div_21_u_div_BInv_7__16_
  Added inst sfp_instance/FE_PHC7598_div_21_u_div_BInv_7__16_ (CKBD0)
Committed on net sfp_instance/div_18_u_div_BInv_7__16_
  Added inst sfp_instance/FE_PHC7599_div_18_u_div_BInv_7__16_ (BUFFD0)
Committed on net sfp_instance/FE_PHN7172_div_22_u_div_BInv_6__16_
  Added inst sfp_instance/FE_PHC7600_div_22_u_div_BInv_6__16_ (BUFFD0)
Committed on net sfp_instance/div_22_u_div_BInv_7__20_
  Added inst sfp_instance/FE_PHC7601_div_22_u_div_BInv_7__20_ (CKBD0)
Committed inst sfp_instance/FE_PHC5883_div_23_u_div_BInv_7__13_
  Resized cell BUFFD0 -> cell CKBD0
Committed inst sfp_instance/U9740
  Resized cell OR2D2 -> cell OR2D0
Committed inst sfp_instance/U9198
  Resized cell CKND2D1 -> cell CKND2D0
Committed inst sfp_instance/FE_OCPC5360_sum_2core_13_
  Resized cell CKND1 -> cell INVD0
Committed on net sfp_instance/FE_PHN6085_div_24_u_div_BInv_3__18_
  Added inst sfp_instance/FE_PHC7602_div_24_u_div_BInv_3__18_ (CKBD0)
Committed on net sfp_instance/FE_PHN7108_div_19_u_div_BInv_5__18_
  Added inst sfp_instance/FE_PHC7603_div_19_u_div_BInv_5__18_ (CKBD0)
Committed on net sfp_instance/FE_PHN7106_div_24_u_div_BInv_5__20_
  Added inst sfp_instance/FE_PHC7604_div_24_u_div_BInv_5__20_ (BUFFD0)
Committed on net sfp_instance/div_25_u_div_BInv_5__18_
  Added inst sfp_instance/FE_PHC7605_div_25_u_div_BInv_5__18_ (BUFFD0)
Committed on net sfp_instance/FE_PHN7097_div_18_u_div_BInv_5__15_
  Added inst sfp_instance/FE_PHC7606_div_18_u_div_BInv_5__15_ (CKBD0)
Committed on net sfp_instance/div_18_u_div_BInv_5__17_
  Added inst sfp_instance/FE_PHC7607_div_18_u_div_BInv_5__17_ (CKBD0)
Committed on net sfp_instance/FE_PHN7088_div_19_u_div_BInv_5__15_
  Added inst sfp_instance/FE_PHC7608_div_19_u_div_BInv_5__15_ (BUFFD0)
Committed on net sfp_instance/FE_PHN7070_div_19_u_div_BInv_5__17_
  Added inst sfp_instance/FE_PHC7609_div_19_u_div_BInv_5__17_ (BUFFD0)
Committed on net sfp_instance/FE_PHN7053_div_23_u_div_BInv_5__19_
  Added inst sfp_instance/FE_PHC7610_div_23_u_div_BInv_5__19_ (BUFFD0)
Committed on net sfp_instance/FE_PHN6017_FE_OFN999_n16480
  Added inst sfp_instance/FE_PHC7611_FE_OFN999_n16480 (CKBD0)
Committed on net sfp_instance/FE_PHN7071_div_25_u_div_BInv_5__17_
  Added inst sfp_instance/FE_PHC7612_div_25_u_div_BInv_5__17_ (BUFFD0)
Committed on net sfp_instance/FE_PHN7054_div_21_u_div_BInv_5__17_
  Added inst sfp_instance/FE_PHC7613_div_21_u_div_BInv_5__17_ (BUFFD0)
Committed on net sfp_instance/FE_PHN6388_FE_OCPN4157_div_23_u_div_BInv_5__20_
  Added inst sfp_instance/FE_PHC7614_FE_OCPN4157_div_23_u_div_BInv_5__20_ (CKBD0)
Committed on net sfp_instance/FE_PHN7061_div_23_u_div_u_add_PartRem_0_5_n25
  Added inst sfp_instance/FE_PHC7615_div_23_u_div_u_add_PartRem_0_5_n25 (BUFFD0)
Committed on net sfp_instance/FE_PHN6387_div_21_u_div_BInv_5__16_
  Added inst sfp_instance/FE_PHC7616_div_21_u_div_BInv_5__16_ (CKBD0)
Committed on net sfp_instance/FE_PHN7182_FE_OCPN4270_n26490
  Added inst sfp_instance/FE_PHC7617_FE_OCPN4270_n26490 (CKBD0)
Committed on net sfp_instance/div_21_u_div_BInv_5__18_
  Added inst sfp_instance/FE_PHC7618_div_21_u_div_BInv_5__18_ (CKBD0)
Committed on net sfp_instance/div_23_u_div_BInv_5__18_
  Added inst sfp_instance/FE_PHC7619_div_23_u_div_BInv_5__18_ (BUFFD0)
Committed on net sfp_instance/FE_PHN7119_FE_OCPN3525_N561
  Added inst sfp_instance/FE_PHC7620_FE_OCPN3525_N561 (CKBD0)
Committed on net sfp_instance/FE_PHN6433_FE_OFN2323_n16463
  Added inst sfp_instance/FE_PHC7621_FE_OFN2323_n16463 (CKBD0)
Committed on net sfp_instance/FE_PHN5905_div_18_u_div_BInv_5__14_
  Added inst sfp_instance/FE_PHC7622_div_18_u_div_BInv_5__14_ (CKBD0)
Committed on net sfp_instance/FE_PHN7090_div_23_u_div_BInv_3__17_
  Added inst sfp_instance/FE_PHC7623_div_23_u_div_BInv_3__17_ (BUFFD0)
Committed on net sfp_instance/FE_PHN6378_div_18_u_div_BInv_5__18_
  Added inst sfp_instance/FE_PHC7624_div_18_u_div_BInv_5__18_ (BUFFD0)
Committed on net sfp_instance/div_25_u_div_BInv_5__16_
  Added inst sfp_instance/FE_PHC7625_div_25_u_div_BInv_5__16_ (CKBD0)
Committed on net sfp_instance/div_23_u_div_BInv_5__14_
  Added inst sfp_instance/FE_PHC7626_div_23_u_div_BInv_5__14_ (BUFFD0)
Committed on net sfp_instance/FE_PHN5921_div_22_u_div_BInv_5__14_
  Added inst sfp_instance/FE_PHC7627_div_22_u_div_BInv_5__14_ (BUFFD0)
Committed on net sfp_instance/div_22_u_div_BInv_5__20_
  Added inst sfp_instance/FE_PHC7628_div_22_u_div_BInv_5__20_ (CKBD0)
Committed on net sfp_instance/FE_OFN2886_div_20_u_div_BInv_3__14_
  Added inst sfp_instance/FE_PHC7629_FE_OFN2886_div_20_u_div_BInv_3__14_ (CKBD0)
Committed on net sfp_instance/div_24_u_div_BInv_5__16_
  Added inst sfp_instance/FE_PHC7630_div_24_u_div_BInv_5__16_ (BUFFD0)
Committed on net sfp_instance/FE_OFN1434_div_24_u_div_BInv_3__20_
  Added inst sfp_instance/FE_PHC7631_FE_OFN1434_div_24_u_div_BInv_3__20_ (CKBD0)
Committed on net sfp_instance/FE_OCPN4221_N559
  Added inst sfp_instance/FE_PHC7632_FE_OCPN4221_N559 (CKBD0)
Committed on net sfp_instance/div_24_u_div_BInv_5__13_
  Added inst sfp_instance/FE_PHC7633_div_24_u_div_BInv_5__13_ (BUFFD0)
Committed inst sfp_instance/U11851
  Resized cell CKND1 -> cell CKND0
Committed on net sfp_instance/FE_PHN6484_FE_OCPN3257_n26070
  Added inst sfp_instance/FE_PHC7634_FE_OCPN3257_n26070 (CKBD0)
Committed on net sfp_instance/FE_PHN7235_n25470
  Added inst sfp_instance/FE_PHC7635_n25470 (CKBD0)
Committed on net sfp_instance/n7548
  Added inst sfp_instance/FE_PHC7636_n7548 (BUFFD0)
Committed on net sfp_instance/FE_PHN7228_FE_OCPN3712_N600
  Added inst sfp_instance/FE_PHC7637_FE_OCPN3712_N600 (CKBD0)
Committed on net sfp_instance/FE_OCPN4860_n26507
  Added inst sfp_instance/FE_PHC7638_FE_OCPN4860_n26507 (CKBD0)
Committed on net sfp_instance/FE_OCPN3338_n26230
  Added inst sfp_instance/FE_PHC7639_FE_OCPN3338_n26230 (CKBD0)
Committed on net sfp_instance/n26357
  Added inst sfp_instance/FE_PHC7640_n26357 (BUFFD0)
Committed inst sfp_instance/FE_PHC6653_div_18_u_div_BInv_5__16_
  Resized cell BUFFD0 -> cell CKBD0
Committed on net sfp_instance/FE_PHN6137_FE_OCPN4272_N633
  Added inst sfp_instance/FE_PHC7641_FE_OCPN4272_N633 (CKBD0)
Committed on net sfp_instance/FE_PHN7243_FE_OCPN5655_FE_RN_232_0
  Added inst sfp_instance/FE_PHC7642_FE_OCPN5655_FE_RN_232_0 (CKBD0)
Committed on net sfp_instance/FE_OCPN5076_FE_RN_67
  Added inst sfp_instance/FE_PHC7643_FE_OCPN5076_FE_RN_67 (CKBD0)
Committed on net sfp_instance/FE_PHN7276_div_20_u_div_PartRem_2__7_
  Added inst sfp_instance/FE_PHC7644_div_20_u_div_PartRem_2__7_ (CKBD0)
Committed on net sfp_instance/FE_PHN7277_div_20_u_div_PartRem_2__5_
  Added inst sfp_instance/FE_PHC7645_div_20_u_div_PartRem_2__5_ (CKBD0)
Committed on net sfp_instance/FE_PHN7250_FE_RN_1875_0
  Added inst sfp_instance/FE_PHC7646_FE_RN_1875_0 (BUFFD0)
Committed on net sfp_instance/FE_OCPN4977_n7599
  Added inst sfp_instance/FE_PHC7647_FE_OCPN4977_n7599 (CKBD0)
Committed on net sfp_instance/div_20_u_div_PartRem_2__17_
  Added inst sfp_instance/FE_PHC7648_div_20_u_div_PartRem_2__17_ (CKBD0)
Committed on net sfp_instance/FE_OCPN5230_div_20_u_div_PartRem_2__14_
  Added inst sfp_instance/FE_PHC7649_FE_OCPN5230_div_20_u_div_PartRem_2__14_ (CKBD0)
Committed on net sfp_instance/n24747
  Added inst sfp_instance/FE_PHC7650_n24747 (CKBD0)
Committed on net sfp_instance/FE_OCPN3747_N514
  Added inst sfp_instance/FE_PHC7651_FE_OCPN3747_N514 (CKBD0)
Committed on net sfp_instance/FE_OCPN3309_div_20_u_div_PartRem_2__6_
  Added inst sfp_instance/FE_PHC7652_FE_OCPN3309_div_20_u_div_PartRem_2__6_ (CKBD0)
Committed on net sfp_instance/n14194
  Added inst sfp_instance/FE_PHC7653_n14194 (CKBD0)
Committed on net sfp_instance/n24694
  Added inst sfp_instance/FE_PHC7654_n24694 (BUFFD0)
Committed on net sfp_instance/FE_RN_88
  Added inst sfp_instance/FE_PHC7655_FE_RN_88 (CKBD0)
Committed on net sfp_instance/n20414
  Added inst sfp_instance/FE_PHC7656_n20414 (BUFFD0)
Committed on net sfp_instance/FE_PHN6132_FE_OCPN3359_n20416
  Added inst sfp_instance/FE_PHC7657_FE_OCPN3359_n20416 (CKBD0)
Committed on net sfp_instance/FE_OCPN5054_n15152
  Added inst sfp_instance/FE_PHC7658_FE_OCPN5054_n15152 (BUFFD0)
Committed inst sfp_instance/U1524
  Resized cell CKND2D1 -> cell CKND2D0
Committed inst sfp_instance/U1479
  Resized cell AOI211XD2 -> cell AOI211XD1
Committed inst sfp_instance/U1524
  Resized cell CKND2D0 -> cell CKND2D1
Committed inst sfp_instance/U1479
  Resized cell AOI211XD1 -> cell AOI211XD2
Committed on net sfp_instance/FE_OCPN3939_N595
  Added inst sfp_instance/FE_PHC7659_FE_OCPN3939_N595 (CKBD0)
Committed on net sfp_instance/FE_PHN6523_FE_OCPN3485_n26499
  Added inst sfp_instance/FE_PHC7660_FE_OCPN3485_n26499 (BUFFD0)
Committed on net sfp_instance/FE_PHN7278_FE_OFN1041_n21288
  Added inst sfp_instance/FE_PHC7661_FE_OFN1041_n21288 (BUFFD0)
Committed on net sfp_instance/FE_PHN7242_FE_OCPN3700_n26231
  Added inst sfp_instance/FE_PHC7662_FE_OCPN3700_n26231 (BUFFD0)
Committed on net sfp_instance/FE_PHN7292_n21268
  Added inst sfp_instance/FE_PHC7663_n21268 (BUFFD0)
Committed on net sfp_instance/FE_RN_263_0
  Added inst sfp_instance/FE_PHC7664_FE_RN_263_0 (BUFFD0)
Committed on net sfp_instance/FE_RN_1999_0
  Added inst sfp_instance/FE_PHC7665_FE_RN_1999_0 (BUFFD0)
Committed on net sfp_instance/n26073
  Added inst sfp_instance/FE_PHC7666_n26073 (BUFFD0)
Committed on net sfp_instance/n26072
  Added inst sfp_instance/FE_PHC7667_n26072 (CKBD0)
Committed inst sfp_instance/FE_RC_1035_0
  Resized cell OAI21D1 -> cell OAI21D0
===========================================================================================
  Phase 1 : Step 2 Iter 2 Summary (AddBuffer + LegalResize)
------------------------------------------------------------------------------------------
 Hold WNS :      -0.2429
      TNS :     -22.2801
      #VP :          507
      TNS+:       9.1212/372 improved (0.0245 per commit, 29.047%)
  Density :      93.939%
------------------------------------------------------------------------------------------
 346 buffer added (phase total 870, total 870)
 26 inst resized (phase total 84, total 84)
 cpu=0:01:34 real=0:00:34.0 totSessionCpu=2:39:14 mem=3540.1M
===========================================================================================

Starting Phase 1 Step 2 Iter 3 ...
Committed on net sfp_instance/FE_OFN3180_n502
  Added inst sfp_instance/FE_PHC7668_FE_OFN3180_n502 (BUFFD0)
Committed on net sfp_instance/FE_PHN6844_n26151
  Added inst sfp_instance/FE_PHC7669_n26151 (BUFFD0)
Committed on net sfp_instance/FE_PHN7330_div_21_u_div_SumTmp_4__1__1_
  Added inst sfp_instance/FE_PHC7670_div_21_u_div_SumTmp_4__1__1_ (CKBD0)
Committed on net sfp_instance/FE_OFN3003_n803
  Added inst sfp_instance/FE_PHC7671_FE_OFN3003_n803 (CKBD0)
Committed on net sfp_instance/fifo_inst_ext/FE_PHN7324_wr_ptr_gray_1_
  Added inst sfp_instance/fifo_inst_ext/FE_PHC7672_wr_ptr_gray_1_ (BUFFD0)
Committed on net sfp_instance/FE_PHN6761_FE_OFN2748_n777
  Added inst sfp_instance/FE_PHC7673_FE_OFN2748_n777 (CKBD0)
Committed on net sfp_instance/FE_OFN1815_n803
  Added inst sfp_instance/FE_PHC7674_FE_OFN1815_n803 (BUFFD0)
Committed on net sfp_instance/FE_PHN7426_FE_OFN2193_n1022
  Added inst sfp_instance/FE_PHC7675_FE_OFN2193_n1022 (BUFFD0)
Committed on net sfp_instance/FE_RN_1472_0
  Added inst sfp_instance/FE_PHC7676_FE_RN_1472_0 (BUFFD0)
Committed on net sfp_instance/FE_OFN3013_n1299
  Added inst sfp_instance/FE_PHC7677_FE_OFN3013_n1299 (BUFFD0)
Committed on net sfp_instance/FE_PHN7326_FE_OFN1791_div_22_u_div_u_add_PartRem_1_5_A_2_
  Added inst sfp_instance/FE_PHC7678_FE_OFN1791_div_22_u_div_u_add_PartRem_1_5_A_2_ (BUFFD0)
Committed on net sfp_instance/FE_PHN7364_FE_OFN2745_n777
  Added inst sfp_instance/FE_PHC7679_FE_OFN2745_n777 (CKBD0)
Committed on net sfp_instance/fifo_inst_ext/FE_PHN6742_N36
  Added inst sfp_instance/fifo_inst_ext/FE_PHC7680_N36 (BUFFD0)
Committed on net sfp_instance/FE_PHN5760_FE_OCPN5256_FE_OFN1304_n803
  Added inst sfp_instance/FE_PHC7681_FE_OCPN5256_FE_OFN1304_n803 (BUFFD0)
Committed on net sfp_instance/FE_PHN7357_FE_OFN3155_n732
  Added inst sfp_instance/FE_PHC7682_FE_OFN3155_n732 (BUFFD0)
Committed on net sfp_instance/FE_PHN6247_FE_OCPN5256_FE_OFN1304_n803
  Added inst sfp_instance/FE_PHC7683_FE_OCPN5256_FE_OFN1304_n803 (BUFFD0)
Committed on net sfp_instance/FE_OFN2747_n777
  Added inst sfp_instance/FE_PHC7684_FE_OFN2747_n777 (CKBD0)
Committed on net sfp_instance/FE_PHN5807_div_21_u_div_SumTmp_4__1__0_
  Added inst sfp_instance/FE_PHC7685_div_21_u_div_SumTmp_4__1__0_ (BUFFD0)
Committed on net sfp_instance/FE_OFN2195_n1022
  Added inst sfp_instance/FE_PHC7686_FE_OFN2195_n1022 (BUFFD0)
Committed on net sfp_instance/FE_OFN3018_n1299
  Added inst sfp_instance/FE_PHC7687_FE_OFN3018_n1299 (CKBD0)
Committed on net sfp_instance/FE_PHN7374_n26167
  Added inst sfp_instance/FE_PHC7688_n26167 (CKBD0)
Committed on net sfp_instance/FE_OFN3067_div_24_u_div_BInv_3__4_
  Added inst sfp_instance/FE_PHC7689_FE_OFN3067_div_24_u_div_BInv_3__4_ (CKBD0)
Committed on net sfp_instance/FE_PHN7362_FE_OFN3138_n502
  Added inst sfp_instance/FE_PHC7690_FE_OFN3138_n502 (BUFFD0)
Committed on net ofifo_inst/col_idx_0__fifo_instance/n509
  Added inst ofifo_inst/col_idx_0__fifo_instance/FE_PHC7691_n509 (BUFFD0)
Committed on net sfp_instance/FE_OFN2668_n732
  Added inst sfp_instance/FE_PHC7692_FE_OFN2668_n732 (CKBD0)
Committed on net sfp_instance/FE_PHN7335_div_18_u_div_u_add_PartRem_0_4_A_2_
  Added inst sfp_instance/FE_PHC7693_div_18_u_div_u_add_PartRem_0_4_A_2_ (BUFFD0)
Committed on net sfp_instance/FE_OFN3032_n739
  Added inst sfp_instance/FE_PHC7694_FE_OFN3032_n739 (BUFFD0)
Committed on net sfp_instance/FE_OCPN4437_FE_OFN3026_n739
  Added inst sfp_instance/FE_PHC7695_FE_OCPN4437_FE_OFN3026_n739 (BUFFD0)
Committed on net sfp_instance/fifo_inst_ext/FE_PHN6746_wr_ptr_gray_4_
  Added inst sfp_instance/fifo_inst_ext/FE_PHC7696_wr_ptr_gray_4_ (CKBD0)
Committed on net sfp_instance/FE_OFN2683_n1406
  Added inst sfp_instance/FE_PHC7697_FE_OFN2683_n1406 (CKBD0)
Committed on net sfp_instance/FE_OFN3215_n777
  Added inst sfp_instance/FE_PHC7698_FE_OFN3215_n777 (CKBD0)
Committed on net sfp_instance/FE_PHN6241_div_19_u_div_SumTmp_6__2__0_
  Added inst sfp_instance/FE_PHC7699_div_19_u_div_SumTmp_6__2__0_ (BUFFD0)
Committed on net sfp_instance/FE_OCPN4776_FE_OFN2672_n1406
  Added inst sfp_instance/FE_PHC7700_FE_OCPN4776_FE_OFN2672_n1406 (BUFFD0)
Committed on net sfp_instance/FE_PHN7379_FE_OFN2678_n1406
  Added inst sfp_instance/FE_PHC7701_FE_OFN2678_n1406 (BUFFD0)
Committed on net sfp_instance/FE_OCPN5124_FE_OFN878_n765
  Added inst sfp_instance/FE_PHC7702_FE_OCPN5124_FE_OFN878_n765 (CKBD0)
Committed on net sfp_instance/FE_OFN3033_n739
  Added inst sfp_instance/FE_PHC7703_FE_OFN3033_n739 (BUFFD0)
Committed on net sfp_instance/FE_OFN3020_n1299
  Added inst sfp_instance/FE_PHC7704_FE_OFN3020_n1299 (CKBD0)
Committed on net sfp_instance/FE_OCPN5257_FE_OFN2914_n732
  Added inst sfp_instance/FE_PHC7705_FE_OCPN5257_FE_OFN2914_n732 (BUFFD0)
Committed on net sfp_instance/FE_OFN2682_n1406
  Added inst sfp_instance/FE_PHC7706_FE_OFN2682_n1406 (BUFFD0)
Committed on net sfp_instance/FE_OFN621_n697
  Added inst sfp_instance/FE_PHC7707_FE_OFN621_n697 (BUFFD0)
Committed on net sfp_instance/FE_OCPN4341_FE_OFN2739_n777
  Added inst sfp_instance/FE_PHC7708_FE_OCPN4341_FE_OFN2739_n777 (BUFFD0)
Committed on net sfp_instance/FE_OCPN4084_FE_OFN2739_n777
  Added inst sfp_instance/FE_PHC7709_FE_OCPN4084_FE_OFN2739_n777 (CKBD0)
Committed on net sfp_instance/FE_OFN2478_n765
  Added inst sfp_instance/FE_PHC7710_FE_OFN2478_n765 (BUFFD0)
Committed on net sfp_instance/n16680
  Added inst sfp_instance/FE_PHC7711_n16680 (CKBD0)
Committed on net sfp_instance/FE_PHN7427_FE_OFN2013_div_22_u_div_BInv_6__4_
  Added inst sfp_instance/FE_PHC7712_FE_OFN2013_div_22_u_div_BInv_6__4_ (BUFFD0)
Committed on net sfp_instance/FE_PHN7471_div_23_u_div_BInv_5__8_
  Added inst sfp_instance/FE_PHC7713_div_23_u_div_BInv_5__8_ (CKBD0)
Committed on net sfp_instance/FE_PHN7421_div_22_u_div_BInv_7__6_
  Added inst sfp_instance/FE_PHC7714_div_22_u_div_BInv_7__6_ (BUFFD0)
Committed on net sfp_instance/n14853
  Added inst sfp_instance/FE_PHC7715_n14853 (CKBD0)
Committed on net sfp_instance/FE_OFN1792_n3278
  Added inst sfp_instance/FE_PHC7716_FE_OFN1792_n3278 (CKBD0)
Committed on net sfp_instance/FE_PHN6284_div_22_u_div_BInv_5__3_
  Added inst sfp_instance/FE_PHC7717_div_22_u_div_BInv_5__3_ (BUFFD0)
Committed on net sfp_instance/FE_OFN3093_div_20_u_div_u_add_PartRem_1_6_3_B_1_
  Added inst sfp_instance/FE_PHC7718_FE_OFN3093_div_20_u_div_u_add_PartRem_1_6_3_B_1_ (CKBD0)
Committed on net sfp_instance/FE_OFN2847_n22620
  Added inst sfp_instance/FE_PHC7719_FE_OFN2847_n22620 (CKBD0)
Committed on net sfp_instance/FE_PHN7418_FE_OFN3195_n1406
  Added inst sfp_instance/FE_PHC7720_FE_OFN3195_n1406 (BUFFD0)
Committed on net sfp_instance/FE_PHN6324_n16328
  Added inst sfp_instance/FE_PHC7721_n16328 (CKBD0)
Committed on net sfp_instance/FE_PHN7414_div_18_u_div_BInv_7__9_
  Added inst sfp_instance/FE_PHC7722_div_18_u_div_BInv_7__9_ (BUFFD0)
Committed on net sfp_instance/FE_RN_373_0
  Added inst sfp_instance/FE_PHC7723_FE_RN_373_0 (BUFFD0)
Committed on net sfp_instance/FE_PHN6604_FE_OFN3075_div_20_u_div_u_add_PartRem_1_5_3_B_7_
  Added inst sfp_instance/FE_PHC7724_FE_OFN3075_div_20_u_div_u_add_PartRem_1_5_3_B_7_ (BUFFD0)
Committed on net sfp_instance/FE_PHN7027_div_23_u_div_BInv_7__9_
  Added inst sfp_instance/FE_PHC7725_div_23_u_div_BInv_7__9_ (BUFFD0)
Committed on net sfp_instance/FE_OFN2577_n697
  Added inst sfp_instance/FE_PHC7726_FE_OFN2577_n697 (BUFFD0)
Committed on net sfp_instance/FE_PHN6230_FE_OFN2668_n732
  Added inst sfp_instance/FE_PHC7727_FE_OFN2668_n732 (CKBD0)
Committed on net sfp_instance/FE_OFN1892_div_18_u_div_BInv_7__7_
  Added inst sfp_instance/FE_PHC7728_FE_OFN1892_div_18_u_div_BInv_7__7_ (BUFFD0)
Committed on net sfp_instance/FE_PHN6913_FE_OFN3023_div_23_u_div_BInv_7__3_
  Added inst sfp_instance/FE_PHC7729_FE_OFN3023_div_23_u_div_BInv_7__3_ (BUFFD0)
Committed on net sfp_instance/FE_OFN2642_n697
  Added inst sfp_instance/FE_PHC7730_FE_OFN2642_n697 (CKBD0)
Committed on net sfp_instance/FE_OFN3112_div_22_u_div_BInv_6__3_
  Added inst sfp_instance/FE_PHC7731_FE_OFN3112_div_22_u_div_BInv_6__3_ (BUFFD0)
Committed on net sfp_instance/FE_PHN6270_FE_OFN2832_div_20_u_div_BInv_3__8_
  Added inst sfp_instance/FE_PHC7732_FE_OFN2832_div_20_u_div_BInv_3__8_ (BUFFD0)
Committed on net sfp_instance/div_24_u_div_BInv_5__5_
  Added inst sfp_instance/FE_PHC7733_div_24_u_div_BInv_5__5_ (BUFFD0)
Committed on net sfp_instance/div_22_u_div_BInv_6__10_
  Added inst sfp_instance/FE_PHC7734_div_22_u_div_BInv_6__10_ (BUFFD0)
Committed on net sfp_instance/div_22_u_div_BInv_5__5_
  Added inst sfp_instance/FE_PHC7735_div_22_u_div_BInv_5__5_ (BUFFD0)
Committed on net sfp_instance/FE_PHN7443_n8499
  Added inst sfp_instance/FE_PHC7736_n8499 (BUFFD0)
Committed on net sfp_instance/FE_PHN7516_div_18_u_div_BInv_6__9_
  Added inst sfp_instance/FE_PHC7737_div_18_u_div_BInv_6__9_ (BUFFD0)
Committed on net sfp_instance/FE_PHN7456_div_24_u_div_BInv_6__9_
  Added inst sfp_instance/FE_PHC7738_div_24_u_div_BInv_6__9_ (BUFFD0)
Committed on net sfp_instance/n1318
  Added inst sfp_instance/FE_PHC7739_n1318 (BUFFD0)
Committed on net sfp_instance/div_22_u_div_BInv_7__5_
  Added inst sfp_instance/FE_PHC7740_div_22_u_div_BInv_7__5_ (CKBD0)
Committed on net sfp_instance/div_18_u_div_BInv_7__8_
  Added inst sfp_instance/FE_PHC7741_div_18_u_div_BInv_7__8_ (BUFFD0)
Committed inst sfp_instance/fifo_inst_int/FE_OCPC4886_n395
  Resized cell CKBD1 -> cell CKBD0
Committed inst sfp_instance/fifo_inst_int/FE_RC_465_0
  Resized cell OR2XD1 -> cell OR2D0
Committed on net sfp_instance/FE_PHN7472_FE_OCPN3395_FE_OFN3036_sum_2core_16_
  Added inst sfp_instance/FE_PHC7742_FE_OCPN3395_FE_OFN3036_sum_2core_16_ (CKBD0)
Committed on net sfp_instance/FE_OFN3153_sum_2core_18_
  Added inst sfp_instance/FE_PHC7743_FE_OFN3153_sum_2core_18_ (CKBD0)
Committed on net sfp_instance/FE_PHN6342_FE_OFN3093_div_20_u_div_u_add_PartRem_1_6_3_B_1_
  Added inst sfp_instance/FE_PHC7744_FE_OFN3093_div_20_u_div_u_add_PartRem_1_6_3_B_1_ (CKBD0)
Committed on net sfp_instance/FE_PHN6752_FE_OFN3052_n26065
  Added inst sfp_instance/FE_PHC7745_FE_OFN3052_n26065 (CKBD0)
Committed on net sfp_instance/FE_PHN7535_FE_OCPN5302_n26508
  Added inst sfp_instance/FE_PHC7746_FE_OCPN5302_n26508 (CKBD0)
Committed on net sfp_instance/FE_PHN7531_FE_OCPN3586_N663
  Added inst sfp_instance/FE_PHC7747_FE_OCPN3586_N663 (BUFFD0)
Committed on net sfp_instance/FE_PHN7099_FE_OFN2080_div_20_u_div_u_add_PartRem_1_0_3_B_11_
  Added inst sfp_instance/FE_PHC7748_FE_OFN2080_div_20_u_div_u_add_PartRem_1_0_3_B_11_ (BUFFD0)
Committed on net sfp_instance/FE_PHN7422_div_18_u_div_BInv_7__8_
  Added inst sfp_instance/FE_PHC7749_div_18_u_div_BInv_7__8_ (CKBD0)
Committed on net sfp_instance/FE_PHN7475_FE_OCPN4444_FE_OFN2564_n26066
  Added inst sfp_instance/FE_PHC7750_FE_OCPN4444_FE_OFN2564_n26066 (CKBD0)
Committed on net sfp_instance/FE_PHN7537_FE_OCPN5307_FE_RN_2307_0
  Added inst sfp_instance/FE_PHC7751_FE_OCPN5307_FE_RN_2307_0 (CKBD0)
Committed on net sfp_instance/FE_PHN5902_FE_OFN1615_div_18_u_div_BInv_5__10_
  Added inst sfp_instance/FE_PHC7752_FE_OFN1615_div_18_u_div_BInv_5__10_ (BUFFD0)
Committed on net sfp_instance/FE_PHN7538_n26493
  Added inst sfp_instance/FE_PHC7753_n26493 (CKBD0)
Committed on net sfp_instance/FE_PHN5905_div_18_u_div_BInv_5__14_
  Added inst sfp_instance/FE_PHC7754_div_18_u_div_BInv_5__14_ (BUFFD0)
Committed on net sfp_instance/FE_PHN6945_FE_OCPN5490_FE_RN_974_0
  Added inst sfp_instance/FE_PHC7755_FE_OCPN5490_FE_RN_974_0 (BUFFD0)
Committed on net sfp_instance/FE_OFN2883_div_20_u_div_BInv_3__10_
  Added inst sfp_instance/FE_PHC7756_FE_OFN2883_div_20_u_div_BInv_3__10_ (CKBD0)
Committed on net sfp_instance/FE_PHN6413_FE_OFN2908_div_20_u_div_BInv_3__16_
  Added inst sfp_instance/FE_PHC7757_FE_OFN2908_div_20_u_div_BInv_3__16_ (BUFFD0)
Committed on net sfp_instance/FE_OFN3198_sum_2core_18_
  Added inst sfp_instance/FE_PHC7758_FE_OFN3198_sum_2core_18_ (BUFFD0)
Committed on net sfp_instance/FE_PHN7545_FE_OCPN3284_N602
  Added inst sfp_instance/FE_PHC7759_FE_OCPN3284_N602 (BUFFD0)
Committed on net sfp_instance/FE_PHN5741_FE_OCPN4894_FE_RN_974_0
  Added inst sfp_instance/FE_PHC7760_FE_OCPN4894_FE_RN_974_0 (CKBD0)
Committed on net sfp_instance/FE_OFN2987_n26067
  Added inst sfp_instance/FE_PHC7761_FE_OFN2987_n26067 (BUFFD0)
Committed on net sfp_instance/FE_PHN7056_div_22_u_div_BInv_5__17_
  Added inst sfp_instance/FE_PHC7762_div_22_u_div_BInv_5__17_ (BUFFD0)
Committed on net sfp_instance/FE_PHN6618_FE_OCPN5202_FE_OFN2491_n26067
  Added inst sfp_instance/FE_PHC7763_FE_OCPN5202_FE_OFN2491_n26067 (BUFFD0)
Committed on net sfp_instance/FE_OFN2098_n26067
  Added inst sfp_instance/FE_PHC7764_FE_OFN2098_n26067 (CKBD0)
Committed on net sfp_instance/FE_OFN2886_div_20_u_div_BInv_3__14_
  Added inst sfp_instance/FE_PHC7765_FE_OFN2886_div_20_u_div_BInv_3__14_ (CKBD0)
Committed on net sfp_instance/N621
  Added inst sfp_instance/FE_PHC7766_N621 (CKBD0)
Committed on net sfp_instance/FE_OCPN4225_FE_OFN2139_n26066
  Added inst sfp_instance/FE_PHC7767_FE_OCPN4225_FE_OFN2139_n26066 (BUFFD0)
Committed on net sfp_instance/FE_OFN2425_sum_2core_13_
  Added inst sfp_instance/FE_PHC7768_FE_OFN2425_sum_2core_13_ (CKBD0)
Committed on net sfp_instance/FE_PHN7486_FE_OCPN5342_FE_OFN3036_sum_2core_16_
  Added inst sfp_instance/FE_PHC7769_FE_OCPN5342_FE_OFN3036_sum_2core_16_ (BUFFD0)
Committed on net sfp_instance/FE_OFN3041_sum_2core_16_
  Added inst sfp_instance/FE_PHC7770_FE_OFN3041_sum_2core_16_ (BUFFD0)
Committed on net sfp_instance/FE_PHN7489_FE_OCPN5632_n26067
  Added inst sfp_instance/FE_PHC7771_FE_OCPN5632_n26067 (BUFFD0)
Committed on net sfp_instance/FE_OFN2806_n705
  Added inst sfp_instance/FE_PHC7772_FE_OFN2806_n705 (BUFFD0)
Committed on net sfp_instance/FE_OFN3053_n26065
  Added inst sfp_instance/FE_PHC7773_FE_OFN3053_n26065 (BUFFD0)
Committed on net sfp_instance/FE_PHN7490_FE_RN_77
  Added inst sfp_instance/FE_PHC7774_FE_RN_77 (CKBD0)
Committed on net sfp_instance/n12883
  Added inst sfp_instance/FE_PHC7775_n12883 (BUFFD0)
Committed on net sfp_instance/n3559
  Added inst sfp_instance/FE_PHC7776_n3559 (CKBD0)
Committed on net sfp_instance/FE_PHN7377_FE_OCPN3670_FE_OFN2797_n705
  Added inst sfp_instance/FE_PHC7777_FE_OCPN3670_FE_OFN2797_n705 (BUFFD0)
Committed on net sfp_instance/div_18_u_div_BInv_5__11_
  Added inst sfp_instance/FE_PHC7778_div_18_u_div_BInv_5__11_ (BUFFD0)
Committed on net sfp_instance/FE_OCPN5482_FE_RN_974_0
  Added inst sfp_instance/FE_PHC7779_FE_OCPN5482_FE_RN_974_0 (BUFFD0)
Committed on net sfp_instance/FE_OCPN4752_FE_OFN2102_n647
  Added inst sfp_instance/FE_PHC7780_FE_OCPN4752_FE_OFN2102_n647 (CKBD0)
Committed on net sfp_instance/FE_OFN2418_sum_2core_13_
  Added inst sfp_instance/FE_PHC7781_FE_OFN2418_sum_2core_13_ (BUFFD0)
Committed on net sfp_instance/FE_PHN6105_div_22_u_div_BInv_5__19_
  Added inst sfp_instance/FE_PHC7782_div_22_u_div_BInv_5__19_ (BUFFD0)
Committed on net sfp_instance/FE_PHN7588_n16466
  Added inst sfp_instance/FE_PHC7783_n16466 (BUFFD0)
Committed on net sfp_instance/FE_PHN7473_FE_OFN3153_sum_2core_18_
  Added inst sfp_instance/FE_PHC7784_FE_OFN3153_sum_2core_18_ (CKBD0)
Committed on net sfp_instance/div_21_u_div_BInv_5__19_
  Added inst sfp_instance/FE_PHC7785_div_21_u_div_BInv_5__19_ (CKBD0)
Committed on net sfp_instance/FE_PHN7574_div_19_u_div_BInv_7__18_
  Added inst sfp_instance/FE_PHC7786_div_19_u_div_BInv_7__18_ (BUFFD0)
Committed on net sfp_instance/FE_PHN7616_div_21_u_div_BInv_5__16_
  Added inst sfp_instance/FE_PHC7787_div_21_u_div_BInv_5__16_ (BUFFD0)
Committed on net sfp_instance/FE_PHN7573_FE_OFN973_n16554
  Added inst sfp_instance/FE_PHC7788_FE_OFN973_n16554 (BUFFD0)
Committed on net sfp_instance/FE_PHN7570_n16473
  Added inst sfp_instance/FE_PHC7789_n16473 (BUFFD0)
Committed on net sfp_instance/FE_PHN7474_FE_OCPN5478_n24786
  Added inst sfp_instance/FE_PHC7790_FE_OCPN5478_n24786 (CKBD0)
Committed on net sfp_instance/FE_PHN7571_div_21_u_div_BInv_7__17_
  Added inst sfp_instance/FE_PHC7791_div_21_u_div_BInv_7__17_ (BUFFD0)
Committed on net sfp_instance/FE_PHN7620_FE_OCPN3525_N561
  Added inst sfp_instance/FE_PHC7792_FE_OCPN3525_N561 (CKBD0)
Committed on net sfp_instance/FE_PHN7111_div_25_u_div_BInv_7__17_
  Added inst sfp_instance/FE_PHC7793_div_25_u_div_BInv_7__17_ (BUFFD0)
Committed on net sfp_instance/FE_PHN6388_FE_OCPN4157_div_23_u_div_BInv_5__20_
  Added inst sfp_instance/FE_PHC7794_FE_OCPN4157_div_23_u_div_BInv_5__20_ (BUFFD0)
Committed on net sfp_instance/FE_PHN7592_div_18_u_div_BInv_7__18_
  Added inst sfp_instance/FE_PHC7795_div_18_u_div_BInv_7__18_ (CKBD0)
Committed on net sfp_instance/FE_PHN7577_div_21_u_div_BInv_7__19_
  Added inst sfp_instance/FE_PHC7796_div_21_u_div_BInv_7__19_ (BUFFD0)
Committed on net sfp_instance/FE_PHN7584_div_21_u_div_BInv_7__18_
  Added inst sfp_instance/FE_PHC7797_div_21_u_div_BInv_7__18_ (BUFFD0)
Committed on net sfp_instance/FE_OFN2475_n647
  Added inst sfp_instance/FE_PHC7798_FE_OFN2475_n647 (BUFFD0)
Committed on net sfp_instance/FE_PHN6951_FE_OCPN5485_FE_RN_974_0
  Added inst sfp_instance/FE_PHC7799_FE_OCPN5485_FE_RN_974_0 (BUFFD0)
Committed on net sfp_instance/FE_PHN7105_div_21_u_div_BInv_5__18_
  Added inst sfp_instance/FE_PHC7800_div_21_u_div_BInv_5__18_ (BUFFD0)
Committed on net sfp_instance/FE_PHN6433_FE_OFN2323_n16463
  Added inst sfp_instance/FE_PHC7801_FE_OFN2323_n16463 (BUFFD0)
Committed on net sfp_instance/FE_PHN6567_FE_OFN2883_div_20_u_div_BInv_3__10_
  Added inst sfp_instance/FE_PHC7802_FE_OFN2883_div_20_u_div_BInv_3__10_ (CKBD0)
Committed on net sfp_instance/FE_PHN7575_FE_OCPN3320_div_23_u_div_BInv_7__20_
  Added inst sfp_instance/FE_PHC7803_FE_OCPN3320_div_23_u_div_BInv_7__20_ (BUFFD0)
Committed on net sfp_instance/n15737
  Added inst sfp_instance/FE_PHC7804_n15737 (BUFFD0)
Committed on net sfp_instance/div_25_u_div_BInv_7__18_
  Added inst sfp_instance/FE_PHC7805_div_25_u_div_BInv_7__18_ (BUFFD0)
Committed on net sfp_instance/FE_PHN7504_FE_OFN1275_div_24_u_div_BInv_3__11_
  Added inst sfp_instance/FE_PHC7806_FE_OFN1275_div_24_u_div_BInv_3__11_ (BUFFD0)
Committed on net sfp_instance/FE_PHN6353_FE_OFN2098_n26067
  Added inst sfp_instance/FE_PHC7807_FE_OFN2098_n26067 (CKBD0)
Committed on net sfp_instance/FE_PHN5960_n16484
  Added inst sfp_instance/FE_PHC7808_n16484 (BUFFD0)
Committed on net sfp_instance/FE_PHN5883_div_23_u_div_BInv_7__13_
  Added inst sfp_instance/FE_PHC7809_div_23_u_div_BInv_7__13_ (BUFFD0)
Committed on net sfp_instance/FE_PHN6380_div_18_u_div_BInv_6__16_
  Added inst sfp_instance/FE_PHC7810_div_18_u_div_BInv_6__16_ (BUFFD0)
Committed on net sfp_instance/div_23_u_div_BInv_6__11_
  Added inst sfp_instance/FE_PHC7811_div_23_u_div_BInv_6__11_ (BUFFD0)
Committed on net sfp_instance/div_24_u_div_BInv_7__16_
  Added inst sfp_instance/FE_PHC7812_div_24_u_div_BInv_7__16_ (BUFFD0)
Committed on net sfp_instance/FE_OCPN3721_div_20_u_div_u_add_PartRem_1_0_3_B_15_
  Added inst sfp_instance/FE_PHC7813_FE_OCPN3721_div_20_u_div_u_add_PartRem_1_0_3_B_15_ (CKBD0)
Committed on net sfp_instance/FE_OFN1434_div_24_u_div_BInv_3__20_
  Added inst sfp_instance/FE_PHC7814_FE_OFN1434_div_24_u_div_BInv_3__20_ (CKBD0)
Committed on net sfp_instance/FE_OFN3178_n24786
  Added inst sfp_instance/FE_PHC7815_FE_OFN3178_n24786 (CKBD0)
Committed on net sfp_instance/div_22_u_div_BInv_7__20_
  Added inst sfp_instance/FE_PHC7816_div_22_u_div_BInv_7__20_ (BUFFD0)
Committed on net sfp_instance/FE_PHN7009_FE_OFN1434_div_24_u_div_BInv_3__20_
  Added inst sfp_instance/FE_PHC7817_FE_OFN1434_div_24_u_div_BInv_3__20_ (CKBD0)
Committed on net sfp_instance/FE_PHN7542_FE_OCPN3721_div_20_u_div_u_add_PartRem_1_0_3_B_15_
  Added inst sfp_instance/FE_PHC7818_FE_OCPN3721_div_20_u_div_u_add_PartRem_1_0_3_B_15_ (CKBD0)
Committed on net sfp_instance/FE_PHN7230_FE_OFN3060_div_24_u_div_BInv_3__19_
  Added inst sfp_instance/FE_PHC7819_FE_OFN3060_div_24_u_div_BInv_3__19_ (CKBD0)
Committed on net sfp_instance/FE_PHN7527_div_20_u_div_BInv_3__19_
  Added inst sfp_instance/FE_PHC7820_div_20_u_div_BInv_3__19_ (BUFFD0)
Committed on net sfp_instance/FE_PHN7639_FE_OCPN3338_n26230
  Added inst sfp_instance/FE_PHC7821_FE_OCPN3338_n26230 (CKBD0)
Committed on net sfp_instance/FE_PHN6117_FE_OCPN3712_N600
  Added inst sfp_instance/FE_PHC7822_FE_OCPN3712_N600 (CKBD0)
Committed on net sfp_instance/FE_PHN7634_FE_OCPN3257_n26070
  Added inst sfp_instance/FE_PHC7823_FE_OCPN3257_n26070 (BUFFD0)
Committed on net sfp_instance/FE_PHN6506_N598
  Added inst sfp_instance/FE_PHC7824_N598 (CKBD0)
Committed on net sfp_instance/FE_OFN3006_n24786
  Added inst sfp_instance/FE_PHC7825_FE_OFN3006_n24786 (CKBD0)
Committed on net sfp_instance/FE_OCPN4942_FE_RN_235_0
  Added inst sfp_instance/FE_PHC7826_FE_OCPN4942_FE_RN_235_0 (CKBD0)
Committed on net sfp_instance/FE_OCPN4221_N559
  Added inst sfp_instance/FE_PHC7827_FE_OCPN4221_N559 (CKBD0)
Committed on net sfp_instance/n14194
  Added inst sfp_instance/FE_PHC7828_n14194 (BUFFD0)
Committed on net sfp_instance/FE_OCPN5049_FE_RN_1816_0
  Added inst sfp_instance/FE_PHC7829_FE_OCPN5049_FE_RN_1816_0 (CKBD0)
Committed on net sfp_instance/FE_PHN6488_FE_OCPN4945_n19947
  Added inst sfp_instance/FE_PHC7830_FE_OCPN4945_n19947 (BUFFD0)
Committed on net sfp_instance/FE_OCPN4860_n26507
  Added inst sfp_instance/FE_PHC7831_FE_OCPN4860_n26507 (CKBD0)
Committed on net sfp_instance/n14137
  Added inst sfp_instance/FE_PHC7832_n14137 (CKBD0)
Committed inst sfp_instance/U6582
  Resized cell CKND2D1 -> cell ND2D0
Committed on net sfp_instance/FE_PHN7246_FE_OCPN3381_N593
  Added inst sfp_instance/FE_PHC7833_FE_OCPN3381_N593 (BUFFD0)
Committed on net sfp_instance/FE_OCPN5076_FE_RN_67
  Added inst sfp_instance/FE_PHC7834_FE_OCPN5076_FE_RN_67 (CKBD0)
Committed on net sfp_instance/FE_PHN7314_N590
  Added inst sfp_instance/FE_PHC7835_N590 (BUFFD0)
Committed on net sfp_instance/FE_PHN7659_FE_OCPN3939_N595
  Added inst sfp_instance/FE_PHC7836_FE_OCPN3939_N595 (BUFFD0)
Committed on net sfp_instance/FE_PHN7645_div_20_u_div_PartRem_2__5_
  Added inst sfp_instance/FE_PHC7837_div_20_u_div_PartRem_2__5_ (BUFFD0)
Committed on net sfp_instance/n19992
  Added inst sfp_instance/FE_PHC7838_n19992 (BUFFD0)
Committed on net sfp_instance/n16630
  Added inst sfp_instance/FE_PHC7839_n16630 (CKBD0)
===========================================================================================
  Phase 1 : Step 2 Iter 3 Summary (AddBuffer + LegalResize)
------------------------------------------------------------------------------------------
 Hold WNS :      -0.2435
      TNS :     -17.9672
      #VP :          408
      TNS+:       4.3129/175 improved (0.0246 per commit, 19.358%)
  Density :      93.990%
------------------------------------------------------------------------------------------
 172 buffer added (phase total 1042, total 1042)
 3 inst resized (phase total 87, total 87)
 cpu=0:01:43 real=0:00:37.0 totSessionCpu=2:39:23 mem=3540.1M
===========================================================================================

Starting Phase 1 Step 2 Iter 4 ...
Committed on net sfp_instance/FE_PHN7474_FE_OCPN5478_n24786
  Added inst sfp_instance/FE_PHC7840_FE_OCPN5478_n24786 (BUFFD0)
Committed on net sfp_instance/FE_PHN7679_FE_OFN2745_n777
  Added inst sfp_instance/FE_PHC7841_FE_OFN2745_n777 (BUFFD0)
Committed on net sfp_instance/FE_PHN7742_FE_OCPN3395_FE_OFN3036_sum_2core_16_
  Added inst sfp_instance/FE_PHC7842_FE_OCPN3395_FE_OFN3036_sum_2core_16_ (BUFFD0)
Committed on net sfp_instance/FE_PHN7673_FE_OFN2748_n777
  Added inst sfp_instance/FE_PHC7843_FE_OFN2748_n777 (BUFFD0)
Committed on net sfp_instance/FE_PHN7670_div_21_u_div_SumTmp_4__1__1_
  Added inst sfp_instance/FE_PHC7844_div_21_u_div_SumTmp_4__1__1_ (BUFFD0)
Committed on net sfp_instance/FE_OFN3003_n803
  Added inst sfp_instance/FE_PHC7845_FE_OFN3003_n803 (BUFFD0)
Committed on net sfp_instance/FE_PHN7497_FE_OCPN4589_FE_OFN2108_sum_2core_18_
  Added inst sfp_instance/FE_PHC7846_FE_OCPN4589_FE_OFN2108_sum_2core_18_ (CKBD0)
Committed on net sfp_instance/FE_OFN2747_n777
  Added inst sfp_instance/FE_PHC7847_FE_OFN2747_n777 (CKBD0)
Committed on net sfp_instance/FE_PHN7750_FE_OCPN4444_FE_OFN2564_n26066
  Added inst sfp_instance/FE_PHC7848_FE_OCPN4444_FE_OFN2564_n26066 (CKBD0)
Committed on net sfp_instance/FE_OFN3093_div_20_u_div_u_add_PartRem_1_6_3_B_1_
  Added inst sfp_instance/FE_PHC7849_FE_OFN3093_div_20_u_div_u_add_PartRem_1_6_3_B_1_ (BUFFD0)
Committed on net sfp_instance/FE_PHN6926_FE_OCPN5631_n26067
  Added inst sfp_instance/FE_PHC7850_FE_OCPN5631_n26067 (CKBD0)
Committed on net sfp_instance/FE_PHN6338_FE_OCPN4589_FE_OFN2108_sum_2core_18_
  Added inst sfp_instance/FE_PHC7851_FE_OCPN4589_FE_OFN2108_sum_2core_18_ (CKBD0)
Committed on net sfp_instance/FE_PHN6633_FE_OCPN4589_FE_OFN2108_sum_2core_18_
  Added inst sfp_instance/FE_PHC7852_FE_OCPN4589_FE_OFN2108_sum_2core_18_ (CKBD0)
Committed on net sfp_instance/FE_PHN7745_FE_OFN3052_n26065
  Added inst sfp_instance/FE_PHC7853_FE_OFN3052_n26065 (BUFFD0)
Committed on net sfp_instance/FE_OFN2683_n1406
  Added inst sfp_instance/FE_PHC7854_FE_OFN2683_n1406 (BUFFD0)
Committed on net sfp_instance/FE_PHN6958_FE_OCPN4589_FE_OFN2108_sum_2core_18_
  Added inst sfp_instance/FE_PHC7855_FE_OCPN4589_FE_OFN2108_sum_2core_18_ (CKBD0)
Committed on net sfp_instance/FE_PHN7688_n26167
  Added inst sfp_instance/FE_PHC7856_n26167 (CKBD0)
Committed on net sfp_instance/FE_OFN2411_n13972
  Added inst sfp_instance/FE_PHC7857_FE_OFN2411_n13972 (BUFFD0)
Committed on net sfp_instance/FE_PHN7760_FE_OCPN4894_FE_RN_974_0
  Added inst sfp_instance/FE_PHC7858_FE_OCPN4894_FE_RN_974_0 (BUFFD0)
Committed on net ofifo_inst/col_idx_0__fifo_instance/n509
  Added inst ofifo_inst/col_idx_0__fifo_instance/FE_PHC7859_n509 (BUFFD0)
Committed on net sfp_instance/FE_PHN7384_FE_OFN2806_n705
  Added inst sfp_instance/FE_PHC7860_FE_OFN2806_n705 (BUFFD0)
Committed on net sfp_instance/FE_PHN6632_FE_OFN3067_div_24_u_div_BInv_3__4_
  Added inst sfp_instance/FE_PHC7861_FE_OFN3067_div_24_u_div_BInv_3__4_ (BUFFD0)
Committed on net sfp_instance/FE_OFN2668_n732
  Added inst sfp_instance/FE_PHC7862_FE_OFN2668_n732 (CKBD0)
Committed on net sfp_instance/FE_PHN6917_FE_OFN2987_n26067
  Added inst sfp_instance/FE_PHC7863_FE_OFN2987_n26067 (BUFFD0)
Committed on net sfp_instance/FE_OFN3198_sum_2core_18_
  Added inst sfp_instance/FE_PHC7864_FE_OFN3198_sum_2core_18_ (BUFFD0)
Committed on net sfp_instance/FE_PHN6925_FE_OFN2806_n705
  Added inst sfp_instance/FE_PHC7865_FE_OFN2806_n705 (BUFFD0)
Committed on net sfp_instance/FE_OFN2418_sum_2core_13_
  Added inst sfp_instance/FE_PHC7866_FE_OFN2418_sum_2core_13_ (BUFFD0)
Committed on net sfp_instance/FE_OFN3053_n26065
  Added inst sfp_instance/FE_PHC7867_FE_OFN3053_n26065 (BUFFD0)
Committed on net sfp_instance/fifo_inst_ext/FE_PHN7696_wr_ptr_gray_4_
  Added inst sfp_instance/fifo_inst_ext/FE_PHC7868_wr_ptr_gray_4_ (BUFFD0)
Committed on net sfp_instance/FE_OFN3178_n24786
  Added inst sfp_instance/FE_PHC7869_FE_OFN3178_n24786 (CKBD0)
Committed on net sfp_instance/FE_OCPN4084_FE_OFN2739_n777
  Added inst sfp_instance/FE_PHC7870_FE_OCPN4084_FE_OFN2739_n777 (CKBD0)
Committed on net sfp_instance/FE_OFN3215_n777
  Added inst sfp_instance/FE_PHC7871_FE_OFN3215_n777 (BUFFD0)
Committed on net sfp_instance/FE_OCPN4225_FE_OFN2139_n26066
  Added inst sfp_instance/FE_PHC7872_FE_OCPN4225_FE_OFN2139_n26066 (CKBD0)
Committed on net sfp_instance/FE_OFN2425_sum_2core_13_
  Added inst sfp_instance/FE_PHC7873_FE_OFN2425_sum_2core_13_ (CKBD0)
Committed on net sfp_instance/FE_OFN2484_sum_2core_18_
  Added inst sfp_instance/FE_PHC7874_FE_OFN2484_sum_2core_18_ (CKBD0)
Committed on net sfp_instance/FE_OCPN5124_FE_OFN878_n765
  Added inst sfp_instance/FE_PHC7875_FE_OCPN5124_FE_OFN878_n765 (CKBD0)
Committed on net sfp_instance/FE_PHN7774_FE_RN_77
  Added inst sfp_instance/FE_PHC7876_FE_RN_77 (BUFFD0)
Committed on net sfp_instance/FE_PHN7776_n3559
  Added inst sfp_instance/FE_PHC7877_n3559 (BUFFD0)
Committed on net sfp_instance/FE_OFN3020_n1299
  Added inst sfp_instance/FE_PHC7878_FE_OFN3020_n1299 (CKBD0)
Committed on net sfp_instance/FE_OCPN4752_FE_OFN2102_n647
  Added inst sfp_instance/FE_PHC7879_FE_OCPN4752_FE_OFN2102_n647 (BUFFD0)
Committed on net sfp_instance/FE_OFN3018_n1299
  Added inst sfp_instance/FE_PHC7880_FE_OFN3018_n1299 (BUFFD0)
Committed on net sfp_instance/FE_OFN3032_n739
  Added inst sfp_instance/FE_PHC7881_FE_OFN3032_n739 (BUFFD0)
Committed on net sfp_instance/FE_OCPN4085_FE_OFN2672_n1406
  Added inst sfp_instance/FE_PHC7882_FE_OCPN4085_FE_OFN2672_n1406 (BUFFD0)
Committed on net sfp_instance/FE_OCPN4437_FE_OFN3026_n739
  Added inst sfp_instance/FE_PHC7883_FE_OCPN4437_FE_OFN3026_n739 (CKBD0)
Committed on net sfp_instance/FE_OFN3161_sum_2core_18_
  Added inst sfp_instance/FE_PHC7884_FE_OFN3161_sum_2core_18_ (BUFFD0)
Committed on net sfp_instance/FE_PHN7711_n16680
  Added inst sfp_instance/FE_PHC7885_n16680 (BUFFD0)
Committed on net sfp_instance/FE_PHN7715_n14853
  Added inst sfp_instance/FE_PHC7886_n14853 (BUFFD0)
Committed on net sfp_instance/FE_PHN7721_n16328
  Added inst sfp_instance/FE_PHC7887_n16328 (BUFFD0)
Committed on net sfp_instance/FE_PHN7024_div_22_u_div_BInv_5__5_
  Added inst sfp_instance/FE_PHC7888_div_22_u_div_BInv_5__5_ (BUFFD0)
Committed on net sfp_instance/FE_PHN7493_FE_OFN3178_n24786
  Added inst sfp_instance/FE_PHC7889_FE_OFN3178_n24786 (CKBD0)
Committed on net sfp_instance/FE_OFN2941_n765
  Added inst sfp_instance/FE_PHC7890_FE_OFN2941_n765 (BUFFD0)
Committed on net sfp_instance/FE_PHN7363_FE_OFN2668_n732
  Added inst sfp_instance/FE_PHC7891_FE_OFN2668_n732 (CKBD0)
Committed on net sfp_instance/div_22_u_div_BInv_7__6_
  Added inst sfp_instance/FE_PHC7892_div_22_u_div_BInv_7__6_ (CKBD0)
Committed on net sfp_instance/FE_OFN3006_n24786
  Added inst sfp_instance/FE_PHC7893_FE_OFN3006_n24786 (CKBD0)
Committed on net sfp_instance/FE_OFN2968_n777
  Added inst sfp_instance/FE_PHC7894_FE_OFN2968_n777 (BUFFD0)
Committed on net sfp_instance/FE_OFN2847_n22620
  Added inst sfp_instance/FE_PHC7895_FE_OFN2847_n22620 (BUFFD0)
Committed on net sfp_instance/FE_PHN7448_FE_OFN2475_n647
  Added inst sfp_instance/FE_PHC7896_FE_OFN2475_n647 (BUFFD0)
Committed on net sfp_instance/FE_PHN7704_FE_OFN3020_n1299
  Added inst sfp_instance/FE_PHC7897_FE_OFN3020_n1299 (CKBD0)
Committed inst sfp_instance/U9427
  Resized cell INVD1 -> cell CKND0
Committed on net sfp_instance/FE_OFN2883_div_20_u_div_BInv_3__10_
  Added inst sfp_instance/FE_PHC7898_FE_OFN2883_div_20_u_div_BInv_3__10_ (BUFFD0)
Committed on net sfp_instance/FE_PHN7795_div_18_u_div_BInv_7__18_
  Added inst sfp_instance/FE_PHC7899_div_18_u_div_BInv_7__18_ (BUFFD0)
Committed on net sfp_instance/FE_PHN6506_N598
  Added inst sfp_instance/FE_PHC7900_N598 (BUFFD0)
Committed on net sfp_instance/div_18_u_div_u_add_PartRem_0_7_n25
  Added inst sfp_instance/FE_PHC7901_div_18_u_div_u_add_PartRem_0_7_n25 (BUFFD0)
Committed on net sfp_instance/FE_PHN7746_FE_OCPN5302_n26508
  Added inst sfp_instance/FE_PHC7902_FE_OCPN5302_n26508 (BUFFD0)
Committed on net sfp_instance/FE_PHN7104_FE_OFN1022_n16477
  Added inst sfp_instance/FE_PHC7903_FE_OFN1022_n16477 (BUFFD0)
Committed on net sfp_instance/FE_PHN7125_FE_OCPN3721_div_20_u_div_u_add_PartRem_1_0_3_B_15_
  Added inst sfp_instance/FE_PHC7904_FE_OCPN3721_div_20_u_div_u_add_PartRem_1_0_3_B_15_ (CKBD0)
Committed on net sfp_instance/FE_PHN7617_FE_OCPN4270_n26490
  Added inst sfp_instance/FE_PHC7905_FE_OCPN4270_n26490 (BUFFD0)
Committed on net sfp_instance/FE_PHN7188_FE_OFN3060_div_24_u_div_BInv_3__19_
  Added inst sfp_instance/FE_PHC7906_FE_OFN3060_div_24_u_div_BInv_3__19_ (BUFFD0)
Committed on net sfp_instance/FE_PHN7821_FE_OCPN3338_n26230
  Added inst sfp_instance/FE_PHC7907_FE_OCPN3338_n26230 (BUFFD0)
Committed on net sfp_instance/FE_PHN7431_FE_OFN1792_n3278
  Added inst sfp_instance/FE_PHC7908_FE_OFN1792_n3278 (BUFFD0)
Committed on net sfp_instance/FE_PHN7751_FE_OCPN5307_FE_RN_2307_0
  Added inst sfp_instance/FE_PHC7909_FE_OCPN5307_FE_RN_2307_0 (CKBD0)
Committed on net sfp_instance/FE_OFN2577_n697
  Added inst sfp_instance/FE_PHC7910_FE_OFN2577_n697 (BUFFD0)
Committed on net sfp_instance/FE_PHN7753_n26493
  Added inst sfp_instance/FE_PHC7911_n26493 (CKBD0)
Committed on net sfp_instance/FE_PHN7716_FE_OFN1792_n3278
  Added inst sfp_instance/FE_PHC7912_FE_OFN1792_n3278 (BUFFD0)
Committed on net sfp_instance/FE_PHN7526_div_20_u_div_BInv_3__18_
  Added inst sfp_instance/FE_PHC7913_div_20_u_div_BInv_3__18_ (BUFFD0)
Committed on net sfp_instance/FE_PHN6613_FE_OFN1826_n697
  Added inst sfp_instance/FE_PHC7914_FE_OFN1826_n697 (BUFFD0)
Committed on net sfp_instance/FE_PHN7581_div_23_u_div_BInv_7__17_
  Added inst sfp_instance/FE_PHC7915_div_23_u_div_BInv_7__17_ (BUFFD0)
Committed on net sfp_instance/FE_PHN7766_N621
  Added inst sfp_instance/FE_PHC7916_N621 (BUFFD0)
Committed on net sfp_instance/FE_PHN6706_div_24_u_div_BInv_7__8_
  Added inst sfp_instance/FE_PHC7917_div_24_u_div_BInv_7__8_ (BUFFD0)
Committed on net sfp_instance/FE_PHN6691_div_25_u_div_BInv_6__10_
  Added inst sfp_instance/FE_PHC7918_div_25_u_div_BInv_6__10_ (BUFFD0)
Committed on net sfp_instance/FE_PHN7403_FE_OCPN3790_n3278
  Added inst sfp_instance/FE_PHC7919_FE_OCPN3790_n3278 (BUFFD0)
Committed on net sfp_instance/FE_PHN5880_div_18_u_div_BInv_7__8_
  Added inst sfp_instance/FE_PHC7920_div_18_u_div_BInv_7__8_ (BUFFD0)
Committed on net sfp_instance/FE_PHN7713_div_23_u_div_BInv_5__8_
  Added inst sfp_instance/FE_PHC7921_div_23_u_div_BInv_5__8_ (BUFFD0)
Committed on net sfp_instance/FE_PHN7578_div_25_u_div_BInv_7__19_
  Added inst sfp_instance/FE_PHC7922_div_25_u_div_BInv_7__19_ (BUFFD0)
Committed on net sfp_instance/FE_PHN7236_FE_OCPN4221_N559
  Added inst sfp_instance/FE_PHC7923_FE_OCPN4221_N559 (CKBD0)
Committed on net sfp_instance/div_23_u_div_BInv_6__11_
  Added inst sfp_instance/FE_PHC7924_div_23_u_div_BInv_6__11_ (BUFFD0)
Committed on net sfp_instance/FE_OCPN4860_n26507
  Added inst sfp_instance/FE_PHC7925_FE_OCPN4860_n26507 (BUFFD0)
Committed on net sfp_instance/FE_PHN7765_FE_OFN2886_div_20_u_div_BInv_3__14_
  Added inst sfp_instance/FE_PHC7926_FE_OFN2886_div_20_u_div_BInv_3__14_ (BUFFD0)
Committed on net sfp_instance/FE_OFN3175_n697
  Added inst sfp_instance/FE_PHC7927_FE_OFN3175_n697 (BUFFD0)
Committed on net sfp_instance/FE_PHN7495_div_22_u_div_BInv_7__11_
  Added inst sfp_instance/FE_PHC7928_div_22_u_div_BInv_7__11_ (BUFFD0)
Committed on net sfp_instance/div_18_u_div_BInv_7__11_
  Added inst sfp_instance/FE_PHC7929_div_18_u_div_BInv_7__11_ (BUFFD0)
Committed on net sfp_instance/n13738
  Added inst sfp_instance/FE_PHC7930_n13738 (BUFFD0)
Committed on net sfp_instance/FE_OCPN5076_FE_RN_67
  Added inst sfp_instance/FE_PHC7931_FE_OCPN5076_FE_RN_67 (BUFFD0)
Committed on net sfp_instance/n15386
  Added inst sfp_instance/FE_PHC7932_n15386 (BUFFD0)
Committed on net sfp_instance/n14245
  Added inst sfp_instance/FE_PHC7933_n14245 (BUFFD0)
Committed on net sfp_instance/FE_OCPN4622_n14340
  Added inst sfp_instance/FE_PHC7934_FE_OCPN4622_n14340 (BUFFD0)
Committed inst sfp_instance/U16581
  Resized cell CKXOR2D1 -> cell XOR2D0
Committed inst sfp_instance/U5720
  Resized cell CKND2D1 -> cell CKND2D0
Committed on net sfp_instance/FE_PHN6128_N513
  Added inst sfp_instance/FE_PHC7935_N513 (CKBD0)
Committed on net sfp_instance/FE_PHN6133_FE_OCPN3713_N511
  Added inst sfp_instance/FE_PHC7936_FE_OCPN3713_N511 (BUFFD0)
Committed on net sfp_instance/FE_OCPN5049_FE_RN_1816_0
  Added inst sfp_instance/FE_PHC7937_FE_OCPN5049_FE_RN_1816_0 (BUFFD0)
Committed on net sfp_instance/FE_OCPN3359_n20416
  Added inst sfp_instance/FE_PHC7938_FE_OCPN3359_n20416 (CKBD0)
Committed on net sfp_instance/n20431
  Added inst sfp_instance/FE_PHC7939_n20431 (BUFFD0)
===========================================================================================
  Phase 1 : Step 2 Iter 4 Summary (AddBuffer + LegalResize)
------------------------------------------------------------------------------------------
 Hold WNS :      -0.2277
      TNS :     -14.6466
      #VP :          340
      TNS+:       3.3206/103 improved (0.0322 per commit, 18.481%)
  Density :      94.019%
------------------------------------------------------------------------------------------
 100 buffer added (phase total 1142, total 1142)
 3 inst resized (phase total 90, total 90)
 cpu=0:01:49 real=0:00:38.0 totSessionCpu=2:39:30 mem=3540.1M
===========================================================================================

Starting Phase 1 Step 2 Iter 5 ...
Committed on net sfp_instance/FE_OFN2683_n1406
  Added inst sfp_instance/FE_PHC7940_FE_OFN2683_n1406 (BUFFD0)
Committed on net sfp_instance/FE_PHN5816_FE_OCPN4589_FE_OFN2108_sum_2core_18_
  Added inst sfp_instance/FE_PHC7941_FE_OCPN4589_FE_OFN2108_sum_2core_18_ (BUFFD0)
Committed on net sfp_instance/FE_PHN7851_FE_OCPN4589_FE_OFN2108_sum_2core_18_
  Added inst sfp_instance/FE_PHC7942_FE_OCPN4589_FE_OFN2108_sum_2core_18_ (CKBD0)
Committed on net sfp_instance/FE_PHN7750_FE_OCPN4444_FE_OFN2564_n26066
  Added inst sfp_instance/FE_PHC7943_FE_OCPN4444_FE_OFN2564_n26066 (BUFFD0)
Committed on net sfp_instance/FE_PHN6633_FE_OCPN4589_FE_OFN2108_sum_2core_18_
  Added inst sfp_instance/FE_PHC7944_FE_OCPN4589_FE_OFN2108_sum_2core_18_ (CKBD0)
Committed on net sfp_instance/FE_PHN7855_FE_OCPN4589_FE_OFN2108_sum_2core_18_
  Added inst sfp_instance/FE_PHC7945_FE_OCPN4589_FE_OFN2108_sum_2core_18_ (CKBD0)
Committed on net sfp_instance/FE_PHN7856_n26167
  Added inst sfp_instance/FE_PHC7946_n26167 (CKBD0)
Committed on net ofifo_inst/col_idx_0__fifo_instance/n509
  Added inst ofifo_inst/col_idx_0__fifo_instance/FE_PHC7947_n509 (BUFFD0)
Committed on net sfp_instance/FE_PHN7764_FE_OFN2098_n26067
  Added inst sfp_instance/FE_PHC7948_FE_OFN2098_n26067 (CKBD0)
Committed on net sfp_instance/FE_OCPN4225_FE_OFN2139_n26066
  Added inst sfp_instance/FE_PHC7949_FE_OCPN4225_FE_OFN2139_n26066 (BUFFD0)
Committed on net sfp_instance/FE_OFN3053_n26065
  Added inst sfp_instance/FE_PHC7950_FE_OFN3053_n26065 (BUFFD0)
Committed on net sfp_instance/FE_OFN2425_sum_2core_13_
  Added inst sfp_instance/FE_PHC7951_FE_OFN2425_sum_2core_13_ (BUFFD0)
Committed on net sfp_instance/FE_OFN3018_n1299
  Added inst sfp_instance/FE_PHC7952_FE_OFN3018_n1299 (BUFFD0)
Committed on net sfp_instance/FE_OFN3178_n24786
  Added inst sfp_instance/FE_PHC7953_FE_OFN3178_n24786 (CKBD0)
Committed on net sfp_instance/FE_OFN3032_n739
  Added inst sfp_instance/FE_PHC7954_FE_OFN3032_n739 (BUFFD0)
Committed on net sfp_instance/FE_OFN2418_sum_2core_13_
  Added inst sfp_instance/FE_PHC7955_FE_OFN2418_sum_2core_13_ (BUFFD0)
Committed on net sfp_instance/FE_OFN2668_n732
  Added inst sfp_instance/FE_PHC7956_FE_OFN2668_n732 (CKBD0)
Committed on net sfp_instance/FE_OCPN5124_FE_OFN878_n765
  Added inst sfp_instance/FE_PHC7957_FE_OCPN5124_FE_OFN878_n765 (CKBD0)
Committed on net sfp_instance/FE_OCPN4752_FE_OFN2102_n647
  Added inst sfp_instance/FE_PHC7958_FE_OCPN4752_FE_OFN2102_n647 (BUFFD0)
Committed on net sfp_instance/FE_OFN3020_n1299
  Added inst sfp_instance/FE_PHC7959_FE_OFN3020_n1299 (CKBD0)
Committed on net sfp_instance/FE_OCPN4335_FE_OFN878_n765
  Added inst sfp_instance/FE_PHC7960_FE_OCPN4335_FE_OFN878_n765 (CKBD0)
Committed on net sfp_instance/FE_PHN7891_FE_OFN2668_n732
  Added inst sfp_instance/FE_PHC7961_FE_OFN2668_n732 (CKBD0)
Committed on net sfp_instance/FE_PHN6598_FE_OCPN5124_FE_OFN878_n765
  Added inst sfp_instance/FE_PHC7962_FE_OCPN5124_FE_OFN878_n765 (CKBD0)
Committed on net sfp_instance/FE_OFN2941_n765
  Added inst sfp_instance/FE_PHC7963_FE_OFN2941_n765 (BUFFD0)
Committed on net sfp_instance/FE_OCPN4934_FE_OFN878_n765
  Added inst sfp_instance/FE_PHC7964_FE_OCPN4934_FE_OFN878_n765 (CKBD0)
Committed on net sfp_instance/FE_OCPN4935_FE_OFN878_n765
  Added inst sfp_instance/FE_PHC7965_FE_OCPN4935_FE_OFN878_n765 (CKBD0)
Committed inst sfp_instance/FE_OCPC4981_FE_OFN623_n697
  Resized cell BUFFD3 -> cell BUFFD0
Committed inst sfp_instance/FE_RC_3620_0
  Resized cell INVD1 -> cell CKND0
Committed on net sfp_instance/FE_OFN2747_n777
  Added inst sfp_instance/FE_PHC7966_FE_OFN2747_n777 (CKBD0)
Committed on net sfp_instance/FE_OFN2334_div_21_u_div_BInv_6__4_
  Added inst sfp_instance/FE_PHC7967_FE_OFN2334_div_21_u_div_BInv_6__4_ (BUFFD0)
Committed on net sfp_instance/FE_OFN2968_n777
  Added inst sfp_instance/FE_PHC7968_FE_OFN2968_n777 (BUFFD0)
Committed on net sfp_instance/FE_OFN949_n16537
  Added inst sfp_instance/FE_PHC7969_FE_OFN949_n16537 (BUFFD0)
Committed on net sfp_instance/FE_PHN7911_n26493
  Added inst sfp_instance/FE_PHC7970_n26493 (BUFFD0)
Committed on net sfp_instance/FE_PHN7909_FE_OCPN5307_FE_RN_2307_0
  Added inst sfp_instance/FE_PHC7971_FE_OCPN5307_FE_RN_2307_0 (BUFFD0)
Committed on net sfp_instance/FE_PHN7904_FE_OCPN3721_div_20_u_div_u_add_PartRem_1_0_3_B_15_
  Added inst sfp_instance/FE_PHC7972_FE_OCPN3721_div_20_u_div_u_add_PartRem_1_0_3_B_15_ (BUFFD0)
Committed on net sfp_instance/div_22_u_div_BInv_7__6_
  Added inst sfp_instance/FE_PHC7973_div_22_u_div_BInv_7__6_ (CKBD0)
Committed on net sfp_instance/FE_PHN7074_FE_OFN2462_n16547
  Added inst sfp_instance/FE_PHC7974_FE_OFN2462_n16547 (BUFFD0)
Committed on net sfp_instance/FE_OFN2883_div_20_u_div_BInv_3__10_
  Added inst sfp_instance/FE_PHC7975_FE_OFN2883_div_20_u_div_BInv_3__10_ (BUFFD0)
Committed on net sfp_instance/FE_PHN7134_div_23_u_div_BInv_6__11_
  Added inst sfp_instance/FE_PHC7976_div_23_u_div_BInv_6__11_ (BUFFD0)
Committed on net sfp_instance/FE_PHN7841_FE_OFN2745_n777
  Added inst sfp_instance/FE_PHC7977_FE_OFN2745_n777 (BUFFD0)
Committed on net sfp_instance/div_25_u_div_BInv_5__20_
  Added inst sfp_instance/FE_PHC7978_div_25_u_div_BInv_5__20_ (CKBD0)
Committed on net sfp_instance/div_21_u_div_BInv_5__20_
  Added inst sfp_instance/FE_PHC7979_div_21_u_div_BInv_5__20_ (CKBD0)
Committed on net sfp_instance/FE_OCPN4084_FE_OFN2739_n777
  Added inst sfp_instance/FE_PHC7980_FE_OCPN4084_FE_OFN2739_n777 (BUFFD0)
Committed on net sfp_instance/FE_PHN7719_FE_OFN2847_n22620
  Added inst sfp_instance/FE_PHC7981_FE_OFN2847_n22620 (CKBD0)
Committed on net sfp_instance/FE_PHN7714_div_22_u_div_BInv_7__6_
  Added inst sfp_instance/FE_PHC7982_div_22_u_div_BInv_7__6_ (CKBD0)
Committed on net sfp_instance/n21338
  Added inst sfp_instance/FE_PHC7983_n21338 (BUFFD0)
Committed on net sfp_instance/FE_PHN7923_FE_OCPN4221_N559
  Added inst sfp_instance/FE_PHC7984_FE_OCPN4221_N559 (CKBD0)
Committed on net sfp_instance/N521
  Added inst sfp_instance/FE_PHC7985_N521 (CKBD0)
Committed on net sfp_instance/FE_OCPN3302_N522
  Added inst sfp_instance/FE_PHC7986_FE_OCPN3302_N522 (BUFFD0)
Committed on net sfp_instance/n20438
  Added inst sfp_instance/FE_PHC7987_n20438 (BUFFD0)
Committed on net sfp_instance/n15869
  Added inst sfp_instance/FE_PHC7988_n15869 (BUFFD0)
Committed on net sfp_instance/n20401
  Added inst sfp_instance/FE_PHC7989_n20401 (BUFFD0)
Committed on net sfp_instance/n20412
  Added inst sfp_instance/FE_PHC7990_n20412 (BUFFD0)
Committed inst sfp_instance/U18756
  Resized cell CKND2D1 -> cell ND2D0
===========================================================================================
  Phase 1 : Step 2 Iter 5 Summary (AddBuffer + LegalResize)
------------------------------------------------------------------------------------------
 Hold WNS :      -0.2256
      TNS :     -11.9301
      #VP :          305
      TNS+:       2.7165/54 improved (0.0503 per commit, 18.547%)
  Density :      94.034%
------------------------------------------------------------------------------------------
 51 buffer added (phase total 1193, total 1193)
 3 inst resized (phase total 93, total 93)
 cpu=0:01:54 real=0:00:40.0 totSessionCpu=2:39:34 mem=3540.1M
===========================================================================================

Starting Phase 1 Step 2 Iter 6 ...
Committed on net sfp_instance/FE_RN_2240_0
  Added inst sfp_instance/FE_PHC7991_FE_RN_2240_0 (BUFFD0)
Committed on net sfp_instance/FE_PHN7960_FE_OCPN4335_FE_OFN878_n765
  Added inst sfp_instance/FE_PHC7992_FE_OCPN4335_FE_OFN878_n765 (CKBD0)
Committed on net sfp_instance/FE_PHN6338_FE_OCPN4589_FE_OFN2108_sum_2core_18_
  Added inst sfp_instance/FE_PHC7993_FE_OCPN4589_FE_OFN2108_sum_2core_18_ (CKBD0)
Committed on net sfp_instance/FE_PHN5816_FE_OCPN4589_FE_OFN2108_sum_2core_18_
  Added inst sfp_instance/FE_PHC7994_FE_OCPN4589_FE_OFN2108_sum_2core_18_ (BUFFD0)
Committed on net sfp_instance/FE_PHN6633_FE_OCPN4589_FE_OFN2108_sum_2core_18_
  Added inst sfp_instance/FE_PHC7995_FE_OCPN4589_FE_OFN2108_sum_2core_18_ (CKBD0)
Committed on net sfp_instance/FE_PHN7945_FE_OCPN4589_FE_OFN2108_sum_2core_18_
  Added inst sfp_instance/FE_PHC7996_FE_OCPN4589_FE_OFN2108_sum_2core_18_ (CKBD0)
Committed on net sfp_instance/FE_PHN5971_n16679
  Added inst sfp_instance/FE_PHC7997_n16679 (BUFFD0)
Committed on net sfp_instance/FE_PHN7981_FE_OFN2847_n22620
  Added inst sfp_instance/FE_PHC7998_FE_OFN2847_n22620 (BUFFD0)
Committed on net sfp_instance/FE_PHN7140_FE_OFN1722_div_22_u_div_BInv_5__4_
  Added inst sfp_instance/FE_PHC7999_FE_OFN1722_div_22_u_div_BInv_5__4_ (BUFFD0)
Committed on net sfp_instance/FE_PHN7946_n26167
  Added inst sfp_instance/FE_PHC8000_n26167 (CKBD0)
Committed on net sfp_instance/FE_PHN7964_FE_OCPN4934_FE_OFN878_n765
  Added inst sfp_instance/FE_PHC8001_FE_OCPN4934_FE_OFN878_n765 (CKBD0)
Committed on net sfp_instance/FE_PHN7962_FE_OCPN5124_FE_OFN878_n765
  Added inst sfp_instance/FE_PHC8002_FE_OCPN5124_FE_OFN878_n765 (CKBD0)
Committed on net sfp_instance/n15540
  Added inst sfp_instance/FE_PHC8003_n15540 (BUFFD0)
Committed on net sfp_instance/FE_PHN7841_FE_OFN2745_n777
  Added inst sfp_instance/FE_PHC8004_FE_OFN2745_n777 (BUFFD0)
Committed on net sfp_instance/FE_OFN2683_n1406
  Added inst sfp_instance/FE_PHC8005_FE_OFN2683_n1406 (CKBD0)
Committed on net sfp_instance/FE_PHN7985_N521
  Added inst sfp_instance/FE_PHC8006_N521 (BUFFD0)
Committed on net sfp_instance/FE_OFN3053_n26065
  Added inst sfp_instance/FE_PHC8007_FE_OFN3053_n26065 (CKBD0)
Committed on net sfp_instance/FE_PHN7543_FE_OFN2425_sum_2core_13_
  Added inst sfp_instance/FE_PHC8008_FE_OFN2425_sum_2core_13_ (BUFFD0)
Committed on net sfp_instance/FE_PHN6582_FE_OFN2425_sum_2core_13_
  Added inst sfp_instance/FE_PHC8009_FE_OFN2425_sum_2core_13_ (BUFFD0)
Committed on net sfp_instance/FE_OFN2732_n25057
  Added inst sfp_instance/FE_PHC8010_FE_OFN2732_n25057 (BUFFD0)
Committed on net sfp_instance/FE_PHN7768_FE_OFN2425_sum_2core_13_
  Added inst sfp_instance/FE_PHC8011_FE_OFN2425_sum_2core_13_ (BUFFD0)
Committed on net sfp_instance/FE_OFN3178_n24786
  Added inst sfp_instance/FE_PHC8012_FE_OFN3178_n24786 (CKBD0)
Committed on net sfp_instance/FE_OFN2883_div_20_u_div_BInv_3__10_
  Added inst sfp_instance/FE_PHC8013_FE_OFN2883_div_20_u_div_BInv_3__10_ (BUFFD0)
Committed on net sfp_instance/FE_PHN7391_FE_OCPN5124_FE_OFN878_n765
  Added inst sfp_instance/FE_PHC8014_FE_OCPN5124_FE_OFN878_n765 (BUFFD0)
Committed on net sfp_instance/FE_OCPN4225_FE_OFN2139_n26066
  Added inst sfp_instance/FE_PHC8015_FE_OCPN4225_FE_OFN2139_n26066 (BUFFD0)
Committed on net sfp_instance/div_24_u_div_BInv_7__5_
  Added inst sfp_instance/FE_PHC8016_div_24_u_div_BInv_7__5_ (BUFFD0)
Committed on net sfp_instance/FE_OFN2957_sum_2core_13_
  Added inst sfp_instance/FE_PHC8017_FE_OFN2957_sum_2core_13_ (BUFFD0)
Committed on net sfp_instance/FE_PHN7965_FE_OCPN4935_FE_OFN878_n765
  Added inst sfp_instance/FE_PHC8018_FE_OCPN4935_FE_OFN878_n765 (BUFFD0)
Committed on net sfp_instance/FE_OFN2747_n777
  Added inst sfp_instance/FE_PHC8019_FE_OFN2747_n777 (BUFFD0)
Committed on net sfp_instance/FE_OFN2668_n732
  Added inst sfp_instance/FE_PHC8020_FE_OFN2668_n732 (CKBD0)
Committed on net sfp_instance/FE_OFN2541_n765
  Added inst sfp_instance/FE_PHC8021_FE_OFN2541_n765 (CKBD0)
Committed on net sfp_instance/FE_PHN7880_FE_OFN3018_n1299
  Added inst sfp_instance/FE_PHC8022_FE_OFN3018_n1299 (BUFFD0)
Committed on net sfp_instance/FE_OCPN4930_FE_OFN878_n765
  Added inst sfp_instance/FE_PHC8023_FE_OCPN4930_FE_OFN878_n765 (CKBD0)
Committed on net sfp_instance/FE_PHN7780_FE_OCPN4752_FE_OFN2102_n647
  Added inst sfp_instance/FE_PHC8024_FE_OCPN4752_FE_OFN2102_n647 (BUFFD0)
Committed on net sfp_instance/FE_OFN2418_sum_2core_13_
  Added inst sfp_instance/FE_PHC8025_FE_OFN2418_sum_2core_13_ (CKBD0)
Committed on net sfp_instance/FE_PHN7632_FE_OCPN4221_N559
  Added inst sfp_instance/FE_PHC8026_FE_OCPN4221_N559 (CKBD0)
Committed on net sfp_instance/FE_PHN7961_FE_OFN2668_n732
  Added inst sfp_instance/FE_PHC8027_FE_OFN2668_n732 (CKBD0)
Committed on net sfp_instance/FE_PHN7979_div_21_u_div_BInv_5__20_
  Added inst sfp_instance/FE_PHC8028_div_21_u_div_BInv_5__20_ (BUFFD0)
Committed on net sfp_instance/FE_PHN7978_div_25_u_div_BInv_5__20_
  Added inst sfp_instance/FE_PHC8029_div_25_u_div_BInv_5__20_ (BUFFD0)
Committed on net sfp_instance/FE_OFN2941_n765
  Added inst sfp_instance/FE_PHC8030_FE_OFN2941_n765 (CKBD0)
Committed on net sfp_instance/n20388
  Added inst sfp_instance/FE_PHC8031_n20388 (BUFFD0)
Committed on net sfp_instance/n11869
  Added inst sfp_instance/FE_PHC8032_n11869 (BUFFD0)
Committed on net sfp_instance/FE_RN_1625_0
  Added inst sfp_instance/FE_PHC8033_FE_RN_1625_0 (BUFFD0)
Committed inst sfp_instance/U5684
  Resized cell NR2XD3 -> cell NR2XD2
Committed inst sfp_instance/U7630
  Resized cell NR2XD1 -> cell NR2XD0
Committed inst sfp_instance/U5684
  Resized cell NR2XD2 -> cell NR2XD3
Committed on net sfp_instance/FE_PHN7291_n21243
  Added inst sfp_instance/FE_PHC8034_n21243 (BUFFD0)
===========================================================================================
  Phase 1 : Step 2 Iter 6 Summary (AddBuffer + LegalResize)
------------------------------------------------------------------------------------------
 Hold WNS :      -0.2075
      TNS :      -9.2078
      #VP :          266
      TNS+:       2.7223/45 improved (0.0605 per commit, 22.819%)
  Density :      94.047%
------------------------------------------------------------------------------------------
 44 buffer added (phase total 1237, total 1237)
 1 inst resized (phase total 94, total 94)
 cpu=0:01:57 real=0:00:41.0 totSessionCpu=2:39:38 mem=3540.1M
===========================================================================================

Starting Phase 1 Step 2 Iter 7 ...
Committed on net sfp_instance/FE_PHN7992_FE_OCPN4335_FE_OFN878_n765
  Added inst sfp_instance/FE_PHC8035_FE_OCPN4335_FE_OFN878_n765 (BUFFD0)
Committed on net sfp_instance/FE_PHN8002_FE_OCPN5124_FE_OFN878_n765
  Added inst sfp_instance/FE_PHC8036_FE_OCPN5124_FE_OFN878_n765 (CKBD0)
Committed on net sfp_instance/FE_PHN8001_FE_OCPN4934_FE_OFN878_n765
  Added inst sfp_instance/FE_PHC8037_FE_OCPN4934_FE_OFN878_n765 (BUFFD0)
Committed on net sfp_instance/FE_PHN6633_FE_OCPN4589_FE_OFN2108_sum_2core_18_
  Added inst sfp_instance/FE_PHC8038_FE_OCPN4589_FE_OFN2108_sum_2core_18_ (BUFFD0)
Committed on net sfp_instance/FE_PHN8000_n26167
  Added inst sfp_instance/FE_PHC8039_n26167 (BUFFD0)
Committed on net sfp_instance/FE_PHN6022_div_24_u_div_BInv_7__6_
  Added inst sfp_instance/FE_PHC8040_div_24_u_div_BInv_7__6_ (BUFFD0)
Committed on net sfp_instance/FE_PHN6338_FE_OCPN4589_FE_OFN2108_sum_2core_18_
  Added inst sfp_instance/FE_PHC8041_FE_OCPN4589_FE_OFN2108_sum_2core_18_ (BUFFD0)
Committed on net sfp_instance/FE_OFN2683_n1406
  Added inst sfp_instance/FE_PHC8042_FE_OFN2683_n1406 (CKBD0)
Committed on net sfp_instance/FE_OFN3053_n26065
  Added inst sfp_instance/FE_PHC8043_FE_OFN3053_n26065 (BUFFD0)
Committed on net sfp_instance/FE_PHN7767_FE_OCPN4225_FE_OFN2139_n26066
  Added inst sfp_instance/FE_PHC8044_FE_OCPN4225_FE_OFN2139_n26066 (BUFFD0)
Committed on net sfp_instance/FE_PHN7488_FE_OCPN4225_FE_OFN2139_n26066
  Added inst sfp_instance/FE_PHC8045_FE_OCPN4225_FE_OFN2139_n26066 (BUFFD0)
Committed on net sfp_instance/FE_PHN6958_FE_OCPN4589_FE_OFN2108_sum_2core_18_
  Added inst sfp_instance/FE_PHC8046_FE_OCPN4589_FE_OFN2108_sum_2core_18_ (CKBD0)
Committed on net sfp_instance/FE_OFN3178_n24786
  Added inst sfp_instance/FE_PHC8047_FE_OFN3178_n24786 (CKBD0)
Committed on net sfp_instance/FE_OFN2747_n777
  Added inst sfp_instance/FE_PHC8048_FE_OFN2747_n777 (BUFFD0)
Committed on net sfp_instance/FE_OFN2418_sum_2core_13_
  Added inst sfp_instance/FE_PHC8049_FE_OFN2418_sum_2core_13_ (CKBD0)
Committed on net sfp_instance/div_24_u_div_BInv_7__5_
  Added inst sfp_instance/FE_PHC8050_div_24_u_div_BInv_7__5_ (BUFFD0)
Committed on net sfp_instance/FE_OFN2541_n765
  Added inst sfp_instance/FE_PHC8051_FE_OFN2541_n765 (BUFFD0)
Committed on net sfp_instance/FE_OFN2668_n732
  Added inst sfp_instance/FE_PHC8052_FE_OFN2668_n732 (BUFFD0)
Committed on net sfp_instance/FE_OCPN4930_FE_OFN878_n765
  Added inst sfp_instance/FE_PHC8053_FE_OCPN4930_FE_OFN878_n765 (CKBD0)
Committed on net sfp_instance/FE_PHN7854_FE_OFN2683_n1406
  Added inst sfp_instance/FE_PHC8054_FE_OFN2683_n1406 (CKBD0)
Committed on net sfp_instance/FE_PHN7827_FE_OCPN4221_N559
  Added inst sfp_instance/FE_PHC8055_FE_OCPN4221_N559 (BUFFD0)
Committed on net sfp_instance/FE_OFN2941_n765
  Added inst sfp_instance/FE_PHC8056_FE_OFN2941_n765 (CKBD0)
Committed inst sfp_instance/U9706
  Resized cell NR2XD2 -> cell NR2XD1
===========================================================================================
  Phase 1 : Step 2 Iter 7 Summary (AddBuffer + LegalResize)
------------------------------------------------------------------------------------------
 Hold WNS :      -0.2080
      TNS :      -7.8619
      #VP :          239
      TNS+:       1.3459/23 improved (0.0585 per commit, 14.617%)
  Density :      94.053%
------------------------------------------------------------------------------------------
 22 buffer added (phase total 1259, total 1259)
 1 inst resized (phase total 95, total 95)
 cpu=0:01:59 real=0:00:42.0 totSessionCpu=2:39:40 mem=3540.1M
===========================================================================================

Starting Phase 1 Step 2 Iter 8 ...
Committed on net sfp_instance/FE_PHN8035_FE_OCPN4335_FE_OFN878_n765
  Added inst sfp_instance/FE_PHC8057_FE_OCPN4335_FE_OFN878_n765 (BUFFD0)
Committed on net sfp_instance/FE_PHN7996_FE_OCPN4589_FE_OFN2108_sum_2core_18_
  Added inst sfp_instance/FE_PHC8058_FE_OCPN4589_FE_OFN2108_sum_2core_18_ (BUFFD0)
Committed on net sfp_instance/FE_OFN2683_n1406
  Added inst sfp_instance/FE_PHC8059_FE_OFN2683_n1406 (CKBD0)
Committed on net sfp_instance/FE_PHN8036_FE_OCPN5124_FE_OFN878_n765
  Added inst sfp_instance/FE_PHC8060_FE_OCPN5124_FE_OFN878_n765 (BUFFD0)
Committed on net sfp_instance/FE_OFN2418_sum_2core_13_
  Added inst sfp_instance/FE_PHC8061_FE_OFN2418_sum_2core_13_ (BUFFD0)
Committed on net sfp_instance/FE_OFN3178_n24786
  Added inst sfp_instance/FE_PHC8062_FE_OFN3178_n24786 (CKBD0)
Committed on net sfp_instance/FE_OFN2668_n732
  Added inst sfp_instance/FE_PHC8063_FE_OFN2668_n732 (BUFFD0)
Committed on net sfp_instance/FE_OCPN4930_FE_OFN878_n765
  Added inst sfp_instance/FE_PHC8064_FE_OCPN4930_FE_OFN878_n765 (BUFFD0)
Committed on net sfp_instance/FE_OFN3053_n26065
  Added inst sfp_instance/FE_PHC8065_FE_OFN3053_n26065 (CKBD0)
Committed on net sfp_instance/FE_PHN7889_FE_OFN3178_n24786
  Added inst sfp_instance/FE_PHC8066_FE_OFN3178_n24786 (CKBD0)
Committed on net sfp_instance/div_21_u_div_BInv_6__5_
  Added inst sfp_instance/FE_PHC8067_div_21_u_div_BInv_6__5_ (BUFFD0)
Committed on net sfp_instance/FE_OFN2941_n765
  Added inst sfp_instance/FE_PHC8068_FE_OFN2941_n765 (CKBD0)
Committed inst sfp_instance/FE_PHC8051_FE_OFN2541_n765
  Resized cell BUFFD0 -> cell CKBD0
===========================================================================================
  Phase 1 : Step 2 Iter 8 Summary (AddBuffer + LegalResize)
------------------------------------------------------------------------------------------
 Hold WNS :      -0.2016
      TNS :      -7.5179
      #VP :          225
      TNS+:       0.3440/13 improved (0.0265 per commit, 4.376%)
  Density :      94.056%
------------------------------------------------------------------------------------------
 12 buffer added (phase total 1271, total 1271)
 1 inst resized (phase total 96, total 96)
 cpu=0:02:01 real=0:00:42.0 totSessionCpu=2:39:41 mem=3540.1M
===========================================================================================

Starting Phase 1 Step 2 Iter 9 ...
Committed on net sfp_instance/FE_OFN2683_n1406
  Added inst sfp_instance/FE_PHC8069_FE_OFN2683_n1406 (CKBD0)
Committed on net sfp_instance/FE_OFN3178_n24786
  Added inst sfp_instance/FE_PHC8070_FE_OFN3178_n24786 (BUFFD0)
Committed on net sfp_instance/FE_OFN3053_n26065
  Added inst sfp_instance/FE_PHC8071_FE_OFN3053_n26065 (BUFFD0)
Committed on net sfp_instance/FE_OFN2418_sum_2core_13_
  Added inst sfp_instance/FE_PHC8072_FE_OFN2418_sum_2core_13_ (CKBD0)
Committed on net sfp_instance/FE_OFN2668_n732
  Added inst sfp_instance/FE_PHC8073_FE_OFN2668_n732 (BUFFD0)
Committed on net sfp_instance/FE_OCPN4930_FE_OFN878_n765
  Added inst sfp_instance/FE_PHC8074_FE_OCPN4930_FE_OFN878_n765 (CKBD0)
Committed on net sfp_instance/FE_PHN7940_FE_OFN2683_n1406
  Added inst sfp_instance/FE_PHC8075_FE_OFN2683_n1406 (CKBD0)
Committed on net sfp_instance/FE_OFN2941_n765
  Added inst sfp_instance/FE_PHC8076_FE_OFN2941_n765 (CKBD0)
Committed on net sfp_instance/FE_OFN2156_n24786
  Added inst sfp_instance/FE_PHC8077_FE_OFN2156_n24786 (BUFFD0)
Committed on net sfp_instance/FE_PHN7893_FE_OFN3006_n24786
  Added inst sfp_instance/FE_PHC8078_FE_OFN3006_n24786 (BUFFD0)
===========================================================================================
  Phase 1 : Step 2 Iter 9 Summary (AddBuffer + LegalResize)
------------------------------------------------------------------------------------------
 Hold WNS :      -0.2024
      TNS :      -7.0283
      #VP :          216
      TNS+:       0.4896/10 improved (0.0490 per commit, 6.512%)
  Density :      94.059%
------------------------------------------------------------------------------------------
 10 buffer added (phase total 1281, total 1281)
 cpu=0:02:03 real=0:00:43.0 totSessionCpu=2:39:43 mem=3540.1M
===========================================================================================

Starting Phase 1 Step 2 Iter 10 ...
Committed on net sfp_instance/FE_OFN2941_n765
  Added inst sfp_instance/FE_PHC8079_FE_OFN2941_n765 (BUFFD0)
Committed on net sfp_instance/FE_OFN2683_n1406
  Added inst sfp_instance/FE_PHC8080_FE_OFN2683_n1406 (BUFFD0)
Committed on net sfp_instance/FE_OFN3053_n26065
  Added inst sfp_instance/FE_PHC8081_FE_OFN3053_n26065 (CKBD0)
Committed on net sfp_instance/FE_OFN2668_n732
  Added inst sfp_instance/FE_PHC8082_FE_OFN2668_n732 (BUFFD0)
Committed on net sfp_instance/FE_OFN3178_n24786
  Added inst sfp_instance/FE_PHC8083_FE_OFN3178_n24786 (BUFFD0)
Committed on net sfp_instance/FE_OFN2418_sum_2core_13_
  Added inst sfp_instance/FE_PHC8084_FE_OFN2418_sum_2core_13_ (BUFFD0)
Committed on net sfp_instance/FE_OCPN3834_N658
  Added inst sfp_instance/FE_PHC8085_FE_OCPN3834_N658 (BUFFD0)
Committed on net sfp_instance/FE_PHN8056_FE_OFN2941_n765
  Added inst sfp_instance/FE_PHC8086_FE_OFN2941_n765 (BUFFD0)
Committed on net sfp_instance/FE_PHN7647_FE_OCPN4977_n7599
  Added inst sfp_instance/FE_PHC8087_FE_OCPN4977_n7599 (BUFFD0)
Committed on net sfp_instance/n1979
  Added inst sfp_instance/FE_PHC8088_n1979 (BUFFD0)
Committed on net sfp_instance/FE_OCPN5041_n4767
  Added inst sfp_instance/FE_PHC8089_FE_OCPN5041_n4767 (BUFFD0)
Committed on net sfp_instance/n2018
  Added inst sfp_instance/FE_PHC8090_n2018 (BUFFD0)
Committed inst sfp_instance/FE_PHC8064_FE_OCPN4930_FE_OFN878_n765
  Resized cell BUFFD0 -> cell CKBD0
===========================================================================================
  Phase 1 : Step 2 Iter 10 Summary (AddBuffer + LegalResize)
------------------------------------------------------------------------------------------
 Hold WNS :      -0.2028
      TNS :      -6.8441
      #VP :          205
      TNS+:       0.1842/13 improved (0.0142 per commit, 2.621%)
  Density :      94.063%
------------------------------------------------------------------------------------------
 12 buffer added (phase total 1293, total 1293)
 1 inst resized (phase total 97, total 97)
 cpu=0:02:04 real=0:00:44.0 totSessionCpu=2:39:45 mem=3540.1M
===========================================================================================

Starting Phase 1 Step 2 Iter 11 ...
Committed on net sfp_instance/FE_PHN8076_FE_OFN2941_n765
  Added inst sfp_instance/FE_PHC8091_FE_OFN2941_n765 (BUFFD0)
Committed on net sfp_instance/FE_OFN2683_n1406
  Added inst sfp_instance/FE_PHC8092_FE_OFN2683_n1406 (BUFFD0)
Committed on net sfp_instance/FE_OFN3053_n26065
  Added inst sfp_instance/FE_PHC8093_FE_OFN3053_n26065 (BUFFD0)
Committed on net sfp_instance/FE_OFN2418_sum_2core_13_
  Added inst sfp_instance/FE_PHC8094_FE_OFN2418_sum_2core_13_ (CKBD0)
Committed on net sfp_instance/FE_OFN2668_n732
  Added inst sfp_instance/FE_PHC8095_FE_OFN2668_n732 (CKBD0)
Committed on net sfp_instance/n2061
  Added inst sfp_instance/FE_PHC8096_n2061 (BUFFD0)
===========================================================================================
  Phase 1 : Step 2 Iter 11 Summary (AddBuffer + LegalResize)
------------------------------------------------------------------------------------------
 Hold WNS :      -0.2033
      TNS :      -6.8839
      #VP :          206
      TNS+:      -0.0398/6 improved (-0.0066 per commit, 0.582%)
  Density :      94.065%
------------------------------------------------------------------------------------------
 6 buffer added (phase total 1299, total 1299)
 cpu=0:02:05 real=0:00:44.0 totSessionCpu=2:39:46 mem=3540.1M
===========================================================================================

Starting Phase 1 Step 2 Iter 12 ...
Committed on net sfp_instance/FE_PHN8005_FE_OFN2683_n1406
  Added inst sfp_instance/FE_PHC8097_FE_OFN2683_n1406 (CKBD0)
Committed on net sfp_instance/FE_PHN8059_FE_OFN2683_n1406
  Added inst sfp_instance/FE_PHC8098_FE_OFN2683_n1406 (BUFFD0)
Committed on net sfp_instance/FE_OFN3053_n26065
  Added inst sfp_instance/FE_PHC8099_FE_OFN3053_n26065 (CKBD0)
Committed on net sfp_instance/FE_OFN2418_sum_2core_13_
  Added inst sfp_instance/FE_PHC8100_FE_OFN2418_sum_2core_13_ (BUFFD0)
Committed inst sfp_instance/FE_OCPC4344_FE_OFN2664_n732
  Resized cell CKBD1 -> cell CKBD0
Committed on net sfp_instance/FE_PHN7727_FE_OFN2668_n732
  Added inst sfp_instance/FE_PHC8101_FE_OFN2668_n732 (CKBD0)
Committed on net sfp_instance/FE_PHN8027_FE_OFN2668_n732
  Added inst sfp_instance/FE_PHC8102_FE_OFN2668_n732 (BUFFD0)
===========================================================================================
  Phase 1 : Step 2 Iter 12 Summary (AddBuffer + LegalResize)
------------------------------------------------------------------------------------------
 Hold WNS :      -0.2033
      TNS :      -5.9977
      #VP :          178
      TNS+:       0.8862/7 improved (0.1266 per commit, 12.874%)
  Density :      94.067%
------------------------------------------------------------------------------------------
 6 buffer added (phase total 1305, total 1305)
 1 inst resized (phase total 98, total 98)
 cpu=0:02:06 real=0:00:45.0 totSessionCpu=2:39:47 mem=3540.1M
===========================================================================================

Starting Phase 1 Step 2 Iter 13 ...
Committed on net sfp_instance/FE_OFN3053_n26065
  Added inst sfp_instance/FE_PHC8103_FE_OFN3053_n26065 (CKBD0)
Committed on net sfp_instance/FE_OFN2418_sum_2core_13_
  Added inst sfp_instance/FE_PHC8104_FE_OFN2418_sum_2core_13_ (CKBD0)
Committed inst sfp_instance/FE_RC_3746_0
  Resized cell OR2D1 -> cell OR2D0
Committed inst sfp_instance/U7658
  Resized cell CKND2 -> cell CKND1
Committed on net sfp_instance/FE_PHN7296_FE_OFN972_n21308
  Added inst sfp_instance/FE_PHC8105_FE_OFN972_n21308 (BUFFD0)
===========================================================================================
  Phase 1 : Step 2 Iter 13 Summary (AddBuffer + LegalResize)
------------------------------------------------------------------------------------------
 Hold WNS :      -0.2033
      TNS :      -5.8257
      #VP :          171
      TNS+:       0.1720/5 improved (0.0344 per commit, 2.868%)
  Density :      94.067%
------------------------------------------------------------------------------------------
 3 buffer added (phase total 1308, total 1308)
 2 inst resized (phase total 100, total 100)
 cpu=0:02:07 real=0:00:45.0 totSessionCpu=2:39:48 mem=3540.1M
===========================================================================================

Starting Phase 1 Step 2 Iter 14 ...
Committed on net sfp_instance/FE_OFN3053_n26065
  Added inst sfp_instance/FE_PHC8106_FE_OFN3053_n26065 (CKBD0)
Committed on net sfp_instance/FE_OFN2418_sum_2core_13_
  Added inst sfp_instance/FE_PHC8107_FE_OFN2418_sum_2core_13_ (CKBD0)
===========================================================================================
  Phase 1 : Step 2 Iter 14 Summary (AddBuffer + LegalResize)
------------------------------------------------------------------------------------------
 Hold WNS :      -0.2031
      TNS :      -4.9631
      #VP :          127
      TNS+:       0.8626/2 improved (0.4313 per commit, 14.807%)
  Density :      94.068%
------------------------------------------------------------------------------------------
 2 buffer added (phase total 1310, total 1310)
 cpu=0:02:08 real=0:00:45.0 totSessionCpu=2:39:48 mem=3540.1M
===========================================================================================

Starting Phase 1 Step 2 Iter 15 ...
Committed on net sfp_instance/FE_OFN3053_n26065
  Added inst sfp_instance/FE_PHC8108_FE_OFN3053_n26065 (CKBD0)
Committed on net sfp_instance/FE_OFN2418_sum_2core_13_
  Added inst sfp_instance/FE_PHC8109_FE_OFN2418_sum_2core_13_ (BUFFD0)
===========================================================================================
  Phase 1 : Step 2 Iter 15 Summary (AddBuffer + LegalResize)
------------------------------------------------------------------------------------------
 Hold WNS :      -0.2022
      TNS :      -4.6475
      #VP :          120
      TNS+:       0.3156/2 improved (0.1578 per commit, 6.359%)
  Density :      94.069%
------------------------------------------------------------------------------------------
 2 buffer added (phase total 1312, total 1312)
 cpu=0:02:09 real=0:00:46.0 totSessionCpu=2:39:49 mem=3540.1M
===========================================================================================

Starting Phase 1 Step 2 Iter 16 ...
Committed on net sfp_instance/FE_OFN3053_n26065
  Added inst sfp_instance/FE_PHC8110_FE_OFN3053_n26065 (CKBD0)
Committed on net sfp_instance/FE_OFN2418_sum_2core_13_
  Added inst sfp_instance/FE_PHC8111_FE_OFN2418_sum_2core_13_ (CKBD0)
===========================================================================================
  Phase 1 : Step 2 Iter 16 Summary (AddBuffer + LegalResize)
------------------------------------------------------------------------------------------
 Hold WNS :      -0.2026
      TNS :      -3.6435
      #VP :           98
      TNS+:       1.0040/2 improved (0.5020 per commit, 21.603%)
  Density :      94.069%
------------------------------------------------------------------------------------------
 2 buffer added (phase total 1314, total 1314)
 cpu=0:02:09 real=0:00:46.0 totSessionCpu=2:39:50 mem=3540.1M
===========================================================================================

Starting Phase 1 Step 2 Iter 17 ...
Committed on net sfp_instance/FE_OFN3053_n26065
  Added inst sfp_instance/FE_PHC8112_FE_OFN3053_n26065 (BUFFD0)
Committed on net sfp_instance/FE_OFN2418_sum_2core_13_
  Added inst sfp_instance/FE_PHC8113_FE_OFN2418_sum_2core_13_ (CKBD0)
===========================================================================================
  Phase 1 : Step 2 Iter 17 Summary (AddBuffer + LegalResize)
------------------------------------------------------------------------------------------
 Hold WNS :      -0.2026
      TNS :      -3.6058
      #VP :           98
      TNS+:       0.0377/2 improved (0.0189 per commit, 1.035%)
  Density :      94.070%
------------------------------------------------------------------------------------------
 2 buffer added (phase total 1316, total 1316)
 cpu=0:02:10 real=0:00:47.0 totSessionCpu=2:39:50 mem=3540.1M
===========================================================================================

Starting Phase 1 Step 2 Iter 18 ...
Committed on net sfp_instance/FE_PHN8103_FE_OFN3053_n26065
  Added inst sfp_instance/FE_PHC8114_FE_OFN3053_n26065 (BUFFD0)
Committed on net sfp_instance/FE_PHN8007_FE_OFN3053_n26065
  Added inst sfp_instance/FE_PHC8115_FE_OFN3053_n26065 (BUFFD0)
Committed on net sfp_instance/FE_PHN7950_FE_OFN3053_n26065
  Added inst sfp_instance/FE_PHC8116_FE_OFN3053_n26065 (BUFFD0)
Committed on net sfp_instance/FE_PHN8106_FE_OFN3053_n26065
  Added inst sfp_instance/FE_PHC8117_FE_OFN3053_n26065 (BUFFD0)
Committed on net sfp_instance/FE_OFN2418_sum_2core_13_
  Added inst sfp_instance/FE_PHC8118_FE_OFN2418_sum_2core_13_ (CKBD0)
Committed inst sfp_instance/FE_PHC8071_FE_OFN3053_n26065
  Resized cell BUFFD0 -> cell CKBD0
===========================================================================================
  Phase 1 : Step 2 Iter 18 Summary (AddBuffer + LegalResize)
------------------------------------------------------------------------------------------
 Hold WNS :      -0.2026
      TNS :      -3.2379
      #VP :           84
      TNS+:       0.3679/6 improved (0.0613 per commit, 10.203%)
  Density :      94.071%
------------------------------------------------------------------------------------------
 5 buffer added (phase total 1321, total 1321)
 1 inst resized (phase total 101, total 101)
 cpu=0:02:11 real=0:00:47.0 totSessionCpu=2:39:51 mem=3540.1M
===========================================================================================

Starting Phase 1 Step 2 Iter 19 ...
Committed on net sfp_instance/FE_OFN2418_sum_2core_13_
  Added inst sfp_instance/FE_PHC8119_FE_OFN2418_sum_2core_13_ (CKBD0)
===========================================================================================
  Phase 1 : Step 2 Iter 19 Summary (AddBuffer + LegalResize)
------------------------------------------------------------------------------------------
 Hold WNS :      -0.2021
      TNS :      -3.0612
      #VP :           82
      TNS+:       0.1767/1 improved (0.1767 per commit, 5.457%)
  Density :      94.071%
------------------------------------------------------------------------------------------
 1 buffer added (phase total 1322, total 1322)
 cpu=0:02:11 real=0:00:48.0 totSessionCpu=2:39:51 mem=3540.1M
===========================================================================================

Starting Phase 1 Step 2 Iter 20 ...
Committed on net sfp_instance/FE_OFN2418_sum_2core_13_
  Added inst sfp_instance/FE_PHC8120_FE_OFN2418_sum_2core_13_ (CKBD0)
===========================================================================================
  Phase 1 : Step 2 Iter 20 Summary (AddBuffer + LegalResize)
------------------------------------------------------------------------------------------
 Hold WNS :      -0.2023
      TNS :      -2.9753
      #VP :           81
      TNS+:       0.0859/1 improved (0.0859 per commit, 2.806%)
  Density :      94.072%
------------------------------------------------------------------------------------------
 1 buffer added (phase total 1323, total 1323)
 cpu=0:02:11 real=0:00:48.0 totSessionCpu=2:39:52 mem=3540.1M
===========================================================================================

Starting Phase 1 Step 2 Iter 21 ...
Committed on net sfp_instance/FE_OFN2418_sum_2core_13_
  Added inst sfp_instance/FE_PHC8121_FE_OFN2418_sum_2core_13_ (CKBD0)
===========================================================================================
  Phase 1 : Step 2 Iter 21 Summary (AddBuffer + LegalResize)
------------------------------------------------------------------------------------------
 Hold WNS :      -0.2022
      TNS :      -2.9161
      #VP :           78
      TNS+:       0.0592/1 improved (0.0592 per commit, 1.990%)
  Density :      94.072%
------------------------------------------------------------------------------------------
 1 buffer added (phase total 1324, total 1324)
 cpu=0:02:12 real=0:00:48.0 totSessionCpu=2:39:52 mem=3540.1M
===========================================================================================

Starting Phase 1 Step 2 Iter 22 ...
Committed on net sfp_instance/FE_OFN2418_sum_2core_13_
  Added inst sfp_instance/FE_PHC8122_FE_OFN2418_sum_2core_13_ (CKBD0)
===========================================================================================
  Phase 1 : Step 2 Iter 22 Summary (AddBuffer + LegalResize)
------------------------------------------------------------------------------------------
 Hold WNS :      -0.2022
      TNS :      -2.8959
      #VP :           79
      TNS+:       0.0202/1 improved (0.0202 per commit, 0.693%)
  Density :      94.072%
------------------------------------------------------------------------------------------
 1 buffer added (phase total 1325, total 1325)
 cpu=0:02:12 real=0:00:49.0 totSessionCpu=2:39:53 mem=3540.1M
===========================================================================================

Starting Phase 1 Step 2 Iter 23 ...
Committed on net sfp_instance/FE_OFN2418_sum_2core_13_
  Added inst sfp_instance/FE_PHC8123_FE_OFN2418_sum_2core_13_ (CKBD0)
===========================================================================================
  Phase 1 : Step 2 Iter 23 Summary (AddBuffer + LegalResize)
------------------------------------------------------------------------------------------
 Hold WNS :      -0.2022
      TNS :      -2.7572
      #VP :           75
      TNS+:       0.1387/1 improved (0.1387 per commit, 4.790%)
  Density :      94.073%
------------------------------------------------------------------------------------------
 1 buffer added (phase total 1326, total 1326)
 cpu=0:02:13 real=0:00:49.0 totSessionCpu=2:39:53 mem=3540.1M
===========================================================================================

Starting Phase 1 Step 2 Iter 24 ...
Committed on net sfp_instance/FE_OFN2418_sum_2core_13_
  Added inst sfp_instance/FE_PHC8124_FE_OFN2418_sum_2core_13_ (CKBD0)
===========================================================================================
  Phase 1 : Step 2 Iter 24 Summary (AddBuffer + LegalResize)
------------------------------------------------------------------------------------------
 Hold WNS :      -0.2022
      TNS :      -2.4980
      #VP :           75
      TNS+:       0.2592/1 improved (0.2592 per commit, 9.401%)
  Density :      94.073%
------------------------------------------------------------------------------------------
 1 buffer added (phase total 1327, total 1327)
 cpu=0:02:13 real=0:00:49.0 totSessionCpu=2:39:54 mem=3540.1M
===========================================================================================

Starting Phase 1 Step 2 Iter 25 ...
Committed on net sfp_instance/FE_OFN2418_sum_2core_13_
  Added inst sfp_instance/FE_PHC8125_FE_OFN2418_sum_2core_13_ (CKBD0)
===========================================================================================
  Phase 1 : Step 2 Iter 25 Summary (AddBuffer + LegalResize)
------------------------------------------------------------------------------------------
 Hold WNS :      -0.2024
      TNS :      -2.4785
      #VP :           74
      TNS+:       0.0195/1 improved (0.0195 per commit, 0.781%)
  Density :      94.073%
------------------------------------------------------------------------------------------
 1 buffer added (phase total 1328, total 1328)
 cpu=0:02:14 real=0:00:50.0 totSessionCpu=2:39:54 mem=3540.1M
===========================================================================================

Starting Phase 1 Step 2 Iter 26 ...
Committed on net sfp_instance/FE_OFN2418_sum_2core_13_
  Added inst sfp_instance/FE_PHC8126_FE_OFN2418_sum_2core_13_ (CKBD0)
===========================================================================================
  Phase 1 : Step 2 Iter 26 Summary (AddBuffer + LegalResize)
------------------------------------------------------------------------------------------
 Hold WNS :      -0.2022
      TNS :      -2.4357
      #VP :           74
      TNS+:       0.0428/1 improved (0.0428 per commit, 1.727%)
  Density :      94.074%
------------------------------------------------------------------------------------------
 1 buffer added (phase total 1329, total 1329)
 cpu=0:02:14 real=0:00:50.0 totSessionCpu=2:39:55 mem=3540.1M
===========================================================================================

Starting Phase 1 Step 2 Iter 27 ...
Committed on net sfp_instance/FE_PHN8104_FE_OFN2418_sum_2core_13_
  Added inst sfp_instance/FE_PHC8127_FE_OFN2418_sum_2core_13_ (CKBD0)
Committed on net sfp_instance/FE_PHN8107_FE_OFN2418_sum_2core_13_
  Added inst sfp_instance/FE_PHC8128_FE_OFN2418_sum_2core_13_ (CKBD0)
Committed on net sfp_instance/FE_PHN8094_FE_OFN2418_sum_2core_13_
  Added inst sfp_instance/FE_PHC8129_FE_OFN2418_sum_2core_13_ (CKBD0)
Committed on net sfp_instance/FE_PHN6265_FE_OFN2418_sum_2core_13_
  Added inst sfp_instance/FE_PHC8130_FE_OFN2418_sum_2core_13_ (CKBD0)
Committed on net sfp_instance/FE_PHN8111_FE_OFN2418_sum_2core_13_
  Added inst sfp_instance/FE_PHC8131_FE_OFN2418_sum_2core_13_ (CKBD0)
Committed on net sfp_instance/FE_PHN7866_FE_OFN2418_sum_2core_13_
  Added inst sfp_instance/FE_PHC8132_FE_OFN2418_sum_2core_13_ (CKBD0)
Committed on net sfp_instance/FE_PHN8049_FE_OFN2418_sum_2core_13_
  Added inst sfp_instance/FE_PHC8133_FE_OFN2418_sum_2core_13_ (BUFFD0)
Committed on net sfp_instance/FE_PHN6931_FE_OFN2418_sum_2core_13_
  Added inst sfp_instance/FE_PHC8134_FE_OFN2418_sum_2core_13_ (BUFFD0)
Committed on net sfp_instance/div_23_u_div_BInv_6__15_
  Added inst sfp_instance/FE_PHC8135_div_23_u_div_BInv_6__15_ (BUFFD0)
Committed on net sfp_instance/FE_PHN7552_FE_OFN2418_sum_2core_13_
  Added inst sfp_instance/FE_PHC8136_FE_OFN2418_sum_2core_13_ (CKBD0)
Committed on net sfp_instance/FE_PHN8072_FE_OFN2418_sum_2core_13_
  Added inst sfp_instance/FE_PHC8137_FE_OFN2418_sum_2core_13_ (CKBD0)
===========================================================================================
  Phase 1 : Step 2 Iter 27 Summary (AddBuffer + LegalResize)
------------------------------------------------------------------------------------------
 Hold WNS :      -0.1831
      TNS :      -1.3826
      #VP :           36
      TNS+:       1.0531/11 improved (0.0957 per commit, 43.236%)
  Density :      94.077%
------------------------------------------------------------------------------------------
 11 buffer added (phase total 1340, total 1340)
 cpu=0:02:15 real=0:00:50.0 totSessionCpu=2:39:55 mem=3540.1M
===========================================================================================

Starting Phase 1 Step 2 Iter 28 ...
Committed on net sfp_instance/FE_PHN6593_FE_OFN2418_sum_2core_13_
  Added inst sfp_instance/FE_PHC8138_FE_OFN2418_sum_2core_13_ (CKBD0)
Committed on net sfp_instance/FE_PHN8132_FE_OFN2418_sum_2core_13_
  Added inst sfp_instance/FE_PHC8139_FE_OFN2418_sum_2core_13_ (CKBD0)
Committed on net sfp_instance/FE_PHN8072_FE_OFN2418_sum_2core_13_
  Added inst sfp_instance/FE_PHC8140_FE_OFN2418_sum_2core_13_ (CKBD0)
Committed on net sfp_instance/FE_PHN8128_FE_OFN2418_sum_2core_13_
  Added inst sfp_instance/FE_PHC8141_FE_OFN2418_sum_2core_13_ (CKBD0)
Committed on net sfp_instance/FE_PHN8129_FE_OFN2418_sum_2core_13_
  Added inst sfp_instance/FE_PHC8142_FE_OFN2418_sum_2core_13_ (CKBD0)
Committed on net sfp_instance/FE_PHN8131_FE_OFN2418_sum_2core_13_
  Added inst sfp_instance/FE_PHC8143_FE_OFN2418_sum_2core_13_ (CKBD0)
Committed on net sfp_instance/FE_PHN8127_FE_OFN2418_sum_2core_13_
  Added inst sfp_instance/FE_PHC8144_FE_OFN2418_sum_2core_13_ (BUFFD0)
Committed on net sfp_instance/FE_PHN8049_FE_OFN2418_sum_2core_13_
  Added inst sfp_instance/FE_PHC8145_FE_OFN2418_sum_2core_13_ (BUFFD0)
Committed on net sfp_instance/FE_PHN8136_FE_OFN2418_sum_2core_13_
  Added inst sfp_instance/FE_PHC8146_FE_OFN2418_sum_2core_13_ (BUFFD0)
===========================================================================================
  Phase 1 : Step 2 Iter 28 Summary (AddBuffer + LegalResize)
------------------------------------------------------------------------------------------
 Hold WNS :      -0.1831
      TNS :      -0.8828
      #VP :           13
      TNS+:       0.4998/9 improved (0.0555 per commit, 36.149%)
  Density :      94.079%
------------------------------------------------------------------------------------------
 9 buffer added (phase total 1349, total 1349)
 cpu=0:02:15 real=0:00:51.0 totSessionCpu=2:39:56 mem=3540.1M
===========================================================================================

Starting Phase 1 Step 2 Iter 29 ...
Committed on net sfp_instance/FE_PHN7955_FE_OFN2418_sum_2core_13_
  Added inst sfp_instance/FE_PHC8147_FE_OFN2418_sum_2core_13_ (CKBD0)
Committed on net sfp_instance/FE_PHN8139_FE_OFN2418_sum_2core_13_
  Added inst sfp_instance/FE_PHC8148_FE_OFN2418_sum_2core_13_ (CKBD0)
Committed on net sfp_instance/FE_PHN8141_FE_OFN2418_sum_2core_13_
  Added inst sfp_instance/FE_PHC8149_FE_OFN2418_sum_2core_13_ (BUFFD0)
Committed on net sfp_instance/FE_PHN8072_FE_OFN2418_sum_2core_13_
  Added inst sfp_instance/FE_PHC8150_FE_OFN2418_sum_2core_13_ (BUFFD0)
Committed on net sfp_instance/FE_PHN8142_FE_OFN2418_sum_2core_13_
  Added inst sfp_instance/FE_PHC8151_FE_OFN2418_sum_2core_13_ (BUFFD0)
Committed on net sfp_instance/FE_PHN8143_FE_OFN2418_sum_2core_13_
  Added inst sfp_instance/FE_PHC8152_FE_OFN2418_sum_2core_13_ (BUFFD0)
===========================================================================================
  Phase 1 : Step 2 Iter 29 Summary (AddBuffer + LegalResize)
------------------------------------------------------------------------------------------
 Hold WNS :      -0.1831
      TNS :      -0.7763
      #VP :           11
      TNS+:       0.1065/6 improved (0.0178 per commit, 12.064%)
  Density :      94.081%
------------------------------------------------------------------------------------------
 6 buffer added (phase total 1355, total 1355)
 cpu=0:02:16 real=0:00:51.0 totSessionCpu=2:39:56 mem=3540.1M
===========================================================================================

Starting Phase 1 Step 2 Iter 30 ...
Committed on net sfp_instance/FE_PHN8147_FE_OFN2418_sum_2core_13_
  Added inst sfp_instance/FE_PHC8153_FE_OFN2418_sum_2core_13_ (BUFFD0)
Committed on net sfp_instance/FE_PHN8025_FE_OFN2418_sum_2core_13_
  Added inst sfp_instance/FE_PHC8154_FE_OFN2418_sum_2core_13_ (CKBD0)
Committed on net sfp_instance/FE_PHN8140_FE_OFN2418_sum_2core_13_
  Added inst sfp_instance/FE_PHC8155_FE_OFN2418_sum_2core_13_ (BUFFD0)
===========================================================================================
  Phase 1 : Step 2 Iter 30 Summary (AddBuffer + LegalResize)
------------------------------------------------------------------------------------------
 Hold WNS :      -0.1831
      TNS :      -0.6781
      #VP :            8
      TNS+:       0.0982/3 improved (0.0327 per commit, 12.650%)
  Density :      94.082%
------------------------------------------------------------------------------------------
 3 buffer added (phase total 1358, total 1358)
 cpu=0:02:16 real=0:00:51.0 totSessionCpu=2:39:56 mem=3540.1M
===========================================================================================

Starting Phase 1 Step 2 Iter 31 ...
Committed on net sfp_instance/FE_PHN8148_FE_OFN2418_sum_2core_13_
  Added inst sfp_instance/FE_PHC8156_FE_OFN2418_sum_2core_13_ (CKBD0)
===========================================================================================
  Phase 1 : Step 2 Iter 31 Summary (AddBuffer + LegalResize)
------------------------------------------------------------------------------------------
 Hold WNS :      -0.1831
      TNS :      -0.6361
      #VP :            8
      TNS+:       0.0420/1 improved (0.0420 per commit, 6.194%)
  Density :      94.082%
------------------------------------------------------------------------------------------
 1 buffer added (phase total 1359, total 1359)
 cpu=0:02:16 real=0:00:51.0 totSessionCpu=2:39:57 mem=3540.1M
===========================================================================================

Starting Phase 1 Step 2 Iter 32 ...
Committed on net sfp_instance/FE_PHN8156_FE_OFN2418_sum_2core_13_
  Added inst sfp_instance/FE_PHC8157_FE_OFN2418_sum_2core_13_ (BUFFD0)
===========================================================================================
  Phase 1 : Step 2 Iter 32 Summary (AddBuffer + LegalResize)
------------------------------------------------------------------------------------------
 Hold WNS :      -0.1831
      TNS :      -0.6129
      #VP :            7
      TNS+:       0.0232/1 improved (0.0232 per commit, 3.647%)
  Density :      94.083%
------------------------------------------------------------------------------------------
 1 buffer added (phase total 1360, total 1360)
 cpu=0:02:17 real=0:00:52.0 totSessionCpu=2:39:57 mem=3540.1M
===========================================================================================

Starting Phase 1 Step 2 Iter 33 ...
===========================================================================================
  Phase 1 : Step 2 Iter 33 Summary (AddBuffer + LegalResize)
------------------------------------------------------------------------------------------
 Hold WNS :      -0.1831
      TNS :      -0.6129
      #VP :            7
  Density :      94.083%
------------------------------------------------------------------------------------------
 cpu=0:02:17 real=0:00:52.0 totSessionCpu=2:39:57 mem=3540.1M
===========================================================================================


*info:    Total 1360 cells added for Phase I
*info:    Total 101 instances resized for Phase I

Phase II ......
Executing transform: AddBuffer
===========================================================================================
  Phase 2 : Step 1 Iter 0 Summary (AddBuffer)
------------------------------------------------------------------------------------------
 Hold WNS :      -0.1831
      TNS :      -0.6129
      #VP :            7
  Density :      94.083%
------------------------------------------------------------------------------------------
 cpu=0:02:17 real=0:00:53.0 totSessionCpu=2:39:58 mem=3540.1M
===========================================================================================

Starting Phase 2 Step 1 Iter 1 ...
Committed on net sfp_instance/FE_RN_2160_0
  Added inst sfp_instance/FE_PHC8158_FE_RN_2160_0 (CKBD0)
===========================================================================================
  Phase 2 : Step 1 Iter 1 Summary (AddBuffer)
------------------------------------------------------------------------------------------
 Hold WNS :      -0.1831
      TNS :      -0.6129
      #VP :            7
      TNS+:       0.0000/1 improved (0.0000 per commit, 0.000%)
  Density :      94.083%
------------------------------------------------------------------------------------------
 1 buffer added (phase total 1, total 1361)
 cpu=0:02:23 real=0:00:54.0 totSessionCpu=2:40:04 mem=3540.1M
===========================================================================================

Starting Phase 2 Step 1 Iter 2 ...
Committed on net sfp_instance/FE_RN_2160_0
  Added inst sfp_instance/FE_PHC8159_FE_RN_2160_0 (BUFFD0)
===========================================================================================
  Phase 2 : Step 1 Iter 2 Summary (AddBuffer)
------------------------------------------------------------------------------------------
 Hold WNS :      -0.1831
      TNS :      -0.6129
      #VP :            7
      TNS+:       0.0000/1 improved (0.0000 per commit, 0.000%)
  Density :      94.083%
------------------------------------------------------------------------------------------
 1 buffer added (phase total 2, total 1362)
 cpu=0:02:24 real=0:00:54.0 totSessionCpu=2:40:04 mem=3540.1M
===========================================================================================

Starting Phase 2 Step 1 Iter 3 ...
===========================================================================================
  Phase 2 : Step 1 Iter 3 Summary (AddBuffer)
------------------------------------------------------------------------------------------
 Hold WNS :      -0.1831
      TNS :      -0.6129
      #VP :            7
  Density :      94.083%
------------------------------------------------------------------------------------------
 cpu=0:02:24 real=0:00:54.0 totSessionCpu=2:40:04 mem=3540.1M
===========================================================================================


*info:    Total 2 cells added for Phase II

*** Finished Core Fixing (fixHold) cpu=0:02:24 real=0:00:54.0 totSessionCpu=2:40:05 mem=3540.1M density=94.083% ***
*info:
*info: Added a total of 1362 cells to fix/reduce hold violation
*info:
*info: Summary: 
*info:          626 cells of type 'BUFFD0' used
*info:          736 cells of type 'CKBD0' used
*info:
*info:
*info: Total 101 instances resized
*info:       in which 0 FF resizing
*info:
*summary:    187 instances changed cell type
*	:      1 instance  changed cell type from 'AOI211XD1' to 'AOI211XD2'
*	:      1 instance  changed cell type from 'AOI211XD2' to 'AOI211XD1'
*	:      1 instance  changed cell type from 'AOI22D0' to 'AOI22D1'
*	:      1 instance  changed cell type from 'AOI22D1' to 'AOI22D0'
*	:      1 instance  changed cell type from 'BUFFD0' to 'BUFFD1'
*	:      5 instances changed cell type from 'BUFFD0' to 'CKBD0'
*	:      1 instance  changed cell type from 'BUFFD1' to 'BUFFD0'
*	:      8 instances changed cell type from 'BUFFD1' to 'CKBD0'
*	:      3 instances changed cell type from 'BUFFD2' to 'CKBD0'
*	:      1 instance  changed cell type from 'BUFFD3' to 'BUFFD0'
*	:      3 instances changed cell type from 'CKBD0' to 'BUFFD1'
*	:      1 instance  changed cell type from 'CKBD0' to 'BUFFD2'
*	:      1 instance  changed cell type from 'CKBD0' to 'CKBD1'
*	:      1 instance  changed cell type from 'CKBD0' to 'CKBD2'
*	:      9 instances changed cell type from 'CKBD1' to 'CKBD0'
*	:      2 instances changed cell type from 'CKBD2' to 'CKBD0'
*	:      1 instance  changed cell type from 'CKBD4' to 'BUFFD0'
*	:      1 instance  changed cell type from 'CKND0' to 'CKND1'
*	:      6 instances changed cell type from 'CKND1' to 'CKND0'
*	:      1 instance  changed cell type from 'CKND1' to 'CKND2'
*	:      1 instance  changed cell type from 'CKND1' to 'INVD0'
*	:      2 instances changed cell type from 'CKND1' to 'INVD2'
*	:      2 instances changed cell type from 'CKND1' to 'INVD3'
*	:      2 instances changed cell type from 'CKND2' to 'CKND0'
*	:      5 instances changed cell type from 'CKND2' to 'CKND1'
*	:      2 instances changed cell type from 'CKND2' to 'INVD1'
*	:      3 instances changed cell type from 'CKND2D0' to 'CKND2D1'
*	:      1 instance  changed cell type from 'CKND2D0' to 'CKND2D2'
*	:     11 instances changed cell type from 'CKND2D1' to 'CKND2D0'
*	:      2 instances changed cell type from 'CKND2D1' to 'ND2D0'
*	:      2 instances changed cell type from 'CKND2D2' to 'CKND2D0'
*	:      2 instances changed cell type from 'CKND3' to 'CKND1'
*	:      2 instances changed cell type from 'CKXOR2D1' to 'CKXOR2D0'
*	:      4 instances changed cell type from 'CKXOR2D1' to 'XOR2D0'
*	:      1 instance  changed cell type from 'CKXOR2D2' to 'CKXOR2D0'
*	:      3 instances changed cell type from 'CKXOR2D2' to 'XOR2D0'
*	:      1 instance  changed cell type from 'IAO21D0' to 'IAO21D1'
*	:      1 instance  changed cell type from 'IAO21D1' to 'IAO21D0'
*	:      2 instances changed cell type from 'IND2D0' to 'IND2D1'
*	:      8 instances changed cell type from 'IND2D1' to 'IND2D0'
*	:      1 instance  changed cell type from 'IND2D1' to 'IND2D2'
*	:      1 instance  changed cell type from 'IND2D2' to 'IND2D1'
*	:      2 instances changed cell type from 'IND2D4' to 'IND2D1'
*	:      1 instance  changed cell type from 'IND3D0' to 'IND3D1'
*	:      1 instance  changed cell type from 'IND3D1' to 'IND3D0'
*	:      1 instance  changed cell type from 'INR2D2' to 'INR2XD0'
*	:      1 instance  changed cell type from 'INR2D4' to 'INR2XD0'
*	:      1 instance  changed cell type from 'INR2XD0' to 'INR2XD1'
*	:      1 instance  changed cell type from 'INR2XD1' to 'INR2XD0'
*	:      2 instances changed cell type from 'INVD1' to 'CKND0'
*	:      2 instances changed cell type from 'INVD1' to 'CKND2'
*	:      1 instance  changed cell type from 'INVD1' to 'INVD2'
*	:      2 instances changed cell type from 'INVD2' to 'CKND1'
*	:      1 instance  changed cell type from 'INVD2' to 'INVD1'
*	:      2 instances changed cell type from 'INVD3' to 'CKND1'
*	:      1 instance  changed cell type from 'INVD4' to 'INVD1'
*	:      1 instance  changed cell type from 'ND2D0' to 'ND2D4'
*	:      3 instances changed cell type from 'ND2D1' to 'ND2D0'
*	:      1 instance  changed cell type from 'ND2D2' to 'CKND2D0'
*	:      1 instance  changed cell type from 'ND2D4' to 'ND2D0'
*	:      2 instances changed cell type from 'NR2D1' to 'NR2D0'
*	:      4 instances changed cell type from 'NR2D2' to 'NR2XD0'
*	:      1 instance  changed cell type from 'NR2D3' to 'NR2XD0'
*	:      1 instance  changed cell type from 'NR2D3' to 'NR2XD1'
*	:      1 instance  changed cell type from 'NR2D8' to 'NR2XD2'
*	:      1 instance  changed cell type from 'NR2XD0' to 'NR2D3'
*	:      1 instance  changed cell type from 'NR2XD0' to 'NR2XD1'
*	:      5 instances changed cell type from 'NR2XD1' to 'NR2XD0'
*	:      3 instances changed cell type from 'NR2XD1' to 'NR2XD2'
*	:      2 instances changed cell type from 'NR2XD1' to 'NR2XD4'
*	:      1 instance  changed cell type from 'NR2XD2' to 'NR2D8'
*	:      6 instances changed cell type from 'NR2XD2' to 'NR2XD1'
*	:      2 instances changed cell type from 'NR2XD2' to 'NR2XD3'
*	:      1 instance  changed cell type from 'NR2XD3' to 'NR2XD2'
*	:      2 instances changed cell type from 'NR2XD4' to 'NR2XD1'
*	:      1 instance  changed cell type from 'NR2XD4' to 'NR2XD2'
*	:      1 instance  changed cell type from 'NR4D1' to 'NR4D2'
*	:      1 instance  changed cell type from 'NR4D2' to 'NR4D1'
*	:      3 instances changed cell type from 'OAI21D0' to 'OAI21D1'
*	:      5 instances changed cell type from 'OAI21D1' to 'OAI21D0'
*	:      1 instance  changed cell type from 'OAI22D0' to 'OAI22D1'
*	:      4 instances changed cell type from 'OAI22D1' to 'OAI22D0'
*	:      1 instance  changed cell type from 'OR2D1' to 'OR2D0'
*	:      1 instance  changed cell type from 'OR2D2' to 'OR2D0'
*	:      1 instance  changed cell type from 'OR2XD1' to 'OR2D0'
*	:      1 instance  changed cell type from 'XNR2D1' to 'XNR2D0'
*	:      1 instance  changed cell type from 'XOR2D2' to 'CKXOR2D0'


=======================================================================
                Reasons for remaining hold violations
=======================================================================
*info: Total 1419 net(s) have violated hold timing slacks.

Buffering failure reasons
------------------------------------------------
*info:     2 net(s): Could not be fixed because of DRV degradation.
*info:  1226 net(s): Could not be fixed because of setup WNS degradation on specific instance.
*info:     1 net(s): Could not be fixed because of hold slack degradation.
*info:   190 net(s): Could not be fixed because of small ROI in the move tried.

Resizing failure reasons
------------------------------------------------
*info:     6 net(s): Could not be fixed because of no legal loc.
*info:     5 net(s): Could not be fixed because of DRV degradation.
*info:    10 net(s): Could not be fixed because of hold view DRV degradation.
*info:   159 net(s): Could not be fixed because of setup WNS degradation on specific instance.
*info:    93 net(s): Could not be fixed because of hold slack degradation.
*info:    17 net(s): Could not be fixed because of hold view slew degrade.
*info:   683 net(s): Could not be fixed because of no valid cell for resizing.
*info:   301 net(s): Could not be fixed because all the cells are filtered.

*info: net names were printed out to logv file

*** Finish Post Route Hold Fixing (cpu=0:02:24 real=0:00:55.0 totSessionCpu=2:40:05 mem=3540.1M density=94.083%) ***
*** Starting refinePlace (2:40:05 mem=3330.6M) ***
Density distribution unevenness ratio = 1.633%
Move report: Detail placement moves 0 insts, mean move: 0.00 um, max move: 0.00 um
	Runtime: CPU: 0:00:00.9 REAL: 0:00:01.0 MEM: 3330.6MB
Summary Report:
Instances move: 0 (out of 54504 movable)
Mean displacement: 0.00 um
Max displacement: 0.00 um 
Runtime: CPU: 0:00:01.0 REAL: 0:00:01.0 MEM: 3330.6MB
*** Finished refinePlace (2:40:06 mem=3330.6M) ***
Density distribution unevenness ratio = 1.842%
Default Rule : ""
Non Default Rules :
Worst Slack : -0.011 ns
Total 0 nets layer assigned (1.5).
GigaOpt: setting up router preferences
        design wns: -0.0106
        slack threshold: 1.4094
GigaOpt: 144 nets assigned router directives

Start Assign Priority Nets ...
TargetSlk(0.200ns) MaxAssign(3%) MinLen(50um)
Existing Priority Nets 0 (0.0%)
Total Assign Priority Nets 1611 (2.8%)
Default Rule : ""
Non Default Rules :
Worst Slack : -0.011 ns
Total 0 nets layer assigned (0.5).
GigaOpt: setting up router preferences
        design wns: -0.0106
        slack threshold: 1.4094
GigaOpt: 0 nets assigned router directives

Start Assign Priority Nets ...
TargetSlk(0.200ns) MaxAssign(3%) MinLen(50um)
Existing Priority Nets 0 (0.0%)
Total Assign Priority Nets 1611 (2.8%)
** Profile ** Start :  cpu=0:00:00.0, mem=2821.1M
** Profile ** Other data :  cpu=0:00:00.2, mem=2821.1M
** Profile ** Overall slacks :  cpu=0:00:00.5, mem=2821.1M
** Profile ** DRVs :  cpu=0:00:01.0, mem=2821.1M

------------------------------------------------------------
        Pre-ecoRoute Summary                             
------------------------------------------------------------

Setup views included:
 WC_VIEW 

+--------------------+---------+---------+---------+
|     Setup mode     |   all   | reg2reg | default |
+--------------------+---------+---------+---------+
|           WNS (ns):| -0.011  | -0.011  |  0.396  |
|           TNS (ns):| -0.058  | -0.058  |  0.000  |
|    Violating Paths:|   15    |   15    |    0    |
|          All Paths:|  8401   |  6831   |  3064   |
+--------------------+---------+---------+---------+

+----------------+-------------------------------+------------------+
|                |              Real             |       Total      |
|    DRVs        +------------------+------------+------------------|
|                |  Nr nets(terms)  | Worst Vio  |  Nr nets(terms)  |
+----------------+------------------+------------+------------------+
|   max_cap      |      0 (0)       |   0.000    |      0 (0)       |
|   max_tran     |      0 (0)       |   0.000    |      0 (0)       |
|   max_fanout   |      0 (0)       |     0      |      0 (0)       |
|   max_length   |      0 (0)       |     0      |      0 (0)       |
+----------------+------------------+------------+------------------+

Density: 38.297%
       (94.083% with Fillers)
Total number of glitch violations: 0
------------------------------------------------------------
** Profile ** Report data :  cpu=0:00:00.0, mem=2821.1M
**optDesign ... cpu = 0:08:33, real = 0:03:36, mem = 2676.6M, totSessionCpu=2:40:13 **
-routeWithEco false                      # bool, default=false
-routeWithEco true                       # bool, default=false, user setting
-routeSelectedNetOnly false              # bool, default=false, user setting
-routeWithTimingDriven true              # bool, default=false, user setting
-routeWithTimingDriven false             # bool, default=false, user setting
-routeWithSiDriven true                  # bool, default=false, user setting
-routeWithSiDriven false                 # bool, default=false, user setting

globalDetailRoute

#setNanoRouteMode -drouteAutoStop true
#setNanoRouteMode -drouteFixAntenna true
#setNanoRouteMode -routeSelectedNetOnly false
#setNanoRouteMode -routeTopRoutingLayer 6
#setNanoRouteMode -routeWithEco true
#setNanoRouteMode -routeWithSiDriven false
#setNanoRouteMode -routeWithTimingDriven false
#Start globalDetailRoute on Sat Mar 22 19:14:32 2025
#
#WARNING (NRDB-682) Connectivity is broken at PIN Z of INST sfp_instance/FE_PHC6765_FE_OFN2683_n1406 connects to NET sfp_instance/FE_PHN6765_FE_OFN2683_n1406 at location ( 433.700 450.200 ) on LAYER M1. The location is not inside the pin geometry extraction.
#WARNING (NRIG-44) Imported NET sfp_instance/FE_PHN6765_FE_OFN2683_n1406 has LVS problem. The integrity of the wires will be checked. NanoRoute will continue. Check the net for FIXED or misaligned routing connections. If necessary, skip this net or delete the net routing.
#WARNING (NRDB-682) Connectivity is broken at PIN A2 of INST sfp_instance/U2152_dup connects to NET sfp_instance/FE_PHN6760_FE_OFN2080_div_20_u_div_u_add_PartRem_1_0_3_B_11_ at location ( 405.100 457.200 ) on LAYER M1. The location is not inside the pin geometry extraction.
#WARNING (NRIG-44) Imported NET sfp_instance/FE_PHN6760_FE_OFN2080_div_20_u_div_u_add_PartRem_1_0_3_B_11_ has LVS problem. The integrity of the wires will be checked. NanoRoute will continue. Check the net for FIXED or misaligned routing connections. If necessary, skip this net or delete the net routing.
#WARNING (NRDB-682) Connectivity is broken at PIN Z of INST sfp_instance/FE_PHC6754_FE_OCPN4227_FE_OFN3045_n26065 connects to NET sfp_instance/FE_PHN6754_FE_OCPN4227_FE_OFN3045_n26065 at location ( 432.300 450.000 ) on LAYER M1. The location is not inside the pin geometry extraction.
#WARNING (NRIG-44) Imported NET sfp_instance/FE_PHN6754_FE_OCPN4227_FE_OFN3045_n26065 has LVS problem. The integrity of the wires will be checked. NanoRoute will continue. Check the net for FIXED or misaligned routing connections. If necessary, skip this net or delete the net routing.
#WARNING (NRDB-682) Connectivity is broken at PIN A2 of INST sfp_instance/U5913 connects to NET sfp_instance/FE_PHN6720_FE_OFN3112_div_22_u_div_BInv_6__3_ at location ( 389.700 425.200 ) on LAYER M1. The location is not inside the pin geometry extraction.
#WARNING (NRIG-44) Imported NET sfp_instance/FE_PHN6720_FE_OFN3112_div_22_u_div_BInv_6__3_ has LVS problem. The integrity of the wires will be checked. NanoRoute will continue. Check the net for FIXED or misaligned routing connections. If necessary, skip this net or delete the net routing.
#WARNING (NRDB-682) Connectivity is broken at PIN A2 of INST sfp_instance/FE_RC_4271_0 connects to NET sfp_instance/FE_PHN6717_n5159 at location ( 147.900 207.400 ) on LAYER M1. The location is not inside the pin geometry extraction.
#WARNING (NRIG-44) Imported NET sfp_instance/FE_PHN6717_n5159 has LVS problem. The integrity of the wires will be checked. NanoRoute will continue. Check the net for FIXED or misaligned routing connections. If necessary, skip this net or delete the net routing.
#WARNING (NRDB-682) Connectivity is broken at PIN A2 of INST sfp_instance/FE_RC_4272_0 connects to NET sfp_instance/FE_PHN6716_n5158 at location ( 145.100 207.800 ) on LAYER M1. The location is not inside the pin geometry extraction.
#WARNING (NRIG-44) Imported NET sfp_instance/FE_PHN6716_n5158 has LVS problem. The integrity of the wires will be checked. NanoRoute will continue. Check the net for FIXED or misaligned routing connections. If necessary, skip this net or delete the net routing.
#WARNING (NRDB-682) Connectivity is broken at PIN A2 of INST sfp_instance/U9862 connects to NET sfp_instance/FE_PHN6703_n16479 at location ( 276.900 335.200 ) on LAYER M1. The location is not inside the pin geometry extraction.
#WARNING (NRDB-682) Connectivity is broken at PIN A2 of INST sfp_instance/U9855 connects to NET sfp_instance/FE_PHN6703_n16479 at location ( 277.300 335.200 ) on LAYER M1. The location is not inside the pin geometry extraction.
#WARNING (NRDB-682) Connectivity is broken at PIN A2 of INST sfp_instance/U9855 connects to NET sfp_instance/FE_PHN6703_n16479 at location ( 278.300 335.400 ) on LAYER M1. The location is not inside the pin geometry extraction.
#WARNING (NRIG-44) Imported NET sfp_instance/FE_PHN6703_n16479 has LVS problem. The integrity of the wires will be checked. NanoRoute will continue. Check the net for FIXED or misaligned routing connections. If necessary, skip this net or delete the net routing.
#WARNING (NRDB-682) Connectivity is broken at PIN A2 of INST sfp_instance/U9883 connects to NET sfp_instance/FE_PHN6677_n16524 at location ( 180.500 344.400 ) on LAYER M1. The location is not inside the pin geometry extraction.
#WARNING (NRIG-44) Imported NET sfp_instance/FE_PHN6677_n16524 has LVS problem. The integrity of the wires will be checked. NanoRoute will continue. Check the net for FIXED or misaligned routing connections. If necessary, skip this net or delete the net routing.
#WARNING (NRDB-682) Connectivity is broken at PIN A2 of INST sfp_instance/U2843 connects to NET sfp_instance/FE_PHN6630_n5161 at location ( 147.500 211.000 ) on LAYER M1. The location is not inside the pin geometry extraction.
#WARNING (NRIG-44) Imported NET sfp_instance/FE_PHN6630_n5161 has LVS problem. The integrity of the wires will be checked. NanoRoute will continue. Check the net for FIXED or misaligned routing connections. If necessary, skip this net or delete the net routing.
#WARNING (NRDB-682) Connectivity is broken at PIN A2 of INST sfp_instance/U1004 connects to NET sfp_instance/FE_PHN6628_n10543 at location ( 282.300 72.400 ) on LAYER M1. The location is not inside the pin geometry extraction.
#WARNING (NRIG-44) Imported NET sfp_instance/FE_PHN6628_n10543 has LVS problem. The integrity of the wires will be checked. NanoRoute will continue. Check the net for FIXED or misaligned routing connections. If necessary, skip this net or delete the net routing.
#WARNING (NRDB-682) Connectivity is broken at PIN A2 of INST sfp_instance/U812 connects to NET sfp_instance/FE_PHN6620_FE_OFN3153_sum_2core_18_ at location ( 197.900 139.200 ) on LAYER M1. The location is not inside the pin geometry extraction.
#WARNING (NRIG-44) Imported NET sfp_instance/FE_PHN6620_FE_OFN3153_sum_2core_18_ has LVS problem. The integrity of the wires will be checked. NanoRoute will continue. Check the net for FIXED or misaligned routing connections. If necessary, skip this net or delete the net routing.
#WARNING (NRDB-682) Connectivity is broken at PIN A2 of INST sfp_instance/U840 connects to NET sfp_instance/FE_PHN6616_FE_OFN3198_sum_2core_18_ at location ( 295.900 391.600 ) on LAYER M1. The location is not inside the pin geometry extraction.
#WARNING (NRIG-44) Imported NET sfp_instance/FE_PHN6616_FE_OFN3198_sum_2core_18_ has LVS problem. The integrity of the wires will be checked. NanoRoute will continue. Check the net for FIXED or misaligned routing connections. If necessary, skip this net or delete the net routing.
#WARNING (NRDB-682) Connectivity is broken at PIN A2 of INST sfp_instance/U9784 connects to NET sfp_instance/FE_PHN6600_FE_OFN2577_n697 at location ( 192.700 317.200 ) on LAYER M1. The location is not inside the pin geometry extraction.
#WARNING (NRIG-44) Imported NET sfp_instance/FE_PHN6600_FE_OFN2577_n697 has LVS problem. The integrity of the wires will be checked. NanoRoute will continue. Check the net for FIXED or misaligned routing connections. If necessary, skip this net or delete the net routing.
#WARNING (NRDB-682) Connectivity is broken at PIN A2 of INST sfp_instance/U2206 connects to NET sfp_instance/FE_PHN6587_FE_OCPN4812_div_20_u_div_BInv_3__12_ at location ( 436.700 455.600 ) on LAYER M1. The location is not inside the pin geometry extraction.
#WARNING (NRIG-44) Imported NET sfp_instance/FE_PHN6587_FE_OCPN4812_div_20_u_div_BInv_3__12_ has LVS problem. The integrity of the wires will be checked. NanoRoute will continue. Check the net for FIXED or misaligned routing connections. If necessary, skip this net or delete the net routing.
#WARNING (NRDB-682) Connectivity is broken at PIN A2 of INST sfp_instance/U5005 connects to NET sfp_instance/FE_PHN6576_FE_OFN2421_sum_2core_13_ at location ( 415.700 459.600 ) on LAYER M1. The location is not inside the pin geometry extraction.
#WARNING (NRIG-44) Imported NET sfp_instance/FE_PHN6576_FE_OFN2421_sum_2core_13_ has LVS problem. The integrity of the wires will be checked. NanoRoute will continue. Check the net for FIXED or misaligned routing connections. If necessary, skip this net or delete the net routing.
#WARNING (NRDB-682) Connectivity is broken at PIN A2 of INST sfp_instance/FE_RC_3035_0 connects to NET sfp_instance/FE_PHN6573_FE_OFN2746_n777 at location ( 455.100 406.800 ) on LAYER M1. The location is not inside the pin geometry extraction.
#WARNING (NRIG-44) Imported NET sfp_instance/FE_PHN6573_FE_OFN2746_n777 has LVS problem. The integrity of the wires will be checked. NanoRoute will continue. Check the net for FIXED or misaligned routing connections. If necessary, skip this net or delete the net routing.
#WARNING (NRDB-682) Connectivity is broken at PIN A2 of INST sfp_instance/U10214 connects to NET sfp_instance/FE_PHN6571_FE_OFN1815_n803 at location ( 185.500 322.600 ) on LAYER M1. The location is not inside the pin geometry extraction.
#WARNING (NRDB-682) Connectivity is broken at PIN A2 of INST sfp_instance/U9801 connects to NET sfp_instance/FE_PHN6571_FE_OFN1815_n803 at location ( 207.900 295.800 ) on LAYER M1. The location is not inside the pin geometry extraction.
#WARNING (NRIG-44) Imported NET sfp_instance/FE_PHN6571_FE_OFN1815_n803 has LVS problem. The integrity of the wires will be checked. NanoRoute will continue. Check the net for FIXED or misaligned routing connections. If necessary, skip this net or delete the net routing.
#WARNING (EMS-27) Message (NRDB-682) has exceeded the current message display limit of 20.
#To increase the message display limit, refer to the product command reference manual.
#WARNING (NRIG-44) Imported NET sfp_instance/FE_PHN6570_FE_OCPN4809_FE_OFN3049_n26065 has LVS problem. The integrity of the wires will be checked. NanoRoute will continue. Check the net for FIXED or misaligned routing connections. If necessary, skip this net or delete the net routing.
#WARNING (NRIG-44) Imported NET sfp_instance/FE_PHN6562_n20645 has LVS problem. The integrity of the wires will be checked. NanoRoute will continue. Check the net for FIXED or misaligned routing connections. If necessary, skip this net or delete the net routing.
#WARNING (NRIG-44) Imported NET sfp_instance/FE_PHN6553_FE_OFN3018_n1299 has LVS problem. The integrity of the wires will be checked. NanoRoute will continue. Check the net for FIXED or misaligned routing connections. If necessary, skip this net or delete the net routing.
#WARNING (EMS-27) Message (NRIG-44) has exceeded the current message display limit of 20.
#To increase the message display limit, refer to the product command reference manual.
#NanoRoute Version 15.23-s045_1 NR160414-1105/15_23-UB
#Loading the last recorded routing design signature
#Created 1394 NETS and 0 SPECIALNETS new signatures
#Summary of the placement changes since last routing:
#  Number of instances added (including moved) = 1439
#  Number of instances deleted (including moved) = 47
#  Number of instances resized = 7403
#  Number of instances with same cell size swap = 437
#  Number of instances with pin swaps = 21
#  Total number of placement changes (moved instances are counted twice) = 8889
#Using multithreading with 8 threads.
#Start routing data preparation.
#Minimum voltage of a net in the design = 0.000.
#Maximum voltage of a net in the design = 1.100.
#Voltage range [0.000 - 0.000] has 1 net.
#Voltage range [0.900 - 1.100] has 1 net.
#Voltage range [0.000 - 1.100] has 58070 nets.
# M1           H   Track-Pitch = 0.200    Line-2-Via Pitch = 0.185
# M2           V   Track-Pitch = 0.200    Line-2-Via Pitch = 0.200
# M3           H   Track-Pitch = 0.200    Line-2-Via Pitch = 0.200
# M4           V   Track-Pitch = 0.200    Line-2-Via Pitch = 0.200
# M5           H   Track-Pitch = 0.200    Line-2-Via Pitch = 0.200
# M6           V   Track-Pitch = 0.200    Line-2-Via Pitch = 0.200
# M7           H   Track-Pitch = 0.800    Line-2-Via Pitch = 0.800
# M8           V   Track-Pitch = 0.800    Line-2-Via Pitch = 0.800
#1611/57907 = 2% of signal nets have been set as priority nets
#Regenerating Ggrids automatically.
#Auto generating G-grids with size=15 tracks, using layer M2's pitch = 0.200.
#Using automatically generated G-grids.
#Done routing data preparation.
#cpu time = 00:00:04, elapsed time = 00:00:03, memory = 1962.23 (MB), peak = 2454.06 (MB)
#Merging special wires using 8 threads...
#WARNING (NRDB-1005) Cannot establish connection to PIN Z at ( 600.305 517.100 ) on M1 for NET CTS_104. The NET is considered partially routed. Visually verify wiring at the specified location as the wire/via origin may not touch the PIN. This NET will be rerouted with same or different wiring.
#WARNING (NRDB-1005) Cannot establish connection to PIN Z at ( 589.120 518.900 ) on M1 for NET CTS_106. The NET is considered partially routed. Visually verify wiring at the specified location as the wire/via origin may not touch the PIN. This NET will be rerouted with same or different wiring.
#WARNING (NRDB-1005) Cannot establish connection to PIN I at ( 435.400 437.800 ) on M1 for NET CTS_115. The NET is considered partially routed. Visually verify wiring at the specified location as the wire/via origin may not touch the PIN. This NET will be rerouted with same or different wiring.
#WARNING (NRDB-1005) Cannot establish connection to PIN I at ( 586.985 519.000 ) on M1 for NET CTS_116. The NET is considered partially routed. Visually verify wiring at the specified location as the wire/via origin may not touch the PIN. This NET will be rerouted with same or different wiring.
#WARNING (NRDB-1005) Cannot establish connection to PIN Z at ( 496.950 596.300 ) on M1 for NET CTS_132. The NET is considered partially routed. Visually verify wiring at the specified location as the wire/via origin may not touch the PIN. This NET will be rerouted with same or different wiring.
#WARNING (NRDB-1005) Cannot establish connection to PIN A2 at ( 479.355 97.695 ) on M1 for NET FE_OCPN3547_FE_OFN98_out_41_. The NET is considered partially routed. Visually verify wiring at the specified location as the wire/via origin may not touch the PIN. This NET will be rerouted with same or different wiring.
#WARNING (NRDB-1005) Cannot establish connection to PIN A1 at ( 463.920 90.500 ) on M1 for NET FE_OCPN3651_FE_OFN3493_out_50_. The NET is considered partially routed. Visually verify wiring at the specified location as the wire/via origin may not touch the PIN. This NET will be rerouted with same or different wiring.
#WARNING (NRDB-1005) Cannot establish connection to PIN A1 at ( 463.295 88.715 ) on M1 for NET FE_OCPN3651_FE_OFN3493_out_50_. The NET is considered partially routed. Visually verify wiring at the specified location as the wire/via origin may not touch the PIN. This NET will be rerouted with same or different wiring.
#WARNING (NRDB-1005) Cannot establish connection to PIN A1 at ( 425.095 70.715 ) on M1 for NET FE_OCPN3761_FE_OFN60_out_60_. The NET is considered partially routed. Visually verify wiring at the specified location as the wire/via origin may not touch the PIN. This NET will be rerouted with same or different wiring.
#WARNING (NRDB-1005) Cannot establish connection to PIN A2 at ( 424.745 70.700 ) on M1 for NET FE_OCPN3772_FE_OFN3508_out_63_. The NET is considered partially routed. Visually verify wiring at the specified location as the wire/via origin may not touch the PIN. This NET will be rerouted with same or different wiring.
#WARNING (NRDB-1005) Cannot establish connection to PIN A4 at ( 543.320 90.645 ) on M1 for NET FE_OCPN3780_out_100_. The NET is considered partially routed. Visually verify wiring at the specified location as the wire/via origin may not touch the PIN. This NET will be rerouted with same or different wiring.
#WARNING (NRDB-1005) Cannot establish connection to PIN A2 at ( 425.945 72.500 ) on M1 for NET FE_OCPN3785_FE_OFN3503_out_62_. The NET is considered partially routed. Visually verify wiring at the specified location as the wire/via origin may not touch the PIN. This NET will be rerouted with same or different wiring.
#WARNING (NRDB-1005) Cannot establish connection to PIN A1 at ( 489.750 70.560 ) on M1 for NET FE_OCPN3849_out_140_. The NET is considered partially routed. Visually verify wiring at the specified location as the wire/via origin may not touch the PIN. This NET will be rerouted with same or different wiring.
#WARNING (NRDB-1005) Cannot establish connection to PIN I at ( 443.515 97.700 ) on M1 for NET FE_OCPN3849_out_140_. The NET is considered partially routed. Visually verify wiring at the specified location as the wire/via origin may not touch the PIN. This NET will be rerouted with same or different wiring.
#WARNING (NRDB-1005) Cannot establish connection to PIN A2 at ( 478.545 94.100 ) on M1 for NET FE_OCPN3866_out_81_. The NET is considered partially routed. Visually verify wiring at the specified location as the wire/via origin may not touch the PIN. This NET will be rerouted with same or different wiring.
#WARNING (NRDB-1005) Cannot establish connection to PIN A1 at ( 478.895 94.085 ) on M1 for NET FE_OCPN3870_out_82_. The NET is considered partially routed. Visually verify wiring at the specified location as the wire/via origin may not touch the PIN. This NET will be rerouted with same or different wiring.
#WARNING (NRDB-1005) Cannot establish connection to PIN A3 at ( 488.100 70.555 ) on M1 for NET FE_OCPN3894_out_143_. The NET is considered partially routed. Visually verify wiring at the specified location as the wire/via origin may not touch the PIN. This NET will be rerouted with same or different wiring.
#WARNING (NRDB-1005) Cannot establish connection to PIN A2 at ( 489.100 70.555 ) on M1 for NET FE_OCPN3905_out_141_. The NET is considered partially routed. Visually verify wiring at the specified location as the wire/via origin may not touch the PIN. This NET will be rerouted with same or different wiring.
#WARNING (NRDB-1005) Cannot establish connection to PIN A2 at ( 545.100 90.645 ) on M1 for NET FE_OCPN3917_out_102_. The NET is considered partially routed. Visually verify wiring at the specified location as the wire/via origin may not touch the PIN. This NET will be rerouted with same or different wiring.
#WARNING (NRDB-1005) Cannot establish connection to PIN A2 at ( 481.400 90.600 ) on M1 for NET FE_OCPN3927_out_85_. The NET is considered partially routed. Visually verify wiring at the specified location as the wire/via origin may not touch the PIN. This NET will be rerouted with same or different wiring.
#WARNING (EMS-27) Message (NRDB-1005) has exceeded the current message display limit of 20.
#To increase the message display limit, refer to the product command reference manual.
#WARNING (NRDB-874) There is 1 dangling wire/via in the fully routed NET sfp_instance/n3763. NanoRoute will delete the dangling wires/vias that are not of FIXED status.
#
#Connectivity extraction summary:
#19417 routed nets are extracted.
#    9571 (16.48%) extracted nets are partially routed.
#37768 routed nets are imported.
#722 (1.24%) nets are without wires.
#165 nets are fixed|skipped|trivial (not extracted).
#Total number of nets = 58072.
#
#Found 0 nets for post-route si or timing fixing.
#Number of eco nets is 9571
#
#Start data preparation...
#
#Data preparation is done on Sat Mar 22 19:14:41 2025
#
#Analyzing routing resource...
#Routing resource analysis is done on Sat Mar 22 19:14:41 2025
#
#  Resource Analysis:
#
#               Routing  #Avail      #Track     #Total     %Gcell
#  Layer      Direction   Track     Blocked      Gcell    Blocked
#  --------------------------------------------------------------
#  Metal 1        H        3703         796       90000    76.25%
#  Metal 2        V        3704         796       90000    17.61%
#  Metal 3        H        3704         795       90000    17.61%
#  Metal 4        V        3760         740       90000    17.61%
#  Metal 5        H        3948         551       90000     6.55%
#  Metal 6        V        4500           0       90000     0.00%
#  --------------------------------------------------------------
#  Total                  23320      13.62%  540000    22.61%
#
#  406 nets (0.70%) with 1 preferred extra spacing.
#
#
#cpu time = 00:00:03, elapsed time = 00:00:01, memory = 1971.92 (MB), peak = 2454.06 (MB)
#
#start global routing iteration 1...
#cpu time = 00:00:01, elapsed time = 00:00:01, memory = 1980.46 (MB), peak = 2454.06 (MB)
#
#start global routing iteration 2...
#cpu time = 00:00:01, elapsed time = 00:00:01, memory = 1997.48 (MB), peak = 2454.06 (MB)
#
#start global routing iteration 3...
#cpu time = 00:00:02, elapsed time = 00:00:01, memory = 2006.93 (MB), peak = 2454.06 (MB)
#
#
#Total number of trivial nets (e.g. < 2 pins) = 165 (skipped).
#Total number of routable nets = 57907.
#Total number of nets in the design = 58072.
#
#10293 routable nets have only global wires.
#47614 routable nets have only detail routed wires.
#124 global routed or unrouted (routable) nets have been constrained (e.g. have preferred extra spacing, require shielding etc.)
#282 detail routed (routable) nets have been constrained (e.g. have preferred extra spacing, require shielding etc.)
#
#Routed nets constraints summary:
#------------------------------------------------
#        Rules   Pref Extra Space   Unconstrained  
#------------------------------------------------
#      Default                124           10169  
#------------------------------------------------
#        Total                124           10169  
#------------------------------------------------
#
#Routing constraints summary of the whole design:
#------------------------------------------------
#        Rules   Pref Extra Space   Unconstrained  
#------------------------------------------------
#      Default                406           57501  
#------------------------------------------------
#        Total                406           57501  
#------------------------------------------------
#
#
#  Congestion Analysis: (blocked Gcells are excluded)
#
#                 OverCon       OverCon       OverCon       OverCon          
#                  #Gcell        #Gcell        #Gcell        #Gcell    %Gcell
#     Layer           (1)           (2)           (3)           (4)   OverCon
#  --------------------------------------------------------------------------
#   Metal 1      1(0.00%)      0(0.00%)      0(0.00%)      0(0.00%)   (0.00%)
#   Metal 2     79(0.11%)     21(0.03%)      6(0.01%)      1(0.00%)   (0.14%)
#   Metal 3      0(0.00%)      0(0.00%)      0(0.00%)      0(0.00%)   (0.00%)
#   Metal 4      0(0.00%)      0(0.00%)      0(0.00%)      0(0.00%)   (0.00%)
#   Metal 5      0(0.00%)      0(0.00%)      0(0.00%)      0(0.00%)   (0.00%)
#   Metal 6      0(0.00%)      0(0.00%)      0(0.00%)      0(0.00%)   (0.00%)
#  --------------------------------------------------------------------------
#     Total     80(0.02%)     21(0.00%)      6(0.00%)      1(0.00%)   (0.03%)
#
#  The worst congested Gcell overcon (routing demand over resource in number of tracks) = 4
#  Overflow after GR: 0.00% H + 0.04% V
#
#Complete Global Routing.
#Total number of nets with non-default rule or having extra spacing = 406
#Total wire length = 1231433 um.
#Total half perimeter of net bounding box = 1143349 um.
#Total wire length on LAYER M1 = 4003 um.
#Total wire length on LAYER M2 = 274883 um.
#Total wire length on LAYER M3 = 405456 um.
#Total wire length on LAYER M4 = 308942 um.
#Total wire length on LAYER M5 = 187875 um.
#Total wire length on LAYER M6 = 50274 um.
#Total wire length on LAYER M7 = 0 um.
#Total wire length on LAYER M8 = 0 um.
#Total number of vias = 382683
#Total number of multi-cut vias = 248807 ( 65.0%)
#Total number of single cut vias = 133876 ( 35.0%)
#Up-Via Summary (total 382683):
#                   single-cut          multi-cut      Total
#-----------------------------------------------------------
#  Metal 1      123781 ( 66.3%)     62819 ( 33.7%)     186600
#  Metal 2        8266 (  5.6%)    139894 ( 94.4%)     148160
#  Metal 3        1467 (  4.0%)     35635 ( 96.0%)      37102
#  Metal 4         343 (  3.7%)      8970 ( 96.3%)       9313
#  Metal 5          19 (  1.3%)      1489 ( 98.7%)       1508
#-----------------------------------------------------------
#               133876 ( 35.0%)    248807 ( 65.0%)     382683 
#
#Total number of involved priority nets 30
#Maximum src to sink distance for priority net 331.1
#Average of max src_to_sink distance for priority net 48.3
#Average of ave src_to_sink distance for priority net 32.8
#Max overcon = 4 tracks.
#Total overcon = 0.03%.
#Worst layer Gcell overcon rate = 0.00%.
#cpu time = 00:00:08, elapsed time = 00:00:05, memory = 2007.20 (MB), peak = 2454.06 (MB)
#
#cpu time = 00:00:00, elapsed time = 00:00:00, memory = 1979.70 (MB), peak = 2454.06 (MB)
#Start Track Assignment.
#Done with 2656 horizontal wires in 3 hboxes and 2331 vertical wires in 3 hboxes.
#Done with 233 horizontal wires in 3 hboxes and 300 vertical wires in 3 hboxes.
#Complete Track Assignment.
#Total number of nets with non-default rule or having extra spacing = 406
#Total wire length = 1233900 um.
#Total half perimeter of net bounding box = 1143349 um.
#Total wire length on LAYER M1 = 5202 um.
#Total wire length on LAYER M2 = 275123 um.
#Total wire length on LAYER M3 = 406272 um.
#Total wire length on LAYER M4 = 309098 um.
#Total wire length on LAYER M5 = 187921 um.
#Total wire length on LAYER M6 = 50284 um.
#Total wire length on LAYER M7 = 0 um.
#Total wire length on LAYER M8 = 0 um.
#Total number of vias = 382382
#Total number of multi-cut vias = 248807 ( 65.1%)
#Total number of single cut vias = 133575 ( 34.9%)
#Up-Via Summary (total 382382):
#                   single-cut          multi-cut      Total
#-----------------------------------------------------------
#  Metal 1      123671 ( 66.3%)     62819 ( 33.7%)     186490
#  Metal 2        8106 (  5.5%)    139894 ( 94.5%)     148000
#  Metal 3        1443 (  3.9%)     35635 ( 96.1%)      37078
#  Metal 4         336 (  3.6%)      8970 ( 96.4%)       9306
#  Metal 5          19 (  1.3%)      1489 ( 98.7%)       1508
#-----------------------------------------------------------
#               133575 ( 34.9%)    248807 ( 65.1%)     382382 
#
#cpu time = 00:00:07, elapsed time = 00:00:07, memory = 2050.39 (MB), peak = 2454.06 (MB)
#
#Cpu time = 00:00:21
#Elapsed time = 00:00:17
#Increased memory = 89.04 (MB)
#Total memory = 2050.39 (MB)
#Peak memory = 2454.06 (MB)
#Using multithreading with 8 threads.
#
#Start Detail Routing..
#start initial detail routing ...
#    completing 10% with 184 violations
#    elapsed time = 00:00:02, memory = 2339.43 (MB)
#    completing 20% with 477 violations
#    elapsed time = 00:00:05, memory = 2344.39 (MB)
#    completing 30% with 499 violations
#    elapsed time = 00:00:06, memory = 2342.35 (MB)
#    completing 40% with 673 violations
#    elapsed time = 00:00:10, memory = 2362.38 (MB)
#    completing 50% with 726 violations
#    elapsed time = 00:00:11, memory = 2353.89 (MB)
#    completing 60% with 830 violations
#    elapsed time = 00:00:13, memory = 2357.70 (MB)
#    completing 70% with 988 violations
#    elapsed time = 00:00:15, memory = 2371.80 (MB)
#    completing 80% with 992 violations
#    elapsed time = 00:00:16, memory = 2373.37 (MB)
#    completing 90% with 1106 violations
#    elapsed time = 00:00:19, memory = 2370.09 (MB)
#    completing 100% with 1121 violations
#    elapsed time = 00:00:20, memory = 2368.87 (MB)
# ECO: 2.4% of the total area was rechecked for DRC, and 24.6% required routing.
#    number of violations = 1121
#
#    By Layer and Type :
#	         MetSpc   EOLSpc    Short   MinStp     Loop   CutSpc      Mar   Totals
#	M1          203       47      125       63        0      168        0      606
#	M2          206      171      123        0        0        6        7      513
#	M3            1        0        0        0        1        0        0        2
#	Totals      410      218      248       63        1      174        7     1121
#8842 out of 96212 instances need to be verified(marked ipoed).
#21.2% of the total area is being checked for drcs
#21.2% of the total area was checked
#    number of violations = 2939
#
#    By Layer and Type :
#	         MetSpc   EOLSpc    Short   MinStp   CutSpc      Mar   Others   Totals
#	M1         1064      187      530      410      171        0        5     2367
#	M2          210      184      162        0        6        7        1      570
#	M3            1        0        0        0        0        0        1        2
#	Totals     1275      371      692      410      177        7        7     2939
#cpu time = 00:03:09, elapsed time = 00:00:29, memory = 2349.97 (MB), peak = 2454.06 (MB)
#start 1st optimization iteration ...
#    number of violations = 145
#
#    By Layer and Type :
#	         MetSpc   EOLSpc    Short   MinStp   CutSpc      Mar   Totals
#	M1           11       28        3        2        4        0       48
#	M2           13        2       61       10        0       11       97
#	Totals       24       30       64       12        4       11      145
#cpu time = 00:01:17, elapsed time = 00:00:16, memory = 2148.12 (MB), peak = 2454.06 (MB)
#start 2nd optimization iteration ...
#    number of violations = 41
#
#    By Layer and Type :
#	         MetSpc   EOLSpc    Short   MinStp     Loop      Mar   Totals
#	M1            8        3        2        3        0        0       16
#	M2            2        2       10        4        0        3       21
#	M3            0        0        0        0        4        0        4
#	Totals       10        5       12        7        4        3       41
#cpu time = 00:00:08, elapsed time = 00:00:02, memory = 2147.58 (MB), peak = 2454.06 (MB)
#start 3rd optimization iteration ...
#    number of violations = 5
#
#    By Layer and Type :
#	         EOLSpc    Short   CutSpc   Totals
#	M1            2        0        1        3
#	M2            0        2        0        2
#	Totals        2        2        1        5
#cpu time = 00:00:02, elapsed time = 00:00:01, memory = 2146.07 (MB), peak = 2454.06 (MB)
#start 4th optimization iteration ...
#    number of violations = 0
#cpu time = 00:00:01, elapsed time = 00:00:00, memory = 2145.46 (MB), peak = 2454.06 (MB)
#Complete Detail Routing.
#Total number of nets with non-default rule or having extra spacing = 406
#Total wire length = 1228595 um.
#Total half perimeter of net bounding box = 1143349 um.
#Total wire length on LAYER M1 = 4556 um.
#Total wire length on LAYER M2 = 267842 um.
#Total wire length on LAYER M3 = 406380 um.
#Total wire length on LAYER M4 = 310713 um.
#Total wire length on LAYER M5 = 188366 um.
#Total wire length on LAYER M6 = 50738 um.
#Total wire length on LAYER M7 = 0 um.
#Total wire length on LAYER M8 = 0 um.
#Total number of vias = 398889
#Total number of multi-cut vias = 215515 ( 54.0%)
#Total number of single cut vias = 183374 ( 46.0%)
#Up-Via Summary (total 398889):
#                   single-cut          multi-cut      Total
#-----------------------------------------------------------
#  Metal 1      136246 ( 72.1%)     52750 ( 27.9%)     188996
#  Metal 2       36209 ( 22.9%)    121730 ( 77.1%)     157939
#  Metal 3        9014 ( 22.3%)     31471 ( 77.7%)      40485
#  Metal 4        1757 ( 17.8%)      8099 ( 82.2%)       9856
#  Metal 5         148 (  9.2%)      1465 ( 90.8%)       1613
#-----------------------------------------------------------
#               183374 ( 46.0%)    215515 ( 54.0%)     398889 
#
#Total number of DRC violations = 0
#Cpu time = 00:04:39
#Elapsed time = 00:00:49
#Increased memory = -74.61 (MB)
#Total memory = 1975.79 (MB)
#Peak memory = 2454.06 (MB)
#
#start routing for process antenna violation fix ...
#cpu time = 00:00:02, elapsed time = 00:00:01, memory = 1978.31 (MB), peak = 2454.06 (MB)
#
#Total number of nets with non-default rule or having extra spacing = 406
#Total wire length = 1228595 um.
#Total half perimeter of net bounding box = 1143349 um.
#Total wire length on LAYER M1 = 4556 um.
#Total wire length on LAYER M2 = 267842 um.
#Total wire length on LAYER M3 = 406380 um.
#Total wire length on LAYER M4 = 310713 um.
#Total wire length on LAYER M5 = 188366 um.
#Total wire length on LAYER M6 = 50738 um.
#Total wire length on LAYER M7 = 0 um.
#Total wire length on LAYER M8 = 0 um.
#Total number of vias = 398889
#Total number of multi-cut vias = 215515 ( 54.0%)
#Total number of single cut vias = 183374 ( 46.0%)
#Up-Via Summary (total 398889):
#                   single-cut          multi-cut      Total
#-----------------------------------------------------------
#  Metal 1      136246 ( 72.1%)     52750 ( 27.9%)     188996
#  Metal 2       36209 ( 22.9%)    121730 ( 77.1%)     157939
#  Metal 3        9014 ( 22.3%)     31471 ( 77.7%)      40485
#  Metal 4        1757 ( 17.8%)      8099 ( 82.2%)       9856
#  Metal 5         148 (  9.2%)      1465 ( 90.8%)       1613
#-----------------------------------------------------------
#               183374 ( 46.0%)    215515 ( 54.0%)     398889 
#
#Total number of DRC violations = 0
#Total number of net violated process antenna rule = 0
#
#
#Start Post Route wire spreading..
#
#Start data preparation for wire spreading...
#
#Data preparation is done on Sat Mar 22 19:15:46 2025
#
#cpu time = 00:00:00, elapsed time = 00:00:00, memory = 1978.18 (MB), peak = 2454.06 (MB)
#
#Start Post Route Wire Spread.
#Done with 5642 horizontal wires in 5 hboxes and 5757 vertical wires in 5 hboxes.
#Complete Post Route Wire Spread.
#
#Total number of nets with non-default rule or having extra spacing = 406
#Total wire length = 1232471 um.
#Total half perimeter of net bounding box = 1143349 um.
#Total wire length on LAYER M1 = 4556 um.
#Total wire length on LAYER M2 = 268273 um.
#Total wire length on LAYER M3 = 407934 um.
#Total wire length on LAYER M4 = 312280 um.
#Total wire length on LAYER M5 = 188681 um.
#Total wire length on LAYER M6 = 50747 um.
#Total wire length on LAYER M7 = 0 um.
#Total wire length on LAYER M8 = 0 um.
#Total number of vias = 398889
#Total number of multi-cut vias = 215515 ( 54.0%)
#Total number of single cut vias = 183374 ( 46.0%)
#Up-Via Summary (total 398889):
#                   single-cut          multi-cut      Total
#-----------------------------------------------------------
#  Metal 1      136246 ( 72.1%)     52750 ( 27.9%)     188996
#  Metal 2       36209 ( 22.9%)    121730 ( 77.1%)     157939
#  Metal 3        9014 ( 22.3%)     31471 ( 77.7%)      40485
#  Metal 4        1757 ( 17.8%)      8099 ( 82.2%)       9856
#  Metal 5         148 (  9.2%)      1465 ( 90.8%)       1613
#-----------------------------------------------------------
#               183374 ( 46.0%)    215515 ( 54.0%)     398889 
#
#cpu time = 00:00:07, elapsed time = 00:00:05, memory = 2066.67 (MB), peak = 2454.06 (MB)
#
#Post Route wire spread is done.
#Total number of nets with non-default rule or having extra spacing = 406
#Total wire length = 1232471 um.
#Total half perimeter of net bounding box = 1143349 um.
#Total wire length on LAYER M1 = 4556 um.
#Total wire length on LAYER M2 = 268273 um.
#Total wire length on LAYER M3 = 407934 um.
#Total wire length on LAYER M4 = 312280 um.
#Total wire length on LAYER M5 = 188681 um.
#Total wire length on LAYER M6 = 50747 um.
#Total wire length on LAYER M7 = 0 um.
#Total wire length on LAYER M8 = 0 um.
#Total number of vias = 398889
#Total number of multi-cut vias = 215515 ( 54.0%)
#Total number of single cut vias = 183374 ( 46.0%)
#Up-Via Summary (total 398889):
#                   single-cut          multi-cut      Total
#-----------------------------------------------------------
#  Metal 1      136246 ( 72.1%)     52750 ( 27.9%)     188996
#  Metal 2       36209 ( 22.9%)    121730 ( 77.1%)     157939
#  Metal 3        9014 ( 22.3%)     31471 ( 77.7%)      40485
#  Metal 4        1757 ( 17.8%)      8099 ( 82.2%)       9856
#  Metal 5         148 (  9.2%)      1465 ( 90.8%)       1613
#-----------------------------------------------------------
#               183374 ( 46.0%)    215515 ( 54.0%)     398889 
#
#
#Start Post Route via swapping..
#26.32% of area are rerouted by ECO routing.
#    number of violations = 0
#cpu time = 00:00:47, elapsed time = 00:00:08, memory = 2023.91 (MB), peak = 2454.06 (MB)
#    number of violations = 0
#cpu time = 00:00:49, elapsed time = 00:00:10, memory = 1998.28 (MB), peak = 2454.06 (MB)
#CELL_VIEW core,init has no DRC violation.
#Total number of DRC violations = 0
#Total number of net violated process antenna rule = 0
#Post Route via swapping is done.
#Total number of nets with non-default rule or having extra spacing = 406
#Total wire length = 1232471 um.
#Total half perimeter of net bounding box = 1143349 um.
#Total wire length on LAYER M1 = 4556 um.
#Total wire length on LAYER M2 = 268273 um.
#Total wire length on LAYER M3 = 407934 um.
#Total wire length on LAYER M4 = 312280 um.
#Total wire length on LAYER M5 = 188681 um.
#Total wire length on LAYER M6 = 50747 um.
#Total wire length on LAYER M7 = 0 um.
#Total wire length on LAYER M8 = 0 um.
#Total number of vias = 398889
#Total number of multi-cut vias = 270532 ( 67.8%)
#Total number of single cut vias = 128357 ( 32.2%)
#Up-Via Summary (total 398889):
#                   single-cut          multi-cut      Total
#-----------------------------------------------------------
#  Metal 1      121922 ( 64.5%)     67074 ( 35.5%)     188996
#  Metal 2        5591 (  3.5%)    152348 ( 96.5%)     157939
#  Metal 3         754 (  1.9%)     39731 ( 98.1%)      40485
#  Metal 4          90 (  0.9%)      9766 ( 99.1%)       9856
#  Metal 5           0 (  0.0%)      1613 (100.0%)       1613
#-----------------------------------------------------------
#               128357 ( 32.2%)    270532 ( 67.8%)     398889 
#
#detailRoute Statistics:
#Cpu time = 00:05:44
#Elapsed time = 00:01:12
#Increased memory = -53.97 (MB)
#Total memory = 1996.43 (MB)
#Peak memory = 2454.06 (MB)
#Updating routing design signature
#Created 849 library cell signatures
#Created 58072 NETS and 0 SPECIALNETS signatures
#Created 96213 instance signatures
#Build design signature : cpu time = 00:00:00, elapsed time = 00:00:00, memory = 2007.06 (MB), peak = 2454.06 (MB)
#Save design signature : cpu time = 00:00:00, elapsed time = 00:00:00, memory = 2007.30 (MB), peak = 2454.06 (MB)
#
#globalDetailRoute statistics:
#Cpu time = 00:06:11
#Elapsed time = 00:01:35
#Increased memory = -114.03 (MB)
#Total memory = 1925.35 (MB)
#Peak memory = 2454.06 (MB)
#Number of warnings = 64
#Total number of warnings = 178
#Number of fails = 0
#Total number of fails = 0
#Complete globalDetailRoute on Sat Mar 22 19:16:07 2025
#
**optDesign ... cpu = 0:14:44, real = 0:05:11, mem = 2655.8M, totSessionCpu=2:46:24 **
-routeWithEco false                      # bool, default=false
-routeSelectedNetOnly false              # bool, default=false, user setting
-routeWithTimingDriven true              # bool, default=false, user setting
-routeWithSiDriven true                  # bool, default=false, user setting
**WARN: (IMPEXT-3518):	The lower process node is set (using command 'setDesignMode') but the technology file for TQRC extraction not specified. Therefore, going for postRoute (effortLevel low) extraction instead of recommended extractor 'TQRC' for lower nodes. Use command 'set_analysis_view/update_rc_corner' to specify the technology file for TQRC extraction to take place.
Extraction called for design 'core' of instances=96212 and nets=58072 using extraction engine 'postRoute' at effort level 'low' .
PostRoute (effortLevel low) RC Extraction called for design core.
RC Extraction called in multi-corner(2) mode.
**WARN: (IMPEXT-3442):	The version of the capacitance table file being used is obsolete and is no longer recommended. For improved accuracy, generate the capacitance table file using the generateCapTbl command.
Process corner(s) are loaded.
 Corner: Cmax
 Corner: Cmin
extractDetailRC Option : -outfile /tmp/innovus_temp_6701_ieng6-ece-02.ucsd.edu_zhbian_MVyadl/core_6701_lQYaKV.rcdb.d -maxResLength 200  -extended
RC Mode: PostRoute -effortLevel low [Extended CapTable, LEF Resistances]
      RC Corner Indexes            0       1   
Capacitance Scaling Factor   : 1.00000 1.00000 
Coupling Cap. Scaling Factor : 1.00000 1.00000 
Resistance Scaling Factor    : 1.00000 1.00000 
Clock Cap. Scaling Factor    : 1.00000 1.00000 
Clock Res. Scaling Factor    : 1.00000 1.00000 
Shrink Factor                : 1.00000
Initializing multi-corner capacitance tables ... 
Initializing multi-corner resistance tables ...
Checking LVS Completed (CPU Time= 0:00:00.3  MEM= 2655.8M)
Extracted 10.0003% (CPU Time= 0:00:02.1  MEM= 2709.8M)
Extracted 20.0003% (CPU Time= 0:00:02.6  MEM= 2709.8M)
Extracted 30.0003% (CPU Time= 0:00:03.2  MEM= 2713.8M)
Extracted 40.0003% (CPU Time= 0:00:04.2  MEM= 2713.8M)
Extracted 50.0003% (CPU Time= 0:00:05.8  MEM= 2713.8M)
Extracted 60.0002% (CPU Time= 0:00:06.3  MEM= 2713.8M)
Extracted 70.0002% (CPU Time= 0:00:06.8  MEM= 2713.8M)
Extracted 80.0002% (CPU Time= 0:00:07.5  MEM= 2713.8M)
Extracted 90.0002% (CPU Time= 0:00:08.3  MEM= 2713.8M)
Extracted 100% (CPU Time= 0:00:11.2  MEM= 2713.8M)
Number of Extracted Resistors     : 1042463
Number of Extracted Ground Cap.   : 1029329
Number of Extracted Coupling Cap. : 1784792
Filtering XCap in 'relativeAndCoupling' mode using values coupling_c_threshold=0.1fF, relative_c_threshold=1, and total_c_threshold=0fF.
 Corner: Cmax
 Corner: Cmin
Checking LVS Completed (CPU Time= 0:00:00.3  MEM= 2701.8M)
PostRoute (effortLevel low) RC Extraction DONE (CPU Time: 0:00:14.0  Real Time: 0:00:14.0  MEM: 2701.766M)
**optDesign ... cpu = 0:14:58, real = 0:05:25, mem = 2653.8M, totSessionCpu=2:46:38 **
Starting SI iteration 1 using Infinite Timing Windows
Begin IPO call back ...
End IPO call back ...
#################################################################################
# Design Stage: PostRoute
# Design Name: core
# Design Mode: 65nm
# Analysis Mode: MMMC OCV 
# Parasitics Mode: SPEF/RCDB
# Signoff Settings: SI On 
#################################################################################
Calculate early delays in OCV mode...
Calculate late delays in OCV mode...
Initializing multi-corner capacitance tables ... 
Initializing multi-corner resistance tables ...
AAE_INFO: 8 threads acquired from CTE.
AAE_INFO-618: Total number of nets in the design is 58072,  100.0 percent of the nets selected for SI analysis
End delay calculation. (MEM=3248.2 CPU=0:00:18.7 REAL=0:00:04.0)
Save waveform /tmp/innovus_temp_6701_ieng6-ece-02.ucsd.edu_zhbian_MVyadl/.AAE_ihOGJe/.AAE_6701/waveform.data...
*** CDM Built up (cpu=0:00:22.6  real=0:00:07.0  mem= 3248.2M) ***
Add other clocks and setupCteToAAEClockMapping during iter 1
Starting SI iteration 2
Calculate early delays in OCV mode...
Calculate late delays in OCV mode...
AAE_INFO-618: Total number of nets in the design is 58072,  6.0 percent of the nets selected for SI analysis
End delay calculation. (MEM=3214.71 CPU=0:00:04.1 REAL=0:00:01.0)
*** CDM Built up (cpu=0:00:04.3  real=0:00:02.0  mem= 3214.7M) ***
*** Done Building Timing Graph (cpu=0:00:34.3 real=0:00:11.0 totSessionCpu=2:47:12 mem=3214.7M)
**optDesign ... cpu = 0:15:33, real = 0:05:36, mem = 2747.3M, totSessionCpu=2:47:12 **
*** Timing NOT met, worst failing slack is -0.165
*** Check timing (0:00:00.1)
Begin: GigaOpt Optimization in post-eco TNS mode
Info: 262 clock nets excluded from IPO operation.
*info: 262 clock nets excluded
*info: 2 special nets excluded.
*info: 159 no-driver nets excluded.
** GigaOpt Optimizer WNS Slack -0.165 TNS Slack -40.392 Density 94.08
Optimizer TNS Opt
Active Path Group: reg2reg  
+--------+---------+--------+---------+----------+------------+--------+----------+---------+----------------------------------------------------+
|  WNS   | All WNS |  TNS   | All TNS | Density  |    Real    |  Mem   |Worst View|Pathgroup|                     End Point                      |
+--------+---------+--------+---------+----------+------------+--------+----------+---------+----------------------------------------------------+
|  -0.165|   -0.165| -40.392|  -40.392|    94.08%|   0:00:00.0| 3570.5M|   WC_VIEW|  reg2reg| sfp_instance/R_7494/D                              |
|  -0.165|   -0.165| -40.392|  -40.392|    94.08%|   0:00:01.0| 3570.5M|   WC_VIEW|  reg2reg| sfp_instance/R_8098/D                              |
|  -0.165|   -0.165| -40.392|  -40.392|    94.08%|   0:00:01.0| 3570.5M|   WC_VIEW|  reg2reg| sfp_instance/R_7494/D                              |
+--------+---------+--------+---------+----------+------------+--------+----------+---------+----------------------------------------------------+

*** Finish Core Optimize Step (cpu=0:00:01.8 real=0:00:02.0 mem=3570.5M) ***
Checking setup slack degradation ...

*** Finished Optimize Step Cumulative (cpu=0:00:02.3 real=0:00:02.0 mem=3570.5M) ***

*** Finish Post Route Setup Fixing (cpu=0:00:03.1 real=0:00:03.0 mem=3570.5M) ***
End: GigaOpt Optimization in post-eco TNS mode
Running setup recovery post routing.
**optDesign ... cpu = 0:15:42, real = 0:05:45, mem = 2839.8M, totSessionCpu=2:47:21 **
Checking setup slack degradation ...
Checking DRV degradation...
**INFO: Skipping DRV recovery as drv did not degrade beyond margin (10)
#Created 849 library cell signatures
#Created 58072 NETS and 0 SPECIALNETS signatures
#Created 96213 instance signatures
#Build design signature : cpu time = 00:00:00, elapsed time = 00:00:00, memory = 2200.18 (MB), peak = 2454.06 (MB)
#Save design signature : cpu time = 00:00:00, elapsed time = 00:00:00, memory = 2200.18 (MB), peak = 2454.06 (MB)
Begin: GigaOpt WNS recovery
Begin: GigaOpt Optimization in WNS mode (Recovery)
Info: 262 clock nets excluded from IPO operation.
*info: 262 clock nets excluded
*info: 2 special nets excluded.
*info: 159 no-driver nets excluded.
** GigaOpt Optimizer WNS Slack -0.165 TNS Slack -40.392 Density 94.08
Optimizer WNS Pass 0
Active Path Group: reg2reg  
+--------+---------+--------+---------+----------+------------+--------+----------+---------+----------------------------------------------------+
|  WNS   | All WNS |  TNS   | All TNS | Density  |    Real    |  Mem   |Worst View|Pathgroup|                     End Point                      |
+--------+---------+--------+---------+----------+------------+--------+----------+---------+----------------------------------------------------+
|  -0.165|   -0.165| -40.392|  -40.392|    94.08%|   0:00:00.0| 3558.9M|   WC_VIEW|  reg2reg| sfp_instance/R_7494/D                              |
|  -0.146|   -0.146| -30.279|  -30.279|    94.08%|   0:00:01.0| 3579.8M|   WC_VIEW|  reg2reg| sfp_instance/R_5921/D                              |
|  -0.130|   -0.130| -30.037|  -30.037|    94.08%|   0:00:00.0| 3581.5M|   WC_VIEW|  reg2reg| sfp_instance/R_6436/D                              |
|  -0.119|   -0.119| -29.031|  -29.031|    94.08%|   0:00:00.0| 3581.5M|   WC_VIEW|  reg2reg| sfp_instance/R_6436/D                              |
|  -0.109|   -0.109| -26.998|  -26.998|    94.08%|   0:00:00.0| 3582.7M|   WC_VIEW|  reg2reg| sfp_instance/div_18_u_div_u_add_PartRem_0_5_R_6272 |
|        |         |        |         |          |            |        |          |         | /D                                                 |
|  -0.097|   -0.097| -23.427|  -23.427|    94.08%|   0:00:00.0| 3582.7M|   WC_VIEW|  reg2reg| sfp_instance/R_6436/D                              |
|  -0.089|   -0.089| -22.086|  -22.086|    94.09%|   0:00:01.0| 3588.1M|   WC_VIEW|  reg2reg| sfp_instance/R_8282/D                              |
|  -0.082|   -0.082| -20.032|  -20.032|    94.09%|   0:00:00.0| 3589.1M|   WC_VIEW|  reg2reg| sfp_instance/R_7585/D                              |
|  -0.074|   -0.074| -17.226|  -17.226|    94.09%|   0:00:00.0| 3589.1M|   WC_VIEW|  reg2reg| sfp_instance/div_18_u_div_u_add_PartRem_0_5_R_6272 |
|        |         |        |         |          |            |        |          |         | /D                                                 |
|  -0.066|   -0.066| -14.042|  -14.042|    94.09%|   0:00:01.0| 3593.6M|   WC_VIEW|  reg2reg| sfp_instance/R_8416/D                              |
|  -0.058|   -0.058| -13.055|  -13.055|    94.10%|   0:00:00.0| 3594.6M|   WC_VIEW|  reg2reg| sfp_instance/R_7585/D                              |
|  -0.048|   -0.048|  -9.444|   -9.444|    94.10%|   0:00:00.0| 3594.6M|   WC_VIEW|  reg2reg| sfp_instance/R_7585/D                              |
|  -0.041|   -0.041|  -7.281|   -7.281|    94.11%|   0:00:01.0| 3597.1M|   WC_VIEW|  reg2reg| sfp_instance/R_6291/D                              |
|  -0.033|   -0.033|  -5.076|   -5.076|    94.11%|   0:00:00.0| 3599.1M|   WC_VIEW|  reg2reg| sfp_instance/R_7585/D                              |
|  -0.031|   -0.031|  -3.076|   -3.076|    94.12%|   0:00:01.0| 3601.1M|   WC_VIEW|  reg2reg| sfp_instance/R_7585/D                              |
|  -0.031|   -0.031|  -2.963|   -2.963|    94.12%|   0:00:00.0| 3601.1M|   WC_VIEW|  reg2reg| sfp_instance/R_7585/D                              |
|  -0.024|   -0.024|  -2.818|   -2.818|    94.12%|   0:00:00.0| 3603.8M|   WC_VIEW|  reg2reg| sfp_instance/R_7585/D                              |
|  -0.024|   -0.024|  -1.357|   -1.357|    94.13%|   0:00:01.0| 3603.8M|   WC_VIEW|  reg2reg| sfp_instance/R_7585/D                              |
|  -0.022|   -0.022|  -1.484|   -1.484|    94.14%|   0:00:01.0| 3607.6M|   WC_VIEW|  reg2reg| sfp_instance/div_18_u_div_u_add_PartRem_0_5_R_4807 |
|        |         |        |         |          |            |        |          |         | /D                                                 |
|  -0.018|   -0.018|  -0.605|   -0.605|    94.14%|   0:00:00.0| 3607.6M|   WC_VIEW|  reg2reg| sfp_instance/R_7585/D                              |
|  -0.018|   -0.018|  -0.526|   -0.526|    94.14%|   0:00:00.0| 3607.6M|   WC_VIEW|  reg2reg| sfp_instance/R_7585/D                              |
|  -0.018|   -0.018|  -0.479|   -0.479|    94.14%|   0:00:00.0| 3607.6M|   WC_VIEW|  reg2reg| sfp_instance/R_7585/D                              |
|  -0.014|   -0.014|  -0.395|   -0.395|    94.14%|   0:00:00.0| 3611.3M|   WC_VIEW|  reg2reg| sfp_instance/R_6786/D                              |
|  -0.014|   -0.014|  -0.217|   -0.217|    94.15%|   0:00:01.0| 3611.3M|   WC_VIEW|  reg2reg| sfp_instance/R_6786/D                              |
|  -0.010|   -0.010|  -0.160|   -0.160|    94.15%|   0:00:00.0| 3612.3M|   WC_VIEW|  reg2reg| sfp_instance/R_6258/D                              |
|  -0.009|   -0.009|  -0.066|   -0.066|    94.16%|   0:00:01.0| 3612.5M|   WC_VIEW|  reg2reg| sfp_instance/R_6258/D                              |
|  -0.008|   -0.008|  -0.040|   -0.040|    94.16%|   0:00:00.0| 3613.5M|   WC_VIEW|  reg2reg| sfp_instance/R_7242/D                              |
|  -0.008|   -0.008|  -0.037|   -0.037|    94.16%|   0:00:01.0| 3613.5M|   WC_VIEW|  reg2reg| sfp_instance/R_7242/D                              |
|  -0.006|   -0.006|  -0.031|   -0.031|    94.16%|   0:00:00.0| 3615.2M|   WC_VIEW|  reg2reg| sfp_instance/R_7242/D                              |
|  -0.006|   -0.006|  -0.029|   -0.029|    94.16%|   0:00:00.0| 3615.2M|   WC_VIEW|  reg2reg| sfp_instance/R_7242/D                              |
|  -0.004|   -0.004|  -0.021|   -0.021|    94.16%|   0:00:00.0| 3615.2M|   WC_VIEW|  reg2reg| sfp_instance/R_7985/D                              |
|  -0.002|   -0.002|  -0.006|   -0.006|    94.16%|   0:00:01.0| 3615.2M|   WC_VIEW|  reg2reg| sfp_instance/R_7957/D                              |
|  -0.002|   -0.002|  -0.004|   -0.004|    94.16%|   0:00:00.0| 3615.2M|   WC_VIEW|  reg2reg| sfp_instance/R_6258/D                              |
|  -0.001|   -0.001|  -0.001|   -0.001|    94.16%|   0:00:00.0| 3615.2M|   WC_VIEW|  reg2reg| sfp_instance/R_7242/D                              |
|   0.000|    0.000|   0.000|    0.000|    94.16%|   0:00:00.0| 3615.2M|        NA|       NA| NA                                                 |
|   0.000|    0.000|   0.000|    0.000|    94.16%|   0:00:00.0| 3615.2M|   WC_VIEW|       NA| NA                                                 |
+--------+---------+--------+---------+----------+------------+--------+----------+---------+----------------------------------------------------+

*** Finish Core Optimize Step (cpu=0:00:28.7 real=0:00:11.0 mem=3615.2M) ***

*** Finished Optimize Step Cumulative (cpu=0:00:28.8 real=0:00:11.0 mem=3615.2M) ***
** GigaOpt Optimizer WNS Slack 0.000 TNS Slack 0.000 Density 94.16
Update Timing Windows (Threshold 0.014) ...
Re Calculate Delays on 205 Nets
Active Path Group: reg2reg  
+--------+---------+--------+---------+----------+------------+--------+----------+---------+----------------------------------------------------+
|  WNS   | All WNS |  TNS   | All TNS | Density  |    Real    |  Mem   |Worst View|Pathgroup|                     End Point                      |
+--------+---------+--------+---------+----------+------------+--------+----------+---------+----------------------------------------------------+
|  -0.001|   -0.001|  -0.001|   -0.001|    94.16%|   0:00:01.0| 3615.2M|   WC_VIEW|  reg2reg| sfp_instance/R_8416/D                              |
|   0.000|    0.000|   0.000|    0.000|    94.17%|   0:00:00.0| 3618.0M|   WC_VIEW|       NA| NA                                                 |
+--------+---------+--------+---------+----------+------------+--------+----------+---------+----------------------------------------------------+

*** Finish Core Optimize Step (cpu=0:00:00.3 real=0:00:01.0 mem=3618.0M) ***

*** Finished Optimize Step Cumulative (cpu=0:00:00.4 real=0:00:01.0 mem=3618.0M) ***

*** Finish Post Route Setup Fixing (cpu=0:00:30.7 real=0:00:13.0 mem=3618.0M) ***
*** Starting refinePlace (2:47:59 mem=3410.0M) ***
Density distribution unevenness ratio = 1.603%
Move report: Detail placement moves 163 insts, mean move: 2.11 um, max move: 10.60 um
	Max move on inst (sfp_instance/FE_OFC3091_div_20_u_div_u_add_PartRem_1_6_3_B_1_): (428.60, 363.20) --> (430.20, 354.20)
	Runtime: CPU: 0:00:01.0 REAL: 0:00:01.0 MEM: 3410.0MB
Summary Report:
Instances move: 148 (out of 54507 movable)
Mean displacement: 2.14 um
Max displacement: 10.60 um (Instance: sfp_instance/FE_OFC3091_div_20_u_div_u_add_PartRem_1_6_3_B_1_) (428.6, 363.2) -> (430.2, 354.2)
	Length: 3 sites, height: 1 rows, site name: core, cell type: CKND1
Runtime: CPU: 0:00:01.1 REAL: 0:00:01.0 MEM: 3410.0MB
*** Finished refinePlace (2:48:00 mem=3410.0M) ***
Density distribution unevenness ratio = 1.813%
End: GigaOpt Optimization in WNS mode
Running hardenOpt in Setup Recovery Mode
Begin: GigaOpt harden opt (Recovery)
Info: 262 clock nets excluded from IPO operation.
*info: 262 clock nets excluded
*info: 2 special nets excluded.
*info: 159 no-driver nets excluded.
Active Path Group: reg2reg  
+--------+---------+--------+---------+----------+------------+--------+----------+---------+----------------------------------------------------+
|  WNS   | All WNS |  TNS   | All TNS | Density  |    Real    |  Mem   |Worst View|Pathgroup|                     End Point                      |
+--------+---------+--------+---------+----------+------------+--------+----------+---------+----------------------------------------------------+
|   0.000|    0.000|   0.000|    0.000|    94.17%|   0:00:00.0| 3618.0M|   WC_VIEW|  reg2reg| mac_array_instance/col_idx_7__mac_col_inst/mac_16i |
|        |         |        |         |          |            |        |          |         | n_instance/R_8826/D                                |
+--------+---------+--------+---------+----------+------------+--------+----------+---------+----------------------------------------------------+

*** Finish post-Route Optimize Step (cpu=0:01:37 real=0:00:19.0 mem=3680.5M) ***

*** Finish post-Route Setup Fixing (cpu=0:01:38 real=0:00:20.0 mem=3680.5M) ***
*** Starting refinePlace (2:49:44 mem=3472.5M) ***
Density distribution unevenness ratio = 1.544%
Move report: Detail placement moves 0 insts, mean move: 0.00 um, max move: 0.00 um
	Runtime: CPU: 0:00:01.0 REAL: 0:00:01.0 MEM: 3472.5MB
Summary Report:
Instances move: 0 (out of 54593 movable)
Mean displacement: 0.00 um
Max displacement: 0.00 um 
Runtime: CPU: 0:00:01.0 REAL: 0:00:01.0 MEM: 3472.5MB
*** Finished refinePlace (2:49:46 mem=3472.5M) ***
Density distribution unevenness ratio = 1.758%
End: GigaOpt harden opt
End: GigaOpt WNS recovery
Checking setup slack degradation ...
GigaOpt: Skipping TNS recovery
Default Rule : ""
Non Default Rules :
Worst Slack : -0.003 ns
Total 0 nets layer assigned (0.9).

Start Assign Priority Nets ...
TargetSlk(0.200ns) MaxAssign(3%) MinLen(50um)
Existing Priority Nets 0 (0.0%)
Total Assign Priority Nets 1391 (2.4%)
Default Rule : ""
Non Default Rules :
Worst Slack : -0.003 ns
Total 0 nets layer assigned (0.6).

Start Assign Priority Nets ...
TargetSlk(0.200ns) MaxAssign(3%) MinLen(50um)
Existing Priority Nets 0 (0.0%)
Total Assign Priority Nets 1391 (2.4%)
** Profile ** Start :  cpu=0:00:00.0, mem=3472.5M
** Profile ** Other data :  cpu=0:00:00.2, mem=3472.5M
** Profile ** Overall slacks :  cpu=0:00:00.4, mem=3472.5M
** Profile ** DRVs :  cpu=0:00:01.1, mem=3472.5M

------------------------------------------------------------
     Pre-ecoRoute Summary (Recovery)                             
------------------------------------------------------------

Setup views included:
 WC_VIEW 

+--------------------+---------+---------+---------+
|     Setup mode     |   all   | reg2reg | default |
+--------------------+---------+---------+---------+
|           WNS (ns):| -0.003  | -0.003  |  0.369  |
|           TNS (ns):| -0.009  | -0.009  |  0.000  |
|    Violating Paths:|    4    |    4    |    0    |
|          All Paths:|  8401   |  6831   |  3064   |
+--------------------+---------+---------+---------+

+----------------+-------------------------------+------------------+
|                |              Real             |       Total      |
|    DRVs        +------------------+------------+------------------|
|                |  Nr nets(terms)  | Worst Vio  |  Nr nets(terms)  |
+----------------+------------------+------------+------------------+
|   max_cap      |      1 (1)       |   -0.000   |      1 (1)       |
|   max_tran     |      1 (2)       |   -0.064   |      1 (2)       |
|   max_fanout   |      0 (0)       |     0      |      0 (0)       |
|   max_length   |      0 (0)       |     0      |      0 (0)       |
+----------------+------------------+------------+------------------+

Density: 38.542%
       (94.328% with Fillers)
Total number of glitch violations: 0
------------------------------------------------------------
** Profile ** Report data :  cpu=0:00:00.0, mem=3472.5M
**optDesign ... cpu = 0:18:10, real = 0:06:36, mem = 2897.2M, totSessionCpu=2:49:50 **
-routeWithEco false                      # bool, default=false
-routeWithEco true                       # bool, default=false, user setting
-routeSelectedNetOnly false              # bool, default=false, user setting
-routeWithTimingDriven true              # bool, default=false, user setting
-routeWithTimingDriven false             # bool, default=false, user setting
-routeWithSiDriven true                  # bool, default=false, user setting
-routeWithSiDriven false                 # bool, default=false, user setting

globalDetailRoute

#setNanoRouteMode -drouteAutoStop true
#setNanoRouteMode -drouteFixAntenna true
#setNanoRouteMode -droutePostRouteSpreadWire "false"
#setNanoRouteMode -routeSelectedNetOnly false
#setNanoRouteMode -routeTopRoutingLayer 6
#setNanoRouteMode -routeWithEco true
#setNanoRouteMode -routeWithSiDriven false
#setNanoRouteMode -routeWithTimingDriven false
#Start globalDetailRoute on Sat Mar 22 19:17:32 2025
#
#NanoRoute Version 15.23-s045_1 NR160414-1105/15_23-UB
#Loading the last recorded routing design signature
#Created 89 NETS and 0 SPECIALNETS new signatures
#Summary of the placement changes since last routing:
#  Number of instances added (including moved) = 321
#  Number of instances deleted (including moved) = 232
#  Number of instances resized = 2724
#  Number of instances with same cell size swap = 150
#  Number of instances with pin swaps = 34
#  Total number of placement changes (moved instances are counted twice) = 3277
#Using multithreading with 8 threads.
#Start routing data preparation.
#Minimum voltage of a net in the design = 0.000.
#Maximum voltage of a net in the design = 1.100.
#Voltage range [0.000 - 0.000] has 1 net.
#Voltage range [0.900 - 1.100] has 1 net.
#Voltage range [0.000 - 1.100] has 58159 nets.
# M1           H   Track-Pitch = 0.200    Line-2-Via Pitch = 0.185
# M2           V   Track-Pitch = 0.200    Line-2-Via Pitch = 0.200
# M3           H   Track-Pitch = 0.200    Line-2-Via Pitch = 0.200
# M4           V   Track-Pitch = 0.200    Line-2-Via Pitch = 0.200
# M5           H   Track-Pitch = 0.200    Line-2-Via Pitch = 0.200
# M6           V   Track-Pitch = 0.200    Line-2-Via Pitch = 0.200
# M7           H   Track-Pitch = 0.800    Line-2-Via Pitch = 0.800
# M8           V   Track-Pitch = 0.800    Line-2-Via Pitch = 0.800
#1391/57996 = 2% of signal nets have been set as priority nets
#Regenerating Ggrids automatically.
#Auto generating G-grids with size=15 tracks, using layer M2's pitch = 0.200.
#Using automatically generated G-grids.
#Done routing data preparation.
#cpu time = 00:00:04, elapsed time = 00:00:04, memory = 2103.30 (MB), peak = 2623.90 (MB)
#Merging special wires using 8 threads...
#WARNING (NRDB-874) There is 1 dangling wire/via in the fully routed NET mac_array_instance/col_idx_7__mac_col_inst/mac_16in_instance/n330. NanoRoute will delete the dangling wires/vias that are not of FIXED status.
#WARNING (NRDB-874) There is 1 dangling wire/via in the fully routed NET sfp_instance/fifo_inst_int/FE_RN_2335_0. NanoRoute will delete the dangling wires/vias that are not of FIXED status.
#WARNING (NRDB-874) There is 1 dangling wire/via in the fully routed NET sfp_instance/n10700. NanoRoute will delete the dangling wires/vias that are not of FIXED status.
#WARNING (NRDB-874) There is 1 dangling wire/via in the fully routed NET sfp_instance/n14932. NanoRoute will delete the dangling wires/vias that are not of FIXED status.
#WARNING (NRDB-874) There are 6 dangling wires/vias in the fully routed NET sfp_instance/n15728. NanoRoute will delete the dangling wires/vias that are not of FIXED status.
#WARNING (NRDB-874) There are 4 dangling wires/vias in the fully routed NET sfp_instance/n19433. NanoRoute will delete the dangling wires/vias that are not of FIXED status.
#WARNING (NRDB-874) There is 1 dangling wire/via in the fully routed NET sfp_instance/n7639. NanoRoute will delete the dangling wires/vias that are not of FIXED status.
#WARNING (NRDB-874) There is 1 dangling wire/via in the fully routed NET sfp_instance/sum_this_core[12]. NanoRoute will delete the dangling wires/vias that are not of FIXED status.
#
#Connectivity extraction summary:
#7201 routed nets are extracted.
#    2555 (4.39%) extracted nets are partially routed.
#50795 routed nets are imported.
#165 nets are fixed|skipped|trivial (not extracted).
#Total number of nets = 58161.
#
#Found 0 nets for post-route si or timing fixing.
#Number of eco nets is 2555
#
#Start data preparation...
#
#Data preparation is done on Sat Mar 22 19:17:41 2025
#
#Analyzing routing resource...
#Routing resource analysis is done on Sat Mar 22 19:17:42 2025
#
#  Resource Analysis:
#
#               Routing  #Avail      #Track     #Total     %Gcell
#  Layer      Direction   Track     Blocked      Gcell    Blocked
#  --------------------------------------------------------------
#  Metal 1        H        3703         796       90000    76.28%
#  Metal 2        V        3704         796       90000    17.61%
#  Metal 3        H        3704         795       90000    17.61%
#  Metal 4        V        3760         740       90000    17.61%
#  Metal 5        H        3948         551       90000     6.55%
#  Metal 6        V        4500           0       90000     0.00%
#  --------------------------------------------------------------
#  Total                  23320      13.62%  540000    22.61%
#
#  414 nets (0.71%) with 1 preferred extra spacing.
#
#
#cpu time = 00:00:03, elapsed time = 00:00:01, memory = 2110.62 (MB), peak = 2623.90 (MB)
#
#start global routing iteration 1...
#cpu time = 00:00:01, elapsed time = 00:00:01, memory = 2123.36 (MB), peak = 2623.90 (MB)
#
#start global routing iteration 2...
#cpu time = 00:00:01, elapsed time = 00:00:01, memory = 2118.84 (MB), peak = 2623.90 (MB)
#
#start global routing iteration 3...
#cpu time = 00:00:01, elapsed time = 00:00:01, memory = 2120.82 (MB), peak = 2623.90 (MB)
#
#
#Total number of trivial nets (e.g. < 2 pins) = 165 (skipped).
#Total number of routable nets = 57996.
#Total number of nets in the design = 58161.
#
#2555 routable nets have only global wires.
#55441 routable nets have only detail routed wires.
#61 global routed or unrouted (routable) nets have been constrained (e.g. have preferred extra spacing, require shielding etc.)
#353 detail routed (routable) nets have been constrained (e.g. have preferred extra spacing, require shielding etc.)
#
#Routed nets constraints summary:
#------------------------------------------------
#        Rules   Pref Extra Space   Unconstrained  
#------------------------------------------------
#      Default                 61            2494  
#------------------------------------------------
#        Total                 61            2494  
#------------------------------------------------
#
#Routing constraints summary of the whole design:
#------------------------------------------------
#        Rules   Pref Extra Space   Unconstrained  
#------------------------------------------------
#      Default                414           57582  
#------------------------------------------------
#        Total                414           57582  
#------------------------------------------------
#
#
#  Congestion Analysis: (blocked Gcells are excluded)
#
#                 OverCon       OverCon       OverCon          
#                  #Gcell        #Gcell        #Gcell    %Gcell
#     Layer           (1)           (2)           (3)   OverCon
#  ------------------------------------------------------------
#   Metal 1      0(0.00%)      0(0.00%)      0(0.00%)   (0.00%)
#   Metal 2     24(0.03%)      2(0.00%)      2(0.00%)   (0.04%)
#   Metal 3      1(0.00%)      0(0.00%)      0(0.00%)   (0.00%)
#   Metal 4      0(0.00%)      0(0.00%)      0(0.00%)   (0.00%)
#   Metal 5      0(0.00%)      0(0.00%)      0(0.00%)   (0.00%)
#   Metal 6      0(0.00%)      0(0.00%)      0(0.00%)   (0.00%)
#  ------------------------------------------------------------
#     Total     25(0.01%)      2(0.00%)      2(0.00%)   (0.01%)
#
#  The worst congested Gcell overcon (routing demand over resource in number of tracks) = 3
#  Overflow after GR: 0.00% H + 0.01% V
#
#Complete Global Routing.
#Total number of nets with non-default rule or having extra spacing = 414
#Total wire length = 1233202 um.
#Total half perimeter of net bounding box = 1144717 um.
#Total wire length on LAYER M1 = 4487 um.
#Total wire length on LAYER M2 = 268492 um.
#Total wire length on LAYER M3 = 408376 um.
#Total wire length on LAYER M4 = 312382 um.
#Total wire length on LAYER M5 = 188682 um.
#Total wire length on LAYER M6 = 50783 um.
#Total wire length on LAYER M7 = 0 um.
#Total wire length on LAYER M8 = 0 um.
#Total number of vias = 398337
#Total number of multi-cut vias = 269397 ( 67.6%)
#Total number of single cut vias = 128940 ( 32.4%)
#Up-Via Summary (total 398337):
#                   single-cut          multi-cut      Total
#-----------------------------------------------------------
#  Metal 1      121988 ( 64.7%)     66646 ( 35.3%)     188634
#  Metal 2        6024 (  3.8%)    151698 ( 96.2%)     157722
#  Metal 3         824 (  2.0%)     39682 ( 98.0%)      40506
#  Metal 4         100 (  1.0%)      9758 ( 99.0%)       9858
#  Metal 5           4 (  0.2%)      1613 ( 99.8%)       1617
#-----------------------------------------------------------
#               128940 ( 32.4%)    269397 ( 67.6%)     398337 
#
#Total number of involved priority nets 4
#Maximum src to sink distance for priority net 109.2
#Average of max src_to_sink distance for priority net 52.9
#Average of ave src_to_sink distance for priority net 39.6
#Max overcon = 3 tracks.
#Total overcon = 0.01%.
#Worst layer Gcell overcon rate = 0.00%.
#cpu time = 00:00:07, elapsed time = 00:00:05, memory = 2120.99 (MB), peak = 2623.90 (MB)
#
#cpu time = 00:00:00, elapsed time = 00:00:00, memory = 2115.16 (MB), peak = 2623.90 (MB)
#Start Track Assignment.
#Done with 278 horizontal wires in 3 hboxes and 263 vertical wires in 3 hboxes.
#Done with 16 horizontal wires in 3 hboxes and 18 vertical wires in 3 hboxes.
#Complete Track Assignment.
#Total number of nets with non-default rule or having extra spacing = 414
#Total wire length = 1233470 um.
#Total half perimeter of net bounding box = 1144717 um.
#Total wire length on LAYER M1 = 4645 um.
#Total wire length on LAYER M2 = 268504 um.
#Total wire length on LAYER M3 = 408460 um.
#Total wire length on LAYER M4 = 312398 um.
#Total wire length on LAYER M5 = 188680 um.
#Total wire length on LAYER M6 = 50782 um.
#Total wire length on LAYER M7 = 0 um.
#Total wire length on LAYER M8 = 0 um.
#Total number of vias = 398268
#Total number of multi-cut vias = 269397 ( 67.6%)
#Total number of single cut vias = 128871 ( 32.4%)
#Up-Via Summary (total 398268):
#                   single-cut          multi-cut      Total
#-----------------------------------------------------------
#  Metal 1      121957 ( 64.7%)     66646 ( 35.3%)     188603
#  Metal 2        5990 (  3.8%)    151698 ( 96.2%)     157688
#  Metal 3         821 (  2.0%)     39682 ( 98.0%)      40503
#  Metal 4          99 (  1.0%)      9758 ( 99.0%)       9857
#  Metal 5           4 (  0.2%)      1613 ( 99.8%)       1617
#-----------------------------------------------------------
#               128871 ( 32.4%)    269397 ( 67.6%)     398268 
#
#cpu time = 00:00:07, elapsed time = 00:00:07, memory = 2189.36 (MB), peak = 2623.90 (MB)
#
#Cpu time = 00:00:20
#Elapsed time = 00:00:17
#Increased memory = 85.10 (MB)
#Total memory = 2189.36 (MB)
#Peak memory = 2623.90 (MB)
#Using multithreading with 8 threads.
#
#Start Detail Routing..
#start initial detail routing ...
#    completing 10% with 47 violations
#    elapsed time = 00:00:02, memory = 2443.51 (MB)
#    completing 20% with 106 violations
#    elapsed time = 00:00:04, memory = 2457.70 (MB)
#    completing 30% with 114 violations
#    elapsed time = 00:00:04, memory = 2456.32 (MB)
#    completing 40% with 158 violations
#    elapsed time = 00:00:07, memory = 2470.74 (MB)
#    completing 50% with 170 violations
#    elapsed time = 00:00:07, memory = 2472.19 (MB)
#    completing 60% with 215 violations
#    elapsed time = 00:00:09, memory = 2467.66 (MB)
#    completing 70% with 243 violations
#    elapsed time = 00:00:10, memory = 2468.51 (MB)
#    completing 80% with 240 violations
#    elapsed time = 00:00:11, memory = 2467.86 (MB)
#    completing 90% with 262 violations
#    elapsed time = 00:00:13, memory = 2464.39 (MB)
#    completing 100% with 276 violations
#    elapsed time = 00:00:14, memory = 2465.39 (MB)
# ECO: 1.9% of the total area was rechecked for DRC, and 17.5% required routing.
#    number of violations = 276
#
#    By Layer and Type :
#	         MetSpc   EOLSpc    Short   MinStp   CutSpc      Mar   Totals
#	M1           45       16       31       14       44        0      150
#	M2           48       39       36        0        0        3      126
#	Totals       93       55       67       14       44        3      276
#3045 out of 96301 instances need to be verified(marked ipoed).
#15.9% of the total area is being checked for drcs
#15.9% of the total area was checked
#    number of violations = 1746
#
#    By Layer and Type :
#	         MetSpc   EOLSpc    Short   MinStp   CutSpc   MinCut   Others   Totals
#	M1          499      263      417      374       46        3        1     1603
#	M2           48       42       50        0        0        0        3      143
#	Totals      547      305      467      374       46        3        4     1746
#cpu time = 00:01:59, elapsed time = 00:00:23, memory = 2469.30 (MB), peak = 2623.90 (MB)
#start 1st optimization iteration ...
#    number of violations = 60
#
#    By Layer and Type :
#	         MetSpc   EOLSpc    Short   MinStp     Loop   CutSpc      Mar   Totals
#	M1            0       24        0        0        0        1        0       25
#	M2            8        3       12        2        3        0        2       30
#	M3            0        1        2        0        2        0        0        5
#	Totals        8       28       14        2        5        1        2       60
#cpu time = 00:00:57, elapsed time = 00:00:11, memory = 2302.64 (MB), peak = 2623.90 (MB)
#start 2nd optimization iteration ...
#    number of violations = 8
#
#    By Layer and Type :
#	         MetSpc    Short   MinStp     Loop   Totals
#	M1            0        0        0        0        0
#	M2            3        2        1        0        6
#	M3            0        1        0        1        2
#	Totals        3        3        1        1        8
#cpu time = 00:00:05, elapsed time = 00:00:01, memory = 2310.61 (MB), peak = 2623.90 (MB)
#start 3rd optimization iteration ...
#    number of violations = 1
#
#    By Layer and Type :
#	         CutSpc   Totals
#	M1            1        1
#	Totals        1        1
#cpu time = 00:00:01, elapsed time = 00:00:00, memory = 2309.86 (MB), peak = 2623.90 (MB)
#start 4th optimization iteration ...
#    number of violations = 0
#cpu time = 00:00:01, elapsed time = 00:00:00, memory = 2310.63 (MB), peak = 2623.90 (MB)
#Complete Detail Routing.
#Total number of nets with non-default rule or having extra spacing = 414
#Total wire length = 1232691 um.
#Total half perimeter of net bounding box = 1144717 um.
#Total wire length on LAYER M1 = 4436 um.
#Total wire length on LAYER M2 = 267701 um.
#Total wire length on LAYER M3 = 408419 um.
#Total wire length on LAYER M4 = 312629 um.
#Total wire length on LAYER M5 = 188712 um.
#Total wire length on LAYER M6 = 50794 um.
#Total wire length on LAYER M7 = 0 um.
#Total wire length on LAYER M8 = 0 um.
#Total number of vias = 401050
#Total number of multi-cut vias = 257822 ( 64.3%)
#Total number of single cut vias = 143228 ( 35.7%)
#Up-Via Summary (total 401050):
#                   single-cut          multi-cut      Total
#-----------------------------------------------------------
#  Metal 1      126170 ( 66.6%)     63144 ( 33.4%)     189314
#  Metal 2       13654 (  8.6%)    145446 ( 91.4%)     159100
#  Metal 3        2928 (  7.1%)     38112 ( 92.9%)      41040
#  Metal 4         441 (  4.4%)      9526 ( 95.6%)       9967
#  Metal 5          35 (  2.1%)      1594 ( 97.9%)       1629
#-----------------------------------------------------------
#               143228 ( 35.7%)    257822 ( 64.3%)     401050 
#
#Total number of DRC violations = 0
#Cpu time = 00:03:04
#Elapsed time = 00:00:38
#Increased memory = -84.04 (MB)
#Total memory = 2105.32 (MB)
#Peak memory = 2623.90 (MB)
#
#start routing for process antenna violation fix ...
#cpu time = 00:00:02, elapsed time = 00:00:01, memory = 2108.27 (MB), peak = 2623.90 (MB)
#
#Total number of nets with non-default rule or having extra spacing = 414
#Total wire length = 1232691 um.
#Total half perimeter of net bounding box = 1144717 um.
#Total wire length on LAYER M1 = 4436 um.
#Total wire length on LAYER M2 = 267701 um.
#Total wire length on LAYER M3 = 408419 um.
#Total wire length on LAYER M4 = 312629 um.
#Total wire length on LAYER M5 = 188712 um.
#Total wire length on LAYER M6 = 50794 um.
#Total wire length on LAYER M7 = 0 um.
#Total wire length on LAYER M8 = 0 um.
#Total number of vias = 401050
#Total number of multi-cut vias = 257822 ( 64.3%)
#Total number of single cut vias = 143228 ( 35.7%)
#Up-Via Summary (total 401050):
#                   single-cut          multi-cut      Total
#-----------------------------------------------------------
#  Metal 1      126170 ( 66.6%)     63144 ( 33.4%)     189314
#  Metal 2       13654 (  8.6%)    145446 ( 91.4%)     159100
#  Metal 3        2928 (  7.1%)     38112 ( 92.9%)      41040
#  Metal 4         441 (  4.4%)      9526 ( 95.6%)       9967
#  Metal 5          35 (  2.1%)      1594 ( 97.9%)       1629
#-----------------------------------------------------------
#               143228 ( 35.7%)    257822 ( 64.3%)     401050 
#
#Total number of DRC violations = 0
#Total number of net violated process antenna rule = 0
#
#
#Start Post Route via swapping..
#19.47% of area are rerouted by ECO routing.
#    number of violations = 0
#cpu time = 00:00:38, elapsed time = 00:00:08, memory = 2152.27 (MB), peak = 2623.90 (MB)
#    number of violations = 0
#cpu time = 00:00:40, elapsed time = 00:00:10, memory = 2126.85 (MB), peak = 2623.90 (MB)
#CELL_VIEW core,init has no DRC violation.
#Total number of DRC violations = 0
#Total number of net violated process antenna rule = 0
#Post Route via swapping is done.
#Total number of nets with non-default rule or having extra spacing = 414
#Total wire length = 1232691 um.
#Total half perimeter of net bounding box = 1144717 um.
#Total wire length on LAYER M1 = 4436 um.
#Total wire length on LAYER M2 = 267701 um.
#Total wire length on LAYER M3 = 408419 um.
#Total wire length on LAYER M4 = 312629 um.
#Total wire length on LAYER M5 = 188712 um.
#Total wire length on LAYER M6 = 50794 um.
#Total wire length on LAYER M7 = 0 um.
#Total wire length on LAYER M8 = 0 um.
#Total number of vias = 401050
#Total number of multi-cut vias = 272575 ( 68.0%)
#Total number of single cut vias = 128475 ( 32.0%)
#Up-Via Summary (total 401050):
#                   single-cut          multi-cut      Total
#-----------------------------------------------------------
#  Metal 1      122057 ( 64.5%)     67257 ( 35.5%)     189314
#  Metal 2        5515 (  3.5%)    153585 ( 96.5%)     159100
#  Metal 3         805 (  2.0%)     40235 ( 98.0%)      41040
#  Metal 4          98 (  1.0%)      9869 ( 99.0%)       9967
#  Metal 5           0 (  0.0%)      1629 (100.0%)       1629
#-----------------------------------------------------------
#               128475 ( 32.0%)    272575 ( 68.0%)     401050 
#
#detailRoute Statistics:
#Cpu time = 00:03:51
#Elapsed time = 00:00:54
#Increased memory = -63.86 (MB)
#Total memory = 2125.50 (MB)
#Peak memory = 2623.90 (MB)
#Updating routing design signature
#Created 849 library cell signatures
#Created 58161 NETS and 0 SPECIALNETS signatures
#Created 96302 instance signatures
#Build design signature : cpu time = 00:00:00, elapsed time = 00:00:00, memory = 2136.01 (MB), peak = 2623.90 (MB)
#Save design signature : cpu time = 00:00:00, elapsed time = 00:00:00, memory = 2136.26 (MB), peak = 2623.90 (MB)
#
#globalDetailRoute statistics:
#Cpu time = 00:04:17
#Elapsed time = 00:01:17
#Increased memory = -137.78 (MB)
#Total memory = 2063.56 (MB)
#Peak memory = 2623.90 (MB)
#Number of warnings = 8
#Total number of warnings = 186
#Number of fails = 0
#Total number of fails = 0
#Complete globalDetailRoute on Sat Mar 22 19:18:49 2025
#
**optDesign ... cpu = 0:22:28, real = 0:07:53, mem = 2775.0M, totSessionCpu=2:54:07 **
-routeWithEco false                      # bool, default=false
-routeSelectedNetOnly false              # bool, default=false, user setting
-routeWithTimingDriven true              # bool, default=false, user setting
-routeWithSiDriven true                  # bool, default=false, user setting
Starting SI iteration 1 using Infinite Timing Windows
Begin IPO call back ...
End IPO call back ...
#################################################################################
# Design Stage: PostRoute
# Design Name: core
# Design Mode: 65nm
# Analysis Mode: MMMC OCV 
# Parasitics Mode: No SPEF/RCDB
# Signoff Settings: SI On 
#################################################################################
**WARN: (IMPEXT-3518):	The lower process node is set (using command 'setDesignMode') but the technology file for TQRC extraction not specified. Therefore, going for postRoute (effortLevel low) extraction instead of recommended extractor 'TQRC' for lower nodes. Use command 'set_analysis_view/update_rc_corner' to specify the technology file for TQRC extraction to take place.
Extraction called for design 'core' of instances=96301 and nets=58161 using extraction engine 'postRoute' at effort level 'low' .
PostRoute (effortLevel low) RC Extraction called for design core.
RC Extraction called in multi-corner(2) mode.
**WARN: (IMPEXT-3442):	The version of the capacitance table file being used is obsolete and is no longer recommended. For improved accuracy, generate the capacitance table file using the generateCapTbl command.
Process corner(s) are loaded.
 Corner: Cmax
 Corner: Cmin
extractDetailRC Option : -outfile /tmp/innovus_temp_6701_ieng6-ece-02.ucsd.edu_zhbian_MVyadl/core_6701_lQYaKV.rcdb.d -maxResLength 200  -extended
RC Mode: PostRoute -effortLevel low [Extended CapTable, LEF Resistances]
      RC Corner Indexes            0       1   
Capacitance Scaling Factor   : 1.00000 1.00000 
Coupling Cap. Scaling Factor : 1.00000 1.00000 
Resistance Scaling Factor    : 1.00000 1.00000 
Clock Cap. Scaling Factor    : 1.00000 1.00000 
Clock Res. Scaling Factor    : 1.00000 1.00000 
Shrink Factor                : 1.00000
Initializing multi-corner capacitance tables ... 
Initializing multi-corner resistance tables ...
Checking LVS Completed (CPU Time= 0:00:00.3  MEM= 2773.0M)
Extracted 10.0003% (CPU Time= 0:00:02.1  MEM= 2826.9M)
Extracted 20.0002% (CPU Time= 0:00:02.5  MEM= 2826.9M)
Extracted 30.0003% (CPU Time= 0:00:03.2  MEM= 2830.9M)
Extracted 40.0002% (CPU Time= 0:00:04.2  MEM= 2830.9M)
Extracted 50.0004% (CPU Time= 0:00:05.9  MEM= 2830.9M)
Extracted 60.0003% (CPU Time= 0:00:06.4  MEM= 2830.9M)
Extracted 70.0002% (CPU Time= 0:00:06.8  MEM= 2830.9M)
Extracted 80.0003% (CPU Time= 0:00:07.5  MEM= 2830.9M)
Extracted 90.0002% (CPU Time= 0:00:08.3  MEM= 2830.9M)
Extracted 100% (CPU Time= 0:00:11.1  MEM= 2830.9M)
Number of Extracted Resistors     : 1040894
Number of Extracted Ground Cap.   : 1027335
Number of Extracted Coupling Cap. : 1785416
Filtering XCap in 'relativeAndCoupling' mode using values coupling_c_threshold=0.1fF, relative_c_threshold=1, and total_c_threshold=0fF.
 Corner: Cmax
 Corner: Cmin
Checking LVS Completed (CPU Time= 0:00:00.3  MEM= 2816.9M)
PostRoute (effortLevel low) RC Extraction DONE (CPU Time: 0:00:14.1  Real Time: 0:00:14.0  MEM: 2816.914M)
Calculate early delays in OCV mode...
Calculate late delays in OCV mode...
Initializing multi-corner capacitance tables ... 
Initializing multi-corner resistance tables ...
AAE_INFO: 8 threads acquired from CTE.
AAE_INFO-618: Total number of nets in the design is 58161,  100.0 percent of the nets selected for SI analysis
End delay calculation. (MEM=3352.62 CPU=0:00:18.2 REAL=0:00:03.0)
Save waveform /tmp/innovus_temp_6701_ieng6-ece-02.ucsd.edu_zhbian_MVyadl/.AAE_ihOGJe/.AAE_6701/waveform.data...
*** CDM Built up (cpu=0:00:36.4  real=0:00:19.0  mem= 3352.6M) ***
Add other clocks and setupCteToAAEClockMapping during iter 1
Starting SI iteration 2
Calculate early delays in OCV mode...
Calculate late delays in OCV mode...
AAE_INFO-618: Total number of nets in the design is 58161,  3.1 percent of the nets selected for SI analysis
End delay calculation. (MEM=3328.67 CPU=0:00:02.0 REAL=0:00:00.0)
*** CDM Built up (cpu=0:00:02.2  real=0:00:01.0  mem= 3328.7M) ***
*** Done Building Timing Graph (cpu=0:00:45.8 real=0:00:24.0 totSessionCpu=2:54:53 mem=3328.7M)
**optDesign ... cpu = 0:23:14, real = 0:08:17, mem = 2839.7M, totSessionCpu=2:54:53 **
Running LEF-safe VT swap in recovery
Begin: GigaOpt Optimization in post-eco TNS mode
Info: 262 clock nets excluded from IPO operation.
*info: 262 clock nets excluded
*info: 2 special nets excluded.
*info: 159 no-driver nets excluded.
** GigaOpt Optimizer WNS Slack -0.028 TNS Slack -0.852 Density 94.33
Optimizer TNS Opt
Active Path Group: reg2reg  
+--------+---------+--------+---------+----------+------------+--------+----------+---------+----------------------------------------------------+
|  WNS   | All WNS |  TNS   | All TNS | Density  |    Real    |  Mem   |Worst View|Pathgroup|                     End Point                      |
+--------+---------+--------+---------+----------+------------+--------+----------+---------+----------------------------------------------------+
|  -0.028|   -0.028|  -0.852|   -0.852|    94.33%|   0:00:00.0| 3662.9M|   WC_VIEW|  reg2reg| sfp_instance/R_7697/D                              |
|  -0.028|   -0.028|  -0.852|   -0.852|    94.33%|   0:00:00.0| 3662.9M|   WC_VIEW|  reg2reg| sfp_instance/R_7697/D                              |
+--------+---------+--------+---------+----------+------------+--------+----------+---------+----------------------------------------------------+

*** Finish Core Optimize Step (cpu=0:00:00.5 real=0:00:00.0 mem=3662.9M) ***
Checking setup slack degradation ...

*** Finished Optimize Step Cumulative (cpu=0:00:01.0 real=0:00:01.0 mem=3662.9M) ***

*** Finish Post Route Setup Fixing (cpu=0:00:01.9 real=0:00:02.0 mem=3662.9M) ***
End: GigaOpt Optimization in post-eco TNS mode
*** Finish setup-recovery (cpu=0:07:39, real=0:02:39, mem=2923.21M, totSessionCpu=2:55:00 .
**optDesign ... cpu = 0:23:21, real = 0:08:24, mem = 2923.2M, totSessionCpu=2:55:00 **

Latch borrow mode reset to max_borrow
<optDesign CMD> Restore Using all VT Cells
Reported timing to dir ./timingReports
**optDesign ... cpu = 0:23:24, real = 0:08:25, mem = 2923.2M, totSessionCpu=2:55:03 **
** Profile ** Start :  cpu=0:00:00.0, mem=2980.4M
** Profile ** Other data :  cpu=0:00:00.2, mem=2980.5M
**INFO: Starting Blocking QThread with 8 CPU
   ____________________________________________________________________
__/ message from Blocking QThread
Multi-CPU acceleration using 8 CPU(s).
Multithreaded Timing Analysis is initialized with 8 threads

Starting SI iteration 1 using Infinite Timing Windows
Begin IPO call back ...
End IPO call back ...
#################################################################################
# Design Stage: PostRoute
# Design Name: core
# Design Mode: 65nm
# Analysis Mode: MMMC OCV 
# Parasitics Mode: SPEF/RCDB
# Signoff Settings: SI On 
#################################################################################
Calculate late delays in OCV mode...
Calculate early delays in OCV mode...
*** Calculating scaling factor for BC_LIB libraries using the default operating condition of each library.
AAE_INFO-618: Total number of nets in the design is 58161,  100.0 percent of the nets selected for SI analysis
End delay calculation. (MEM=342.836 CPU=0:00:17.0 REAL=0:00:04.0)
Save waveform /tmp/innovus_temp_6701_ieng6-ece-02.ucsd.edu_zhbian_MVyadl/.AAE_ihOGJe/.AAE_6701/waveform.data...
*** CDM Built up (cpu=0:00:19.1  real=0:00:05.0  mem= 342.8M) ***
Add other clocks and setupCteToAAEClockMapping during iter 1
Starting SI iteration 2
Calculate late delays in OCV mode...
Calculate early delays in OCV mode...
AAE_INFO-618: Total number of nets in the design is 58161,  2.5 percent of the nets selected for SI analysis
End delay calculation. (MEM=318.879 CPU=0:00:01.7 REAL=0:00:00.0)
*** CDM Built up (cpu=0:00:01.9  real=0:00:00.0  mem= 318.9M) ***
*** Done Building Timing Graph (cpu=0:00:26.8 real=0:00:07.0 totSessionCpu=0:01:58 mem=318.9M)
** Profile ** Overall slacks :  cpu=-2:0-3:0-4.-9, mem=326.9M
** Profile ** Total reports :  cpu=0:00:00.4, mem=0.0M
_______________________________________________________________________
** Profile ** Overall slacks :  cpu=0:00:29.5, mem=3011.0M
** Profile ** Total reports :  cpu=0:00:02.0, mem=2925.2M
** Profile ** DRVs :  cpu=0:00:01.1, mem=2925.2M

------------------------------------------------------------
     optDesign Final SI Timing Summary                             
------------------------------------------------------------

Setup views included:
 WC_VIEW 
Hold  views included:
 BC_VIEW

+--------------------+---------+---------+---------+
|     Setup mode     |   all   | reg2reg | default |
+--------------------+---------+---------+---------+
|           WNS (ns):| -0.028  | -0.028  |  0.342  |
|           TNS (ns):| -0.853  | -0.853  |  0.000  |
|    Violating Paths:|   72    |   72    |    0    |
|          All Paths:|  8401   |  6831   |  3064   |
+--------------------+---------+---------+---------+

+--------------------+---------+---------+---------+
|     Hold mode      |   all   | reg2reg | default |
+--------------------+---------+---------+---------+
|           WNS (ns):| -0.193  | -0.193  |  0.000  |
|           TNS (ns):| -3.178  | -3.178  |  0.000  |
|    Violating Paths:|   218   |   218   |    0    |
|          All Paths:|  6671   |  6671   |    0    |
+--------------------+---------+---------+---------+

+----------------+-------------------------------+------------------+
|                |              Real             |       Total      |
|    DRVs        +------------------+------------+------------------|
|                |  Nr nets(terms)  | Worst Vio  |  Nr nets(terms)  |
+----------------+------------------+------------+------------------+
|   max_cap      |      2 (2)       |   -0.001   |      2 (2)       |
|   max_tran     |      2 (8)       |   -0.053   |      2 (8)       |
|   max_fanout   |      0 (0)       |     0      |      0 (0)       |
|   max_length   |      0 (0)       |     0      |      0 (0)       |
+----------------+------------------+------------+------------------+

Density: 38.542%
       (94.328% with Fillers)
Total number of glitch violations: 0
------------------------------------------------------------
** Profile ** Report data :  cpu=0:00:00.0, mem=2925.2M
**optDesign ... cpu = 0:23:56, real = 0:08:38, mem = 2923.2M, totSessionCpu=2:55:36 **
 ReSet Options after AAE Based Opt flow 
*** Finished optDesign ***
Removing temporary dont_use automatically set for cells with technology sites with no row.
**INFO: setDesignMode -flowEffort standard -> setting 'setOptMode -allEndPoints true' for the duration of this command.
Disable merging buffers from different footprints for postRoute code for non-MSV designs
-powerEffort high                          # enums={none low high}, default=none, user setting
-leakageToDynamicRatio 0.5                 # float, default=1, user setting
-setupDynamicPowerViewAsDefaultView false
                                           # bool, default=false, private
GigaOpt running with 8 threads.
**WARN: (IMPOPT-3564):	The following cells are set dont_use temporarily by the tool because there are no rows defined for their technology site, or they are not placeable in any power domain. To avoid this message, review the floorplan, msv setting, the library setting or set manualy those cells as dont_use.
	Cell FILL1_LL, site bcore.
	Cell FILL_NW_HH, site bcore.
	Cell FILL_NW_LL, site bcore.
	Cell GFILL, site gacore.
	Cell GFILL10, site gacore.
	Cell GFILL2, site gacore.
	Cell GFILL3, site gacore.
	Cell GFILL4, site gacore.
	Cell LVLLHCD1, site bcore.
	Cell LVLLHCD2, site bcore.
	Cell LVLLHCD4, site bcore.
	Cell LVLLHCD8, site bcore.
	Cell LVLLHD1, site bcore.
	Cell LVLLHD2, site bcore.
	Cell LVLLHD4, site bcore.
	Cell LVLLHD8, site bcore.
.
**optDesign ... cpu = 0:00:00, real = 0:00:00, mem = 2881.4M, totSessionCpu=2:55:41 **
#Created 849 library cell signatures
#Created 58161 NETS and 0 SPECIALNETS signatures
#Created 96302 instance signatures
#Build design signature : cpu time = 00:00:00, elapsed time = 00:00:00, memory = 2177.24 (MB), peak = 2623.90 (MB)
#Save design signature : cpu time = 00:00:00, elapsed time = 00:00:00, memory = 2177.25 (MB), peak = 2623.90 (MB)
Begin checking placement ... (start mem=2881.4M, init mem=2881.4M)
*info: Placed = 96301          (Fixed = 101)
*info: Unplaced = 0           
Placement Density:94.33%(459757/487401)
Finished checkPlace (cpu: total=0:00:00.4, vio checks=0:00:00.2; mem=2881.4M)
 Initial DC engine is -> aae
 
 AAE-Opt:: Current number of nets in RC Memory -> 100 K
 
 
 AAE-Opt:: New number of nets in RC Memory -> 100 K
 
Reset EOS DB
Ignoring AAE DB Resetting ...
 Set Options for AAE Based Opt flow 
*** optDesign -postRoute ***
DRC Margin: user margin 0.0; extra margin 0
Setup Target Slack: user slack 0
Hold Target Slack: user slack 0
**INFO: setOptMode -powerEffort high -> Total Power Opt will be called for all Setup Timing optDesign commands, with leakageToDynamicRatio 0.5.
Include MVT Delays for Hold Opt
** INFO : this run is activating 'postRoute' automaton

**WARN: (IMPOPT-3663):	Power view is not set. First setup analysis view (WC_VIEW) will be treated as power view and VT partitioning will be done on basis of leakage specified in this view. If this is incorrect, specify correct power view via command "set_power_analysis_mode -analysis_view <view_name>".

Type 'man IMPOPT-3663' for more detail.

Power view               = WC_VIEW
Number of VT partitions  = 2
Standard cells in design = 811
Instances in design      = 54694

Instance distribution across the VT partitions:

 LVT : inst = 13115 (24.0%), cells = 335 (41%)
   Lib tcbn65gpluswc        : inst = 13115 (24.0%)

 HVT : inst = 41574 (76.0%), cells = 457 (56%)
   Lib tcbn65gpluswc        : inst = 41574 (76.0%)

Reporting took 0 sec
**WARN: (IMPEXT-3518):	The lower process node is set (using command 'setDesignMode') but the technology file for TQRC extraction not specified. Therefore, going for postRoute (effortLevel low) extraction instead of recommended extractor 'TQRC' for lower nodes. Use command 'set_analysis_view/update_rc_corner' to specify the technology file for TQRC extraction to take place.
Extraction called for design 'core' of instances=96301 and nets=58161 using extraction engine 'postRoute' at effort level 'low' .
PostRoute (effortLevel low) RC Extraction called for design core.
RC Extraction called in multi-corner(2) mode.
**WARN: (IMPEXT-3442):	The version of the capacitance table file being used is obsolete and is no longer recommended. For improved accuracy, generate the capacitance table file using the generateCapTbl command.
Process corner(s) are loaded.
 Corner: Cmax
 Corner: Cmin
extractDetailRC Option : -outfile /tmp/innovus_temp_6701_ieng6-ece-02.ucsd.edu_zhbian_MVyadl/core_6701_lQYaKV.rcdb.d -maxResLength 200  -extended
RC Mode: PostRoute -effortLevel low [Extended CapTable, LEF Resistances]
      RC Corner Indexes            0       1   
Capacitance Scaling Factor   : 1.00000 1.00000 
Coupling Cap. Scaling Factor : 1.00000 1.00000 
Resistance Scaling Factor    : 1.00000 1.00000 
Clock Cap. Scaling Factor    : 1.00000 1.00000 
Clock Res. Scaling Factor    : 1.00000 1.00000 
Shrink Factor                : 1.00000
Initializing multi-corner capacitance tables ... 
Initializing multi-corner resistance tables ...
Checking LVS Completed (CPU Time= 0:00:00.3  MEM= 2868.8M)
Extracted 10.0003% (CPU Time= 0:00:02.2  MEM= 2938.7M)
Extracted 20.0002% (CPU Time= 0:00:02.6  MEM= 2938.7M)
Extracted 30.0003% (CPU Time= 0:00:03.4  MEM= 2942.7M)
Extracted 40.0002% (CPU Time= 0:00:04.4  MEM= 2942.7M)
Extracted 50.0004% (CPU Time= 0:00:06.0  MEM= 2942.7M)
Extracted 60.0003% (CPU Time= 0:00:06.5  MEM= 2942.7M)
Extracted 70.0002% (CPU Time= 0:00:07.0  MEM= 2942.7M)
Extracted 80.0003% (CPU Time= 0:00:07.6  MEM= 2942.7M)
Extracted 90.0002% (CPU Time= 0:00:08.4  MEM= 2942.7M)
Extracted 100% (CPU Time= 0:00:11.3  MEM= 2942.7M)
Number of Extracted Resistors     : 1040894
Number of Extracted Ground Cap.   : 1027335
Number of Extracted Coupling Cap. : 1785416
Filtering XCap in 'relativeAndCoupling' mode using values coupling_c_threshold=0.1fF, relative_c_threshold=1, and total_c_threshold=0fF.
 Corner: Cmax
 Corner: Cmin
Checking LVS Completed (CPU Time= 0:00:00.3  MEM= 2914.7M)
PostRoute (effortLevel low) RC Extraction DONE (CPU Time: 0:00:14.2  Real Time: 0:00:14.0  MEM: 2914.723M)
Initializing multi-corner capacitance tables ... 
Initializing multi-corner resistance tables ...
Starting SI iteration 1 using Infinite Timing Windows
Begin IPO call back ...
End IPO call back ...
#################################################################################
# Design Stage: PostRoute
# Design Name: core
# Design Mode: 65nm
# Analysis Mode: MMMC OCV 
# Parasitics Mode: SPEF/RCDB
# Signoff Settings: SI On 
#################################################################################
Calculate early delays in OCV mode...
Calculate late delays in OCV mode...
AAE_INFO-618: Total number of nets in the design is 58161,  100.0 percent of the nets selected for SI analysis
End delay calculation. (MEM=3383.62 CPU=0:00:17.6 REAL=0:00:04.0)
Save waveform /tmp/innovus_temp_6701_ieng6-ece-02.ucsd.edu_zhbian_MVyadl/.AAE_ihOGJe/.AAE_6701/waveform.data...
*** CDM Built up (cpu=0:00:19.6  real=0:00:05.0  mem= 3383.6M) ***
Add other clocks and setupCteToAAEClockMapping during iter 1
Starting SI iteration 2
Calculate early delays in OCV mode...
Calculate late delays in OCV mode...
AAE_INFO-618: Total number of nets in the design is 58161,  3.1 percent of the nets selected for SI analysis
End delay calculation. (MEM=3357.66 CPU=0:00:01.9 REAL=0:00:00.0)
*** CDM Built up (cpu=0:00:02.1  real=0:00:00.0  mem= 3357.7M) ***
*** Done Building Timing Graph (cpu=0:00:27.9 real=0:00:07.0 totSessionCpu=2:56:28 mem=3357.7M)
** Profile ** Start :  cpu=0:00:00.0, mem=3357.7M
** Profile ** Other data :  cpu=0:00:00.2, mem=3357.7M
** Profile ** Overall slacks :  cpu=0:00:00.4, mem=3356.1M
** Profile ** DRVs :  cpu=0:00:01.8, mem=3356.1M

------------------------------------------------------------
     Initial SI Timing Summary                             
------------------------------------------------------------

Setup views included:
 WC_VIEW 

+--------------------+---------+---------+---------+
|     Setup mode     |   all   | reg2reg | default |
+--------------------+---------+---------+---------+
|           WNS (ns):| -0.028  | -0.028  |  0.342  |
|           TNS (ns):| -0.853  | -0.853  |  0.000  |
|    Violating Paths:|   72    |   72    |    0    |
|          All Paths:|  8401   |  6831   |  3064   |
+--------------------+---------+---------+---------+

+----------------+-------------------------------+------------------+
|                |              Real             |       Total      |
|    DRVs        +------------------+------------+------------------|
|                |  Nr nets(terms)  | Worst Vio  |  Nr nets(terms)  |
+----------------+------------------+------------+------------------+
|   max_cap      |      2 (2)       |   -0.001   |      2 (2)       |
|   max_tran     |      2 (8)       |   -0.053   |      2 (8)       |
|   max_fanout   |      0 (0)       |     0      |      0 (0)       |
|   max_length   |      0 (0)       |     0      |      0 (0)       |
+----------------+------------------+------------+------------------+

Density: 38.542%
       (94.328% with Fillers)
Total number of glitch violations: 0
------------------------------------------------------------
** Profile ** Report data :  cpu=0:00:00.0, mem=3356.1M
**optDesign ... cpu = 0:00:49, real = 0:00:27, mem = 2855.0M, totSessionCpu=2:56:30 **
Setting latch borrow mode to budget during optimization.
Glitch fixing enabled
<optDesign CMD> fixdrv  all VT Cells
Leakage Power Opt: re-selecting buf/inv list 
**INFO: Num dontuse cells 99, Num usable cells 779
optDesignOneStep: Leakage Power Flow
**INFO: Num dontuse cells 99, Num usable cells 779
**INFO: Start fixing DRV (Mem = 2921.77M) ...
**INFO: Options = -postRoute -maxCap -maxTran -maxFanout -noSensitivity -backward -maxIter 1
**INFO: Start fixing DRV iteration 1 ...
Begin: GigaOpt DRV Optimization
Glitch fixing enabled
Info: 262 clock nets excluded from IPO operation.
DRV pessimism of 5.00% is used.
+----------------------------------------------------------------------------------------------------------------------------------------------------------------------------------+
|      max-tran     |      max-cap      |     max-fanout    |     max-length    |       glitch      |       |           |           |           |         |            |           |
+----------------------------------------------------------------------------------------------------------------------------------------------------------------------------------+
|  nets   |  terms  |  nets   |  terms  |  nets   |  terms  |  nets   |  terms  |  nets   |  terms  |  WNS  |  #Buffer  | #Inverter |  #Resize  | Density |    Real    |    Mem    |
+----------------------------------------------------------------------------------------------------------------------------------------------------------------------------------+
|    19   |   320   |     4   |      4  |     0   |     0   |     0   |     0   |     0   |     0   | -0.03 |          0|          0|          0|  94.33  |            |           |
|     0   |     0   |     0   |      0  |     0   |     0   |     0   |     0   |     0   |     0   | -0.03 |          1|          0|         18|  94.33  |   0:00:01.0|    3740.6M|
|     0   |     0   |     0   |      0  |     0   |     0   |     0   |     0   |     0   |     0   | -0.03 |          0|          0|          0|  94.33  |   0:00:00.0|    3740.6M|
+----------------------------------------------------------------------------------------------------------------------------------------------------------------------------------+

*** Finish DRV Fixing (cpu=0:00:07.0 real=0:00:03.0 mem=3740.6M) ***

*** Starting refinePlace (2:56:45 mem=3579.5M) ***
Density distribution unevenness ratio = 1.544%
Move report: Detail placement moves 0 insts, mean move: 0.00 um, max move: 0.00 um
	Runtime: CPU: 0:00:00.9 REAL: 0:00:01.0 MEM: 3579.5MB
Summary Report:
Instances move: 0 (out of 54594 movable)
Mean displacement: 0.00 um
Max displacement: 0.00 um 
Runtime: CPU: 0:00:01.0 REAL: 0:00:01.0 MEM: 3579.5MB
*** Finished refinePlace (2:56:47 mem=3579.5M) ***
Density distribution unevenness ratio = 1.757%
End: GigaOpt DRV Optimization
**optDesign ... cpu = 0:01:06, real = 0:00:37, mem = 3004.4M, totSessionCpu=2:56:47 **
*info:
**INFO: Completed fixing DRV (CPU Time = 0:00:13, Mem = 3004.39M).
Leakage Power Opt: resetting the buf/inv selection
** Profile ** Start :  cpu=0:00:00.0, mem=3004.4M
** Profile ** Other data :  cpu=0:00:00.1, mem=3004.4M
** Profile ** Overall slacks :  cpu=0:00:00.5, mem=3083.8M
** Profile ** DRVs :  cpu=0:00:01.8, mem=3083.8M

------------------------------------------------------------
     SI Timing Summary (cpu=0.22min real=0.15min mem=3004.4M)                             
------------------------------------------------------------

Setup views included:
 WC_VIEW 

+--------------------+---------+---------+---------+
|     Setup mode     |   all   | reg2reg | default |
+--------------------+---------+---------+---------+
|           WNS (ns):| -0.028  | -0.028  |  0.342  |
|           TNS (ns):| -0.853  | -0.853  |  0.000  |
|    Violating Paths:|   72    |   72    |    0    |
|          All Paths:|  8401   |  6831   |  3064   |
+--------------------+---------+---------+---------+

+----------------+-------------------------------+------------------+
|                |              Real             |       Total      |
|    DRVs        +------------------+------------+------------------|
|                |  Nr nets(terms)  | Worst Vio  |  Nr nets(terms)  |
+----------------+------------------+------------+------------------+
|   max_cap      |      0 (0)       |   0.000    |      0 (0)       |
|   max_tran     |      0 (0)       |   0.000    |      0 (0)       |
|   max_fanout   |      0 (0)       |     0      |      0 (0)       |
|   max_length   |      0 (0)       |     0      |      0 (0)       |
+----------------+------------------+------------+------------------+

Density: 38.542%
       (94.329% with Fillers)
Total number of glitch violations: 0
------------------------------------------------------------
** Profile ** Report data :  cpu=0:00:00.0, mem=3083.8M
**optDesign ... cpu = 0:01:09, real = 0:00:39, mem = 3004.4M, totSessionCpu=2:56:50 **
** Profile ** Start :  cpu=0:00:00.0, mem=2994.9M
** Profile ** Other data :  cpu=0:00:00.2, mem=2994.9M
** Profile ** Overall slacks :  cpu=0:00:00.4, mem=3025.4M
** Profile ** DRVs :  cpu=0:00:01.9, mem=3025.4M

------------------------------------------------------------
        Pre-ecoRoute Summary                             
------------------------------------------------------------

Setup views included:
 WC_VIEW 

+--------------------+---------+---------+---------+
|     Setup mode     |   all   | reg2reg | default |
+--------------------+---------+---------+---------+
|           WNS (ns):| -0.028  | -0.028  |  0.342  |
|           TNS (ns):| -0.853  | -0.853  |  0.000  |
|    Violating Paths:|   72    |   72    |    0    |
|          All Paths:|  8401   |  6831   |  3064   |
+--------------------+---------+---------+---------+

+----------------+-------------------------------+------------------+
|                |              Real             |       Total      |
|    DRVs        +------------------+------------+------------------|
|                |  Nr nets(terms)  | Worst Vio  |  Nr nets(terms)  |
+----------------+------------------+------------+------------------+
|   max_cap      |      0 (0)       |   0.000    |      0 (0)       |
|   max_tran     |      0 (0)       |   0.000    |      0 (0)       |
|   max_fanout   |      0 (0)       |     0      |      0 (0)       |
|   max_length   |      0 (0)       |     0      |      0 (0)       |
+----------------+------------------+------------+------------------+

Density: 38.542%
       (94.329% with Fillers)
Total number of glitch violations: 0
------------------------------------------------------------
** Profile ** Report data :  cpu=0:00:00.0, mem=3025.4M
**optDesign ... cpu = 0:01:12, real = 0:00:43, mem = 2937.6M, totSessionCpu=2:56:53 **
-routeWithEco false                      # bool, default=false
-routeWithEco true                       # bool, default=false, user setting
-routeSelectedNetOnly false              # bool, default=false, user setting
-routeWithTimingDriven true              # bool, default=false, user setting
-routeWithTimingDriven false             # bool, default=false, user setting
-routeWithSiDriven true                  # bool, default=false, user setting
-routeWithSiDriven false                 # bool, default=false, user setting

globalDetailRoute

#setNanoRouteMode -drouteAutoStop true
#setNanoRouteMode -drouteFixAntenna true
#setNanoRouteMode -droutePostRouteSpreadWire "false"
#setNanoRouteMode -routeSelectedNetOnly false
#setNanoRouteMode -routeTopRoutingLayer 6
#setNanoRouteMode -routeWithEco true
#setNanoRouteMode -routeWithSiDriven false
#setNanoRouteMode -routeWithTimingDriven false
#Start globalDetailRoute on Sat Mar 22 19:20:21 2025
#
#WARNING (NRDB-682) Connectivity is broken at PIN A2 of INST ofifo_inst/col_idx_2__fifo_instance/U103 connects to NET ofifo_inst/col_idx_2__fifo_instance/n15 at location ( 541.100 477.400 ) on LAYER M1. The location is not inside the pin geometry extraction.
#WARNING (NRIG-44) Imported NET ofifo_inst/col_idx_2__fifo_instance/n15 has LVS problem. The integrity of the wires will be checked. NanoRoute will continue. Check the net for FIXED or misaligned routing connections. If necessary, skip this net or delete the net routing.
#WARNING (NRDB-682) Connectivity is broken at PIN A2 of INST ofifo_inst/col_idx_2__fifo_instance/U20 connects to NET ofifo_inst/col_idx_2__fifo_instance/n859 at location ( 537.500 479.400 ) on LAYER M1. The location is not inside the pin geometry extraction.
#WARNING (NRIG-44) Imported NET ofifo_inst/col_idx_2__fifo_instance/n859 has LVS problem. The integrity of the wires will be checked. NanoRoute will continue. Check the net for FIXED or misaligned routing connections. If necessary, skip this net or delete the net routing.
#WARNING (NRDB-682) Connectivity is broken at PIN A2 of INST ofifo_inst/col_idx_5__fifo_instance/U102 connects to NET ofifo_inst/col_idx_5__fifo_instance/n15 at location ( 610.900 544.200 ) on LAYER M1. The location is not inside the pin geometry extraction.
#WARNING (NRIG-44) Imported NET ofifo_inst/col_idx_5__fifo_instance/n15 has LVS problem. The integrity of the wires will be checked. NanoRoute will continue. Check the net for FIXED or misaligned routing connections. If necessary, skip this net or delete the net routing.
#WARNING (NRDB-682) Connectivity is broken at PIN A2 of INST ofifo_inst/col_idx_7__fifo_instance/U101 connects to NET ofifo_inst/col_idx_7__fifo_instance/n15 at location ( 486.900 578.200 ) on LAYER M1. The location is not inside the pin geometry extraction.
#WARNING (NRIG-44) Imported NET ofifo_inst/col_idx_7__fifo_instance/n15 has LVS problem. The integrity of the wires will be checked. NanoRoute will continue. Check the net for FIXED or misaligned routing connections. If necessary, skip this net or delete the net routing.
#NanoRoute Version 15.23-s045_1 NR160414-1105/15_23-UB
#Loading the last recorded routing design signature
#Created 1 NETS and 0 SPECIALNETS new signatures
#Summary of the placement changes since last routing:
#  Number of instances added (including moved) = 1
#  Number of instances resized = 17
#  Number of instances with same cell size swap = 1
#  Total number of placement changes (moved instances are counted twice) = 18
#Using multithreading with 8 threads.
#Start routing data preparation.
#Minimum voltage of a net in the design = 0.000.
#Maximum voltage of a net in the design = 1.100.
#Voltage range [0.000 - 0.000] has 1 net.
#Voltage range [0.900 - 1.100] has 1 net.
#Voltage range [0.000 - 1.100] has 58160 nets.
# M1           H   Track-Pitch = 0.200    Line-2-Via Pitch = 0.185
# M2           V   Track-Pitch = 0.200    Line-2-Via Pitch = 0.200
# M3           H   Track-Pitch = 0.200    Line-2-Via Pitch = 0.200
# M4           V   Track-Pitch = 0.200    Line-2-Via Pitch = 0.200
# M5           H   Track-Pitch = 0.200    Line-2-Via Pitch = 0.200
# M6           V   Track-Pitch = 0.200    Line-2-Via Pitch = 0.200
# M7           H   Track-Pitch = 0.800    Line-2-Via Pitch = 0.800
# M8           V   Track-Pitch = 0.800    Line-2-Via Pitch = 0.800
#1391/57997 = 2% of signal nets have been set as priority nets
#Regenerating Ggrids automatically.
#Auto generating G-grids with size=15 tracks, using layer M2's pitch = 0.200.
#Using automatically generated G-grids.
#Done routing data preparation.
#cpu time = 00:00:04, elapsed time = 00:00:04, memory = 2198.92 (MB), peak = 2623.90 (MB)
#Merging special wires using 8 threads...
#WARNING (NRDB-1005) Cannot establish connection to PIN A2 at ( 540.920 477.500 ) on M1 for NET ofifo_inst/col_idx_2__fifo_instance/n15. The NET is considered partially routed. Visually verify wiring at the specified location as the wire/via origin may not touch the PIN. This NET will be rerouted with same or different wiring.
#WARNING (NRDB-1005) Cannot establish connection to PIN A2 at ( 537.320 479.300 ) on M1 for NET ofifo_inst/col_idx_2__fifo_instance/n859. The NET is considered partially routed. Visually verify wiring at the specified location as the wire/via origin may not touch the PIN. This NET will be rerouted with same or different wiring.
#WARNING (NRDB-1005) Cannot establish connection to PIN A2 at ( 610.720 544.100 ) on M1 for NET ofifo_inst/col_idx_5__fifo_instance/n15. The NET is considered partially routed. Visually verify wiring at the specified location as the wire/via origin may not touch the PIN. This NET will be rerouted with same or different wiring.
#WARNING (NRDB-1005) Cannot establish connection to PIN A2 at ( 486.720 578.300 ) on M1 for NET ofifo_inst/col_idx_7__fifo_instance/n15. The NET is considered partially routed. Visually verify wiring at the specified location as the wire/via origin may not touch the PIN. This NET will be rerouted with same or different wiring.
#WARNING (NRDB-1005) Cannot establish connection to PIN Z at ( 247.885 191.300 ) on M1 for NET sfp_instance/FE_PDN8257_div_19_u_div_BInv_6__13_. The NET is considered partially routed. Visually verify wiring at the specified location as the wire/via origin may not touch the PIN. This NET will be rerouted with same or different wiring.
#WARNING (NRDB-1005) Cannot establish connection to PIN I at ( 247.315 191.300 ) on M1 for NET sfp_instance/div_19_u_div_BInv_6__13_. The NET is considered partially routed. Visually verify wiring at the specified location as the wire/via origin may not touch the PIN. This NET will be rerouted with same or different wiring.
#
#Connectivity extraction summary:
#52 routed nets are extracted.
#    6 (0.01%) extracted nets are partially routed.
#57945 routed nets are imported.
#165 nets are fixed|skipped|trivial (not extracted).
#Total number of nets = 58162.
#
#Found 0 nets for post-route si or timing fixing.
#Number of eco nets is 6
#
#Start data preparation...
#
#Data preparation is done on Sat Mar 22 19:20:29 2025
#
#Analyzing routing resource...
#Routing resource analysis is done on Sat Mar 22 19:20:30 2025
#
#  Resource Analysis:
#
#               Routing  #Avail      #Track     #Total     %Gcell
#  Layer      Direction   Track     Blocked      Gcell    Blocked
#  --------------------------------------------------------------
#  Metal 1        H        3703         796       90000    76.28%
#  Metal 2        V        3704         796       90000    17.61%
#  Metal 3        H        3704         795       90000    17.61%
#  Metal 4        V        3760         740       90000    17.61%
#  Metal 5        H        3948         551       90000     6.55%
#  Metal 6        V        4500           0       90000     0.00%
#  --------------------------------------------------------------
#  Total                  23320      13.62%  540000    22.61%
#
#  414 nets (0.71%) with 1 preferred extra spacing.
#
#
#cpu time = 00:00:03, elapsed time = 00:00:01, memory = 2206.46 (MB), peak = 2623.90 (MB)
#
#start global routing iteration 1...
#cpu time = 00:00:01, elapsed time = 00:00:01, memory = 2206.71 (MB), peak = 2623.90 (MB)
#
#start global routing iteration 2...
#cpu time = 00:00:01, elapsed time = 00:00:01, memory = 2206.57 (MB), peak = 2623.90 (MB)
#
#start global routing iteration 3...
#cpu time = 00:00:01, elapsed time = 00:00:01, memory = 2206.67 (MB), peak = 2623.90 (MB)
#
#
#Total number of trivial nets (e.g. < 2 pins) = 165 (skipped).
#Total number of routable nets = 57997.
#Total number of nets in the design = 58162.
#
#6 routable nets have only global wires.
#57991 routable nets have only detail routed wires.
#414 detail routed (routable) nets have been constrained (e.g. have preferred extra spacing, require shielding etc.)
#
#Routed nets constraints summary:
#-----------------------------
#        Rules   Unconstrained  
#-----------------------------
#      Default               6  
#-----------------------------
#        Total               6  
#-----------------------------
#
#Routing constraints summary of the whole design:
#------------------------------------------------
#        Rules   Pref Extra Space   Unconstrained  
#------------------------------------------------
#      Default                414           57583  
#------------------------------------------------
#        Total                414           57583  
#------------------------------------------------
#
#
#  Congestion Analysis: (blocked Gcells are excluded)
#
#                 OverCon          
#                  #Gcell    %Gcell
#     Layer           (1)   OverCon
#  --------------------------------
#   Metal 1      0(0.00%)   (0.00%)
#   Metal 2      0(0.00%)   (0.00%)
#   Metal 3      0(0.00%)   (0.00%)
#   Metal 4      0(0.00%)   (0.00%)
#   Metal 5      0(0.00%)   (0.00%)
#   Metal 6      0(0.00%)   (0.00%)
#  --------------------------------
#     Total      0(0.00%)   (0.00%)
#
#  The worst congested Gcell overcon (routing demand over resource in number of tracks) = 1
#  Overflow after GR: 0.00% H + 0.00% V
#
#Complete Global Routing.
#Total number of nets with non-default rule or having extra spacing = 414
#Total wire length = 1232690 um.
#Total half perimeter of net bounding box = 1144730 um.
#Total wire length on LAYER M1 = 4436 um.
#Total wire length on LAYER M2 = 267701 um.
#Total wire length on LAYER M3 = 408419 um.
#Total wire length on LAYER M4 = 312629 um.
#Total wire length on LAYER M5 = 188712 um.
#Total wire length on LAYER M6 = 50794 um.
#Total wire length on LAYER M7 = 0 um.
#Total wire length on LAYER M8 = 0 um.
#Total number of vias = 401057
#Total number of multi-cut vias = 272575 ( 68.0%)
#Total number of single cut vias = 128482 ( 32.0%)
#Up-Via Summary (total 401057):
#                   single-cut          multi-cut      Total
#-----------------------------------------------------------
#  Metal 1      122058 ( 64.5%)     67257 ( 35.5%)     189315
#  Metal 2        5517 (  3.5%)    153585 ( 96.5%)     159102
#  Metal 3         807 (  2.0%)     40235 ( 98.0%)      41042
#  Metal 4         100 (  1.0%)      9869 ( 99.0%)       9969
#  Metal 5           0 (  0.0%)      1629 (100.0%)       1629
#-----------------------------------------------------------
#               128482 ( 32.0%)    272575 ( 68.0%)     401057 
#
#Max overcon = 0 track.
#Total overcon = 0.00%.
#Worst layer Gcell overcon rate = 0.00%.
#cpu time = 00:00:07, elapsed time = 00:00:04, memory = 2206.84 (MB), peak = 2623.90 (MB)
#
#cpu time = 00:00:00, elapsed time = 00:00:00, memory = 2201.66 (MB), peak = 2623.90 (MB)
#Start Track Assignment.
#Done with 0 horizontal wires in 3 hboxes and 0 vertical wires in 3 hboxes.
#Done with 0 horizontal wires in 3 hboxes and 0 vertical wires in 3 hboxes.
#Complete Track Assignment.
#Total number of nets with non-default rule or having extra spacing = 414
#Total wire length = 1232691 um.
#Total half perimeter of net bounding box = 1144730 um.
#Total wire length on LAYER M1 = 4436 um.
#Total wire length on LAYER M2 = 267701 um.
#Total wire length on LAYER M3 = 408419 um.
#Total wire length on LAYER M4 = 312629 um.
#Total wire length on LAYER M5 = 188712 um.
#Total wire length on LAYER M6 = 50794 um.
#Total wire length on LAYER M7 = 0 um.
#Total wire length on LAYER M8 = 0 um.
#Total number of vias = 401057
#Total number of multi-cut vias = 272575 ( 68.0%)
#Total number of single cut vias = 128482 ( 32.0%)
#Up-Via Summary (total 401057):
#                   single-cut          multi-cut      Total
#-----------------------------------------------------------
#  Metal 1      122058 ( 64.5%)     67257 ( 35.5%)     189315
#  Metal 2        5517 (  3.5%)    153585 ( 96.5%)     159102
#  Metal 3         807 (  2.0%)     40235 ( 98.0%)      41042
#  Metal 4         100 (  1.0%)      9869 ( 99.0%)       9969
#  Metal 5           0 (  0.0%)      1629 (100.0%)       1629
#-----------------------------------------------------------
#               128482 ( 32.0%)    272575 ( 68.0%)     401057 
#
#cpu time = 00:00:05, elapsed time = 00:00:05, memory = 2203.70 (MB), peak = 2623.90 (MB)
#
#Cpu time = 00:00:16
#Elapsed time = 00:00:13
#Increased memory = 4.04 (MB)
#Total memory = 2203.70 (MB)
#Peak memory = 2623.90 (MB)
#Using multithreading with 8 threads.
#
#Start Detail Routing..
#start initial detail routing ...
#    completing 10% with 0 violations
#    elapsed time = 00:00:00, memory = 2206.40 (MB)
#    completing 20% with 0 violations
#    elapsed time = 00:00:00, memory = 2207.02 (MB)
#    completing 30% with 0 violations
#    elapsed time = 00:00:00, memory = 2207.66 (MB)
#    completing 40% with 0 violations
#    elapsed time = 00:00:00, memory = 2247.43 (MB)
#    completing 50% with 0 violations
#    elapsed time = 00:00:00, memory = 2247.43 (MB)
#    completing 60% with 0 violations
#    elapsed time = 00:00:00, memory = 2247.56 (MB)
#    completing 70% with 0 violations
#    elapsed time = 00:00:00, memory = 2247.88 (MB)
#    completing 80% with 0 violations
#    elapsed time = 00:00:00, memory = 2248.45 (MB)
#    completing 90% with 0 violations
#    elapsed time = 00:00:00, memory = 2286.43 (MB)
#    completing 100% with 0 violations
#    elapsed time = 00:00:00, memory = 2286.56 (MB)
# ECO: 0.0% of the total area was rechecked for DRC, and 0.2% required routing.
#    number of violations = 0
#18 out of 96302 instances need to be verified(marked ipoed).
#0.3% of the total area is being checked for drcs
#0.3% of the total area was checked
#    number of violations = 12
#
#    By Layer and Type :
#	         MetSpc   EOLSpc    Short   MinStp   Totals
#	M1            2        6        3        1       12
#	Totals        2        6        3        1       12
#cpu time = 00:00:02, elapsed time = 00:00:01, memory = 2302.16 (MB), peak = 2623.90 (MB)
#start 1st optimization iteration ...
#    number of violations = 2
#
#    By Layer and Type :
#	         EOLSpc   Totals
#	M1            2        2
#	Totals        2        2
#cpu time = 00:00:02, elapsed time = 00:00:01, memory = 2260.57 (MB), peak = 2623.90 (MB)
#start 2nd optimization iteration ...
#    number of violations = 0
#cpu time = 00:00:01, elapsed time = 00:00:00, memory = 2268.15 (MB), peak = 2623.90 (MB)
#Complete Detail Routing.
#Total number of nets with non-default rule or having extra spacing = 414
#Total wire length = 1232689 um.
#Total half perimeter of net bounding box = 1144730 um.
#Total wire length on LAYER M1 = 4434 um.
#Total wire length on LAYER M2 = 267706 um.
#Total wire length on LAYER M3 = 408418 um.
#Total wire length on LAYER M4 = 312623 um.
#Total wire length on LAYER M5 = 188714 um.
#Total wire length on LAYER M6 = 50794 um.
#Total wire length on LAYER M7 = 0 um.
#Total wire length on LAYER M8 = 0 um.
#Total number of vias = 401077
#Total number of multi-cut vias = 272556 ( 68.0%)
#Total number of single cut vias = 128521 ( 32.0%)
#Up-Via Summary (total 401077):
#                   single-cut          multi-cut      Total
#-----------------------------------------------------------
#  Metal 1      122078 ( 64.5%)     67240 ( 35.5%)     189318
#  Metal 2        5524 (  3.5%)    153586 ( 96.5%)     159110
#  Metal 3         812 (  2.0%)     40232 ( 98.0%)      41044
#  Metal 4         107 (  1.1%)      9869 ( 98.9%)       9976
#  Metal 5           0 (  0.0%)      1629 (100.0%)       1629
#-----------------------------------------------------------
#               128521 ( 32.0%)    272556 ( 68.0%)     401077 
#
#Total number of DRC violations = 0
#Cpu time = 00:00:07
#Elapsed time = 00:00:04
#Increased memory = -0.75 (MB)
#Total memory = 2202.95 (MB)
#Peak memory = 2623.90 (MB)
#
#start routing for process antenna violation fix ...
#cpu time = 00:00:01, elapsed time = 00:00:01, memory = 2204.79 (MB), peak = 2623.90 (MB)
#
#Total number of nets with non-default rule or having extra spacing = 414
#Total wire length = 1232689 um.
#Total half perimeter of net bounding box = 1144730 um.
#Total wire length on LAYER M1 = 4434 um.
#Total wire length on LAYER M2 = 267706 um.
#Total wire length on LAYER M3 = 408418 um.
#Total wire length on LAYER M4 = 312623 um.
#Total wire length on LAYER M5 = 188714 um.
#Total wire length on LAYER M6 = 50794 um.
#Total wire length on LAYER M7 = 0 um.
#Total wire length on LAYER M8 = 0 um.
#Total number of vias = 401077
#Total number of multi-cut vias = 272556 ( 68.0%)
#Total number of single cut vias = 128521 ( 32.0%)
#Up-Via Summary (total 401077):
#                   single-cut          multi-cut      Total
#-----------------------------------------------------------
#  Metal 1      122078 ( 64.5%)     67240 ( 35.5%)     189318
#  Metal 2        5524 (  3.5%)    153586 ( 96.5%)     159110
#  Metal 3         812 (  2.0%)     40232 ( 98.0%)      41044
#  Metal 4         107 (  1.1%)      9869 ( 98.9%)       9976
#  Metal 5           0 (  0.0%)      1629 (100.0%)       1629
#-----------------------------------------------------------
#               128521 ( 32.0%)    272556 ( 68.0%)     401077 
#
#Total number of DRC violations = 0
#Total number of net violated process antenna rule = 0
#
#
#Start Post Route via swapping..
#0.31% of area are rerouted by ECO routing.
#    number of violations = 0
#cpu time = 00:00:01, elapsed time = 00:00:00, memory = 2239.87 (MB), peak = 2623.90 (MB)
#    number of violations = 0
#cpu time = 00:00:02, elapsed time = 00:00:01, memory = 2223.26 (MB), peak = 2623.90 (MB)
#CELL_VIEW core,init has no DRC violation.
#Total number of DRC violations = 0
#Total number of net violated process antenna rule = 0
#Post Route via swapping is done.
#Total number of nets with non-default rule or having extra spacing = 414
#Total wire length = 1232689 um.
#Total half perimeter of net bounding box = 1144730 um.
#Total wire length on LAYER M1 = 4434 um.
#Total wire length on LAYER M2 = 267706 um.
#Total wire length on LAYER M3 = 408418 um.
#Total wire length on LAYER M4 = 312623 um.
#Total wire length on LAYER M5 = 188714 um.
#Total wire length on LAYER M6 = 50794 um.
#Total wire length on LAYER M7 = 0 um.
#Total wire length on LAYER M8 = 0 um.
#Total number of vias = 401077
#Total number of multi-cut vias = 272600 ( 68.0%)
#Total number of single cut vias = 128477 ( 32.0%)
#Up-Via Summary (total 401077):
#                   single-cut          multi-cut      Total
#-----------------------------------------------------------
#  Metal 1      122058 ( 64.5%)     67260 ( 35.5%)     189318
#  Metal 2        5514 (  3.5%)    153596 ( 96.5%)     159110
#  Metal 3         806 (  2.0%)     40238 ( 98.0%)      41044
#  Metal 4          99 (  1.0%)      9877 ( 99.0%)       9976
#  Metal 5           0 (  0.0%)      1629 (100.0%)       1629
#-----------------------------------------------------------
#               128477 ( 32.0%)    272600 ( 68.0%)     401077 
#
#detailRoute Statistics:
#Cpu time = 00:00:15
#Elapsed time = 00:00:11
#Increased memory = 18.21 (MB)
#Total memory = 2221.91 (MB)
#Peak memory = 2623.90 (MB)
#Updating routing design signature
#Created 849 library cell signatures
#Created 58162 NETS and 0 SPECIALNETS signatures
#Created 96303 instance signatures
#Build design signature : cpu time = 00:00:00, elapsed time = 00:00:00, memory = 2231.15 (MB), peak = 2623.90 (MB)
#Save design signature : cpu time = 00:00:00, elapsed time = 00:00:00, memory = 2231.40 (MB), peak = 2623.90 (MB)
#
#globalDetailRoute statistics:
#Cpu time = 00:00:37
#Elapsed time = 00:00:30
#Increased memory = -73.54 (MB)
#Total memory = 2174.77 (MB)
#Peak memory = 2623.90 (MB)
#Number of warnings = 14
#Total number of warnings = 200
#Number of fails = 0
#Total number of fails = 0
#Complete globalDetailRoute on Sat Mar 22 19:20:51 2025
#
**optDesign ... cpu = 0:01:50, real = 0:01:13, mem = 2845.0M, totSessionCpu=2:57:31 **
-routeWithEco false                      # bool, default=false
-routeSelectedNetOnly false              # bool, default=false, user setting
-routeWithTimingDriven true              # bool, default=false, user setting
-routeWithSiDriven true                  # bool, default=false, user setting
**WARN: (IMPEXT-3518):	The lower process node is set (using command 'setDesignMode') but the technology file for TQRC extraction not specified. Therefore, going for postRoute (effortLevel low) extraction instead of recommended extractor 'TQRC' for lower nodes. Use command 'set_analysis_view/update_rc_corner' to specify the technology file for TQRC extraction to take place.
Extraction called for design 'core' of instances=96302 and nets=58162 using extraction engine 'postRoute' at effort level 'low' .
PostRoute (effortLevel low) RC Extraction called for design core.
RC Extraction called in multi-corner(2) mode.
**WARN: (IMPEXT-3442):	The version of the capacitance table file being used is obsolete and is no longer recommended. For improved accuracy, generate the capacitance table file using the generateCapTbl command.
Process corner(s) are loaded.
 Corner: Cmax
 Corner: Cmin
extractDetailRC Option : -outfile /tmp/innovus_temp_6701_ieng6-ece-02.ucsd.edu_zhbian_MVyadl/core_6701_lQYaKV.rcdb.d -maxResLength 200  -extended
RC Mode: PostRoute -effortLevel low [Extended CapTable, LEF Resistances]
      RC Corner Indexes            0       1   
Capacitance Scaling Factor   : 1.00000 1.00000 
Coupling Cap. Scaling Factor : 1.00000 1.00000 
Resistance Scaling Factor    : 1.00000 1.00000 
Clock Cap. Scaling Factor    : 1.00000 1.00000 
Clock Res. Scaling Factor    : 1.00000 1.00000 
Shrink Factor                : 1.00000
Initializing multi-corner capacitance tables ... 
Initializing multi-corner resistance tables ...
Checking LVS Completed (CPU Time= 0:00:00.3  MEM= 2845.0M)
Extracted 10.0003% (CPU Time= 0:00:02.2  MEM= 2899.0M)
Extracted 20.0002% (CPU Time= 0:00:02.6  MEM= 2899.0M)
Extracted 30.0002% (CPU Time= 0:00:03.2  MEM= 2903.0M)
Extracted 40.0003% (CPU Time= 0:00:04.2  MEM= 2903.0M)
Extracted 50.0003% (CPU Time= 0:00:06.0  MEM= 2903.0M)
Extracted 60.0002% (CPU Time= 0:00:06.5  MEM= 2903.0M)
Extracted 70.0003% (CPU Time= 0:00:06.9  MEM= 2903.0M)
Extracted 80.0003% (CPU Time= 0:00:07.5  MEM= 2903.0M)
Extracted 90.0002% (CPU Time= 0:00:08.4  MEM= 2903.0M)
Extracted 100% (CPU Time= 0:00:11.2  MEM= 2903.0M)
Number of Extracted Resistors     : 1040930
Number of Extracted Ground Cap.   : 1027362
Number of Extracted Coupling Cap. : 1785444
Filtering XCap in 'relativeAndCoupling' mode using values coupling_c_threshold=0.1fF, relative_c_threshold=1, and total_c_threshold=0fF.
 Corner: Cmax
 Corner: Cmin
Checking LVS Completed (CPU Time= 0:00:00.3  MEM= 2891.0M)
PostRoute (effortLevel low) RC Extraction DONE (CPU Time: 0:00:14.3  Real Time: 0:00:14.0  MEM: 2890.961M)
**optDesign ... cpu = 0:02:04, real = 0:01:27, mem = 2843.0M, totSessionCpu=2:57:45 **
Starting SI iteration 1 using Infinite Timing Windows
Begin IPO call back ...
End IPO call back ...
#################################################################################
# Design Stage: PostRoute
# Design Name: core
# Design Mode: 65nm
# Analysis Mode: MMMC OCV 
# Parasitics Mode: SPEF/RCDB
# Signoff Settings: SI On 
#################################################################################
Calculate early delays in OCV mode...
Calculate late delays in OCV mode...
Initializing multi-corner capacitance tables ... 
Initializing multi-corner resistance tables ...
AAE_INFO: 8 threads acquired from CTE.
AAE_INFO-618: Total number of nets in the design is 58162,  100.0 percent of the nets selected for SI analysis
End delay calculation. (MEM=3413.06 CPU=0:00:17.8 REAL=0:00:04.0)
Save waveform /tmp/innovus_temp_6701_ieng6-ece-02.ucsd.edu_zhbian_MVyadl/.AAE_ihOGJe/.AAE_6701/waveform.data...
*** CDM Built up (cpu=0:00:21.8  real=0:00:06.0  mem= 3413.1M) ***
Add other clocks and setupCteToAAEClockMapping during iter 1
Starting SI iteration 2
Calculate early delays in OCV mode...
Calculate late delays in OCV mode...
AAE_INFO-618: Total number of nets in the design is 58162,  3.0 percent of the nets selected for SI analysis
End delay calculation. (MEM=3389.11 CPU=0:00:01.9 REAL=0:00:01.0)
*** CDM Built up (cpu=0:00:02.1  real=0:00:01.0  mem= 3389.1M) ***
*** Done Building Timing Graph (cpu=0:00:30.7 real=0:00:11.0 totSessionCpu=2:58:16 mem=3389.1M)
**optDesign ... cpu = 0:02:35, real = 0:01:38, mem = 2898.9M, totSessionCpu=2:58:16 **
Latch borrow mode reset to max_borrow
<optDesign CMD> Restore Using all VT Cells
Reported timing to dir ./timingReports
**optDesign ... cpu = 0:02:37, real = 0:01:39, mem = 2898.9M, totSessionCpu=2:58:18 **
** Profile ** Start :  cpu=0:00:00.0, mem=2937.1M
** Profile ** Other data :  cpu=0:00:00.2, mem=2937.1M
** Profile ** Overall slacks :  cpu=0:00:00.4, mem=2987.6M
** Profile ** Total reports :  cpu=0:00:02.8, mem=2908.9M
** Profile ** DRVs :  cpu=0:00:01.8, mem=2908.9M

------------------------------------------------------------
     optDesign Final SI Timing Summary                             
------------------------------------------------------------

Setup views included:
 WC_VIEW 

+--------------------+---------+---------+---------+
|     Setup mode     |   all   | reg2reg | default |
+--------------------+---------+---------+---------+
|           WNS (ns):| -0.028  | -0.028  |  0.342  |
|           TNS (ns):| -0.858  | -0.858  |  0.000  |
|    Violating Paths:|   72    |   72    |    0    |
|          All Paths:|  8401   |  6831   |  3064   |
+--------------------+---------+---------+---------+

+----------------+-------------------------------+------------------+
|                |              Real             |       Total      |
|    DRVs        +------------------+------------+------------------|
|                |  Nr nets(terms)  | Worst Vio  |  Nr nets(terms)  |
+----------------+------------------+------------+------------------+
|   max_cap      |      0 (0)       |   0.000    |      0 (0)       |
|   max_tran     |      0 (0)       |   0.000    |      0 (0)       |
|   max_fanout   |      0 (0)       |     0      |      0 (0)       |
|   max_length   |      0 (0)       |     0      |      0 (0)       |
+----------------+------------------+------------+------------------+

Density: 38.542%
       (94.329% with Fillers)
Total number of glitch violations: 0
------------------------------------------------------------
** Profile ** Report data :  cpu=0:00:00.0, mem=2908.9M
**optDesign ... cpu = 0:02:43, real = 0:01:45, mem = 2906.9M, totSessionCpu=2:58:24 **
 ReSet Options after AAE Based Opt flow 
*** Finished optDesign ***
Removing temporary dont_use automatically set for cells with technology sites with no row.
**INFO: setDesignMode -flowEffort standard -> setting 'setOptMode -allEndPoints true' for the duration of this command.
Disable merging buffers from different footprints for postRoute code for non-MSV designs
-powerEffort high                          # enums={none low high}, default=none, user setting
-leakageToDynamicRatio 0.5                 # float, default=1, user setting
-setupDynamicPowerViewAsDefaultView false
                                           # bool, default=false, private
GigaOpt running with 8 threads.
**WARN: (IMPOPT-3564):	The following cells are set dont_use temporarily by the tool because there are no rows defined for their technology site, or they are not placeable in any power domain. To avoid this message, review the floorplan, msv setting, the library setting or set manualy those cells as dont_use.
	Cell FILL1_LL, site bcore.
	Cell FILL_NW_HH, site bcore.
	Cell FILL_NW_LL, site bcore.
	Cell GFILL, site gacore.
	Cell GFILL10, site gacore.
	Cell GFILL2, site gacore.
	Cell GFILL3, site gacore.
	Cell GFILL4, site gacore.
	Cell LVLLHCD1, site bcore.
	Cell LVLLHCD2, site bcore.
	Cell LVLLHCD4, site bcore.
	Cell LVLLHCD8, site bcore.
	Cell LVLLHD1, site bcore.
	Cell LVLLHD2, site bcore.
	Cell LVLLHD4, site bcore.
	Cell LVLLHD8, site bcore.
.
**optDesign ... cpu = 0:00:00, real = 0:00:00, mem = 2889.2M, totSessionCpu=2:58:28 **
**INFO: DRVs not fixed with -incr option
#Created 849 library cell signatures
#Created 58162 NETS and 0 SPECIALNETS signatures
#Created 96303 instance signatures
#Build design signature : cpu time = 00:00:00, elapsed time = 00:00:00, memory = 2214.89 (MB), peak = 2623.90 (MB)
#Save design signature : cpu time = 00:00:00, elapsed time = 00:00:00, memory = 2214.89 (MB), peak = 2623.90 (MB)
Begin checking placement ... (start mem=2889.2M, init mem=2889.2M)
*info: Placed = 96302          (Fixed = 101)
*info: Unplaced = 0           
Placement Density:94.33%(459759/487401)
Finished checkPlace (cpu: total=0:00:00.4, vio checks=0:00:00.2; mem=2889.2M)
 Initial DC engine is -> aae
 
 AAE-Opt:: Current number of nets in RC Memory -> 100 K
 
 
 AAE-Opt:: New number of nets in RC Memory -> 100 K
 
Reset EOS DB
Ignoring AAE DB Resetting ...
 Set Options for AAE Based Opt flow 
*** optDesign -postRoute ***
DRC Margin: user margin 0.0; extra margin 0
Setup Target Slack: user slack 0
Hold Target Slack: user slack 0
**INFO: setOptMode -powerEffort high -> Total Power Opt will be called for all Setup Timing optDesign commands, with leakageToDynamicRatio 0.5.
**INFO: setOptMode -fixDRC false -> DRV Optimization will not be done as part of the Optimization.
-powerEffort high                          # enums={none low high}, default=none, user setting
-leakageToDynamicRatio 0.5                 # float, default=1, user setting
-setupDynamicPowerViewAsDefaultView false
                                           # bool, default=false, private
Include MVT Delays for Hold Opt
** INFO : this run is activating 'postRoute' automaton

**WARN: (IMPOPT-3663):	Power view is not set. First setup analysis view (WC_VIEW) will be treated as power view and VT partitioning will be done on basis of leakage specified in this view. If this is incorrect, specify correct power view via command "set_power_analysis_mode -analysis_view <view_name>".

Type 'man IMPOPT-3663' for more detail.

Power view               = WC_VIEW
Number of VT partitions  = 2
Standard cells in design = 811
Instances in design      = 54695

Instance distribution across the VT partitions:

 LVT : inst = 13117 (24.0%), cells = 335 (41%)
   Lib tcbn65gpluswc        : inst = 13117 (24.0%)

 HVT : inst = 41573 (76.0%), cells = 457 (56%)
   Lib tcbn65gpluswc        : inst = 41573 (76.0%)

Reporting took 0 sec
**WARN: (IMPEXT-3518):	The lower process node is set (using command 'setDesignMode') but the technology file for TQRC extraction not specified. Therefore, going for postRoute (effortLevel low) extraction instead of recommended extractor 'TQRC' for lower nodes. Use command 'set_analysis_view/update_rc_corner' to specify the technology file for TQRC extraction to take place.
Extraction called for design 'core' of instances=96302 and nets=58162 using extraction engine 'postRoute' at effort level 'low' .
PostRoute (effortLevel low) RC Extraction called for design core.
RC Extraction called in multi-corner(2) mode.
**WARN: (IMPEXT-3442):	The version of the capacitance table file being used is obsolete and is no longer recommended. For improved accuracy, generate the capacitance table file using the generateCapTbl command.
Process corner(s) are loaded.
 Corner: Cmax
 Corner: Cmin
extractDetailRC Option : -outfile /tmp/innovus_temp_6701_ieng6-ece-02.ucsd.edu_zhbian_MVyadl/core_6701_lQYaKV.rcdb.d -maxResLength 200  -extended
RC Mode: PostRoute -effortLevel low [Extended CapTable, LEF Resistances]
      RC Corner Indexes            0       1   
Capacitance Scaling Factor   : 1.00000 1.00000 
Coupling Cap. Scaling Factor : 1.00000 1.00000 
Resistance Scaling Factor    : 1.00000 1.00000 
Clock Cap. Scaling Factor    : 1.00000 1.00000 
Clock Res. Scaling Factor    : 1.00000 1.00000 
Shrink Factor                : 1.00000
Initializing multi-corner capacitance tables ... 
Initializing multi-corner resistance tables ...
Checking LVS Completed (CPU Time= 0:00:00.3  MEM= 2876.5M)
Extracted 10.0003% (CPU Time= 0:00:02.1  MEM= 2946.4M)
Extracted 20.0002% (CPU Time= 0:00:02.5  MEM= 2946.4M)
Extracted 30.0002% (CPU Time= 0:00:03.1  MEM= 2950.4M)
Extracted 40.0003% (CPU Time= 0:00:04.2  MEM= 2950.4M)
Extracted 50.0003% (CPU Time= 0:00:05.9  MEM= 2950.4M)
Extracted 60.0002% (CPU Time= 0:00:06.4  MEM= 2950.4M)
Extracted 70.0003% (CPU Time= 0:00:06.8  MEM= 2950.4M)
Extracted 80.0003% (CPU Time= 0:00:07.4  MEM= 2950.4M)
Extracted 90.0002% (CPU Time= 0:00:08.3  MEM= 2950.4M)
Extracted 100% (CPU Time= 0:00:11.0  MEM= 2950.4M)
Number of Extracted Resistors     : 1040930
Number of Extracted Ground Cap.   : 1027362
Number of Extracted Coupling Cap. : 1785444
Filtering XCap in 'relativeAndCoupling' mode using values coupling_c_threshold=0.1fF, relative_c_threshold=1, and total_c_threshold=0fF.
 Corner: Cmax
 Corner: Cmin
Checking LVS Completed (CPU Time= 0:00:00.3  MEM= 2922.4M)
PostRoute (effortLevel low) RC Extraction DONE (CPU Time: 0:00:14.0  Real Time: 0:00:14.0  MEM: 2922.426M)
Initializing multi-corner capacitance tables ... 
Initializing multi-corner resistance tables ...
Starting SI iteration 1 using Infinite Timing Windows
Begin IPO call back ...
End IPO call back ...
#################################################################################
# Design Stage: PostRoute
# Design Name: core
# Design Mode: 65nm
# Analysis Mode: MMMC OCV 
# Parasitics Mode: SPEF/RCDB
# Signoff Settings: SI On 
#################################################################################
Calculate early delays in OCV mode...
Calculate late delays in OCV mode...
AAE_INFO-618: Total number of nets in the design is 58162,  100.0 percent of the nets selected for SI analysis
End delay calculation. (MEM=3410.4 CPU=0:00:18.1 REAL=0:00:03.0)
Save waveform /tmp/innovus_temp_6701_ieng6-ece-02.ucsd.edu_zhbian_MVyadl/.AAE_ihOGJe/.AAE_6701/waveform.data...
*** CDM Built up (cpu=0:00:20.0  real=0:00:04.0  mem= 3410.4M) ***
Add other clocks and setupCteToAAEClockMapping during iter 1

Executing IPO callback for view pruning ..
Starting SI iteration 2
Calculate early delays in OCV mode...
Calculate late delays in OCV mode...
AAE_INFO-618: Total number of nets in the design is 58162,  3.0 percent of the nets selected for SI analysis
End delay calculation. (MEM=3379.43 CPU=0:00:02.0 REAL=0:00:00.0)
*** CDM Built up (cpu=0:00:02.2  real=0:00:00.0  mem= 3379.4M) ***
*** Done Building Timing Graph (cpu=0:00:28.6 real=0:00:07.0 totSessionCpu=2:59:16 mem=3379.4M)
** Profile ** Start :  cpu=0:00:00.0, mem=3379.4M
** Profile ** Other data :  cpu=0:00:00.2, mem=3379.4M
** Profile ** Overall slacks :  cpu=0:00:00.4, mem=3387.4M
** Profile ** DRVs :  cpu=0:00:01.9, mem=3387.4M

------------------------------------------------------------
     Initial SI Timing Summary                             
------------------------------------------------------------

Setup views included:
 WC_VIEW 

+--------------------+---------+---------+---------+
|     Setup mode     |   all   | reg2reg | default |
+--------------------+---------+---------+---------+
|           WNS (ns):| -0.028  | -0.028  |  0.342  |
|           TNS (ns):| -0.858  | -0.858  |  0.000  |
|    Violating Paths:|   72    |   72    |    0    |
|          All Paths:|  8401   |  6831   |  3064   |
+--------------------+---------+---------+---------+

+----------------+-------------------------------+------------------+
|                |              Real             |       Total      |
|    DRVs        +------------------+------------+------------------|
|                |  Nr nets(terms)  | Worst Vio  |  Nr nets(terms)  |
+----------------+------------------+------------+------------------+
|   max_cap      |      0 (0)       |   0.000    |      0 (0)       |
|   max_tran     |      0 (0)       |   0.000    |      0 (0)       |
|   max_fanout   |      0 (0)       |     0      |      0 (0)       |
|   max_length   |      0 (0)       |     0      |      0 (0)       |
+----------------+------------------+------------+------------------+

Density: 38.542%
       (94.329% with Fillers)
Total number of glitch violations: 0
------------------------------------------------------------
** Profile ** Report data :  cpu=0:00:00.0, mem=3387.4M
**optDesign ... cpu = 0:00:50, real = 0:00:28, mem = 2856.6M, totSessionCpu=2:59:19 **
Setting latch borrow mode to budget during optimization.
*** Timing NOT met, worst failing slack is -0.028
*** Check timing (0:00:00.0)
**INFO: Num dontuse cells 99, Num usable cells 779
optDesignOneStep: Leakage Power Flow
**INFO: Num dontuse cells 99, Num usable cells 779
Begin: GigaOpt Optimization in WNS mode
Info: 262 clock nets excluded from IPO operation.
*info: 262 clock nets excluded
*info: 2 special nets excluded.
*info: 159 no-driver nets excluded.
** GigaOpt Optimizer WNS Slack -0.028 TNS Slack -0.858 Density 94.33
Optimizer WNS Pass 0
Active Path Group: reg2reg  
+--------+---------+--------+---------+----------+------------+--------+----------+---------+----------------------------------------------------+
|  WNS   | All WNS |  TNS   | All TNS | Density  |    Real    |  Mem   |Worst View|Pathgroup|                     End Point                      |
+--------+---------+--------+---------+----------+------------+--------+----------+---------+----------------------------------------------------+
|  -0.028|   -0.028|  -0.858|   -0.858|    94.33%|   0:00:00.0| 3643.4M|   WC_VIEW|  reg2reg| sfp_instance/R_7697/D                              |
|  -0.009|   -0.009|  -0.076|   -0.076|    94.34%|   0:00:03.0| 3689.6M|   WC_VIEW|  reg2reg| sfp_instance/R_7242/D                              |
|  -0.007|   -0.007|  -0.049|   -0.049|    94.35%|   0:00:00.0| 3689.6M|   WC_VIEW|  reg2reg| sfp_instance/R_7242/D                              |
|  -0.007|   -0.007|  -0.048|   -0.048|    94.35%|   0:00:01.0| 3693.3M|   WC_VIEW|  reg2reg| sfp_instance/R_7242/D                              |
|  -0.007|   -0.007|  -0.034|   -0.034|    94.35%|   0:00:00.0| 3694.3M|   WC_VIEW|  reg2reg| sfp_instance/R_7242/D                              |
|  -0.007|   -0.007|  -0.033|   -0.033|    94.35%|   0:00:00.0| 3694.3M|   WC_VIEW|  reg2reg| sfp_instance/R_7242/D                              |
|  -0.007|   -0.007|  -0.034|   -0.034|    94.41%|   0:00:04.0| 3709.8M|   WC_VIEW|  reg2reg| sfp_instance/R_8197/D                              |
|  -0.007|   -0.007|  -0.020|   -0.020|    94.43%|   0:00:01.0| 3711.7M|   WC_VIEW|  reg2reg| sfp_instance/R_7242/D                              |
|  -0.007|   -0.007|  -0.016|   -0.016|    94.43%|   0:00:00.0| 3711.7M|   WC_VIEW|  reg2reg| sfp_instance/R_7242/D                              |
+--------+---------+--------+---------+----------+------------+--------+----------+---------+----------------------------------------------------+
skewClock sized 1 and inserted 2 insts
+--------+---------+--------+---------+----------+------------+--------+----------+---------+----------------------------------------------------+
|  WNS   | All WNS |  TNS   | All TNS | Density  |    Real    |  Mem   |Worst View|Pathgroup|                     End Point                      |
+--------+---------+--------+---------+----------+------------+--------+----------+---------+----------------------------------------------------+
|   0.000|    0.003|   0.000|    0.000|    94.43%|   0:00:05.0| 3768.6M|   WC_VIEW|       NA| NA                                                 |
+--------+---------+--------+---------+----------+------------+--------+----------+---------+----------------------------------------------------+

*** Finish Core Optimize Step (cpu=0:00:53.3 real=0:00:14.0 mem=3768.6M) ***

*** Finished Optimize Step Cumulative (cpu=0:00:53.4 real=0:00:14.0 mem=3768.6M) ***
** GigaOpt Optimizer WNS Slack 0.000 TNS Slack 0.000 Density 94.43
Update Timing Windows (Threshold 0.014) ...
Re Calculate Delays on 90 Nets

*** Finish Post Route Setup Fixing (cpu=0:00:54.6 real=0:00:15.0 mem=3768.6M) ***
*** Starting refinePlace (3:00:24 mem=3559.2M) ***
Density distribution unevenness ratio = 1.524%
Move report: Detail placement moves 877 insts, mean move: 0.39 um, max move: 3.00 um
	Max move on inst (sfp_instance/U9706): (353.60, 228.20) --> (354.80, 230.00)
	Runtime: CPU: 0:00:02.8 REAL: 0:00:02.0 MEM: 3502.1MB
Summary Report:
Instances move: 795 (out of 54628 movable)
Mean displacement: 0.39 um
Max displacement: 3.00 um (Instance: sfp_instance/U9706) (353.6, 228.2) -> (354.8, 230)
	Length: 12 sites, height: 1 rows, site name: core, cell type: NR2D4
Runtime: CPU: 0:00:02.9 REAL: 0:00:02.0 MEM: 3502.1MB
*** Finished refinePlace (3:00:27 mem=3502.1M) ***
Density distribution unevenness ratio = 1.727%
End: GigaOpt Optimization in WNS mode
**INFO: Num dontuse cells 99, Num usable cells 779
optDesignOneStep: Leakage Power Flow
**INFO: Num dontuse cells 99, Num usable cells 779
GigaOpt: target slack met, skip TNS optimization
Default Rule : ""
Non Default Rules :
Worst Slack : 0.003 ns
Total 0 nets layer assigned (0.5).
GigaOpt: setting up router preferences
        design wns: 0.0029
        slack threshold: 1.4229
GigaOpt: 13 nets assigned router directives

Start Assign Priority Nets ...
TargetSlk(0.200ns) MaxAssign(3%) MinLen(50um)
Existing Priority Nets 0 (0.0%)
Total Assign Priority Nets 1460 (2.5%)
Default Rule : ""
Non Default Rules :
Worst Slack : 0.003 ns
Total 0 nets layer assigned (0.6).
GigaOpt: setting up router preferences
        design wns: 0.0029
        slack threshold: 1.4229
GigaOpt: 0 nets assigned router directives

Start Assign Priority Nets ...
TargetSlk(0.200ns) MaxAssign(3%) MinLen(50um)
Existing Priority Nets 0 (0.0%)
Total Assign Priority Nets 1460 (2.5%)
** Profile ** Start :  cpu=0:00:00.0, mem=3131.1M
** Profile ** Other data :  cpu=0:00:00.2, mem=3131.1M
** Profile ** Overall slacks :  cpu=0:00:00.4, mem=3131.1M
** Profile ** DRVs :  cpu=0:00:01.8, mem=3131.1M

------------------------------------------------------------
        Pre-ecoRoute Summary                             
------------------------------------------------------------

Setup views included:
 WC_VIEW 

+--------------------+---------+---------+---------+
|     Setup mode     |   all   | reg2reg | default |
+--------------------+---------+---------+---------+
|           WNS (ns):|  0.003  |  0.003  |  0.382  |
|           TNS (ns):|  0.000  |  0.000  |  0.000  |
|    Violating Paths:|    0    |    0    |    0    |
|          All Paths:|  8401   |  6831   |  3064   |
+--------------------+---------+---------+---------+

+----------------+-------------------------------+------------------+
|                |              Real             |       Total      |
|    DRVs        +------------------+------------+------------------|
|                |  Nr nets(terms)  | Worst Vio  |  Nr nets(terms)  |
+----------------+------------------+------------+------------------+
|   max_cap      |      0 (0)       |   0.000    |      0 (0)       |
|   max_tran     |      0 (0)       |   0.000    |      0 (0)       |
|   max_fanout   |      0 (0)       |     0      |      0 (0)       |
|   max_length   |      0 (0)       |     0      |      0 (0)       |
+----------------+------------------+------------+------------------+

Density: 38.647%
       (94.433% with Fillers)
Total number of glitch violations: 0
------------------------------------------------------------
** Profile ** Report data :  cpu=0:00:00.0, mem=3131.1M
**optDesign ... cpu = 0:02:06, real = 0:01:00, mem = 2984.3M, totSessionCpu=3:00:35 **
-routeWithEco false                      # bool, default=false
-routeWithEco true                       # bool, default=false, user setting
-routeSelectedNetOnly false              # bool, default=false, user setting
-routeWithTimingDriven true              # bool, default=false, user setting
-routeWithTimingDriven false             # bool, default=false, user setting
-routeWithSiDriven true                  # bool, default=false, user setting
-routeWithSiDriven false                 # bool, default=false, user setting

globalDetailRoute

#setNanoRouteMode -drouteAutoStop true
#setNanoRouteMode -drouteFixAntenna true
#setNanoRouteMode -droutePostRouteSpreadWire "false"
#setNanoRouteMode -routeSelectedNetOnly false
#setNanoRouteMode -routeTopRoutingLayer 6
#setNanoRouteMode -routeWithEco true
#setNanoRouteMode -routeWithSiDriven false
#setNanoRouteMode -routeWithTimingDriven false
#Start globalDetailRoute on Sat Mar 22 19:22:26 2025
#
#WARNING (NRDB-682) Connectivity is broken at PIN A2 of INST sfp_instance/U7299 connects to NET sfp_instance/FE_COEN8256_FE_OFN3070_div_24_u_div_BInv_3__4_ at location ( 420.900 304.600 ) on LAYER M1. The location is not inside the pin geometry extraction.
#WARNING (NRIG-44) Imported NET sfp_instance/FE_COEN8256_FE_OFN3070_div_24_u_div_BInv_3__4_ has LVS problem. The integrity of the wires will be checked. NanoRoute will continue. Check the net for FIXED or misaligned routing connections. If necessary, skip this net or delete the net routing.
#WARNING (NRDB-682) Connectivity is broken at PIN A2 of INST sfp_instance/U17179 connects to NET sfp_instance/FE_COEN8195_div_22_u_div_SumTmp_6__5__0_ at location ( 430.100 336.800 ) on LAYER M1. The location is not inside the pin geometry extraction.
#WARNING (NRIG-44) Imported NET sfp_instance/FE_COEN8195_div_22_u_div_SumTmp_6__5__0_ has LVS problem. The integrity of the wires will be checked. NanoRoute will continue. Check the net for FIXED or misaligned routing connections. If necessary, skip this net or delete the net routing.
#WARNING (NRDB-682) Connectivity is broken at PIN Z of INST sfp_instance/FE_COEC8193_n13247 connects to NET sfp_instance/FE_COEN8193_n13247 at location ( 416.900 304.800 ) on LAYER M1. The location is not inside the pin geometry extraction.
#WARNING (NRDB-682) Connectivity is broken at PIN A2 of INST sfp_instance/U18162 connects to NET sfp_instance/FE_COEN8193_n13247 at location ( 414.100 304.800 ) on LAYER M1. The location is not inside the pin geometry extraction.
#WARNING (NRDB-682) Connectivity is broken at PIN B2 of INST sfp_instance/U3714 connects to NET sfp_instance/FE_COEN8193_n13247 at location ( 411.900 304.400 ) on LAYER M1. The location is not inside the pin geometry extraction.
#WARNING (NRIG-44) Imported NET sfp_instance/FE_COEN8193_n13247 has LVS problem. The integrity of the wires will be checked. NanoRoute will continue. Check the net for FIXED or misaligned routing connections. If necessary, skip this net or delete the net routing.
#WARNING (NRDB-682) Connectivity is broken at PIN A2 of INST sfp_instance/U19357 connects to NET sfp_instance/FE_PHN8134_FE_OFN2418_sum_2core_13_ at location ( 175.500 312.000 ) on LAYER M1. The location is not inside the pin geometry extraction.
#WARNING (NRIG-44) Imported NET sfp_instance/FE_PHN8134_FE_OFN2418_sum_2core_13_ has LVS problem. The integrity of the wires will be checked. NanoRoute will continue. Check the net for FIXED or misaligned routing connections. If necessary, skip this net or delete the net routing.
#WARNING (NRDB-682) Connectivity is broken at PIN Z of INST sfp_instance/FE_PHC8115_FE_OFN3053_n26065 connects to NET sfp_instance/FE_PHN8115_FE_OFN3053_n26065 at location ( 356.100 228.600 ) on LAYER M1. The location is not inside the pin geometry extraction.
#WARNING (NRIG-44) Imported NET sfp_instance/FE_PHN8115_FE_OFN3053_n26065 has LVS problem. The integrity of the wires will be checked. NanoRoute will continue. Check the net for FIXED or misaligned routing connections. If necessary, skip this net or delete the net routing.
#WARNING (NRDB-682) Connectivity is broken at PIN Z of INST sfp_instance/FE_PHC8050_div_24_u_div_BInv_7__5_ connects to NET sfp_instance/FE_PHN8050_div_24_u_div_BInv_7__5_ at location ( 349.700 209.000 ) on LAYER M1. The location is not inside the pin geometry extraction.
#WARNING (NRIG-44) Imported NET sfp_instance/FE_PHN8050_div_24_u_div_BInv_7__5_ has LVS problem. The integrity of the wires will be checked. NanoRoute will continue. Check the net for FIXED or misaligned routing connections. If necessary, skip this net or delete the net routing.
#WARNING (NRDB-682) Connectivity is broken at PIN A2 of INST sfp_instance/U5678 connects to NET sfp_instance/FE_PHN8045_FE_OCPN4225_FE_OFN2139_n26066 at location ( 305.900 236.200 ) on LAYER M1. The location is not inside the pin geometry extraction.
#WARNING (NRIG-44) Imported NET sfp_instance/FE_PHN8045_FE_OCPN4225_FE_OFN2139_n26066 has LVS problem. The integrity of the wires will be checked. NanoRoute will continue. Check the net for FIXED or misaligned routing connections. If necessary, skip this net or delete the net routing.
#WARNING (NRDB-682) Connectivity is broken at PIN A2 of INST sfp_instance/U4859 connects to NET sfp_instance/FE_PHN8030_FE_OFN2941_n765 at location ( 310.700 185.600 ) on LAYER M1. The location is not inside the pin geometry extraction.
#WARNING (NRIG-44) Imported NET sfp_instance/FE_PHN8030_FE_OFN2941_n765 has LVS problem. The integrity of the wires will be checked. NanoRoute will continue. Check the net for FIXED or misaligned routing connections. If necessary, skip this net or delete the net routing.
#WARNING (NRDB-682) Connectivity is broken at PIN I of INST sfp_instance/FE_PHC6959_FE_OFN2668_n732 connects to NET sfp_instance/FE_PHN8020_FE_OFN2668_n732 at location ( 363.100 456.000 ) on LAYER M1. The location is not inside the pin geometry extraction.
#WARNING (NRIG-44) Imported NET sfp_instance/FE_PHN8020_FE_OFN2668_n732 has LVS problem. The integrity of the wires will be checked. NanoRoute will continue. Check the net for FIXED or misaligned routing connections. If necessary, skip this net or delete the net routing.
#WARNING (NRDB-682) Connectivity is broken at PIN B of INST sfp_instance/U17643 connects to NET sfp_instance/FE_PHN8019_FE_OFN2747_n777 at location ( 393.700 401.800 ) on LAYER M1. The location is not inside the pin geometry extraction.
#WARNING (NRIG-44) Imported NET sfp_instance/FE_PHN8019_FE_OFN2747_n777 has LVS problem. The integrity of the wires will be checked. NanoRoute will continue. Check the net for FIXED or misaligned routing connections. If necessary, skip this net or delete the net routing.
#WARNING (NRDB-682) Connectivity is broken at PIN A2 of INST sfp_instance/U5147 connects to NET sfp_instance/FE_PHN8018_FE_OCPN4935_FE_OFN878_n765 at location ( 332.100 326.200 ) on LAYER M1. The location is not inside the pin geometry extraction.
#WARNING (NRIG-44) Imported NET sfp_instance/FE_PHN8018_FE_OCPN4935_FE_OFN878_n765 has LVS problem. The integrity of the wires will be checked. NanoRoute will continue. Check the net for FIXED or misaligned routing connections. If necessary, skip this net or delete the net routing.
#WARNING (NRDB-682) Connectivity is broken at PIN Z of INST sfp_instance/FE_PHC8016_div_24_u_div_BInv_7__5_ connects to NET sfp_instance/FE_PHN8016_div_24_u_div_BInv_7__5_ at location ( 345.700 207.000 ) on LAYER M1. The location is not inside the pin geometry extraction.
#WARNING (NRIG-44) Imported NET sfp_instance/FE_PHN8016_div_24_u_div_BInv_7__5_ has LVS problem. The integrity of the wires will be checked. NanoRoute will continue. Check the net for FIXED or misaligned routing connections. If necessary, skip this net or delete the net routing.
#WARNING (NRDB-682) Connectivity is broken at PIN I of INST sfp_instance/FE_PHC8115_FE_OFN3053_n26065 connects to NET sfp_instance/FE_PHN8007_FE_OFN3053_n26065 at location ( 355.580 228.960 ) on LAYER M1. The location is not inside the pin geometry extraction.
#WARNING (NRIG-44) Imported NET sfp_instance/FE_PHN8007_FE_OFN3053_n26065 has LVS problem. The integrity of the wires will be checked. NanoRoute will continue. Check the net for FIXED or misaligned routing connections. If necessary, skip this net or delete the net routing.
#WARNING (NRDB-682) Connectivity is broken at PIN A2 of INST sfp_instance/U6946 connects to NET sfp_instance/FE_PHN7959_FE_OFN3020_n1299 at location ( 349.700 229.200 ) on LAYER M1. The location is not inside the pin geometry extraction.
#WARNING (NRIG-44) Imported NET sfp_instance/FE_PHN7959_FE_OFN3020_n1299 has LVS problem. The integrity of the wires will be checked. NanoRoute will continue. Check the net for FIXED or misaligned routing connections. If necessary, skip this net or delete the net routing.
#WARNING (NRDB-682) Connectivity is broken at PIN A1 of INST sfp_instance/U19129 connects to NET sfp_instance/FE_PHN7932_n15386 at location ( 309.300 236.200 ) on LAYER M1. The location is not inside the pin geometry extraction.
#WARNING (NRIG-44) Imported NET sfp_instance/FE_PHN7932_n15386 has LVS problem. The integrity of the wires will be checked. NanoRoute will continue. Check the net for FIXED or misaligned routing connections. If necessary, skip this net or delete the net routing.
#WARNING (NRDB-682) Connectivity is broken at PIN ZN of INST sfp_instance/U18352 connects to NET sfp_instance/FE_PHN7930_n13738 at location ( 379.500 326.000 ) on LAYER M1. The location is not inside the pin geometry extraction.
#WARNING (NRIG-44) Imported NET sfp_instance/FE_PHN7930_n13738 has LVS problem. The integrity of the wires will be checked. NanoRoute will continue. Check the net for FIXED or misaligned routing connections. If necessary, skip this net or delete the net routing.
#WARNING (NRDB-682) Connectivity is broken at PIN Z of INST sfp_instance/FE_PHC6601_FE_OCPN3790_n3278 connects to NET sfp_instance/FE_PHN7919_FE_OCPN3790_n3278 at location ( 406.500 352.800 ) on LAYER M1. The location is not inside the pin geometry extraction.
#WARNING (NRIG-44) Imported NET sfp_instance/FE_PHN7919_FE_OCPN3790_n3278 has LVS problem. The integrity of the wires will be checked. NanoRoute will continue. Check the net for FIXED or misaligned routing connections. If necessary, skip this net or delete the net routing.
#WARNING (NRDB-682) Connectivity is broken at PIN I of INST sfp_instance/FE_PHC7393_FE_OFN2883_div_20_u_div_BInv_3__10_ connects to NET sfp_instance/FE_PHN7898_FE_OFN2883_div_20_u_div_BInv_3__10_ at location ( 376.900 357.000 ) on LAYER M1. The location is not inside the pin geometry extraction.
#WARNING (EMS-27) Message (NRDB-682) has exceeded the current message display limit of 20.
#To increase the message display limit, refer to the product command reference manual.
#WARNING (NRIG-44) Imported NET sfp_instance/FE_PHN7898_FE_OFN2883_div_20_u_div_BInv_3__10_ has LVS problem. The integrity of the wires will be checked. NanoRoute will continue. Check the net for FIXED or misaligned routing connections. If necessary, skip this net or delete the net routing.
#WARNING (NRIG-44) Imported NET sfp_instance/FE_PHN7882_FE_OCPN4085_FE_OFN2672_n1406 has LVS problem. The integrity of the wires will be checked. NanoRoute will continue. Check the net for FIXED or misaligned routing connections. If necessary, skip this net or delete the net routing.
#WARNING (NRIG-44) Imported NET sfp_instance/FE_PHN7867_FE_OFN3053_n26065 has LVS problem. The integrity of the wires will be checked. NanoRoute will continue. Check the net for FIXED or misaligned routing connections. If necessary, skip this net or delete the net routing.
#WARNING (EMS-27) Message (NRIG-44) has exceeded the current message display limit of 20.
#To increase the message display limit, refer to the product command reference manual.
#NanoRoute Version 15.23-s045_1 NR160414-1105/15_23-UB
#Loading the last recorded routing design signature
#Created 34 NETS and 0 SPECIALNETS new signatures
#Summary of the placement changes since last routing:
#  Number of instances added (including moved) = 942
#  Number of instances deleted (including moved) = 908
#  Number of instances resized = 793
#  Number of instances with same cell size swap = 10
#  Number of instances with pin swaps = 6
#  Total number of placement changes (moved instances are counted twice) = 2643
#Using multithreading with 8 threads.
#Start routing data preparation.
#Minimum voltage of a net in the design = 0.000.
#Maximum voltage of a net in the design = 1.100.
#Voltage range [0.000 - 0.000] has 1 net.
#Voltage range [0.900 - 1.100] has 1 net.
#Voltage range [0.000 - 1.100] has 58194 nets.
# M1           H   Track-Pitch = 0.200    Line-2-Via Pitch = 0.185
# M2           V   Track-Pitch = 0.200    Line-2-Via Pitch = 0.200
# M3           H   Track-Pitch = 0.200    Line-2-Via Pitch = 0.200
# M4           V   Track-Pitch = 0.200    Line-2-Via Pitch = 0.200
# M5           H   Track-Pitch = 0.200    Line-2-Via Pitch = 0.200
# M6           V   Track-Pitch = 0.200    Line-2-Via Pitch = 0.200
# M7           H   Track-Pitch = 0.800    Line-2-Via Pitch = 0.800
# M8           V   Track-Pitch = 0.800    Line-2-Via Pitch = 0.800
#1460/58031 = 2% of signal nets have been set as priority nets
#Regenerating Ggrids automatically.
#Auto generating G-grids with size=15 tracks, using layer M2's pitch = 0.200.
#Using automatically generated G-grids.
#Done routing data preparation.
#cpu time = 00:00:04, elapsed time = 00:00:04, memory = 2211.84 (MB), peak = 2623.90 (MB)
#Merging special wires using 8 threads...
#WARNING (NRDB-1005) Cannot establish connection to PIN Z at ( 486.085 448.680 ) on M1 for NET FE_OFN431_fifo_out_144_. The NET is considered partially routed. Visually verify wiring at the specified location as the wire/via origin may not touch the PIN. This NET will be rerouted with same or different wiring.
#WARNING (NRDB-1005) Cannot establish connection to PIN ZN at ( 499.500 572.915 ) on M1 for NET FE_USKN6782_CTS_115. The NET is considered partially routed. Visually verify wiring at the specified location as the wire/via origin may not touch the PIN. This NET will be rerouted with same or different wiring.
#WARNING (NRDB-1005) Cannot establish connection to PIN ZN at ( 549.240 443.305 ) on M1 for NET fifo_out[40]. The NET is considered partially routed. Visually verify wiring at the specified location as the wire/via origin may not touch the PIN. This NET will be rerouted with same or different wiring.
#WARNING (NRDB-1005) Cannot establish connection to PIN A1 at ( 548.095 443.315 ) on M1 for NET ofifo_inst/col_idx_2__fifo_instance/fifo_mem[40]. The NET is considered partially routed. Visually verify wiring at the specified location as the wire/via origin may not touch the PIN. This NET will be rerouted with same or different wiring.
#WARNING (NRDB-1005) Cannot establish connection to PIN B1 at ( 545.510 443.300 ) on M1 for NET ofifo_inst/col_idx_2__fifo_instance/fifo_mem[60]. The NET is considered partially routed. Visually verify wiring at the specified location as the wire/via origin may not touch the PIN. This NET will be rerouted with same or different wiring.
#WARNING (NRDB-1005) Cannot establish connection to PIN B1 at ( 547.110 443.315 ) on M1 for NET ofifo_inst/col_idx_2__fifo_instance/fifo_mem[60]. The NET is considered partially routed. Visually verify wiring at the specified location as the wire/via origin may not touch the PIN. This NET will be rerouted with same or different wiring.
#WARNING (NRDB-1005) Cannot establish connection to PIN ZN at ( 546.600 443.410 ) on M1 for NET ofifo_inst/col_idx_2__fifo_instance/n1093. The NET is considered partially routed. Visually verify wiring at the specified location as the wire/via origin may not touch the PIN. This NET will be rerouted with same or different wiring.
#WARNING (NRDB-1005) Cannot establish connection to PIN A4 at ( 548.545 443.300 ) on M1 for NET ofifo_inst/col_idx_2__fifo_instance/n304. The NET is considered partially routed. Visually verify wiring at the specified location as the wire/via origin may not touch the PIN. This NET will be rerouted with same or different wiring.
#WARNING (NRDB-1005) Cannot establish connection to PIN A3 at ( 548.895 443.485 ) on M1 for NET ofifo_inst/col_idx_2__fifo_instance/n305. The NET is considered partially routed. Visually verify wiring at the specified location as the wire/via origin may not touch the PIN. This NET will be rerouted with same or different wiring.
#WARNING (NRDB-1005) Cannot establish connection to PIN A2 at ( 549.120 443.485 ) on M1 for NET ofifo_inst/col_idx_2__fifo_instance/n306. The NET is considered partially routed. Visually verify wiring at the specified location as the wire/via origin may not touch the PIN. This NET will be rerouted with same or different wiring.
#WARNING (NRDB-1005) Cannot establish connection to PIN ZN at ( 547.700 443.390 ) on M1 for NET ofifo_inst/col_idx_2__fifo_instance/n306. The NET is considered partially routed. Visually verify wiring at the specified location as the wire/via origin may not touch the PIN. This NET will be rerouted with same or different wiring.
#WARNING (NRDB-1005) Cannot establish connection to PIN A1 at ( 549.495 443.485 ) on M1 for NET ofifo_inst/col_idx_2__fifo_instance/n307. The NET is considered partially routed. Visually verify wiring at the specified location as the wire/via origin may not touch the PIN. This NET will be rerouted with same or different wiring.
#WARNING (NRDB-1005) Cannot establish connection to PIN B2 at ( 547.500 443.315 ) on M1 for NET ofifo_inst/col_idx_2__fifo_instance/n346. The NET is considered partially routed. Visually verify wiring at the specified location as the wire/via origin may not touch the PIN. This NET will be rerouted with same or different wiring.
#WARNING (NRDB-1005) Cannot establish connection to PIN A2 at ( 547.725 443.315 ) on M1 for NET ofifo_inst/col_idx_2__fifo_instance/n347. The NET is considered partially routed. Visually verify wiring at the specified location as the wire/via origin may not touch the PIN. This NET will be rerouted with same or different wiring.
#WARNING (NRDB-1005) Cannot establish connection to PIN A2 at ( 546.700 443.300 ) on M1 for NET ofifo_inst/col_idx_2__fifo_instance/n450. The NET is considered partially routed. Visually verify wiring at the specified location as the wire/via origin may not touch the PIN. This NET will be rerouted with same or different wiring.
#WARNING (NRDB-1005) Cannot establish connection to PIN B2 at ( 545.905 443.115 ) on M1 for NET ofifo_inst/col_idx_2__fifo_instance/n508. The NET is considered partially routed. Visually verify wiring at the specified location as the wire/via origin may not touch the PIN. This NET will be rerouted with same or different wiring.
#WARNING (NRDB-1005) Cannot establish connection to PIN A1 at ( 546.465 443.300 ) on M1 for NET ofifo_inst/col_idx_2__fifo_instance/n508. The NET is considered partially routed. Visually verify wiring at the specified location as the wire/via origin may not touch the PIN. This NET will be rerouted with same or different wiring.
#WARNING (NRDB-1005) Cannot establish connection to PIN CP at ( 324.875 182.110 ) on M1 for NET sfp_instance/CTS_106. The NET is considered partially routed. Visually verify wiring at the specified location as the wire/via origin may not touch the PIN. This NET will be rerouted with same or different wiring.
#WARNING (NRDB-1005) Cannot establish connection to PIN CP at ( 295.675 185.710 ) on M1 for NET sfp_instance/CTS_106. The NET is considered partially routed. Visually verify wiring at the specified location as the wire/via origin may not touch the PIN. This NET will be rerouted with same or different wiring.
#WARNING (NRDB-1005) Cannot establish connection to PIN CP at ( 317.875 195.090 ) on M1 for NET sfp_instance/CTS_111. The NET is considered partially routed. Visually verify wiring at the specified location as the wire/via origin may not touch the PIN. This NET will be rerouted with same or different wiring.
#WARNING (EMS-27) Message (NRDB-1005) has exceeded the current message display limit of 20.
#To increase the message display limit, refer to the product command reference manual.
#WARNING (NRDB-874) There is 1 dangling wire/via in the fully routed NET sfp_instance/n3605. NanoRoute will delete the dangling wires/vias that are not of FIXED status.
#
#Connectivity extraction summary:
#3639 routed nets are extracted.
#    2428 (4.17%) extracted nets are partially routed.
#54390 routed nets are imported.
#2 (0.00%) nets are without wires.
#165 nets are fixed|skipped|trivial (not extracted).
#Total number of nets = 58196.
#
#Found 0 nets for post-route si or timing fixing.
#Number of eco nets is 2428
#
#Start data preparation...
#
#Data preparation is done on Sat Mar 22 19:22:34 2025
#
#Analyzing routing resource...
#Routing resource analysis is done on Sat Mar 22 19:22:35 2025
#
#  Resource Analysis:
#
#               Routing  #Avail      #Track     #Total     %Gcell
#  Layer      Direction   Track     Blocked      Gcell    Blocked
#  --------------------------------------------------------------
#  Metal 1        H        3703         796       90000    76.30%
#  Metal 2        V        3704         796       90000    17.61%
#  Metal 3        H        3704         795       90000    17.61%
#  Metal 4        V        3760         740       90000    17.61%
#  Metal 5        H        3948         551       90000     6.55%
#  Metal 6        V        4500           0       90000     0.00%
#  --------------------------------------------------------------
#  Total                  23320      13.62%  540000    22.61%
#
#  429 nets (0.74%) with 1 preferred extra spacing.
#
#
#cpu time = 00:00:03, elapsed time = 00:00:01, memory = 2218.30 (MB), peak = 2623.90 (MB)
#
#start global routing iteration 1...
#cpu time = 00:00:01, elapsed time = 00:00:01, memory = 2219.68 (MB), peak = 2623.90 (MB)
#
#start global routing iteration 2...
#cpu time = 00:00:01, elapsed time = 00:00:01, memory = 2224.05 (MB), peak = 2623.90 (MB)
#
#start global routing iteration 3...
#cpu time = 00:00:01, elapsed time = 00:00:01, memory = 2226.14 (MB), peak = 2623.90 (MB)
#
#
#Total number of trivial nets (e.g. < 2 pins) = 165 (skipped).
#Total number of routable nets = 58031.
#Total number of nets in the design = 58196.
#
#2430 routable nets have only global wires.
#55601 routable nets have only detail routed wires.
#31 global routed or unrouted (routable) nets have been constrained (e.g. have preferred extra spacing, require shielding etc.)
#398 detail routed (routable) nets have been constrained (e.g. have preferred extra spacing, require shielding etc.)
#
#Routed nets constraints summary:
#------------------------------------------------
#        Rules   Pref Extra Space   Unconstrained  
#------------------------------------------------
#      Default                 31            2399  
#------------------------------------------------
#        Total                 31            2399  
#------------------------------------------------
#
#Routing constraints summary of the whole design:
#------------------------------------------------
#        Rules   Pref Extra Space   Unconstrained  
#------------------------------------------------
#      Default                429           57602  
#------------------------------------------------
#        Total                429           57602  
#------------------------------------------------
#
#
#  Congestion Analysis: (blocked Gcells are excluded)
#
#                 OverCon       OverCon          
#                  #Gcell        #Gcell    %Gcell
#     Layer           (1)           (2)   OverCon
#  ----------------------------------------------
#   Metal 1      0(0.00%)      0(0.00%)   (0.00%)
#   Metal 2      9(0.01%)      2(0.00%)   (0.01%)
#   Metal 3      0(0.00%)      0(0.00%)   (0.00%)
#   Metal 4      0(0.00%)      0(0.00%)   (0.00%)
#   Metal 5      0(0.00%)      0(0.00%)   (0.00%)
#   Metal 6      0(0.00%)      0(0.00%)   (0.00%)
#  ----------------------------------------------
#     Total      9(0.00%)      2(0.00%)   (0.00%)
#
#  The worst congested Gcell overcon (routing demand over resource in number of tracks) = 2
#  Overflow after GR: 0.00% H + 0.00% V
#
#Complete Global Routing.
#Total number of nets with non-default rule or having extra spacing = 429
#Total wire length = 1232535 um.
#Total half perimeter of net bounding box = 1145333 um.
#Total wire length on LAYER M1 = 4401 um.
#Total wire length on LAYER M2 = 267403 um.
#Total wire length on LAYER M3 = 408555 um.
#Total wire length on LAYER M4 = 312668 um.
#Total wire length on LAYER M5 = 188714 um.
#Total wire length on LAYER M6 = 50794 um.
#Total wire length on LAYER M7 = 0 um.
#Total wire length on LAYER M8 = 0 um.
#Total number of vias = 400312
#Total number of multi-cut vias = 271563 ( 67.8%)
#Total number of single cut vias = 128749 ( 32.2%)
#Up-Via Summary (total 400312):
#                   single-cut          multi-cut      Total
#-----------------------------------------------------------
#  Metal 1      122046 ( 64.6%)     66821 ( 35.4%)     188867
#  Metal 2        5776 (  3.6%)    153035 ( 96.4%)     158811
#  Metal 3         827 (  2.0%)     40201 ( 98.0%)      41028
#  Metal 4         100 (  1.0%)      9877 ( 99.0%)       9977
#  Metal 5           0 (  0.0%)      1629 (100.0%)       1629
#-----------------------------------------------------------
#               128749 ( 32.2%)    271563 ( 67.8%)     400312 
#
#Total number of involved priority nets 7
#Maximum src to sink distance for priority net 100.6
#Average of max src_to_sink distance for priority net 48.6
#Average of ave src_to_sink distance for priority net 32.4
#Max overcon = 2 tracks.
#Total overcon = 0.00%.
#Worst layer Gcell overcon rate = 0.00%.
#cpu time = 00:00:07, elapsed time = 00:00:05, memory = 2226.32 (MB), peak = 2623.90 (MB)
#
#cpu time = 00:00:00, elapsed time = 00:00:00, memory = 2216.72 (MB), peak = 2623.90 (MB)
#Start Track Assignment.
#Done with 182 horizontal wires in 3 hboxes and 126 vertical wires in 3 hboxes.
#Done with 6 horizontal wires in 3 hboxes and 9 vertical wires in 3 hboxes.
#Complete Track Assignment.
#Total number of nets with non-default rule or having extra spacing = 429
#Total wire length = 1232736 um.
#Total half perimeter of net bounding box = 1145333 um.
#Total wire length on LAYER M1 = 4518 um.
#Total wire length on LAYER M2 = 267423 um.
#Total wire length on LAYER M3 = 408616 um.
#Total wire length on LAYER M4 = 312672 um.
#Total wire length on LAYER M5 = 188714 um.
#Total wire length on LAYER M6 = 50794 um.
#Total wire length on LAYER M7 = 0 um.
#Total wire length on LAYER M8 = 0 um.
#Total number of vias = 400275
#Total number of multi-cut vias = 271563 ( 67.8%)
#Total number of single cut vias = 128712 ( 32.2%)
#Up-Via Summary (total 400275):
#                   single-cut          multi-cut      Total
#-----------------------------------------------------------
#  Metal 1      122027 ( 64.6%)     66821 ( 35.4%)     188848
#  Metal 2        5759 (  3.6%)    153035 ( 96.4%)     158794
#  Metal 3         826 (  2.0%)     40201 ( 98.0%)      41027
#  Metal 4         100 (  1.0%)      9877 ( 99.0%)       9977
#  Metal 5           0 (  0.0%)      1629 (100.0%)       1629
#-----------------------------------------------------------
#               128712 ( 32.2%)    271563 ( 67.8%)     400275 
#
#cpu time = 00:00:07, elapsed time = 00:00:07, memory = 2288.59 (MB), peak = 2623.90 (MB)
#
#Cpu time = 00:00:19
#Elapsed time = 00:00:17
#Increased memory = 76.25 (MB)
#Total memory = 2288.59 (MB)
#Peak memory = 2623.90 (MB)
#Using multithreading with 8 threads.
#
#Start Detail Routing..
#start initial detail routing ...
#    completing 10% with 24 violations
#    elapsed time = 00:00:01, memory = 2536.50 (MB)
#    completing 20% with 74 violations
#    elapsed time = 00:00:02, memory = 2575.69 (MB)
#    completing 30% with 75 violations
#    elapsed time = 00:00:02, memory = 2576.70 (MB)
#    completing 40% with 106 violations
#    elapsed time = 00:00:04, memory = 2582.09 (MB)
#    completing 50% with 116 violations
#    elapsed time = 00:00:04, memory = 2582.32 (MB)
#    completing 60% with 154 violations
#    elapsed time = 00:00:05, memory = 2601.04 (MB)
#    completing 70% with 185 violations
#    elapsed time = 00:00:06, memory = 2601.50 (MB)
#    completing 80% with 183 violations
#    elapsed time = 00:00:06, memory = 2601.61 (MB)
#    completing 90% with 190 violations
#    elapsed time = 00:00:07, memory = 2608.65 (MB)
#    completing 100% with 201 violations
#    elapsed time = 00:00:07, memory = 2607.55 (MB)
# ECO: 1.1% of the total area was rechecked for DRC, and 10.2% required routing.
#    number of violations = 201
#
#    By Layer and Type :
#	         MetSpc   EOLSpc    Short   MinStp     Loop   CutSpc      Mar   Totals
#	M1           47       15       26       11        0       23        0      122
#	M2           27       27       16        0        0        2        2       74
#	M3            1        2        1        0        1        0        0        5
#	Totals       75       44       43       11        1       25        2      201
#1735 out of 96336 instances need to be verified(marked ipoed).
#9.1% of the total area is being checked for drcs
#9.1% of the total area was checked
#    number of violations = 1035
#
#    By Layer and Type :
#	         MetSpc   EOLSpc    Short   MinStp     Loop   CutSpc   Others   Totals
#	M1          378      122      272      150        1       24        2      949
#	M2           28       31       18        0        0        2        2       81
#	M3            1        2        1        0        1        0        0        5
#	Totals      407      155      291      150        2       26        4     1035
#cpu time = 00:01:14, elapsed time = 00:00:12, memory = 2605.41 (MB), peak = 2623.90 (MB)
#start 1st optimization iteration ...
#    number of violations = 47
#
#    By Layer and Type :
#	         MetSpc   EOLSpc    Short   MinStp     Loop   CutSpc      Mar   Totals
#	M1            7        8        1        2        0        2        0       20
#	M2            5        2       16        2        1        0        1       27
#	Totals       12       10       17        4        1        2        1       47
#cpu time = 00:00:28, elapsed time = 00:00:05, memory = 2393.13 (MB), peak = 2623.90 (MB)
#start 2nd optimization iteration ...
#    number of violations = 11
#
#    By Layer and Type :
#	         MetSpc   EOLSpc    Short   MinStp   Totals
#	M1            7        0        1        2       10
#	M2            0        1        0        0        1
#	Totals        7        1        1        2       11
#cpu time = 00:00:03, elapsed time = 00:00:01, memory = 2411.22 (MB), peak = 2623.90 (MB)
#start 3rd optimization iteration ...
#    number of violations = 0
#cpu time = 00:00:01, elapsed time = 00:00:00, memory = 2413.11 (MB), peak = 2623.90 (MB)
#Complete Detail Routing.
#Total number of nets with non-default rule or having extra spacing = 429
#Total wire length = 1232476 um.
#Total half perimeter of net bounding box = 1145333 um.
#Total wire length on LAYER M1 = 4365 um.
#Total wire length on LAYER M2 = 267038 um.
#Total wire length on LAYER M3 = 408690 um.
#Total wire length on LAYER M4 = 312795 um.
#Total wire length on LAYER M5 = 188780 um.
#Total wire length on LAYER M6 = 50808 um.
#Total wire length on LAYER M7 = 0 um.
#Total wire length on LAYER M8 = 0 um.
#Total number of vias = 402666
#Total number of multi-cut vias = 262501 ( 65.2%)
#Total number of single cut vias = 140165 ( 34.8%)
#Up-Via Summary (total 402666):
#                   single-cut          multi-cut      Total
#-----------------------------------------------------------
#  Metal 1      125146 ( 66.1%)     64302 ( 33.9%)     189448
#  Metal 2       12466 (  7.8%)    147751 ( 92.2%)     160217
#  Metal 3        2270 (  5.5%)     39073 ( 94.5%)      41343
#  Metal 4         276 (  2.8%)      9749 ( 97.2%)      10025
#  Metal 5           7 (  0.4%)      1626 ( 99.6%)       1633
#-----------------------------------------------------------
#               140165 ( 34.8%)    262501 ( 65.2%)     402666 
#
#Total number of DRC violations = 0
#Cpu time = 00:01:48
#Elapsed time = 00:00:19
#Increased memory = -87.86 (MB)
#Total memory = 2200.73 (MB)
#Peak memory = 2623.90 (MB)
#
#start routing for process antenna violation fix ...
#cpu time = 00:00:01, elapsed time = 00:00:01, memory = 2202.48 (MB), peak = 2623.90 (MB)
#
#Total number of nets with non-default rule or having extra spacing = 429
#Total wire length = 1232476 um.
#Total half perimeter of net bounding box = 1145333 um.
#Total wire length on LAYER M1 = 4365 um.
#Total wire length on LAYER M2 = 267038 um.
#Total wire length on LAYER M3 = 408690 um.
#Total wire length on LAYER M4 = 312795 um.
#Total wire length on LAYER M5 = 188780 um.
#Total wire length on LAYER M6 = 50808 um.
#Total wire length on LAYER M7 = 0 um.
#Total wire length on LAYER M8 = 0 um.
#Total number of vias = 402666
#Total number of multi-cut vias = 262501 ( 65.2%)
#Total number of single cut vias = 140165 ( 34.8%)
#Up-Via Summary (total 402666):
#                   single-cut          multi-cut      Total
#-----------------------------------------------------------
#  Metal 1      125146 ( 66.1%)     64302 ( 33.9%)     189448
#  Metal 2       12466 (  7.8%)    147751 ( 92.2%)     160217
#  Metal 3        2270 (  5.5%)     39073 ( 94.5%)      41343
#  Metal 4         276 (  2.8%)      9749 ( 97.2%)      10025
#  Metal 5           7 (  0.4%)      1626 ( 99.6%)       1633
#-----------------------------------------------------------
#               140165 ( 34.8%)    262501 ( 65.2%)     402666 
#
#Total number of DRC violations = 0
#Total number of net violated process antenna rule = 0
#
#
#Start Post Route via swapping..
#11.46% of area are rerouted by ECO routing.
#    number of violations = 0
#cpu time = 00:00:23, elapsed time = 00:00:04, memory = 2243.77 (MB), peak = 2623.90 (MB)
#    number of violations = 0
#cpu time = 00:00:24, elapsed time = 00:00:05, memory = 2222.89 (MB), peak = 2623.90 (MB)
#CELL_VIEW core,init has no DRC violation.
#Total number of DRC violations = 0
#Total number of net violated process antenna rule = 0
#Post Route via swapping is done.
#Total number of nets with non-default rule or having extra spacing = 429
#Total wire length = 1232476 um.
#Total half perimeter of net bounding box = 1145333 um.
#Total wire length on LAYER M1 = 4365 um.
#Total wire length on LAYER M2 = 267038 um.
#Total wire length on LAYER M3 = 408690 um.
#Total wire length on LAYER M4 = 312795 um.
#Total wire length on LAYER M5 = 188780 um.
#Total wire length on LAYER M6 = 50808 um.
#Total wire length on LAYER M7 = 0 um.
#Total wire length on LAYER M8 = 0 um.
#Total number of vias = 402666
#Total number of multi-cut vias = 273995 ( 68.0%)
#Total number of single cut vias = 128671 ( 32.0%)
#Up-Via Summary (total 402666):
#                   single-cut          multi-cut      Total
#-----------------------------------------------------------
#  Metal 1      122158 ( 64.5%)     67290 ( 35.5%)     189448
#  Metal 2        5588 (  3.5%)    154629 ( 96.5%)     160217
#  Metal 3         826 (  2.0%)     40517 ( 98.0%)      41343
#  Metal 4          99 (  1.0%)      9926 ( 99.0%)      10025
#  Metal 5           0 (  0.0%)      1633 (100.0%)       1633
#-----------------------------------------------------------
#               128671 ( 32.0%)    273995 ( 68.0%)     402666 
#
#detailRoute Statistics:
#Cpu time = 00:02:19
#Elapsed time = 00:00:30
#Increased memory = -67.04 (MB)
#Total memory = 2221.54 (MB)
#Peak memory = 2623.90 (MB)
#Updating routing design signature
#Created 849 library cell signatures
#Created 58196 NETS and 0 SPECIALNETS signatures
#Created 96337 instance signatures
#Build design signature : cpu time = 00:00:00, elapsed time = 00:00:00, memory = 2231.15 (MB), peak = 2623.90 (MB)
#Save design signature : cpu time = 00:00:00, elapsed time = 00:00:00, memory = 2231.39 (MB), peak = 2623.90 (MB)
#
#globalDetailRoute statistics:
#Cpu time = 00:02:45
#Elapsed time = 00:00:53
#Increased memory = -113.56 (MB)
#Total memory = 2171.97 (MB)
#Peak memory = 2623.90 (MB)
#Number of warnings = 64
#Total number of warnings = 264
#Number of fails = 0
#Total number of fails = 0
#Complete globalDetailRoute on Sat Mar 22 19:23:19 2025
#
**optDesign ... cpu = 0:04:52, real = 0:01:53, mem = 2900.4M, totSessionCpu=3:03:20 **
-routeWithEco false                      # bool, default=false
-routeSelectedNetOnly false              # bool, default=false, user setting
-routeWithTimingDriven true              # bool, default=false, user setting
-routeWithSiDriven true                  # bool, default=false, user setting
**WARN: (IMPEXT-3518):	The lower process node is set (using command 'setDesignMode') but the technology file for TQRC extraction not specified. Therefore, going for postRoute (effortLevel low) extraction instead of recommended extractor 'TQRC' for lower nodes. Use command 'set_analysis_view/update_rc_corner' to specify the technology file for TQRC extraction to take place.
Extraction called for design 'core' of instances=96336 and nets=58196 using extraction engine 'postRoute' at effort level 'low' .
PostRoute (effortLevel low) RC Extraction called for design core.
RC Extraction called in multi-corner(2) mode.
**WARN: (IMPEXT-3442):	The version of the capacitance table file being used is obsolete and is no longer recommended. For improved accuracy, generate the capacitance table file using the generateCapTbl command.
Process corner(s) are loaded.
 Corner: Cmax
 Corner: Cmin
extractDetailRC Option : -outfile /tmp/innovus_temp_6701_ieng6-ece-02.ucsd.edu_zhbian_MVyadl/core_6701_lQYaKV.rcdb.d -maxResLength 200  -extended
RC Mode: PostRoute -effortLevel low [Extended CapTable, LEF Resistances]
      RC Corner Indexes            0       1   
Capacitance Scaling Factor   : 1.00000 1.00000 
Coupling Cap. Scaling Factor : 1.00000 1.00000 
Resistance Scaling Factor    : 1.00000 1.00000 
Clock Cap. Scaling Factor    : 1.00000 1.00000 
Clock Res. Scaling Factor    : 1.00000 1.00000 
Shrink Factor                : 1.00000
Initializing multi-corner capacitance tables ... 
Initializing multi-corner resistance tables ...
Checking LVS Completed (CPU Time= 0:00:00.3  MEM= 2900.4M)
Extracted 10.0004% (CPU Time= 0:00:02.1  MEM= 2950.3M)
Extracted 20.0004% (CPU Time= 0:00:02.5  MEM= 2950.3M)
Extracted 30.0004% (CPU Time= 0:00:03.2  MEM= 2954.3M)
Extracted 40.0004% (CPU Time= 0:00:04.2  MEM= 2954.3M)
Extracted 50.0004% (CPU Time= 0:00:05.8  MEM= 2954.3M)
Extracted 60.0004% (CPU Time= 0:00:06.3  MEM= 2954.3M)
Extracted 70.0004% (CPU Time= 0:00:06.7  MEM= 2954.3M)
Extracted 80.0004% (CPU Time= 0:00:07.3  MEM= 2954.3M)
Extracted 90.0004% (CPU Time= 0:00:08.1  MEM= 2954.3M)
Extracted 100% (CPU Time= 0:00:10.9  MEM= 2954.3M)
Number of Extracted Resistors     : 1040116
Number of Extracted Ground Cap.   : 1026037
Number of Extracted Coupling Cap. : 1785624
Filtering XCap in 'relativeAndCoupling' mode using values coupling_c_threshold=0.1fF, relative_c_threshold=1, and total_c_threshold=0fF.
 Corner: Cmax
 Corner: Cmin
Checking LVS Completed (CPU Time= 0:00:00.3  MEM= 2942.3M)
PostRoute (effortLevel low) RC Extraction DONE (CPU Time: 0:00:14.0  Real Time: 0:00:13.0  MEM: 2942.305M)
**optDesign ... cpu = 0:05:06, real = 0:02:06, mem = 2896.4M, totSessionCpu=3:03:34 **
Starting SI iteration 1 using Infinite Timing Windows
Begin IPO call back ...
End IPO call back ...
#################################################################################
# Design Stage: PostRoute
# Design Name: core
# Design Mode: 65nm
# Analysis Mode: MMMC OCV 
# Parasitics Mode: SPEF/RCDB
# Signoff Settings: SI On 
#################################################################################
Calculate early delays in OCV mode...
Calculate late delays in OCV mode...
Initializing multi-corner capacitance tables ... 
Initializing multi-corner resistance tables ...
AAE_INFO: 8 threads acquired from CTE.
AAE_INFO-618: Total number of nets in the design is 58196,  100.0 percent of the nets selected for SI analysis
End delay calculation. (MEM=3494.52 CPU=0:00:17.7 REAL=0:00:03.0)
Save waveform /tmp/innovus_temp_6701_ieng6-ece-02.ucsd.edu_zhbian_MVyadl/.AAE_ihOGJe/.AAE_6701/waveform.data...
*** CDM Built up (cpu=0:00:21.7  real=0:00:05.0  mem= 3494.5M) ***
Add other clocks and setupCteToAAEClockMapping during iter 1
Starting SI iteration 2
Calculate early delays in OCV mode...
Calculate late delays in OCV mode...
AAE_INFO-618: Total number of nets in the design is 58196,  2.6 percent of the nets selected for SI analysis
End delay calculation. (MEM=3461.03 CPU=0:00:01.8 REAL=0:00:01.0)
*** CDM Built up (cpu=0:00:01.9  real=0:00:01.0  mem= 3461.0M) ***
*** Done Building Timing Graph (cpu=0:00:31.0 real=0:00:09.0 totSessionCpu=3:04:05 mem=3461.0M)
**optDesign ... cpu = 0:05:37, real = 0:02:15, mem = 2950.8M, totSessionCpu=3:04:05 **
*** Timing NOT met, worst failing slack is -0.019
*** Check timing (0:00:00.1)
Begin: GigaOpt Optimization in post-eco TNS mode
Info: 264 clock nets excluded from IPO operation.
*info: 264 clock nets excluded
*info: 2 special nets excluded.
*info: 159 no-driver nets excluded.
** GigaOpt Optimizer WNS Slack -0.019 TNS Slack -0.110 Density 94.43
Optimizer TNS Opt
Active Path Group: reg2reg  
+--------+---------+--------+---------+----------+------------+--------+----------+---------+----------------------------------------------------+
|  WNS   | All WNS |  TNS   | All TNS | Density  |    Real    |  Mem   |Worst View|Pathgroup|                     End Point                      |
+--------+---------+--------+---------+----------+------------+--------+----------+---------+----------------------------------------------------+
|  -0.019|   -0.019|  -0.110|   -0.110|    94.43%|   0:00:01.0| 3766.1M|   WC_VIEW|  reg2reg| sfp_instance/R_7697/D                              |
|  -0.019|   -0.019|  -0.110|   -0.110|    94.43%|   0:00:00.0| 3766.1M|   WC_VIEW|  reg2reg| sfp_instance/R_7697/D                              |
+--------+---------+--------+---------+----------+------------+--------+----------+---------+----------------------------------------------------+

*** Finish Core Optimize Step (cpu=0:00:00.2 real=0:00:01.0 mem=3766.1M) ***
Checking setup slack degradation ...

*** Finished Optimize Step Cumulative (cpu=0:00:00.7 real=0:00:01.0 mem=3766.1M) ***

*** Finish Post Route Setup Fixing (cpu=0:00:01.5 real=0:00:01.0 mem=3766.1M) ***
End: GigaOpt Optimization in post-eco TNS mode
Running setup recovery post routing.
**optDesign ... cpu = 0:05:44, real = 0:02:22, mem = 3024.5M, totSessionCpu=3:04:12 **
Checking setup slack degradation ...
Checking DRV degradation...
**INFO: Skipping DRV recovery as drv did not degrade beyond margin (100)
*** Finish setup-recovery (cpu=0:00:01, real=0:00:01, mem=3024.51M, totSessionCpu=3:04:13 .
**optDesign ... cpu = 0:05:45, real = 0:02:23, mem = 3024.5M, totSessionCpu=3:04:13 **

**INFO: Starting Blocking QThread with 8 CPU
   ____________________________________________________________________
__/ message from Blocking QThread
Multi-CPU acceleration using 8 CPU(s).
Multithreaded Timing Analysis is initialized with 8 threads

Load RC corner of view WC_VIEW

Begin Power Analysis

    0.00V	    VSS
    0.90V	    VDD

Begin Processing Timing Library for Power Calculation

Begin Processing Timing Library for Power Calculation



Begin Processing Power Net/Grid for Power Calculation

Ended Processing Power Net/Grid for Power Calculation: (cpu=0:00:00, real=0:00:00, mem(process/total)=2125.39MB/2125.39MB)

Begin Processing Timing Window Data for Power Calculation

CK: assigning clock clk_o to net clk_o
CK: assigning clock clk to net clk
Ended Processing Timing Window Data for Power Calculation: (cpu=0:00:00, real=0:00:00, mem(process/total)=2125.72MB/2125.72MB)

Begin Processing User Attributes

Ended Processing User Attributes: (cpu=0:00:00, real=0:00:00, mem(process/total)=2125.77MB/2125.77MB)

Begin Processing Signal Activity


Starting Levelizing
2025-Mar-22 19:23:51 (2025-Mar-23 02:23:51 GMT)
2025-Mar-22 19:23:51 (2025-Mar-23 02:23:51 GMT): 10%
2025-Mar-22 19:23:51 (2025-Mar-23 02:23:51 GMT): 20%
2025-Mar-22 19:23:51 (2025-Mar-23 02:23:51 GMT): 30%
2025-Mar-22 19:23:51 (2025-Mar-23 02:23:51 GMT): 40%
2025-Mar-22 19:23:51 (2025-Mar-23 02:23:51 GMT): 50%
2025-Mar-22 19:23:51 (2025-Mar-23 02:23:51 GMT): 60%
2025-Mar-22 19:23:51 (2025-Mar-23 02:23:51 GMT): 70%
2025-Mar-22 19:23:51 (2025-Mar-23 02:23:51 GMT): 80%
2025-Mar-22 19:23:51 (2025-Mar-23 02:23:51 GMT): 90%

Finished Levelizing
2025-Mar-22 19:23:52 (2025-Mar-23 02:23:52 GMT)

Starting Activity Propagation
2025-Mar-22 19:23:52 (2025-Mar-23 02:23:52 GMT)
2025-Mar-22 19:23:52 (2025-Mar-23 02:23:52 GMT): 10%
2025-Mar-22 19:23:53 (2025-Mar-23 02:23:53 GMT): 20%

Finished Activity Propagation
2025-Mar-22 19:23:54 (2025-Mar-23 02:23:54 GMT)
Ended Processing Signal Activity: (cpu=0:00:03, real=0:00:03, mem(process/total)=2133.88MB/2133.88MB)

Begin Power Computation

      ----------------------------------------------------------
      # of cell(s) missing both power/leakage table: 0
      # of cell(s) missing power table: 4
      # of cell(s) missing leakage table: 2
      # of MSMV cell(s) missing power_level: 0
      ----------------------------------------------------------
CellName                                  Missing Table(s)
TIEH                                      internal power, 
TIEL                                      internal power, 
sram_w16_in                               internal power, leakge power, 
sram_w16_out                              internal power, leakge power, 



Starting Calculating power
2025-Mar-22 19:23:54 (2025-Mar-23 02:23:54 GMT)
2025-Mar-22 19:23:55 (2025-Mar-23 02:23:55 GMT): 10%
2025-Mar-22 19:23:55 (2025-Mar-23 02:23:55 GMT): 20%
2025-Mar-22 19:23:55 (2025-Mar-23 02:23:55 GMT): 30%
2025-Mar-22 19:23:55 (2025-Mar-23 02:23:55 GMT): 40%
2025-Mar-22 19:23:55 (2025-Mar-23 02:23:55 GMT): 50%
2025-Mar-22 19:23:55 (2025-Mar-23 02:23:55 GMT): 60%
2025-Mar-22 19:23:55 (2025-Mar-23 02:23:55 GMT): 70%
2025-Mar-22 19:23:55 (2025-Mar-23 02:23:55 GMT): 80%
2025-Mar-22 19:23:55 (2025-Mar-23 02:23:55 GMT): 90%

Finished Calculating power
2025-Mar-22 19:23:55 (2025-Mar-23 02:23:55 GMT)
Ended Power Computation: (cpu=0:00:05, real=0:00:01, mem(process/total)=2137.19MB/2137.19MB)

Begin Processing User Attributes

Ended Processing User Attributes: (cpu=0:00:00, real=0:00:00, mem(process/total)=2137.19MB/2137.19MB)

Ended Power Analysis: (cpu=0:00:09, real=0:00:05, mem(process/total)=2137.22MB/2137.22MB)

Begin Static Power Report Generation
*----------------------------------------------------------------------------------------
*	Innovus 15.23-s045_1 (64bit) 04/22/2016 12:32 (Linux 2.6.18-194.el5)
*	
*
* 	Date & Time:	2025-Mar-22 19:23:55 (2025-Mar-23 02:23:55 GMT)
*
*----------------------------------------------------------------------------------------

*

*	Design: core

*

*	Liberty Libraries used: 

*	        WC_VIEW: /home/linux/ieng6/ee260bwi25/public/PDKdata/lib/tcbn65gpluswc.lib

*	        WC_VIEW: ./subckt/sram_w16_in_WC.lib

*	        WC_VIEW: ./subckt/sram_w16_out_WC.lib

*

*	Power Domain used: 

*		Rail:        VDD 	Voltage:        0.9 

*

*       Power View : WC_VIEW
*
*       User-Defined Activity : N.A.
*
*       Activity File: N.A.
*
*       Hierarchical Global Activity: N.A.
*
*       Global Activity: N.A.
*
*       Sequential Element Activity: 0.200000
*
*       Primary Input Activity: 0.200000
*
*       Default icg ratio: N.A.
*
*       Global Comb ClockGate Ratio: N.A.
*
*	Power Units = 1mW

*

*	Time Units = 1e-09 secs 

*

*       report_power -outfile ./timingReports/core_postRoute.power

*

-----------------------------------------------------------------------------------------



Total Power
-----------------------------------------------------------------------------------------
Total Internal Power:       28.64538520 	   55.7473%
Total Switching Power:      19.43651970 	   37.8258%
Total Leakage Power:         3.30242752 	    6.4269%
Total Power:                51.38433254
-----------------------------------------------------------------------------------------


Group                           Internal   Switching     Leakage       Total  Percentage 
                                Power      Power         Power         Power  (%)        
-----------------------------------------------------------------------------------------
Sequential                         13.35      0.8044      0.3498       14.51       28.23
Macro                                  0      0.2009       1.714       1.915       3.726
IO                                     0           0   1.457e-06   1.457e-06   2.835e-06
Combinational                      13.78       15.82       1.203        30.8       59.94
Clock (Combinational)               1.51       2.616     0.03596       4.162         8.1
Clock (Sequential)                     0           0           0           0           0
-----------------------------------------------------------------------------------------
Total                              28.65       19.44       3.302       51.38         100
-----------------------------------------------------------------------------------------


Rail                  Voltage   Internal   Switching     Leakage       Total  Percentage 
                                Power      Power         Power         Power  (%)        
-----------------------------------------------------------------------------------------
VDD                       0.9      28.65       19.44       3.302       51.38         100


Clock                           Internal   Switching     Leakage       Total  Percentage 
                                Power      Power         Power         Power  (%)        
-----------------------------------------------------------------------------------------
clk_o                            0.05577      0.1495    0.001283      0.2065      0.4019
clk                                1.454       2.467     0.03467       3.956       7.698
-----------------------------------------------------------------------------------------
Total                               1.51       2.616     0.03596       4.162         8.1
-----------------------------------------------------------------------------------------
Total leakage power = 3.30243 mW
Cell usage statistics:  
Library tcbn65gpluswc , 83550 cells ( 100.000000%) , 3.30243 mW ( 100.000000% ) 
Ended Static Power Report Generation: (cpu=0:00:00, real=0:00:00,
mem(process/total)=2138.98MB/2138.98MB)


Output file is ./timingReports/core_postRoute.power
_______________________________________________________________________
**optDesign ... cpu = 0:05:55, real = 0:02:30, mem = 3024.5M, totSessionCpu=3:04:24 **
Latch borrow mode reset to max_borrow
<optDesign CMD> Restore Using all VT Cells
Reported timing to dir ./timingReports
**optDesign ... cpu = 0:05:58, real = 0:02:31, mem = 3024.5M, totSessionCpu=3:04:26 **
** Profile ** Start :  cpu=0:00:00.0, mem=3081.7M
** Profile ** Other data :  cpu=0:00:00.2, mem=3081.8M
** Profile ** Overall slacks :  cpu=0:00:00.4, mem=3112.3M
** Profile ** Total reports :  cpu=0:00:02.8, mem=3026.5M
** Profile ** DRVs :  cpu=0:00:01.9, mem=3026.5M

------------------------------------------------------------
     optDesign Final SI Timing Summary                             
------------------------------------------------------------

Setup views included:
 WC_VIEW 

+--------------------+---------+---------+---------+
|     Setup mode     |   all   | reg2reg | default |
+--------------------+---------+---------+---------+
|           WNS (ns):| -0.019  | -0.019  |  0.375  |
|           TNS (ns):| -0.110  | -0.110  |  0.000  |
|    Violating Paths:|   13    |   13    |    0    |
|          All Paths:|  8401   |  6831   |  3064   |
+--------------------+---------+---------+---------+

+----------------+-------------------------------+------------------+
|                |              Real             |       Total      |
|    DRVs        +------------------+------------+------------------|
|                |  Nr nets(terms)  | Worst Vio  |  Nr nets(terms)  |
+----------------+------------------+------------+------------------+
|   max_cap      |      0 (0)       |   0.000    |      0 (0)       |
|   max_tran     |      0 (0)       |   0.000    |      0 (0)       |
|   max_fanout   |      0 (0)       |     0      |      0 (0)       |
|   max_length   |      0 (0)       |     0      |      0 (0)       |
+----------------+------------------+------------+------------------+

Density: 38.647%
       (94.433% with Fillers)
Total number of glitch violations: 0
------------------------------------------------------------
** Profile ** Report data :  cpu=0:00:00.0, mem=3026.5M
**optDesign ... cpu = 0:06:03, real = 0:02:37, mem = 3024.5M, totSessionCpu=3:04:32 **
 ReSet Options after AAE Based Opt flow 
*** Finished optDesign ***
Removing temporary dont_use automatically set for cells with technology sites with no row.
The in-memory database contained RC information but was not saved. To save 
the RC information, use saveDesign's -rc option. Note: Saving RC information can be quite large, 
so it should only be saved when it is really desired.
Writing Netlist "./encFile/route.enc.dat.tmp/core.v.gz" ...
Saving AAE Data ...
**WARN: (IMPCTE-104):	The constraint mode of this inactive view 'TC_VIEW' has been modified and may need to be reanalyzed to ensure proper timing results. To reanalyze timing for this view make the view active using 'set_analysis_view' and run timing analysis.
Saving scheduling_file.cts.6701 in ./encFile/route.enc.dat/scheduling_file.cts
Saving preference file ./encFile/route.enc.dat.tmp/gui.pref.tcl ...
Saving mode setting ...
Saving global file ...
Saving floorplan file ...
Saving Drc markers ...
... No Drc file written since there is no markers found.
Saving placement file ...
Saving route file ...
*** Completed saveRoute (cpu=0:00:01.3 real=0:00:03.0 mem=3024.5M) ***
Saving DEF file ...
**ERROR: (IMPOAX-142):	Could not open shared library libinnovusoax22.so : /acsnfs3/software/cadence-innovus152/tools/lib/64bit/libcdsSkillPcell.so: undefined symbol: _ZTIN12OpenAccess_413oaFSComponentE

**ERROR: (IMPOAX-142):	Could not open shared library libcdsSkillPcell.so : (null)

**ERROR: (IMPSYT-6245):	Error , while saving MS constraint file.



Generated self-contained design route.enc.dat.tmp

*** Summary of all messages that are not suppressed in this session:
Severity  ID               Count  Summary                                  
ERROR     IMPSYT-6245          1  Error %s, while saving MS constraint fil...
ERROR     IMPOAX-142           2  %s                                       
WARNING   IMPCTE-104           1  The constraint mode of this inactive vie...
*** Message Summary: 1 warning(s), 3 error(s)

